2026-09-23 15:55:52,102 [INFO] src.archive.timeline_builder: アーカイブ Timeline 構築: 2 クリップ / V1 2 本 / S1 0 件 / 全長 60.0s
2026-09-23 15:55:52,105 [INFO] src.archive.timeline_builder: アーカイブ Timeline 構築: 2 クリップ / V1 2 本 / S1 0 件 / 全長 60.0s
2026-09-23 15:55:52,105 [WARNING] src.archive.marker_source: VOD 外のマーカーを 2 件除外しました (尺 7200.0s)
2026-09-23 15:55:52,106 [INFO] src.archive.timeline_builder: アーカイブ Timeline 構築: 2 クリップ / V1 2 本 / S1 0 件 / 全長 200.0s
2026-09-23 15:55:52,106 [INFO] src.timeline.commands: 貼り付けの割り込み: V1 の 0.000s へ 50.00s を確保 / 移動 2 件・分割 0 件・切詰 0 件
2026-09-23 15:55:52,107 [INFO] src.timeline.commands: 貼り付けの割り込み: S1 の 0.000s へ 50.00s を確保 / 移動 0 件・分割 0 件・切詰 0 件
2026-09-23 15:55:52,107 [INFO] src.archive.timeline_builder: セクション追加: clip3 を 0.00s へ挿入 (VOD 100.0-150.0 / 尺 50.00s)
2026-09-23 15:55:52,107 [INFO] src.archive.timeline_builder: セクション統合: clip1 へ 1 件を畳み込み (VOD 100.0-200.0)
2026-09-23 15:55:52,107 [INFO] src.archive.timeline_builder: アーカイブ Timeline 構築: 2 クリップ / V1 2 本 / S1 0 件 / 全長 200.0s
2026-09-23 15:55:52,108 [INFO] src.archive.timeline_builder: アーカイブ Timeline 構築: 1 クリップ / V1 1 本 / S1 0 件 / 全長 100.0s
2026-09-23 15:55:52,108 [INFO] src.archive.timeline_builder: アーカイブ Timeline 構築: 1 クリップ / V1 1 本 / S1 0 件 / 全長 100.0s
2026-09-23 15:55:52,108 [INFO] src.archive.timeline_builder: アーカイブ Timeline 構築: 1 クリップ / V1 1 本 / S1 0 件 / 全長 100.0s
2026-09-23 15:55:52,108 [INFO] src.archive.timeline_builder: セクション追加: clip2 を 100.00s へ挿入 (VOD 200.0-300.0 / 尺 100.00s)
2026-09-23 15:55:52,109 [INFO] src.archive.timeline_builder: セクション統合: clip1 へ 1 件を畳み込み (VOD 100.0-300.0)
2026-09-23 15:55:52,109 [INFO] src.archive.timeline_builder: アーカイブ Timeline 構築: 1 クリップ / V1 1 本 / S1 0 件 / 全長 100.0s
2026-09-23 15:55:52,109 [INFO] src.archive.timeline_builder: セクション追加: clip2 を 100.00s へ挿入 (VOD 200.0-300.0 / 尺 100.00s)
2026-09-23 15:55:52,109 [INFO] src.archive.timeline_builder: セクション統合: clip1 へ 1 件を畳み込み (VOD 100.0-300.0)
2026-09-23 15:55:52,109 [INFO] src.archive.timeline_builder: アーカイブ Timeline 構築: 1 クリップ / V1 1 本 / S1 0 件 / 全長 100.0s
2026-09-23 15:55:52,109 [INFO] src.archive.timeline_builder: セクション追加: clip2 を 100.00s へ挿入 (VOD 200.0-300.0 / 尺 100.00s)
2026-09-23 15:55:52,109 [INFO] src.archive.timeline_builder: セクション統合: clip1 へ 1 件を畳み込み (VOD 100.0-300.0)
2026-09-23 15:55:52,110 [INFO] src.archive.timeline_builder: アーカイブ Timeline 構築: 1 クリップ / V1 1 本 / S1 0 件 / 全長 100.0s
2026-09-23 15:55:52,110 [INFO] src.archive.timeline_builder: セクション追加: clip2 を 100.00s へ挿入 (VOD 200.0-300.0 / 尺 100.00s)
2026-09-23 15:55:52,110 [INFO] src.archive.timeline_builder: セクション統合: clip1 へ 1 件を畳み込み (VOD 100.0-300.0)
2026-09-23 15:55:52,110 [INFO] src.archive.timeline_builder: clip1 の素材 m2 は区間を特定できませんでした (尺 12.0s / 候補の穴 0 件)。差し替えを尋ねます
2026-09-23 15:55:52,110 [INFO] src.archive.timeline_builder: アーカイブ Timeline 構築: 1 クリップ / V1 1 本 / S1 0 件 / 全長 100.0s
2026-09-23 15:55:52,111 [INFO] src.archive.timeline_builder: セクション追加: clip2 を 100.00s へ挿入 (VOD 200.0-300.0 / 尺 100.00s)
2026-09-23 15:55:52,111 [INFO] src.archive.timeline_builder: セクション統合: clip1 へ 1 件を畳み込み (VOD 100.0-300.0)
2026-09-23 15:55:52,111 [INFO] src.archive.timeline_builder: アーカイブ Timeline 構築: 1 クリップ / V1 1 本 / S1 0 件 / 全長 100.0s
2026-09-23 15:55:52,112 [INFO] src.archive.timeline_builder: セクション追加: clip2 を 100.00s へ挿入 (VOD 200.0-300.0 / 尺 100.00s)
2026-09-23 15:55:52,112 [INFO] src.archive.timeline_builder: セクション統合: clip1 へ 1 件を畳み込み (VOD 100.0-300.0)
2026-09-23 15:55:52,112 [INFO] src.archive.timeline_builder: clip1 の素材 m2 の区間を 200.0–300.0 として復元しました
2026-09-23 15:55:52,112 [INFO] src.archive.timeline_builder: アーカイブ Timeline 構築: 1 クリップ / V1 1 本 / S1 0 件 / 全長 100.0s
2026-09-23 15:55:52,112 [INFO] src.archive.timeline_builder: セクション追加: clip2 を 100.00s へ挿入 (VOD 200.0-300.0 / 尺 100.00s)
2026-09-23 15:55:52,114 [INFO] src.archive.timeline_builder: セクション統合: clip1 へ 1 件を畳み込み (VOD 100.0-300.0)
2026-09-23 15:55:52,114 [INFO] src.archive.timeline_builder: clip1 の素材 m2 の区間を 200.0–300.0 として復元しました
2026-09-23 15:55:52,114 [INFO] src.archive.timeline_builder: アーカイブ Timeline 構築: 1 クリップ / V1 1 本 / S1 0 件 / 全長 100.0s
2026-09-23 15:55:52,114 [INFO] src.archive.timeline_builder: セクション追加: clip2 を 100.00s へ挿入 (VOD 200.0-300.0 / 尺 100.00s)
2026-09-23 15:55:52,114 [INFO] src.archive.timeline_builder: セクション統合: clip1 へ 1 件を畳み込み (VOD 100.0-300.0)
2026-09-23 15:55:52,114 [INFO] src.archive.timeline_builder: clip1 の素材 m2 の区間を 200.0–303.0 として復元しました
2026-09-23 15:55:52,117 [INFO] src.archive.timeline_builder: アーカイブ Timeline 構築: 1 クリップ / V1 1 本 / S1 0 件 / 全長 100.0s
2026-09-23 15:55:52,120 [INFO] src.archive.timeline_builder: アーカイブ Timeline 構築: 1 クリップ / V1 1 本 / S1 0 件 / 全長 100.0s
2026-09-23 15:55:52,122 [INFO] src.archive.timeline_builder: アーカイブ Timeline 構築: 1 クリップ / V1 1 本 / S1 0 件 / 全長 100.0s
2026-09-23 15:55:52,123 [INFO] src.timeline.media_recovery: 使われていない素材のため復旧しません: orphan (C:\Users\evolu\AppData\Local\Temp\archive_media_test__uz304fa\gone.mp4)
2026-09-23 15:55:52,124 [INFO] src.archive.timeline_builder: アーカイブ Timeline 構築: 1 クリップ / V1 1 本 / S1 0 件 / 全長 100.0s
2026-09-23 15:55:52,125 [INFO] src.timeline.project_io: 使われていない素材 1 件を保存対象から外しました
2026-09-23 15:55:52,127 [INFO] src.archive.timeline_builder: アーカイブ Timeline 構築: 1 クリップ / V1 1 本 / S1 0 件 / 全長 100.0s
2026-09-23 15:55:52,130 [INFO] src.archive.timeline_builder: アーカイブ Timeline 構築: 1 クリップ / V1 1 本 / S1 0 件 / 全長 100.0s
2026-09-23 15:55:52,131 [WARNING] src.timeline.media_recovery: 素材が見つかりません: m1 (C:\Users\evolu\AppData\Local\Temp\archive_media_test_11crjznq\lost.mp4)
2026-09-23 15:55:52,131 [INFO] src.timeline.media_recovery: 使われていない素材のため復旧しません: orphan (C:\Users\evolu\AppData\Local\Temp\archive_media_test_11crjznq\gone.mp4)
2026-09-23 15:55:52,136 [INFO] src.archive.clip_writer: clip1 prepare 完了 (字幕 2 件)
2026-09-23 15:55:52,138 [INFO] src.archive.clip_writer: clip1 prepare 完了 (字幕 2 件)
2026-09-23 15:55:52,142 [INFO] src.archive.clip_writer: 編集点準備: 残す区間 2 件 / 想定尺 10.00s (素材 30.00s)
2026-09-23 15:55:52,143 [INFO] src.archive.clip_writer: clip1 prepare 完了 (字幕 2 件 / 実カットなし)
2026-09-23 15:55:52,146 [INFO] src.archive.clip_writer: 編集点準備: 残す区間 2 件 / 想定尺 10.00s (素材 30.00s)
2026-09-23 15:55:52,147 [INFO] src.archive.clip_writer: clip1 prepare 完了 (字幕 2 件 / 実カットなし)
2026-09-23 15:55:52,152 [INFO] src.archive.clip_writer: 編集点準備: 残す区間 2 件 / 想定尺 10.00s (素材 30.00s)
2026-09-23 15:55:52,152 [INFO] src.archive.clip_writer: clip1 prepare 完了 (字幕 2 件 / 実カットなし)
2026-09-23 15:55:52,156 [INFO] src.archive.clip_writer: 編集点準備: 残す区間 2 件 / 想定尺 10.00s (素材 30.00s)
2026-09-23 15:55:52,156 [INFO] src.archive.clip_writer: clip1 prepare 完了 (字幕 2 件 / 実カットなし)
2026-09-23 15:55:52,159 [INFO] src.archive.clip_writer: 編集点準備: 残す区間 2 件 / 想定尺 10.00s (素材 30.00s)
2026-09-23 15:55:52,159 [INFO] src.archive.clip_writer: clip1 prepare 完了 (字幕 2 件 / 実カットなし)
2026-09-23 15:55:52,164 [INFO] src.archive.clip_writer: 編集点準備: 残す区間 2 件 / 想定尺 10.00s (素材 30.00s)
2026-09-23 15:55:52,164 [INFO] src.archive.clip_writer: clip1 prepare 完了 (字幕 2 件 / 実カットなし)
2026-09-23 15:55:52,168 [INFO] src.archive.clip_writer: 編集点準備: 残す区間 2 件 / 想定尺 10.00s (素材 30.00s)
2026-09-23 15:55:52,168 [INFO] src.archive.clip_writer: clip1 prepare 完了 (字幕 0 件 / 実カットなし)
2026-09-23 15:55:52,172 [INFO] src.archive.clip_writer: 編集点準備: 残す区間 2 件 / 想定尺 10.00s (素材 30.00s)
2026-09-23 15:55:52,182 [INFO] src.timeline.project_io: プロジェクト保存: C:\Users\evolu\AppData\Local\Temp\archive_resume_5kwbfklk\vod.archive.timeline.json
2026-09-23 15:55:52,200 [INFO] src.timeline.project_io: プロジェクト読込: C:\Users\evolu\AppData\Local\Temp\archive_resume_5kwbfklk\vod.archive.timeline.json
2026-09-23 15:55:52,220 [INFO] src.timeline.project_io: プロジェクト保存: C:\Users\evolu\AppData\Local\Temp\archive_resume_uc4yavi0\vod.archive.timeline.json
2026-09-23 15:55:52,224 [INFO] src.timeline.project_io: プロジェクト保存: C:\Users\evolu\AppData\Local\Temp\archive_resume_uc4yavi0\clip.timeline.json
2026-09-23 15:55:52,225 [INFO] src.archive.project_resume: ==================================================
2026-09-23 15:55:52,225 [INFO] src.archive.project_resume: 保存済みアーカイブプロジェクトから再開: C:\Users\evolu\AppData\Local\Temp\archive_resume_uc4yavi0\clip.timeline.json
2026-09-23 15:55:52,251 [INFO] src.timeline.project_io: プロジェクト読込: C:\Users\evolu\AppData\Local\Temp\archive_resume_uc4yavi0\clip.timeline.json
2026-09-23 15:55:52,261 [INFO] src.timeline.project_io: プロジェクト保存: C:\Users\evolu\AppData\Local\Temp\archive_resume_cbylzwgx\vod.archive.timeline.json
2026-09-23 15:55:52,279 [INFO] src.timeline.project_io: プロジェクト読込: C:\Users\evolu\AppData\Local\Temp\archive_resume_cbylzwgx\vod.archive.timeline.json
2026-09-23 15:55:52,281 [INFO] src.archive.project_resume: 音声サイドカーが無いため素材 m1 の正規化をやり直します
2026-09-23 15:55:52,284 [INFO] src.archive.project_resume: 音声サイドカーが無いため素材 m2 の正規化をやり直します
2026-09-23 15:55:52,296 [INFO] src.timeline.project_io: プロジェクト保存: C:\Users\evolu\AppData\Local\Temp\archive_resume_rlit7rnc\vod.archive.timeline.json
2026-09-23 15:55:52,315 [INFO] src.timeline.project_io: プロジェクト読込: C:\Users\evolu\AppData\Local\Temp\archive_resume_rlit7rnc\vod.archive.timeline.json
2026-09-23 15:55:52,318 [INFO] src.archive.project_resume: 音声サイドカーが無いため素材 m1 の正規化をやり直します
2026-09-23 15:55:52,320 [INFO] src.archive.project_resume: 音声サイドカーが無いため素材 m2 の正規化をやり直します
2026-09-23 15:55:52,334 [INFO] src.timeline.project_io: プロジェクト保存: C:\Users\evolu\AppData\Local\Temp\archive_resume_7jxbgxdo\vod.archive.timeline.json
2026-09-23 15:55:52,338 [INFO] src.archive.project_resume: ==================================================
2026-09-23 15:55:52,339 [INFO] src.archive.project_resume: 保存済みアーカイブプロジェクトから再開: C:\Users\evolu\AppData\Local\Temp\archive_resume_7jxbgxdo\no_such.timeline.json
2026-09-23 15:55:52,349 [INFO] src.timeline.project_io: プロジェクト保存: C:\Users\evolu\AppData\Local\Temp\archive_resume_wrirmw1b\vod.archive.timeline.json
2026-09-23 15:55:52,370 [INFO] src.timeline.project_io: プロジェクト読込: C:\Users\evolu\AppData\Local\Temp\archive_resume_wrirmw1b\vod.archive.timeline.json
2026-09-23 15:55:52,389 [INFO] src.timeline.project_io: プロジェクト保存: C:\Users\evolu\AppData\Local\Temp\archive_resume__52_an7p\vod.archive.timeline.json
2026-09-23 15:55:52,411 [INFO] src.timeline.project_io: プロジェクト読込: C:\Users\evolu\AppData\Local\Temp\archive_resume__52_an7p\vod.archive.timeline.json
2026-09-23 15:55:52,414 [INFO] src.archive.project_resume: 設定に従い切り出したままの音量で使います: 素材 m1
2026-09-23 15:55:52,415 [INFO] src.archive.project_resume: 設定に従い切り出したままの音量で使います: 素材 m2
2026-09-23 15:55:52,419 [WARNING] src.timeline.media_sidecar: 音声サイドカーの尺が保存値と合いません (100.00s / 期待 103.00s) → 使いません
2026-09-23 15:55:52,419 [INFO] src.archive.timeline_builder: アーカイブ Timeline 構築: 2 クリップ / V1 2 本 / S1 0 件 / 全長 200.0s
2026-09-23 15:55:52,420 [INFO] src.archive.timeline_builder: セクション追加: clip3 を 200.00s へ挿入 (VOD 900.0-950.0 / 尺 50.00s)
2026-09-23 15:55:52,420 [INFO] src.archive.timeline_builder: アーカイブ Timeline 構築: 2 クリップ / V1 2 本 / S1 0 件 / 全長 200.0s
2026-09-23 15:55:52,420 [INFO] src.timeline.commands: 貼り付けの割り込み: V1 の 0.000s へ 50.00s を確保 / 移動 2 件・分割 0 件・切詰 0 件
2026-09-23 15:55:52,420 [INFO] src.timeline.commands: 貼り付けの割り込み: S1 の 0.000s へ 50.00s を確保 / 移動 0 件・分割 0 件・切詰 0 件
2026-09-23 15:55:52,420 [INFO] src.archive.timeline_builder: セクション追加: clip3 を 0.00s へ挿入 (VOD 0.0-50.0 / 尺 50.00s)
2026-09-23 15:55:52,420 [INFO] src.archive.timeline_builder: アーカイブ Timeline 構築: 2 クリップ / V1 2 本 / S1 0 件 / 全長 200.0s
2026-09-23 15:55:52,420 [INFO] src.timeline.commands: 貼り付けの割り込み: V1 の 100.000s へ 50.00s を確保 / 移動 1 件・分割 0 件・切詰 0 件
2026-09-23 15:55:52,420 [INFO] src.timeline.commands: 貼り付けの割り込み: S1 の 100.000s へ 50.00s を確保 / 移動 0 件・分割 0 件・切詰 0 件
2026-09-23 15:55:52,420 [INFO] src.archive.timeline_builder: セクション追加: clip3 を 100.00s へ挿入 (VOD 250.0-300.0 / 尺 50.00s)
2026-09-23 15:55:52,422 [INFO] src.archive.timeline_builder: アーカイブ Timeline 構築: 3 クリップ / V1 3 本 / S1 0 件 / 全長 300.0s
2026-09-23 15:55:52,422 [INFO] src.timeline.commands: 貼り付けの割り込み: V1 の 100.000s へ 50.00s を確保 / 移動 2 件・分割 0 件・切詰 0 件
2026-09-23 15:55:52,422 [INFO] src.timeline.commands: 貼り付けの割り込み: S1 の 100.000s へ 50.00s を確保 / 移動 0 件・分割 0 件・切詰 0 件
2026-09-23 15:55:52,422 [INFO] src.archive.timeline_builder: セクション追加: clip4 を 100.00s へ挿入 (VOD 250.0-300.0 / 尺 50.00s)
2026-09-23 15:55:52,422 [INFO] src.timeline.commands: 貼り付けの割り込み: V1 の 0.000s へ 50.00s を確保 / 移動 4 件・分割 0 件・切詰 0 件
2026-09-23 15:55:52,422 [INFO] src.timeline.commands: 貼り付けの割り込み: S1 の 0.000s へ 50.00s を確保 / 移動 0 件・分割 0 件・切詰 0 件
2026-09-23 15:55:52,422 [INFO] src.archive.timeline_builder: セクション追加: clip5 を 0.00s へ挿入 (VOD 0.0-50.0 / 尺 50.00s)
2026-09-23 15:55:52,422 [INFO] src.archive.timeline_builder: セクション追加: clip6 を 400.00s へ挿入 (VOD 900.0-950.0 / 尺 50.00s)
2026-09-23 15:55:52,423 [INFO] src.archive.timeline_builder: アーカイブ Timeline 構築: 1 クリップ / V1 1 本 / S1 0 件 / 全長 100.0s
2026-09-23 15:55:52,423 [INFO] src.archive.timeline_builder: セクション追加: clip2 を 100.00s へ挿入 (VOD 300.0-400.0 / 尺 100.00s)
2026-09-23 15:55:52,423 [INFO] src.archive.timeline_builder: アーカイブ Timeline 構築: 3 クリップ / V1 3 本 / S1 0 件 / 全長 300.0s
2026-09-23 15:55:52,423 [INFO] src.timeline.commands: 貼り付けの割り込み: V1 の 100.000s へ 50.00s を確保 / 移動 2 件・分割 0 件・切詰 0 件
2026-09-23 15:55:52,424 [INFO] src.timeline.commands: 貼り付けの割り込み: S1 の 100.000s へ 50.00s を確保 / 移動 0 件・分割 0 件・切詰 0 件
2026-09-23 15:55:52,424 [INFO] src.archive.timeline_builder: セクション追加: clip4 を 100.00s へ挿入 (VOD 250.0-300.0 / 尺 50.00s)
2026-09-23 15:55:52,424 [INFO] src.archive.timeline_builder: アーカイブ Timeline 構築: 2 クリップ / V1 2 本 / S1 0 件 / 全長 200.0s
2026-09-23 15:55:52,424 [INFO] src.archive.timeline_builder: セクション追加: clip3 を 200.00s へ挿入 (VOD 900.0-950.0 / 尺 50.00s)
2026-09-23 15:55:52,424 [INFO] src.archive.timeline_builder: アーカイブ Timeline 構築: 2 クリップ / V1 2 本 / S1 0 件 / 全長 200.0s
2026-09-23 15:55:52,425 [INFO] src.archive.timeline_builder: アーカイブ Timeline 構築: 1 クリップ / V1 1 本 / S1 0 件 / 全長 100.0s
2026-09-23 15:55:52,425 [INFO] src.archive.timeline_builder: セクション追加: clip2 を 100.00s へ挿入 (VOD 450.0-600.0 / 尺 150.00s)
2026-09-23 15:55:52,425 [INFO] src.archive.timeline_builder: アーカイブ Timeline 構築: 2 クリップ / V1 2 本 / S1 0 件 / 全長 200.0s
2026-09-23 15:55:52,425 [INFO] src.archive.timeline_builder: セクション追加: clip3 を 200.00s へ挿入 (VOD 500.0-600.0 / 尺 100.00s)
2026-09-23 15:55:52,425 [INFO] src.archive.timeline_builder: セクション統合: clip2 へ 1 件を畳み込み (VOD 400.0-600.0)
2026-09-23 15:55:52,425 [INFO] src.archive.timeline_builder: アーカイブ Timeline 構築: 2 クリップ / V1 2 本 / S1 0 件 / 全長 200.0s
2026-09-23 15:55:52,426 [INFO] src.archive.timeline_builder: セクション追加: clip3 を 200.00s へ挿入 (VOD 500.0-600.0 / 尺 100.00s)
2026-09-23 15:55:52,426 [INFO] src.archive.timeline_builder: セクション統合: clip2 へ 1 件を畳み込み (VOD 400.0-600.0)
2026-09-23 15:55:52,426 [INFO] src.archive.timeline_builder: アーカイブ Timeline 構築: 3 クリップ / V1 3 本 / S1 0 件 / 全長 300.0s
2026-09-23 15:55:52,426 [INFO] src.timeline.commands: 貼り付けの割り込み: V1 の 200.000s へ 100.00s を確保 / 移動 1 件・分割 0 件・切詰 0 件
2026-09-23 15:55:52,426 [INFO] src.timeline.commands: 貼り付けの割り込み: S1 の 200.000s へ 100.00s を確保 / 移動 0 件・分割 0 件・切詰 0 件
2026-09-23 15:55:52,427 [INFO] src.archive.timeline_builder: セクション追加: clip4 を 200.00s へ挿入 (VOD 500.0-600.0 / 尺 100.00s)
2026-09-23 15:55:52,427 [INFO] src.archive.timeline_builder: セクション統合: clip2 へ 1 件を畳み込み (VOD 400.0-600.0)
2026-09-23 15:55:52,427 [INFO] src.archive.timeline_builder: アーカイブ Timeline 構築: 3 クリップ / V1 3 本 / S1 0 件 / 全長 300.0s
2026-09-23 15:55:52,428 [INFO] src.timeline.commands: 貼り付けの割り込み: V1 の 100.000s へ 200.00s を確保 / 移動 2 件・分割 0 件・切詰 0 件
2026-09-23 15:55:52,428 [INFO] src.timeline.commands: 貼り付けの割り込み: S1 の 100.000s へ 200.00s を確保 / 移動 0 件・分割 0 件・切詰 0 件
2026-09-23 15:55:52,428 [INFO] src.archive.timeline_builder: セクション追加: clip4 を 100.00s へ挿入 (VOD 200.0-400.0 / 尺 200.00s)
2026-09-23 15:55:52,428 [INFO] src.timeline.commands: 貼り付けの割り込み: V1 の 400.000s へ 200.00s を確保 / 移動 1 件・分割 0 件・切詰 0 件
2026-09-23 15:55:52,428 [INFO] src.timeline.commands: 貼り付けの割り込み: S1 の 400.000s へ 200.00s を確保 / 移動 0 件・分割 0 件・切詰 0 件
2026-09-23 15:55:52,428 [INFO] src.archive.timeline_builder: セクション追加: clip5 を 400.00s へ挿入 (VOD 500.0-700.0 / 尺 200.00s)
2026-09-23 15:55:52,428 [INFO] src.archive.timeline_builder: セクション統合: clip1 へ 4 件を畳み込み (VOD 100.0-800.0)
2026-09-23 15:55:52,428 [INFO] src.archive.timeline_builder: アーカイブ Timeline 構築: 1 クリップ / V1 1 本 / S1 0 件 / 全長 100.0s
2026-09-23 15:55:52,429 [INFO] src.archive.timeline_builder: セクション追加: clip2 を 100.00s へ挿入 (VOD 200.0-300.0 / 尺 100.00s)
2026-09-23 15:55:52,429 [INFO] src.archive.timeline_builder: セクション統合: clip1 へ 1 件を畳み込み (VOD 100.0-300.0)
2026-09-23 15:55:52,429 [INFO] src.archive.timeline_builder: アーカイブ Timeline 構築: 2 クリップ / V1 2 本 / S1 0 件 / 全長 200.0s
2026-09-23 15:55:52,430 [INFO] src.timeline.commands: 貼り付けの割り込み: V1 の 100.000s へ 50.00s を確保 / 移動 1 件・分割 0 件・切詰 0 件
2026-09-23 15:55:52,430 [INFO] src.timeline.commands: 貼り付けの割り込み: S1 の 100.000s へ 50.00s を確保 / 移動 0 件・分割 0 件・切詰 0 件
2026-09-23 15:55:52,430 [INFO] src.archive.timeline_builder: セクション追加: clip3 を 100.00s へ挿入 (VOD 250.0-300.0 / 尺 50.00s)
2026-09-23 15:55:52,430 [INFO] src.archive.timeline_builder: アーカイブ Timeline 構築: 2 クリップ / V1 2 本 / S1 0 件 / 全長 200.0s
2026-09-23 15:55:52,430 [INFO] src.archive.timeline_builder: セクション追加: clip3 を 200.00s へ挿入 (VOD 500.0-600.0 / 尺 100.00s)
2026-09-23 15:55:52,430 [INFO] src.archive.timeline_builder: セクション統合: clip2 へ 1 件を畳み込み (VOD 400.0-600.0)
2026-09-23 15:55:52,432 [INFO] src.archive.timeline_builder: アーカイブ Timeline 構築: 3 クリップ / V1 3 本 / S1 0 件 / 全長 300.0s
2026-09-23 15:55:52,432 [INFO] src.timeline.commands: 貼り付けの割り込み: V1 の 100.000s へ 50.00s を確保 / 移動 2 件・分割 0 件・切詰 0 件
2026-09-23 15:55:52,432 [INFO] src.timeline.commands: 貼り付けの割り込み: S1 の 100.000s へ 50.00s を確保 / 移動 0 件・分割 0 件・切詰 0 件
2026-09-23 15:55:52,432 [INFO] src.archive.timeline_builder: セクション追加: clip4 を 100.00s へ挿入 (VOD 250.0-300.0 / 尺 50.00s)
2026-09-23 15:55:52,433 [INFO] src.archive.timeline_builder: アーカイブ Timeline 構築: 2 クリップ / V1 2 本 / S1 0 件 / 全長 200.0s
2026-09-23 15:55:52,433 [INFO] src.archive.timeline_builder: アーカイブ Timeline 構築: 1 クリップ / V1 1 本 / S1 0 件 / 全長 100.0s
2026-09-23 15:55:52,433 [INFO] src.archive.timeline_builder: アーカイブ Timeline 構築: 1 クリップ / V1 1 本 / S1 0 件 / 全長 100.0s
2026-09-23 15:55:52,433 [INFO] src.archive.timeline_builder: アーカイブ Timeline 構築: 1 クリップ / V1 1 本 / S1 0 件 / 全長 100.0s
2026-09-23 15:55:52,433 [INFO] src.archive.timeline_builder: アーカイブ Timeline 構築: 1 クリップ / V1 1 本 / S1 0 件 / 全長 100.0s
2026-09-23 15:55:52,434 [INFO] src.archive.timeline_builder: アーカイブ Timeline 構築: 1 クリップ / V1 1 本 / S1 0 件 / 全長 300.0s
2026-09-23 15:55:52,434 [INFO] src.archive.timeline_builder: アーカイブ Timeline 構築: 1 クリップ / V1 1 本 / S1 0 件 / 全長 100.0s
2026-09-23 15:55:52,434 [INFO] src.archive.timeline_builder: アーカイブ Timeline 構築: 1 クリップ / V1 1 本 / S1 0 件 / 全長 100.0s
2026-09-23 15:55:52,434 [INFO] src.archive.timeline_builder: アーカイブ Timeline 構築: 1 クリップ / V1 1 本 / S1 0 件 / 全長 30.0s
2026-09-23 15:55:52,434 [INFO] src.archive.timeline_builder: アーカイブ Timeline 構築: 1 クリップ / V1 1 本 / S1 0 件 / 全長 30.0s
2026-09-23 15:55:52,435 [INFO] src.archive.timeline_builder: アーカイブ Timeline 構築: 1 クリップ / V1 1 本 / S1 0 件 / 全長 30.0s
2026-09-23 15:55:52,435 [INFO] src.archive.timeline_builder: アーカイブ Timeline 構築: 1 クリップ / V1 1 本 / S1 0 件 / 全長 30.0s
2026-09-23 15:55:52,435 [INFO] src.archive.timeline_builder: アーカイブ Timeline 構築: 1 クリップ / V1 1 本 / S1 0 件 / 全長 30.0s
2026-09-23 15:55:52,435 [INFO] src.archive.timeline_builder: アーカイブ Timeline 構築: 3 クリップ / V1 6 本 / S1 6 件 / 全長 30.0s
2026-09-23 15:55:52,436 [INFO] src.archive.timeline_builder: アーカイブ Timeline 構築: 3 クリップ / V1 6 本 / S1 6 件 / 全長 30.0s
2026-09-23 15:55:52,436 [INFO] src.archive.timeline_builder: アーカイブ Timeline 構築: 3 クリップ / V1 6 本 / S1 6 件 / 全長 30.0s
2026-09-23 15:55:52,436 [INFO] src.archive.timeline_builder: アーカイブ Timeline 構築: 3 クリップ / V1 6 本 / S1 6 件 / 全長 30.0s
2026-09-23 15:55:52,436 [INFO] src.archive.timeline_builder: アーカイブ Timeline 構築: 3 クリップ / V1 6 本 / S1 6 件 / 全長 30.0s
2026-09-23 15:55:52,436 [INFO] src.archive.timeline_builder: アーカイブ Timeline 構築: 3 クリップ / V1 6 本 / S1 6 件 / 全長 30.0s
2026-09-23 15:55:52,436 [INFO] src.archive.timeline_builder: アーカイブ Timeline 構築: 3 クリップ / V1 6 本 / S1 6 件 / 全長 30.0s
2026-09-23 15:55:52,437 [INFO] src.archive.timeline_builder: アーカイブ Timeline 構築: 3 クリップ / V1 6 本 / S1 6 件 / 全長 30.0s
2026-09-23 15:55:52,437 [INFO] src.archive.timeline_builder: アーカイブ Timeline 構築: 3 クリップ / V1 6 本 / S1 6 件 / 全長 30.0s
2026-09-23 15:55:52,437 [INFO] src.archive.timeline_builder: アーカイブ Timeline 構築: 1 クリップ / V1 1 本 / S1 2 件 / 全長 30.0s
2026-09-23 15:55:52,437 [INFO] src.archive.timeline_builder: clip1: クリップ終端で打ち切った字幕 1 件 / 載せなかった字幕 0 件
2026-09-23 15:55:52,438 [INFO] src.archive.timeline_builder: clip2: クリップ終端で打ち切った字幕 1 件 / 載せなかった字幕 0 件
2026-09-23 15:55:52,438 [INFO] src.archive.timeline_builder: clip3: クリップ終端で打ち切った字幕 1 件 / 載せなかった字幕 0 件
2026-09-23 15:55:52,438 [INFO] src.archive.timeline_builder: アーカイブ Timeline 構築: 3 クリップ / V1 6 本 / S1 3 件 / 全長 30.0s
2026-09-23 15:55:52,438 [INFO] src.archive.timeline_builder: clip1: クリップ終端で打ち切った字幕 1 件 / 載せなかった字幕 0 件
2026-09-23 15:55:52,438 [INFO] src.archive.timeline_builder: アーカイブ Timeline 構築: 2 クリップ / V1 4 本 / S1 3 件 / 全長 20.0s
2026-09-23 15:55:52,438 [INFO] src.archive.timeline_builder: clip1: クリップ終端で打ち切った字幕 1 件 / 載せなかった字幕 1 件
2026-09-23 15:55:52,438 [INFO] src.archive.timeline_builder: アーカイブ Timeline 構築: 2 クリップ / V1 4 本 / S1 2 件 / 全長 20.0s
2026-09-23 15:55:52,439 [INFO] src.archive.timeline_builder: clip1: クリップ終端で打ち切った字幕 1 件 / 載せなかった字幕 0 件
2026-09-23 15:55:52,439 [INFO] src.archive.timeline_builder: clip2: クリップ終端で打ち切った字幕 1 件 / 載せなかった字幕 0 件
2026-09-23 15:55:52,439 [INFO] src.archive.timeline_builder: アーカイブ Timeline 構築: 2 クリップ / V1 4 本 / S1 2 件 / 全長 20.0s
2026-09-23 15:55:52,439 [INFO] src.archive.timeline_builder: アーカイブ Timeline 構築: 3 クリップ / V1 6 本 / S1 6 件 / 全長 30.0s
2026-09-23 15:55:52,440 [INFO] src.archive.timeline_builder: アーカイブ Timeline 構築: 3 クリップ / V1 6 本 / S1 6 件 / 全長 30.0s
2026-09-23 15:55:52,440 [INFO] src.archive.timeline_builder: アーカイブ Timeline 構築: 3 クリップ / V1 6 本 / S1 6 件 / 全長 30.0s
2026-09-23 15:55:52,440 [INFO] src.archive.timeline_builder: アーカイブ Timeline 構築: 3 クリップ / V1 6 本 / S1 6 件 / 全長 30.0s
2026-09-23 15:55:52,441 [INFO] src.archive.timeline_builder: アーカイブ Timeline 構築: 3 クリップ / V1 6 本 / S1 6 件 / 全長 30.0s
2026-09-23 15:55:52,441 [INFO] src.archive.timeline_builder: アーカイブ Timeline 構築: 3 クリップ / V1 6 本 / S1 6 件 / 全長 30.0s
2026-09-23 15:55:52,442 [INFO] src.archive.timeline_builder: アーカイブ Timeline 構築: 3 クリップ / V1 6 本 / S1 6 件 / 全長 30.0s
2026-09-23 15:55:52,442 [INFO] src.archive.timeline_builder: clip2 は使用しないため書き出しから除外します
2026-09-23 15:55:52,442 [INFO] src.archive.timeline_builder: アーカイブ Timeline 構築: 3 クリップ / V1 6 本 / S1 6 件 / 全長 30.0s
2026-09-23 15:55:52,443 [INFO] src.archive.timeline_builder: アーカイブ Timeline 構築: 3 クリップ / V1 6 本 / S1 6 件 / 全長 30.0s
2026-09-23 15:55:52,443 [INFO] src.archive.timeline_builder: アーカイブ Timeline 構築: 3 クリップ / V1 6 本 / S1 6 件 / 全長 30.0s
2026-09-23 15:55:52,443 [INFO] src.archive.timeline_builder: アーカイブ Timeline 構築: 3 クリップ / V1 6 本 / S1 6 件 / 全長 30.0s
2026-09-23 15:55:52,443 [INFO] src.archive.timeline_builder: アーカイブ Timeline 構築: 3 クリップ / V1 6 本 / S1 6 件 / 全長 30.0s
2026-09-23 15:55:52,444 [INFO] src.archive.timeline_builder: アーカイブ Timeline 構築: 3 クリップ / V1 6 本 / S1 6 件 / 全長 30.0s
2026-09-23 15:55:52,548 [INFO] src.timeline.project_io: プロジェクトを改名しました: sample.timeline.json → renamed.timeline.json
2026-09-23 15:55:52,567 [WARNING] src.blur.config: 未知の blur.silhouette.format のため既定を使用します: unknown
2026-09-23 15:55:52,568 [WARNING] src.blur.config: 未知の blur.render.mode のため既定を使用します: unknown
2026-09-23 15:55:52,672 [WARNING] src.blur.analyzer: PyAV でのデコードに失敗したため FFmpeg へ切り替えます: [Errno 1094995529] Invalid data found when processing input: 'D:\\develop\\autoedit\\tests\\test_blur_manual.py'
2026-09-23 15:55:53,772 [INFO] src.blur.analyzer: ぼかし解析: 枠 0 本を検出しました (m1 0.0〜10.0秒)
2026-09-23 15:55:53,791 [INFO] src.blur.decisions: ぼかし: 以前の書式の指定 1 件は新しい方式へ移せないため引き継ぎません (人物へまとめる処理を廃止したため)
2026-09-23 15:55:53,794 [INFO] src.blur.decisions: ぼかし: 以前の書式の指定 2 件は新しい方式へ移せないため引き継ぎません (人物へまとめる処理を廃止したため)
2026-09-23 15:55:53,985 [WARNING] src.modules.blur_overlay: ぼかしマスクが見つからないため、ぼかしを省略します: 
2026-09-23 15:55:54,006 [INFO] src.blur.mask_builder: ぼかす対象が無いためマスクを作りません
2026-09-23 15:55:54,007 [INFO] src.blur.mask_builder: ぼかす対象が無いためマスクを作りません
2026-09-23 15:55:54,007 [INFO] src.blur.mask_builder: ぼかす対象が無いためマスクを作りません
2026-09-23 15:55:54,009 [INFO] src.blur.store: ぼかしの解析結果を保存しました: sample.blur.json
2026-09-23 15:55:54,010 [INFO] src.blur.store: ぼかしの解析結果を保存しました: sample.blur.json
2026-09-23 15:55:54,013 [INFO] src.blur.mask_builder: ぼかす対象が無いためマスクを作りません
2026-09-23 15:55:54,018 [INFO] src.timeline.renderer: ベース映像構築: 1 クリップ / ギャップ 0 件 / 合計 5.0s
2026-09-23 15:55:54,022 [INFO] src.timeline.renderer: ベース映像の尺: モデル 5.000s / 実測 5.000s (差 +0.000s / 1 部品)
2026-09-23 15:55:54,022 [INFO] src.timeline.renderer: 字幕焼き込み: 1 件
2026-09-23 15:55:54,029 [INFO] src.timeline.renderer: ベース映像構築: 1 クリップ / ギャップ 0 件 / 合計 5.0s
2026-09-23 15:55:54,034 [INFO] src.timeline.renderer: ベース映像の尺: モデル 5.000s / 実測 5.000s (差 +0.000s / 1 部品)
2026-09-23 15:55:54,034 [INFO] src.timeline.renderer: 字幕焼き込み: 1 件
2026-09-23 15:55:54,039 [INFO] src.timeline.renderer: ベース映像構築: 1 クリップ / ギャップ 0 件 / 合計 5.0s
2026-09-23 15:55:54,047 [INFO] src.timeline.renderer: ベース映像の尺: モデル 5.000s / 実測 5.000s (差 +0.000s / 1 部品)
2026-09-23 15:55:54,047 [INFO] src.timeline.renderer: オーバーレイ・字幕が無いため合成をスキップします
2026-09-23 15:55:54,051 [INFO] src.modules.blur_overlay: ぼかしを焼き込みます: blur_applied.mp4
2026-09-23 15:55:54,054 [INFO] src.timeline.renderer: ベース映像構築: 1 クリップ / ギャップ 0 件 / 合計 5.0s
2026-09-23 15:55:54,062 [INFO] src.timeline.renderer: ベース映像の尺: モデル 5.000s / 実測 5.000s (差 +0.000s / 1 部品)
2026-09-23 15:55:54,062 [INFO] src.timeline.renderer: オーバーレイ・字幕が無いため合成をスキップします
2026-09-23 15:55:54,067 [INFO] src.modules.blur_overlay: ぼかしを焼き込みます: blur_applied.mp4
2026-09-23 15:55:54,070 [INFO] src.timeline.renderer: ベース映像構築: 1 クリップ / ギャップ 0 件 / 合計 5.0s
2026-09-23 15:55:54,078 [INFO] src.timeline.renderer: ベース映像の尺: モデル 5.000s / 実測 5.000s (差 +0.000s / 1 部品)
2026-09-23 15:55:54,079 [INFO] src.timeline.renderer: 字幕焼き込み: 1 件
2026-09-23 15:55:54,095 [INFO] src.timeline.renderer: ベース映像構築: 1 クリップ / ギャップ 0 件 / 合計 5.0s
2026-09-23 15:55:54,099 [INFO] src.timeline.renderer: ベース映像の尺: モデル 5.000s / 実測 5.000s (差 +0.000s / 1 部品)
2026-09-23 15:55:54,100 [INFO] src.blur.mask_builder: ぼかす指定が無いためマスクを作りません
2026-09-23 15:55:54,100 [INFO] src.timeline.renderer: オーバーレイ・字幕が無いため合成をスキップします
2026-09-23 15:55:54,106 [INFO] src.timeline.renderer: 中間形式を最終形式へ変換: .mov → mp4 (音声のみ再エンコード)
2026-09-23 15:55:55,167 [INFO] src.modules.subtitle_generator: 縦動画のため字幕設定を縦用へ上書き (font/改行/配置/余白)
2026-09-23 15:55:55,167 [WARNING] src.modules.comment_decor: コメント背景がキャンバスに収まらないため詰めました (推定幅 1181px / 使える幅 1080px)。font_size か max_line_length を下げると解消します
2026-09-23 15:55:55,168 [INFO] src.modules.comment_decor: コメントアイコン: 2 件 / 位置 2 種類
2026-09-23 15:55:55,168 [INFO] src.modules.comment_decor: コメントアイコン: 2 件 / 位置 1 種類
2026-09-23 15:55:55,168 [INFO] src.modules.comment_decor: コメントアイコン: 1 件 / 位置 1 種類
2026-09-23 15:55:55,169 [INFO] src.modules.subtitle_generator: 縦動画のため字幕設定を縦用へ上書き (font/改行/配置/余白)
2026-09-23 15:55:55,169 [WARNING] src.modules.comment_decor: コメントアイコンがキャンバスに収まらないため位置を詰めました (要求 x=-190.0 y=465.0 → x=0.0 y=465.0)。subtitle.comment_margin_l を大きくすると解消します
2026-09-23 15:55:55,170 [INFO] src.modules.subtitle_generator: コメント背景: 1 件
2026-09-23 15:55:55,185 [WARNING] src.modules.subtitle_generator: コメントの Layer が逆転しているため本文を 6 へ引き上げます (背景=5 / 本文=1)
2026-09-23 15:55:55,185 [INFO] src.modules.subtitle_generator: コメント背景: 1 件
2026-09-23 15:55:55,258 [WARNING] src.modules.subtitle_generator: コメントの配置は左寄せ (1/4/7) のみ対応のため 4 を使用します: 2
2026-09-23 15:55:55,264 [INFO] src.modules.subtitle_generator: 縦動画のため字幕設定を縦用へ上書き (font/改行/配置/余白)
2026-09-23 15:55:55,267 [WARNING] src.export.fcpxml_builder: タイムライン終端を超える字幕をクリップ末尾へクランプしました (丸め誤差の端数など)。
2026-09-23 15:55:55,279 [INFO] src.modules.loudness_normalizer: 入力ラウドネス: I=-9.2 LUFS / TP=-0.3 dBTP / LRA=5.1 LU → 目標 I=-14.0 LUFS / TP=-1.0 dBTP (offset 0.4 dB)
2026-09-23 15:55:55,288 [ERROR] src.modules.loudness_normalizer: ラウドネス正規化の適用に失敗 (元音声のまま継続): in.mp4
Traceback (most recent call last):
  File "D:\develop\autoedit\src\modules\loudness_normalizer.py", line 219, in normalize_file
    ffmpeg_runner.execute(
  File "C:\Users\evolu\AppData\Local\Programs\Python\Python312\Lib\unittest\mock.py", line 1139, in __call__
    return self._mock_call(*args, **kwargs)
           ^^^^^^^^^^^^^^^^^^^^^^^^^^^^^^^^
  File "C:\Users\evolu\AppData\Local\Programs\Python\Python312\Lib\unittest\mock.py", line 1143, in _mock_call
    return self._execute_mock_call(*args, **kwargs)
           ^^^^^^^^^^^^^^^^^^^^^^^^^^^^^^^^^^^^^^^^
  File "C:\Users\evolu\AppData\Local\Programs\Python\Python312\Lib\unittest\mock.py", line 1198, in _execute_mock_call
    raise effect
src.exceptions.FFmpegError: 失敗
2026-09-23 15:55:55,320 [INFO] src.modules.loudness_normalizer: ラウドネス正規化は無効のためスキップ
2026-09-23 15:55:55,320 [WARNING] src.modules.loudness_normalizer: ラウドネス測定に失敗したため正規化をスキップ (元音声のまま継続): in.mp4
2026-09-23 15:55:55,320 [INFO] src.modules.loudness_normalizer: 音声ストリームが無いためラウドネス正規化をスキップ: in.mp4
2026-09-23 15:55:55,326 [INFO] src.modules.loudness_normalizer: ラウドネス正規化 完了: out.mp4
2026-09-23 15:55:55,327 [INFO] src.modules.loudness_normalizer: 入力ラウドネス: I=-9.2 LUFS / TP=-0.3 dBTP / LRA=5.1 LU → 目標 I=-14.0 LUFS / TP=-1.0 dBTP (offset 0.4 dB)
2026-09-23 15:55:55,333 [INFO] src.modules.loudness_normalizer: ラウドネス正規化 完了: out.mp4
2026-09-23 15:55:55,335 [INFO] src.timeline.media_recovery: 本編素材を元動画から作り直します: C:\Users\evolu\AppData\Local\Temp\media_recovery_test_npt3a_5_\sample.mp4
2026-09-23 15:55:55,336 [WARNING] src.timeline.media_recovery: 素材が見つかりません: m2 (C:\Users\evolu\AppData\Local\Temp\media_recovery_test_y4djesfo\gone.png)
2026-09-23 15:55:55,345 [INFO] src.timeline.media_recovery: 素材を差し替え済みのフォルダで見つけました: m3 → C:\Users\evolu\AppData\Local\Temp\media_recovery_test_tvts52ic\moved\logo2.png
2026-09-23 15:55:55,348 [INFO] src.timeline.media_recovery: 本編素材を元動画から作り直します: C:\Users\evolu\AppData\Local\Temp\media_recovery_test_1s64crvz\sample.mp4
2026-09-23 15:55:55,350 [WARNING] src.timeline.media_recovery: 元動画が見つからないため本編素材を復旧できません: C:\Users\evolu\AppData\Local\Temp\media_recovery_test_vnhhbx5p\no_such_input.mp4
2026-09-23 15:55:55,350 [WARNING] src.timeline.media_recovery: 素材が見つかりません: m1 (C:\Users\evolu\AppData\Local\Temp\media_recovery_test_vnhhbx5p\work\loudness_normalized.mp4)
2026-09-23 15:55:55,354 [INFO] src.timeline.media_recovery: 本編素材は元動画そのものだったため、そのまま使います: C:\Users\evolu\AppData\Local\Temp\media_recovery_test_ynvb7dzb\sample.mp4
2026-09-23 15:55:55,358 [INFO] src.timeline.media_recovery: 素材を相対パスで見つけました: m2 → C:\Users\evolu\AppData\Local\Temp\media_recovery_test_pfa2hfv_\assets\logo.png
2026-09-23 15:55:55,363 [INFO] src.timeline.media_recovery: 設定に従い元動画をそのまま使います (音量は正規化前): C:\Users\evolu\AppData\Local\Temp\media_recovery_test_op2siv36\sample.mp4
2026-09-23 15:55:55,365 [INFO] src.services.points: ポイントを予約しました: clip/video 25pt (watermark=False)
2026-09-23 15:55:55,366 [WARNING] src.services.points: ポイント残高を取得できませんでした: 断
2026-09-23 15:55:55,371 [INFO] src.services.points: ポイントを予約しました: clip/video 25pt (watermark=False)
2026-09-23 15:55:55,371 [WARNING] src.services.points: ポイントのcommitを送信できませんでした (再送します): 接続できません
2026-09-23 15:55:55,386 [INFO] src.services.points: ポイントを予約しました: clip/video 25pt (watermark=False)
2026-09-23 15:55:55,400 [WARNING] src.services.points: ポイントのcommitを送信できませんでした (再送します): 断
2026-09-23 15:55:55,417 [INFO] src.services.points: 保留していたポイント処理を 2 件送信しました。
2026-09-23 15:55:55,419 [WARNING] src.services.points: ポイントを予約できませんでした: 再ログインが必要です。
2026-09-23 15:55:55,421 [INFO] src.services.points: ポイントを予約しました: clip/video 25pt (watermark=False)
2026-09-23 15:55:55,421 [WARNING] src.services.points: ポイントのcancelが拒否されました: 確定済み
2026-09-23 15:55:55,423 [INFO] src.services.points: 保留していたポイント処理を 1 件送信しました。
2026-09-23 15:55:55,424 [INFO] src.services.points: ポイントを予約しました: clip/video 25pt (watermark=False)
2026-09-23 15:55:55,440 [INFO] src.services.points: サブスク判定のキャッシュが古いため watermark を入れます。
2026-09-23 15:55:55,440 [WARNING] src.services.points: ポイントを予約できませんでした (オフライン): 接続できません
2026-09-23 15:55:55,452 [WARNING] src.services.points: ポイントを予約できませんでした (オフライン): 接続できません
2026-09-23 15:55:55,453 [WARNING] src.services.points: ポイントを予約できませんでした (オフライン): 接続できません
2026-09-23 15:55:55,454 [WARNING] src.services.points: ポイントを予約できませんでした: 想定外
2026-09-23 15:55:55,455 [INFO] src.services.points: ポイントを予約しました: clip/resolveProject 0pt (watermark=False)
2026-09-23 15:55:55,469 [INFO] src.services.points: ポイントを予約しました: clip/video 25pt (watermark=False)
2026-09-23 15:55:55,470 [INFO] src.services.points: ポイントを予約しました: archive/video 0pt (watermark=True)
2026-09-23 15:55:55,491 [WARNING] src.timeline.builder: フレーム間引きの設定が不正なため none を使用します: 'all'
2026-09-23 15:55:55,505 [INFO] src.timeline.project_io: プロジェクト保存: C:\Users\evolu\AppData\Local\Temp\library_summary_3sfh0c7z\vod.archive.timeline.json
2026-09-23 15:55:55,525 [WARNING] src.timeline.project_io: プロジェクトの概要を読めませんでした: C:\Users\evolu\AppData\Local\Temp\library_summary_grvnqbbm\broken.timeline.json
2026-09-23 15:55:55,529 [INFO] src.timeline.project_io: プロジェクト保存: C:\Users\evolu\AppData\Local\Temp\library_summary__7f28sn3\sample.timeline.json
2026-09-23 15:55:55,549 [INFO] src.timeline.project_io: プロジェクト保存: C:\Users\evolu\AppData\Local\Temp\library_summary__htgx2y2\sample.timeline.json
2026-09-23 15:55:55,566 [INFO] src.timeline.project_io: プロジェクト保存: C:\Users\evolu\AppData\Local\Temp\library_rename_lswx5r_z\old.timeline.json
2026-09-23 15:55:55,572 [INFO] src.timeline.project_io: プロジェクト保存: C:\Users\evolu\AppData\Local\Temp\library_rename_mt3v_ogv\old.timeline.json
2026-09-23 15:55:55,577 [INFO] src.timeline.project_io: プロジェクト保存: C:\Users\evolu\AppData\Local\Temp\library_rename_mebu8osg\old.timeline.json
2026-09-23 15:55:55,593 [INFO] src.timeline.project_io: プロジェクトを改名しました: old.timeline.json → new.timeline.json
2026-09-23 15:55:55,611 [INFO] src.timeline.project_io: プロジェクト保存: C:\Users\evolu\AppData\Local\Temp\library_rename__ks67tic\old.timeline.json
2026-09-23 15:55:55,630 [INFO] src.timeline.project_io: プロジェクトを改名しました: old.timeline.json → new.timeline.json
2026-09-23 15:55:55,637 [INFO] src.timeline.project_io: プロジェクト保存: C:\Users\evolu\AppData\Local\Temp\library_rename_av6frpvw\old.timeline.json
2026-09-23 15:55:55,650 [INFO] src.timeline.project_io: プロジェクトが 5 件見つかりました (新しい 2 件を表示します)
2026-09-23 15:55:55,674 [WARNING] src.export.resolve_export: ソース総尺の取得に失敗 (タイムライン全長で代用): C:\Users\evolu\AppData\Local\Temp\resolve_export_test_vepp1xso\sample.mp4
2026-09-23 15:55:55,684 [WARNING] src.export.resolve_export: ソース総尺の取得に失敗 (タイムライン全長で代用): C:\Users\evolu\AppData\Local\Temp\resolve_export_test_dnfdjqlo\sample.mp4
2026-09-23 15:55:55,697 [WARNING] src.export.resolve_export: ソース総尺の取得に失敗 (タイムライン全長で代用): C:\Users\evolu\AppData\Local\Temp\resolve_export_test_t0iv93n7\sample.mp4
2026-09-23 15:55:55,713 [WARNING] src.export.resolve_export: ソース総尺の取得に失敗 (タイムライン全長で代用): C:\Users\evolu\AppData\Local\Temp\resolve_export_test_uxp5pqcx\sample.mp4
2026-09-23 15:55:55,713 [WARNING] src.export.resolve_export: テーマ演出はテキストと区間のみを出力します (ブラー・黒帯などの映像エフェクトは FCPXML で表現できません)。
2026-09-23 15:55:55,713 [WARNING] src.export.resolve_export: 字幕位置は配置(alignment)＋余白からの近似です。Resolve 取り込み時に位置が中央へ戻る場合があります (フォント/サイズ/色は保持)。
2026-09-23 15:55:55,729 [WARNING] src.export.resolve_export: ソース総尺の取得に失敗 (タイムライン全長で代用): C:\Users\evolu\AppData\Local\Temp\resolve_export_test_2jt7v_xv\sample.mp4
2026-09-23 15:55:55,742 [WARNING] src.export.resolve_export: ソース総尺の取得に失敗 (タイムライン全長で代用): C:\Users\evolu\AppData\Local\Temp\resolve_export_test_h184b9rw\sample.mp4
2026-09-23 15:55:55,756 [WARNING] src.export.resolve_export: ソース総尺の取得に失敗 (タイムライン全長で代用): C:\Users\evolu\AppData\Local\Temp\resolve_export_test_8dfaj2p9\sample.mp4
2026-09-23 15:55:55,769 [WARNING] src.export.resolve_export: ソース総尺の取得に失敗 (タイムライン全長で代用): C:\Users\evolu\AppData\Local\Temp\resolve_export_test_8dfaj2p9\sample.mp4
2026-09-23 15:55:55,779 [WARNING] src.export.resolve_export: ソース総尺の取得に失敗 (タイムライン全長で代用): C:\Users\evolu\AppData\Local\Temp\resolve_export_test_yhj1z8_z\sample.mp4
2026-09-23 15:55:55,779 [WARNING] src.export.resolve_export: 未対応の字幕出力方式 export.resolve.subtitle.mode=bogus のため caption で出力します
2026-09-23 15:55:55,788 [WARNING] src.export.resolve_export: ソース総尺の取得に失敗 (タイムライン全長で代用): C:\Users\evolu\AppData\Local\Temp\resolve_export_test_zq52hccv\sample.mp4
2026-09-23 15:55:55,797 [WARNING] src.export.resolve_export: ソース総尺の取得に失敗 (タイムライン全長で代用): C:\Users\evolu\AppData\Local\Temp\resolve_export_test_fi35dmyx\sample.mp4
2026-09-23 15:55:55,813 [WARNING] src.export.resolve_export: ソース総尺の取得に失敗 (タイムライン全長で代用): C:\Users\evolu\AppData\Local\Temp\resolve_export_test_65nvsd8b\sample.mp4
2026-09-23 15:55:55,828 [WARNING] src.export.resolve_export: ソース総尺の取得に失敗 (タイムライン全長で代用): C:\Users\evolu\AppData\Local\Temp\resolve_export_test_ckzwh764\sample.mp4
2026-09-23 15:55:55,843 [WARNING] src.export.resolve_export: ソース総尺の取得に失敗 (タイムライン全長で代用): C:\Users\evolu\AppData\Local\Temp\resolve_export_test_1wdmtcmp\sample.mp4
2026-09-23 15:55:55,854 [WARNING] src.export.resolve_export: ソース総尺の取得に失敗 (タイムライン全長で代用): C:\Users\evolu\AppData\Local\Temp\resolve_export_test_cjp0yjhj\sample.mp4
2026-09-23 15:55:55,869 [WARNING] src.export.resolve_export: ソース総尺の取得に失敗 (タイムライン全長で代用): C:\Users\evolu\AppData\Local\Temp\resolve_export_test_aeaelkjg\sample.mp4
2026-09-23 15:55:55,882 [WARNING] src.export.resolve_export: ソース総尺の取得に失敗 (タイムライン全長で代用): C:\Users\evolu\AppData\Local\Temp\resolve_export_test_has_k_3q\sample.mp4
2026-09-23 15:55:55,894 [WARNING] src.export.resolve_export: ソース総尺の取得に失敗 (タイムライン全長で代用): C:\Users\evolu\AppData\Local\Temp\resolve_export_test_zlx_58pd\sample.mp4
2026-09-23 15:55:55,894 [INFO] src.export.resolve_export: 編集点が無いため全長 1 クリップとして出力します
2026-09-23 15:55:55,910 [WARNING] src.export.resolve_export: ソース総尺の取得に失敗 (タイムライン全長で代用): C:\Users\evolu\AppData\Local\Temp\resolve_export_test_0u33yl_5\sample.mp4
2026-09-23 15:55:55,910 [INFO] src.export.resolve_export: Resolve 出力開始: C:\Users\evolu\AppData\Local\Temp\resolve_export_test_0u33yl_5\out2.fcpxml (クリップ 1 件 / 字幕 caption 1 件 / title・テーマ 0 件 / 1920x1080 60fps)
2026-09-23 15:55:55,912 [INFO] src.export.resolve_export: 字幕トラックのスタイルは Resolve の字幕トラックヘッダー選択 → インスペクタ → Track Style で一括設定できます (Resolve 19 以降は Text+ スタイルも指定可)。
2026-09-23 15:55:55,912 [INFO] src.export.resolve_export: Resolve 出力完了: C:\Users\evolu\AppData\Local\Temp\resolve_export_test_0u33yl_5\out2.fcpxml (タイムライン尺 5.00s)
2026-09-23 15:55:55,924 [WARNING] src.export.resolve_export: ソース総尺の取得に失敗 (タイムライン全長で代用): C:\Users\evolu\AppData\Local\Temp\resolve_export_test_o07f7ozb\sample.mp4
2026-09-23 15:55:55,924 [INFO] src.export.resolve_export: Resolve 出力開始: C:\Users\evolu\AppData\Local\Temp\resolve_export_test_o07f7ozb\out3.fcpxml (クリップ 1 件 / 字幕 caption 0 件 / title・テーマ 0 件 / 1920x1080 60fps)
2026-09-23 15:55:55,926 [INFO] src.export.resolve_export: Resolve 出力完了: C:\Users\evolu\AppData\Local\Temp\resolve_export_test_o07f7ozb\out3.fcpxml (タイムライン尺 5.00s)
2026-09-23 15:55:55,937 [WARNING] src.export.resolve_export: ソース総尺の取得に失敗 (タイムライン全長で代用): C:\Users\evolu\AppData\Local\Temp\resolve_export_test_n17_34_1\sample.mp4
2026-09-23 15:55:55,937 [INFO] src.export.resolve_export: Resolve 出力開始: C:\Users\evolu\AppData\Local\Temp\resolve_export_test_n17_34_1\out.fcpxml (クリップ 1 件 / 字幕 caption 1 件 / title・テーマ 0 件 / 1920x1080 60fps)
2026-09-23 15:55:55,944 [INFO] src.export.resolve_export: SRT サイドカー出力: C:\Users\evolu\AppData\Local\Temp\resolve_export_test_n17_34_1\out.srt (1 件)
2026-09-23 15:55:55,944 [INFO] src.export.resolve_export: Resolve 出力完了: C:\Users\evolu\AppData\Local\Temp\resolve_export_test_n17_34_1\out.fcpxml / C:\Users\evolu\AppData\Local\Temp\resolve_export_test_n17_34_1\out.srt (タイムライン尺 5.00s)
2026-09-23 15:55:55,956 [INFO] src.export.resolve_export: Resolve 出力を中止 (上書きしない): C:\Users\evolu\AppData\Local\Temp\resolve_export_test_n17_34_1\out.fcpxml
2026-09-23 15:55:56,167 [INFO] src.modules.subtitle_generator: 縦動画のため字幕設定を縦用へ上書き (font/改行/配置/余白)
2026-09-23 15:55:56,175 [WARNING] src.services.stretheus_auth: API の日時を解釈できませんでした。
2026-09-23 15:55:56,188 [INFO] src.services.stretheus_auth: Stretheus のログインページを開きます (ポート49962)
2026-09-23 15:55:56,194 [INFO] src.services.stretheus_auth: Stretheus へログインしました。
2026-09-23 15:55:57,273 [INFO] src.services.stretheus_auth: Stretheus のログインページを開きます (ポート49970)
2026-09-23 15:55:57,288 [INFO] src.services.stretheus_auth: Stretheus へログインしました。
2026-09-23 15:55:58,335 [INFO] src.services.stretheus_auth: Stretheus のログインページを開きます (ポート49978)
2026-09-23 15:55:58,345 [INFO] src.services.stretheus_auth: Stretheus へログインしました。
2026-09-23 15:55:58,856 [INFO] src.services.stretheus_auth: Stretheus のログインページを開きます (ポート49983)
2026-09-23 15:55:58,866 [INFO] src.services.stretheus_auth: Stretheus へログインしました。
2026-09-23 15:55:59,385 [INFO] src.services.stretheus_auth: Stretheus のログインページを開きます (ポート49989)
2026-09-23 15:55:59,393 [INFO] src.services.stretheus_auth: Stretheus へログインしました。
2026-09-23 15:55:59,912 [INFO] src.services.stretheus_auth: Stretheus のログインページを開きます (ポート49995)
2026-09-23 15:55:59,918 [INFO] src.services.stretheus_auth: Stretheus へログインしました。
2026-09-23 15:56:00,424 [INFO] src.modules.subtitle_generator: テロップ個別指定 フォント 0 件 / サイズ 0 件 / 文字色 1 件 / 縁の色 0 件
2026-09-23 15:56:00,442 [INFO] src.modules.subtitle_generator: テロップ個別指定 フォント 0 件 / サイズ 0 件 / 文字色 1 件 / 縁の色 0 件
2026-09-23 15:56:00,497 [INFO] src.modules.subtitle_generator: テロップ個別指定 フォント 0 件 / サイズ 0 件 / 文字色 0 件 / 縁の色 1 件
2026-09-23 15:56:00,514 [INFO] src.modules.subtitle_generator: テロップ個別指定 フォント 0 件 / サイズ 0 件 / 文字色 0 件 / 縁の色 1 件
2026-09-23 15:56:00,531 [INFO] src.modules.subtitle_generator: テロップ個別指定 フォント 1 件 / サイズ 1 件 / 文字色 1 件 / 縁の色 1 件
2026-09-23 15:56:00,547 [INFO] src.timeline.commands: コメント用の字幕トラックを作成しました: S2
2026-09-23 15:56:00,548 [INFO] src.timeline.commands: 移動先 S2 が空いていないため役割だけ変更しました: s1
2026-09-23 15:56:00,549 [INFO] src.timeline.commands: コメント用の字幕トラックを作成しました: S2
2026-09-23 15:56:00,549 [INFO] src.timeline.commands: コメント用の字幕トラックを作成しました: S2
2026-09-23 15:56:00,549 [INFO] src.timeline.commands: コメント用の字幕トラックを作成しました: S2
2026-09-23 15:56:00,552 [INFO] src.timeline.project_io: プロジェクト保存: C:\Users\evolu\AppData\Local\Temp\tmpa14fw9nf\sample.timeline.json
2026-09-23 15:56:00,569 [INFO] src.modules.subtitle_generator: VAD フィルタ有効 (min_silence=500ms, speech_pad=100ms, condition_on_previous_text=False)
2026-09-23 15:56:00,569 [WARNING] src.modules.subtitle_generator: VAD 付き認識に失敗したため VAD 無しで再試行します: VAD の初期化に失敗しました (テスト)
2026-09-23 15:56:00,569 [INFO] src.modules.subtitle_generator: VAD フィルタ有効 (min_silence=800ms, speech_pad=100ms, condition_on_previous_text=False)
2026-09-23 15:56:00,569 [INFO] src.modules.subtitle_generator: VAD フィルタ有効 (min_silence=500ms, speech_pad=100ms, condition_on_previous_text=False)
2026-09-23 15:56:00,645 [INFO] src.timeline.commands: 貼り付けの割り込み: V1 の 5.000s へ 10.00s を確保 / 移動 2 件・分割 1 件・切詰 0 件
2026-09-23 15:56:00,645 [INFO] src.timeline.commands: 貼り付けの割り込み: V2 の 5.000s へ 10.00s を確保 / 移動 2 件・分割 0 件・切詰 0 件
2026-09-23 15:56:00,645 [INFO] src.timeline.commands: 貼り付けの割り込み: S1 の 5.000s へ 10.00s を確保 / 移動 1 件・分割 0 件・切詰 0 件
2026-09-23 15:56:00,645 [INFO] src.timeline.commands: 貼り付けの割り込み: V1 の 5.000s へ 10.00s を確保 / 移動 2 件・分割 1 件・切詰 0 件
2026-09-23 15:56:00,646 [INFO] src.timeline.commands: 貼り付けの割り込み: V2 の 5.000s へ 10.00s を確保 / 移動 2 件・分割 0 件・切詰 0 件
2026-09-23 15:56:00,646 [INFO] src.timeline.commands: 貼り付けの割り込み: S1 の 5.000s へ 10.00s を確保 / 移動 1 件・分割 0 件・切詰 0 件
2026-09-23 15:56:00,646 [INFO] src.timeline.commands: 貼り付けの割り込み: V1 の 5.000s へ 10.00s を確保 / 移動 2 件・分割 1 件・切詰 0 件
2026-09-23 15:56:00,646 [INFO] src.timeline.commands: 貼り付けの割り込み: V2 の 5.000s へ 10.00s を確保 / 移動 2 件・分割 0 件・切詰 0 件
2026-09-23 15:56:00,646 [INFO] src.timeline.commands: 貼り付けの割り込み: S1 の 5.000s へ 10.00s を確保 / 移動 1 件・分割 0 件・切詰 0 件
2026-09-23 15:56:00,646 [INFO] src.timeline.commands: 貼り付けの割り込み: V1 の 5.000s へ 15.00s を確保 / 移動 3 件・分割 0 件・切詰 0 件
2026-09-23 15:56:00,646 [INFO] src.timeline.commands: 貼り付けの割り込み: V2 の 5.000s へ 15.00s を確保 / 移動 2 件・分割 0 件・切詰 0 件
2026-09-23 15:56:00,646 [INFO] src.timeline.commands: 貼り付けの割り込み: S1 の 5.000s へ 15.00s を確保 / 移動 1 件・分割 0 件・切詰 0 件
2026-09-23 15:56:00,647 [INFO] src.timeline.commands: 貼り付けの割り込み: V1 の 10.020s へ 10.02s を確保 / 移動 2 件・分割 0 件・切詰 0 件
2026-09-23 15:56:00,647 [INFO] src.timeline.commands: 貼り付けの割り込み: V2 の 10.020s へ 10.02s を確保 / 移動 1 件・分割 0 件・切詰 0 件
2026-09-23 15:56:00,647 [INFO] src.timeline.commands: 貼り付けの割り込み: S1 の 10.020s へ 10.02s を確保 / 移動 1 件・分割 0 件・切詰 0 件
2026-09-23 15:56:00,647 [INFO] src.timeline.commands: 貼り付けの割り込み: V1 の 19.980s へ 9.98s を確保 / 移動 1 件・分割 0 件・切詰 1 件
2026-09-23 15:56:00,647 [INFO] src.timeline.commands: 貼り付けの割り込み: V2 の 19.980s へ 9.98s を確保 / 移動 1 件・分割 0 件・切詰 0 件
2026-09-23 15:56:00,647 [INFO] src.timeline.commands: 貼り付けの割り込み: S1 の 19.980s へ 9.98s を確保 / 移動 0 件・分割 0 件・切詰 0 件
2026-09-23 15:56:00,648 [WARNING] src.timeline.commands: 素材が見つからないため貼り付けません: D:\develop\autoedit\tests\存在しない素材.mp4
2026-09-23 15:56:00,649 [INFO] src.timeline.commands: 貼り付けの割り込み: V1 の 5.000s へ 10.00s を確保 / 移動 2 件・分割 1 件・切詰 0 件
2026-09-23 15:56:00,649 [INFO] src.timeline.commands: 貼り付けの割り込み: V2 の 5.000s へ 10.00s を確保 / 移動 2 件・分割 0 件・切詰 0 件
2026-09-23 15:56:00,649 [INFO] src.timeline.commands: 貼り付けの割り込み: S1 の 5.000s へ 10.00s を確保 / 移動 1 件・分割 0 件・切詰 0 件
2026-09-23 15:56:00,650 [INFO] src.timeline.commands: 貼り付けの割り込み: V1 の 5.000s へ 10.00s を確保 / 移動 2 件・分割 1 件・切詰 0 件
2026-09-23 15:56:00,651 [INFO] src.timeline.commands: 貼り付けの割り込み: V2 の 5.000s へ 10.00s を確保 / 移動 2 件・分割 0 件・切詰 0 件
2026-09-23 15:56:00,651 [INFO] src.timeline.commands: 貼り付けの割り込み: S1 の 5.000s へ 10.00s を確保 / 移動 1 件・分割 0 件・切詰 0 件
2026-09-23 15:56:00,651 [INFO] src.timeline.commands: 貼り付けの割り込み: V1 の 5.000s へ 10.00s を確保 / 移動 2 件・分割 1 件・切詰 0 件
2026-09-23 15:56:00,651 [INFO] src.timeline.commands: 貼り付けの割り込み: V2 の 5.000s へ 10.00s を確保 / 移動 2 件・分割 0 件・切詰 0 件
2026-09-23 15:56:00,651 [INFO] src.timeline.commands: 貼り付けの割り込み: S1 の 5.000s へ 10.00s を確保 / 移動 1 件・分割 0 件・切詰 0 件
2026-09-23 15:56:00,652 [INFO] src.timeline.commands: 貼り付けの割り込み: V1 の 5.000s へ 10.00s を確保 / 移動 2 件・分割 1 件・切詰 0 件
2026-09-23 15:56:00,652 [INFO] src.timeline.commands: 貼り付けの割り込み: V2 の 5.000s へ 10.00s を確保 / 移動 2 件・分割 0 件・切詰 0 件
2026-09-23 15:56:00,652 [INFO] src.timeline.commands: 貼り付けの割り込み: S1 の 5.000s へ 10.00s を確保 / 移動 1 件・分割 0 件・切詰 0 件
2026-09-23 15:56:00,652 [INFO] src.timeline.commands: 貼り付けの割り込み: V1 の 5.000s へ 10.00s を確保 / 移動 2 件・分割 1 件・切詰 0 件
2026-09-23 15:56:00,652 [INFO] src.timeline.commands: 貼り付けの割り込み: V2 の 5.000s へ 10.00s を確保 / 移動 2 件・分割 0 件・切詰 0 件
2026-09-23 15:56:00,652 [INFO] src.timeline.commands: 貼り付けの割り込み: S1 の 5.000s へ 10.00s を確保 / 移動 1 件・分割 0 件・切詰 0 件
2026-09-23 15:56:00,652 [INFO] src.timeline.commands: 貼り付けの割り込み: V2 の 4.000s へ 2.00s を確保 / 移動 2 件・分割 0 件・切詰 0 件
2026-09-23 15:56:00,653 [INFO] src.timeline.commands: 貼り付けの割り込み: V2 の 4.000s へ 2.00s を確保 / 移動 2 件・分割 0 件・切詰 0 件
2026-09-23 15:56:00,653 [INFO] src.timeline.commands: 貼り付けの割り込み: V2 の 4.000s へ 2.00s を確保 / 移動 2 件・分割 0 件・切詰 0 件
2026-09-23 15:56:00,655 [INFO] src.timeline.clipboard: Timeline のノードをコピーしました: 1 件
2026-09-23 15:56:00,656 [INFO] src.timeline.clipboard: Timeline のノードをコピーしました: 1 件
2026-09-23 15:56:00,656 [INFO] src.timeline.commands: 貼り付けの割り込み: V1 の 4.000s へ 2.00s を確保 / 移動 2 件・分割 1 件・切詰 0 件
2026-09-23 15:56:00,656 [INFO] src.timeline.commands: 貼り付けの割り込み: V2 の 4.000s へ 2.00s を確保 / 移動 2 件・分割 0 件・切詰 0 件
2026-09-23 15:56:00,656 [INFO] src.timeline.commands: 貼り付けの割り込み: S1 の 4.000s へ 2.00s を確保 / 移動 1 件・分割 0 件・切詰 0 件
2026-09-23 15:56:00,656 [INFO] src.timeline.commands: 貼り付けの割り込み: V2 の 4.000s へ 2.00s を確保 / 移動 2 件・分割 0 件・切詰 0 件
2026-09-23 15:56:00,657 [INFO] src.timeline.commands: 貼り付けの割り込み: V1 の 5.000s へ 10.00s を確保 / 移動 2 件・分割 1 件・切詰 0 件
2026-09-23 15:56:00,657 [INFO] src.timeline.commands: 貼り付けの割り込み: V2 の 5.000s へ 10.00s を確保 / 移動 2 件・分割 0 件・切詰 0 件
2026-09-23 15:56:00,657 [INFO] src.timeline.commands: 貼り付けの割り込み: V1 の 5.000s へ 10.00s を確保 / 移動 2 件・分割 1 件・切詰 0 件
2026-09-23 15:56:00,657 [WARNING] src.timeline.builder: 貼り付けの設定が不正なため既定 base_syncs_all を使用します: 'なにか'
2026-09-23 15:56:00,657 [WARNING] src.timeline.builder: 貼り付けの設定が不正なため既定 split を使用します: 123
2026-09-23 15:56:00,658 [INFO] src.timeline.commands: 貼り付けの割り込み: V1 の 5.000s へ 10.00s を確保 / 移動 2 件・分割 1 件・切詰 0 件
2026-09-23 15:56:00,658 [INFO] src.timeline.commands: 貼り付けの割り込み: V2 の 5.000s へ 10.00s を確保 / 移動 2 件・分割 0 件・切詰 0 件
2026-09-23 15:56:00,658 [INFO] src.timeline.commands: 貼り付けの割り込み: S1 の 5.000s へ 10.00s を確保 / 移動 1 件・分割 0 件・切詰 0 件
2026-09-23 15:56:00,660 [WARNING] src.timeline.commands: 映像トラックの上限 (3) に達しているため追加できません
2026-09-23 15:56:00,662 [INFO] src.timeline.commands: 字幕を追加できる空きがありません (2.000 秒)
2026-09-23 15:56:00,662 [INFO] src.timeline.commands: 字幕を追加できる空きがありません (0.990 秒)
2026-09-23 15:56:00,663 [INFO] src.timeline.commands: リップル: 10.000〜20.000s (10.00s) を除去 / 削除 1 件・短縮 0 件・移動 1 件
2026-09-23 15:56:00,663 [INFO] src.timeline.commands: リップル: 10.000〜20.000s (10.00s) を除去 / 削除 1 件・短縮 0 件・移動 1 件
2026-09-23 15:56:00,663 [INFO] src.timeline.commands: リップル: 10.000〜20.000s (10.00s) を除去 / 削除 1 件・短縮 0 件・移動 1 件
2026-09-23 15:56:00,663 [INFO] src.timeline.commands: リップル: 0.000〜10.000s (10.00s) を除去 / 削除 2 件・短縮 0 件・移動 1 件
2026-09-23 15:56:00,663 [INFO] src.timeline.commands: リップル: 10.000〜20.000s (10.00s) を除去 / 削除 1 件・短縮 0 件・移動 1 件
2026-09-23 15:56:00,667 [INFO] src.timeline.commands: リップル: 10.000〜20.000s (10.00s) を除去 / 削除 2 件・短縮 1 件・移動 2 件
2026-09-23 15:56:00,667 [INFO] src.timeline.commands: リップル: 10.000〜20.000s (10.00s) を除去 / 削除 2 件・短縮 1 件・移動 2 件
2026-09-23 15:56:00,667 [INFO] src.timeline.commands: リップル: 10.000〜20.000s (10.00s) を除去 / 削除 2 件・短縮 1 件・移動 2 件
2026-09-23 15:56:00,667 [INFO] src.timeline.commands: リップル: 10.000〜20.000s (10.00s) を除去 / 削除 2 件・短縮 1 件・移動 2 件
2026-09-23 15:56:00,667 [INFO] src.timeline.commands: リップル: 10.000〜20.000s (10.00s) を除去 / 削除 2 件・短縮 1 件・移動 2 件
2026-09-23 15:56:00,668 [INFO] src.timeline.commands: リップル: 10.000〜20.000s (10.00s) を除去 / 削除 2 件・短縮 1 件・移動 2 件
2026-09-23 15:56:00,668 [INFO] src.timeline.commands: リップル: 10.000〜20.000s (10.00s) を除去 / 削除 2 件・短縮 0 件・移動 3 件
2026-09-23 15:56:00,668 [INFO] src.timeline.commands: リップル: 10.000〜20.000s (10.00s) を除去 / 削除 1 件・短縮 0 件・移動 1 件
2026-09-23 15:56:00,668 [INFO] src.timeline.commands: リップル: 10.000〜20.000s (10.00s) を除去 / 削除 2 件・短縮 1 件・移動 2 件
2026-09-23 15:56:00,669 [INFO] src.timeline.commands: 残り尺が下限を割るためクリップごとリップル削除しました: c2
2026-09-23 15:56:00,669 [INFO] src.timeline.commands: リップル: 10.000〜20.000s (10.00s) を除去 / 削除 1 件・短縮 0 件・移動 2 件
2026-09-23 15:56:00,669 [INFO] src.timeline.commands: リップル: 15.000〜20.000s (5.00s) を除去 / 削除 0 件・短縮 1 件・移動 2 件
2026-09-23 15:56:00,669 [INFO] src.timeline.commands: リップル: 10.000〜15.000s (5.00s) を除去 / 削除 0 件・短縮 1 件・移動 2 件
2026-09-23 15:56:00,669 [INFO] src.timeline.commands: リップル: 15.000〜20.000s (5.00s) を除去 / 削除 0 件・短縮 1 件・移動 2 件
2026-09-23 15:56:00,669 [INFO] src.timeline.commands: リップル: 15.000〜20.000s (5.00s) を除去 / 削除 0 件・短縮 1 件・移動 2 件
2026-09-23 15:56:00,669 [INFO] src.timeline.commands: リップル: 26.000〜27.000s (1.00s) を除去 / 削除 0 件・短縮 2 件・移動 0 件
2026-09-23 15:56:00,671 [INFO] src.timeline.commands: リップル: 10.000〜20.000s (10.00s) を除去 / 削除 1 件・短縮 0 件・移動 1 件
2026-09-23 15:56:00,671 [INFO] src.timeline.commands: リップル: 10.000〜20.000s (10.00s) を除去 / 削除 1 件・短縮 0 件・移動 1 件
2026-09-23 15:56:00,672 [INFO] src.timeline.commands: リップル: 10.000〜20.000s (10.00s) を除去 / 削除 1 件・短縮 0 件・移動 1 件
2026-09-23 15:56:00,678 [INFO] src.timeline.project_io: プロジェクト保存: C:\Users\evolu\AppData\Local\Temp\timeline_io_test__w_48rfy\sample.timeline.json
2026-09-23 15:56:00,695 [INFO] src.timeline.project_io: プロジェクト読込: C:\Users\evolu\AppData\Local\Temp\timeline_io_test__w_48rfy\sample.timeline.json
2026-09-23 15:56:00,700 [INFO] src.timeline.project_io: プロジェクト保存: C:\Users\evolu\AppData\Local\Temp\timeline_io_test__w_48rfy\sample.timeline.json
2026-09-23 15:56:00,703 [INFO] src.timeline.project_io: プロジェクト読込: C:\Users\evolu\AppData\Local\Temp\timeline_io_test__w_48rfy\sample.timeline.json
2026-09-23 15:56:00,710 [INFO] src.timeline.project_io: プロジェクト保存: C:\Users\evolu\AppData\Local\Temp\timeline_io_test_ajzdud9l\sample.timeline.json
2026-09-23 15:56:00,728 [INFO] src.timeline.project_io: プロジェクト読込: C:\Users\evolu\AppData\Local\Temp\timeline_io_test_ajzdud9l\sample.timeline.json
2026-09-23 15:56:00,738 [INFO] src.timeline.project_io: プロジェクト保存: C:\Users\evolu\AppData\Local\Temp\timeline_io_test_gj3kx04u\sample.timeline.json
2026-09-23 15:56:00,759 [WARNING] src.timeline.project_io: メディアの実体が見つかりません (1 件)。該当クリップを無効化します: m1
2026-09-23 15:56:00,770 [INFO] src.timeline.project_io: プロジェクト保存: C:\Users\evolu\AppData\Local\Temp\timeline_io_test_i7hwmukw\sample.timeline.json
2026-09-23 15:56:00,793 [INFO] src.timeline.project_io: プロジェクト保存: C:\Users\evolu\AppData\Local\Temp\timeline_io_test_z5wvh0tg\sample.timeline.json
2026-09-23 15:56:00,812 [WARNING] src.timeline.project_io: 編集点の区間が不正なため無視します: 20.000→15.000
2026-09-23 15:56:00,813 [WARNING] src.timeline.project_io: メディアの実体が見つかりません (1 件)。該当クリップを無効化します: m1
2026-09-23 15:56:00,817 [WARNING] src.timeline.project_io: 音声クリップ a1 のリンク先 no_such_clip が存在しないため除外します (該当区間は無音になります)
2026-09-23 15:56:00,820 [WARNING] src.timeline.project_io: トラック V1 でクリップ c2 が重複しているため 12.480 へ移動します
2026-09-23 15:56:00,844 [WARNING] src.timeline.project_io: クリップ c2 の尺 (0.001s) が下限 (0.050s) 未満のため除外します
2026-09-23 15:56:00,844 [WARNING] src.timeline.project_io: 音声クリップ a2 のリンク先 c2 が存在しないため除外します (該当区間は無音になります)
2026-09-23 15:56:01,027 [INFO] src.utils.trash: ゴミ箱へ移動しました (2 件)
2026-09-23 15:56:01,036 [WARNING] src.timeline.builder: 寸法の設定が不正なため既定 8000 を使用します: 0
2026-09-23 15:56:10,270 [INFO] src.archive.timeline_builder: アーカイブ Timeline 構築: 2 クリップ / V1 2 本 / S1 0 件 / 全長 60.0s
2026-09-23 15:56:10,271 [INFO] src.archive.timeline_builder: アーカイブ Timeline 構築: 2 クリップ / V1 2 本 / S1 0 件 / 全長 60.0s
2026-09-23 15:56:10,272 [WARNING] src.archive.marker_source: VOD 外のマーカーを 2 件除外しました (尺 7200.0s)
2026-09-23 15:56:10,274 [INFO] src.archive.timeline_builder: アーカイブ Timeline 構築: 2 クリップ / V1 2 本 / S1 0 件 / 全長 200.0s
2026-09-23 15:56:10,274 [INFO] src.timeline.commands: 貼り付けの割り込み: V1 の 0.000s へ 50.00s を確保 / 移動 2 件・分割 0 件・切詰 0 件
2026-09-23 15:56:10,274 [INFO] src.timeline.commands: 貼り付けの割り込み: S1 の 0.000s へ 50.00s を確保 / 移動 0 件・分割 0 件・切詰 0 件
2026-09-23 15:56:10,274 [INFO] src.archive.timeline_builder: セクション追加: clip3 を 0.00s へ挿入 (VOD 100.0-150.0 / 尺 50.00s)
2026-09-23 15:56:10,275 [INFO] src.archive.timeline_builder: セクション統合: clip1 へ 1 件を畳み込み (VOD 100.0-200.0)
2026-09-23 15:56:10,275 [INFO] src.archive.timeline_builder: アーカイブ Timeline 構築: 2 クリップ / V1 2 本 / S1 0 件 / 全長 200.0s
2026-09-23 15:56:10,275 [INFO] src.archive.timeline_builder: アーカイブ Timeline 構築: 1 クリップ / V1 1 本 / S1 0 件 / 全長 100.0s
2026-09-23 15:56:10,276 [INFO] src.archive.timeline_builder: アーカイブ Timeline 構築: 1 クリップ / V1 1 本 / S1 0 件 / 全長 100.0s
2026-09-23 15:56:10,276 [INFO] src.archive.timeline_builder: アーカイブ Timeline 構築: 1 クリップ / V1 1 本 / S1 0 件 / 全長 100.0s
2026-09-23 15:56:10,277 [INFO] src.archive.timeline_builder: セクション追加: clip2 を 100.00s へ挿入 (VOD 200.0-300.0 / 尺 100.00s)
2026-09-23 15:56:10,277 [INFO] src.archive.timeline_builder: セクション統合: clip1 へ 1 件を畳み込み (VOD 100.0-300.0)
2026-09-23 15:56:10,278 [INFO] src.archive.timeline_builder: アーカイブ Timeline 構築: 1 クリップ / V1 1 本 / S1 0 件 / 全長 100.0s
2026-09-23 15:56:10,278 [INFO] src.archive.timeline_builder: セクション追加: clip2 を 100.00s へ挿入 (VOD 200.0-300.0 / 尺 100.00s)
2026-09-23 15:56:10,278 [INFO] src.archive.timeline_builder: セクション統合: clip1 へ 1 件を畳み込み (VOD 100.0-300.0)
2026-09-23 15:56:10,279 [INFO] src.archive.timeline_builder: アーカイブ Timeline 構築: 1 クリップ / V1 1 本 / S1 0 件 / 全長 100.0s
2026-09-23 15:56:10,279 [INFO] src.archive.timeline_builder: セクション追加: clip2 を 100.00s へ挿入 (VOD 200.0-300.0 / 尺 100.00s)
2026-09-23 15:56:10,280 [INFO] src.archive.timeline_builder: セクション統合: clip1 へ 1 件を畳み込み (VOD 100.0-300.0)
2026-09-23 15:56:10,280 [INFO] src.archive.timeline_builder: アーカイブ Timeline 構築: 1 クリップ / V1 1 本 / S1 0 件 / 全長 100.0s
2026-09-23 15:56:10,280 [INFO] src.archive.timeline_builder: セクション追加: clip2 を 100.00s へ挿入 (VOD 200.0-300.0 / 尺 100.00s)
2026-09-23 15:56:10,280 [INFO] src.archive.timeline_builder: セクション統合: clip1 へ 1 件を畳み込み (VOD 100.0-300.0)
2026-09-23 15:56:10,281 [INFO] src.archive.timeline_builder: clip1 の素材 m2 は区間を特定できませんでした (尺 12.0s / 候補の穴 0 件)。差し替えを尋ねます
2026-09-23 15:56:10,281 [INFO] src.archive.timeline_builder: アーカイブ Timeline 構築: 1 クリップ / V1 1 本 / S1 0 件 / 全長 100.0s
2026-09-23 15:56:10,282 [INFO] src.archive.timeline_builder: セクション追加: clip2 を 100.00s へ挿入 (VOD 200.0-300.0 / 尺 100.00s)
2026-09-23 15:56:10,282 [INFO] src.archive.timeline_builder: セクション統合: clip1 へ 1 件を畳み込み (VOD 100.0-300.0)
2026-09-23 15:56:10,283 [INFO] src.archive.timeline_builder: アーカイブ Timeline 構築: 1 クリップ / V1 1 本 / S1 0 件 / 全長 100.0s
2026-09-23 15:56:10,284 [INFO] src.archive.timeline_builder: セクション追加: clip2 を 100.00s へ挿入 (VOD 200.0-300.0 / 尺 100.00s)
2026-09-23 15:56:10,284 [INFO] src.archive.timeline_builder: セクション統合: clip1 へ 1 件を畳み込み (VOD 100.0-300.0)
2026-09-23 15:56:10,284 [INFO] src.archive.timeline_builder: clip1 の素材 m2 の区間を 200.0–300.0 として復元しました
2026-09-23 15:56:10,284 [INFO] src.archive.timeline_builder: アーカイブ Timeline 構築: 1 クリップ / V1 1 本 / S1 0 件 / 全長 100.0s
2026-09-23 15:56:10,285 [INFO] src.archive.timeline_builder: セクション追加: clip2 を 100.00s へ挿入 (VOD 200.0-300.0 / 尺 100.00s)
2026-09-23 15:56:10,285 [INFO] src.archive.timeline_builder: セクション統合: clip1 へ 1 件を畳み込み (VOD 100.0-300.0)
2026-09-23 15:56:10,285 [INFO] src.archive.timeline_builder: clip1 の素材 m2 の区間を 200.0–300.0 として復元しました
2026-09-23 15:56:10,285 [INFO] src.archive.timeline_builder: アーカイブ Timeline 構築: 1 クリップ / V1 1 本 / S1 0 件 / 全長 100.0s
2026-09-23 15:56:10,286 [INFO] src.archive.timeline_builder: セクション追加: clip2 を 100.00s へ挿入 (VOD 200.0-300.0 / 尺 100.00s)
2026-09-23 15:56:10,286 [INFO] src.archive.timeline_builder: セクション統合: clip1 へ 1 件を畳み込み (VOD 100.0-300.0)
2026-09-23 15:56:10,286 [INFO] src.archive.timeline_builder: clip1 の素材 m2 の区間を 200.0–303.0 として復元しました
2026-09-23 15:56:10,289 [INFO] src.archive.timeline_builder: アーカイブ Timeline 構築: 1 クリップ / V1 1 本 / S1 0 件 / 全長 100.0s
2026-09-23 15:56:10,293 [INFO] src.archive.timeline_builder: アーカイブ Timeline 構築: 1 クリップ / V1 1 本 / S1 0 件 / 全長 100.0s
2026-09-23 15:56:10,295 [INFO] src.archive.timeline_builder: アーカイブ Timeline 構築: 1 クリップ / V1 1 本 / S1 0 件 / 全長 100.0s
2026-09-23 15:56:10,296 [INFO] src.timeline.media_recovery: 使われていない素材のため復旧しません: orphan (C:\Users\evolu\AppData\Local\Temp\archive_media_test_k2v3dzbk\gone.mp4)
2026-09-23 15:56:10,298 [INFO] src.archive.timeline_builder: アーカイブ Timeline 構築: 1 クリップ / V1 1 本 / S1 0 件 / 全長 100.0s
2026-09-23 15:56:10,299 [INFO] src.timeline.project_io: 使われていない素材 1 件を保存対象から外しました
2026-09-23 15:56:10,300 [INFO] src.archive.timeline_builder: アーカイブ Timeline 構築: 1 クリップ / V1 1 本 / S1 0 件 / 全長 100.0s
2026-09-23 15:56:10,303 [INFO] src.archive.timeline_builder: アーカイブ Timeline 構築: 1 クリップ / V1 1 本 / S1 0 件 / 全長 100.0s
2026-09-23 15:56:10,304 [WARNING] src.timeline.media_recovery: 素材が見つかりません: m1 (C:\Users\evolu\AppData\Local\Temp\archive_media_test_1h5qkjo5\lost.mp4)
2026-09-23 15:56:10,304 [INFO] src.timeline.media_recovery: 使われていない素材のため復旧しません: orphan (C:\Users\evolu\AppData\Local\Temp\archive_media_test_1h5qkjo5\gone.mp4)
2026-09-23 15:56:10,308 [INFO] src.archive.clip_writer: clip1 prepare 完了 (字幕 2 件)
2026-09-23 15:56:10,314 [INFO] src.archive.clip_writer: clip1 prepare 完了 (字幕 2 件)
2026-09-23 15:56:10,318 [INFO] src.archive.clip_writer: 編集点準備: 残す区間 2 件 / 想定尺 10.00s (素材 30.00s)
2026-09-23 15:56:10,318 [INFO] src.archive.clip_writer: clip1 prepare 完了 (字幕 2 件 / 実カットなし)
2026-09-23 15:56:10,324 [INFO] src.archive.clip_writer: 編集点準備: 残す区間 2 件 / 想定尺 10.00s (素材 30.00s)
2026-09-23 15:56:10,324 [INFO] src.archive.clip_writer: clip1 prepare 完了 (字幕 2 件 / 実カットなし)
2026-09-23 15:56:10,330 [INFO] src.archive.clip_writer: 編集点準備: 残す区間 2 件 / 想定尺 10.00s (素材 30.00s)
2026-09-23 15:56:10,331 [INFO] src.archive.clip_writer: clip1 prepare 完了 (字幕 2 件 / 実カットなし)
2026-09-23 15:56:10,337 [INFO] src.archive.clip_writer: 編集点準備: 残す区間 2 件 / 想定尺 10.00s (素材 30.00s)
2026-09-23 15:56:10,337 [INFO] src.archive.clip_writer: clip1 prepare 完了 (字幕 2 件 / 実カットなし)
2026-09-23 15:56:10,345 [INFO] src.archive.clip_writer: 編集点準備: 残す区間 2 件 / 想定尺 10.00s (素材 30.00s)
2026-09-23 15:56:10,345 [INFO] src.archive.clip_writer: clip1 prepare 完了 (字幕 2 件 / 実カットなし)
2026-09-23 15:56:10,349 [INFO] src.archive.clip_writer: 編集点準備: 残す区間 2 件 / 想定尺 10.00s (素材 30.00s)
2026-09-23 15:56:10,350 [INFO] src.archive.clip_writer: clip1 prepare 完了 (字幕 2 件 / 実カットなし)
2026-09-23 15:56:10,355 [INFO] src.archive.clip_writer: 編集点準備: 残す区間 2 件 / 想定尺 10.00s (素材 30.00s)
2026-09-23 15:56:10,355 [INFO] src.archive.clip_writer: clip1 prepare 完了 (字幕 0 件 / 実カットなし)
2026-09-23 15:56:10,359 [INFO] src.archive.clip_writer: 編集点準備: 残す区間 2 件 / 想定尺 10.00s (素材 30.00s)
2026-09-23 15:56:10,370 [INFO] src.timeline.project_io: プロジェクト保存: C:\Users\evolu\AppData\Local\Temp\archive_resume_8gp8cgs3\vod.archive.timeline.json
2026-09-23 15:56:10,402 [INFO] src.timeline.project_io: プロジェクト読込: C:\Users\evolu\AppData\Local\Temp\archive_resume_8gp8cgs3\vod.archive.timeline.json
2026-09-23 15:56:10,419 [INFO] src.timeline.project_io: プロジェクト保存: C:\Users\evolu\AppData\Local\Temp\archive_resume_tudmfx0c\vod.archive.timeline.json
2026-09-23 15:56:10,425 [INFO] src.timeline.project_io: プロジェクト保存: C:\Users\evolu\AppData\Local\Temp\archive_resume_tudmfx0c\clip.timeline.json
2026-09-23 15:56:10,426 [INFO] src.archive.project_resume: ==================================================
2026-09-23 15:56:10,426 [INFO] src.archive.project_resume: 保存済みアーカイブプロジェクトから再開: C:\Users\evolu\AppData\Local\Temp\archive_resume_tudmfx0c\clip.timeline.json
2026-09-23 15:56:10,457 [INFO] src.timeline.project_io: プロジェクト読込: C:\Users\evolu\AppData\Local\Temp\archive_resume_tudmfx0c\clip.timeline.json
2026-09-23 15:56:10,468 [INFO] src.timeline.project_io: プロジェクト保存: C:\Users\evolu\AppData\Local\Temp\archive_resume_b_gtrd8p\vod.archive.timeline.json
2026-09-23 15:56:10,493 [INFO] src.timeline.project_io: プロジェクト読込: C:\Users\evolu\AppData\Local\Temp\archive_resume_b_gtrd8p\vod.archive.timeline.json
2026-09-23 15:56:10,497 [INFO] src.archive.project_resume: 音声サイドカーが無いため素材 m1 の正規化をやり直します
2026-09-23 15:56:10,499 [INFO] src.archive.project_resume: 音声サイドカーが無いため素材 m2 の正規化をやり直します
2026-09-23 15:56:10,513 [INFO] src.timeline.project_io: プロジェクト保存: C:\Users\evolu\AppData\Local\Temp\archive_resume_c4i_w8xu\vod.archive.timeline.json
2026-09-23 15:56:10,534 [INFO] src.timeline.project_io: プロジェクト読込: C:\Users\evolu\AppData\Local\Temp\archive_resume_c4i_w8xu\vod.archive.timeline.json
2026-09-23 15:56:10,537 [INFO] src.archive.project_resume: 音声サイドカーが無いため素材 m1 の正規化をやり直します
2026-09-23 15:56:10,540 [INFO] src.archive.project_resume: 音声サイドカーが無いため素材 m2 の正規化をやり直します
2026-09-23 15:56:10,554 [INFO] src.timeline.project_io: プロジェクト保存: C:\Users\evolu\AppData\Local\Temp\archive_resume_igymphkl\vod.archive.timeline.json
2026-09-23 15:56:10,557 [INFO] src.archive.project_resume: ==================================================
2026-09-23 15:56:10,557 [INFO] src.archive.project_resume: 保存済みアーカイブプロジェクトから再開: C:\Users\evolu\AppData\Local\Temp\archive_resume_igymphkl\no_such.timeline.json
2026-09-23 15:56:10,567 [INFO] src.timeline.project_io: プロジェクト保存: C:\Users\evolu\AppData\Local\Temp\archive_resume_ry079crl\vod.archive.timeline.json
2026-09-23 15:56:10,590 [INFO] src.timeline.project_io: プロジェクト読込: C:\Users\evolu\AppData\Local\Temp\archive_resume_ry079crl\vod.archive.timeline.json
2026-09-23 15:56:10,617 [INFO] src.timeline.project_io: プロジェクト保存: C:\Users\evolu\AppData\Local\Temp\archive_resume_86ebpeb2\vod.archive.timeline.json
2026-09-23 15:56:10,639 [INFO] src.timeline.project_io: プロジェクト読込: C:\Users\evolu\AppData\Local\Temp\archive_resume_86ebpeb2\vod.archive.timeline.json
2026-09-23 15:56:10,643 [INFO] src.archive.project_resume: 設定に従い切り出したままの音量で使います: 素材 m1
2026-09-23 15:56:10,646 [INFO] src.archive.project_resume: 設定に従い切り出したままの音量で使います: 素材 m2
2026-09-23 15:56:10,648 [WARNING] src.timeline.media_sidecar: 音声サイドカーの尺が保存値と合いません (100.00s / 期待 103.00s) → 使いません
2026-09-23 15:56:10,649 [INFO] src.archive.timeline_builder: アーカイブ Timeline 構築: 2 クリップ / V1 2 本 / S1 0 件 / 全長 200.0s
2026-09-23 15:56:10,649 [INFO] src.archive.timeline_builder: セクション追加: clip3 を 200.00s へ挿入 (VOD 900.0-950.0 / 尺 50.00s)
2026-09-23 15:56:10,649 [INFO] src.archive.timeline_builder: アーカイブ Timeline 構築: 2 クリップ / V1 2 本 / S1 0 件 / 全長 200.0s
2026-09-23 15:56:10,649 [INFO] src.timeline.commands: 貼り付けの割り込み: V1 の 0.000s へ 50.00s を確保 / 移動 2 件・分割 0 件・切詰 0 件
2026-09-23 15:56:10,650 [INFO] src.timeline.commands: 貼り付けの割り込み: S1 の 0.000s へ 50.00s を確保 / 移動 0 件・分割 0 件・切詰 0 件
2026-09-23 15:56:10,650 [INFO] src.archive.timeline_builder: セクション追加: clip3 を 0.00s へ挿入 (VOD 0.0-50.0 / 尺 50.00s)
2026-09-23 15:56:10,650 [INFO] src.archive.timeline_builder: アーカイブ Timeline 構築: 2 クリップ / V1 2 本 / S1 0 件 / 全長 200.0s
2026-09-23 15:56:10,650 [INFO] src.timeline.commands: 貼り付けの割り込み: V1 の 100.000s へ 50.00s を確保 / 移動 1 件・分割 0 件・切詰 0 件
2026-09-23 15:56:10,651 [INFO] src.timeline.commands: 貼り付けの割り込み: S1 の 100.000s へ 50.00s を確保 / 移動 0 件・分割 0 件・切詰 0 件
2026-09-23 15:56:10,651 [INFO] src.archive.timeline_builder: セクション追加: clip3 を 100.00s へ挿入 (VOD 250.0-300.0 / 尺 50.00s)
2026-09-23 15:56:10,651 [INFO] src.archive.timeline_builder: アーカイブ Timeline 構築: 3 クリップ / V1 3 本 / S1 0 件 / 全長 300.0s
2026-09-23 15:56:10,652 [INFO] src.timeline.commands: 貼り付けの割り込み: V1 の 100.000s へ 50.00s を確保 / 移動 2 件・分割 0 件・切詰 0 件
2026-09-23 15:56:10,652 [INFO] src.timeline.commands: 貼り付けの割り込み: S1 の 100.000s へ 50.00s を確保 / 移動 0 件・分割 0 件・切詰 0 件
2026-09-23 15:56:10,652 [INFO] src.archive.timeline_builder: セクション追加: clip4 を 100.00s へ挿入 (VOD 250.0-300.0 / 尺 50.00s)
2026-09-23 15:56:10,652 [INFO] src.timeline.commands: 貼り付けの割り込み: V1 の 0.000s へ 50.00s を確保 / 移動 4 件・分割 0 件・切詰 0 件
2026-09-23 15:56:10,653 [INFO] src.timeline.commands: 貼り付けの割り込み: S1 の 0.000s へ 50.00s を確保 / 移動 0 件・分割 0 件・切詰 0 件
2026-09-23 15:56:10,653 [INFO] src.archive.timeline_builder: セクション追加: clip5 を 0.00s へ挿入 (VOD 0.0-50.0 / 尺 50.00s)
2026-09-23 15:56:10,653 [INFO] src.archive.timeline_builder: セクション追加: clip6 を 400.00s へ挿入 (VOD 900.0-950.0 / 尺 50.00s)
2026-09-23 15:56:10,654 [INFO] src.archive.timeline_builder: アーカイブ Timeline 構築: 1 クリップ / V1 1 本 / S1 0 件 / 全長 100.0s
2026-09-23 15:56:10,654 [INFO] src.archive.timeline_builder: セクション追加: clip2 を 100.00s へ挿入 (VOD 300.0-400.0 / 尺 100.00s)
2026-09-23 15:56:10,655 [INFO] src.archive.timeline_builder: アーカイブ Timeline 構築: 3 クリップ / V1 3 本 / S1 0 件 / 全長 300.0s
2026-09-23 15:56:10,655 [INFO] src.timeline.commands: 貼り付けの割り込み: V1 の 100.000s へ 50.00s を確保 / 移動 2 件・分割 0 件・切詰 0 件
2026-09-23 15:56:10,656 [INFO] src.timeline.commands: 貼り付けの割り込み: S1 の 100.000s へ 50.00s を確保 / 移動 0 件・分割 0 件・切詰 0 件
2026-09-23 15:56:10,656 [INFO] src.archive.timeline_builder: セクション追加: clip4 を 100.00s へ挿入 (VOD 250.0-300.0 / 尺 50.00s)
2026-09-23 15:56:10,656 [INFO] src.archive.timeline_builder: アーカイブ Timeline 構築: 2 クリップ / V1 2 本 / S1 0 件 / 全長 200.0s
2026-09-23 15:56:10,657 [INFO] src.archive.timeline_builder: セクション追加: clip3 を 200.00s へ挿入 (VOD 900.0-950.0 / 尺 50.00s)
2026-09-23 15:56:10,657 [INFO] src.archive.timeline_builder: アーカイブ Timeline 構築: 2 クリップ / V1 2 本 / S1 0 件 / 全長 200.0s
2026-09-23 15:56:10,658 [INFO] src.archive.timeline_builder: アーカイブ Timeline 構築: 1 クリップ / V1 1 本 / S1 0 件 / 全長 100.0s
2026-09-23 15:56:10,658 [INFO] src.archive.timeline_builder: セクション追加: clip2 を 100.00s へ挿入 (VOD 450.0-600.0 / 尺 150.00s)
2026-09-23 15:56:10,658 [INFO] src.archive.timeline_builder: アーカイブ Timeline 構築: 2 クリップ / V1 2 本 / S1 0 件 / 全長 200.0s
2026-09-23 15:56:10,659 [INFO] src.archive.timeline_builder: セクション追加: clip3 を 200.00s へ挿入 (VOD 500.0-600.0 / 尺 100.00s)
2026-09-23 15:56:10,659 [INFO] src.archive.timeline_builder: セクション統合: clip2 へ 1 件を畳み込み (VOD 400.0-600.0)
2026-09-23 15:56:10,660 [INFO] src.archive.timeline_builder: アーカイブ Timeline 構築: 2 クリップ / V1 2 本 / S1 0 件 / 全長 200.0s
2026-09-23 15:56:10,660 [INFO] src.archive.timeline_builder: セクション追加: clip3 を 200.00s へ挿入 (VOD 500.0-600.0 / 尺 100.00s)
2026-09-23 15:56:10,660 [INFO] src.archive.timeline_builder: セクション統合: clip2 へ 1 件を畳み込み (VOD 400.0-600.0)
2026-09-23 15:56:10,660 [INFO] src.archive.timeline_builder: アーカイブ Timeline 構築: 3 クリップ / V1 3 本 / S1 0 件 / 全長 300.0s
2026-09-23 15:56:10,660 [INFO] src.timeline.commands: 貼り付けの割り込み: V1 の 200.000s へ 100.00s を確保 / 移動 1 件・分割 0 件・切詰 0 件
2026-09-23 15:56:10,660 [INFO] src.timeline.commands: 貼り付けの割り込み: S1 の 200.000s へ 100.00s を確保 / 移動 0 件・分割 0 件・切詰 0 件
2026-09-23 15:56:10,660 [INFO] src.archive.timeline_builder: セクション追加: clip4 を 200.00s へ挿入 (VOD 500.0-600.0 / 尺 100.00s)
2026-09-23 15:56:10,661 [INFO] src.archive.timeline_builder: セクション統合: clip2 へ 1 件を畳み込み (VOD 400.0-600.0)
2026-09-23 15:56:10,661 [INFO] src.archive.timeline_builder: アーカイブ Timeline 構築: 3 クリップ / V1 3 本 / S1 0 件 / 全長 300.0s
2026-09-23 15:56:10,661 [INFO] src.timeline.commands: 貼り付けの割り込み: V1 の 100.000s へ 200.00s を確保 / 移動 2 件・分割 0 件・切詰 0 件
2026-09-23 15:56:10,661 [INFO] src.timeline.commands: 貼り付けの割り込み: S1 の 100.000s へ 200.00s を確保 / 移動 0 件・分割 0 件・切詰 0 件
2026-09-23 15:56:10,661 [INFO] src.archive.timeline_builder: セクション追加: clip4 を 100.00s へ挿入 (VOD 200.0-400.0 / 尺 200.00s)
2026-09-23 15:56:10,663 [INFO] src.timeline.commands: 貼り付けの割り込み: V1 の 400.000s へ 200.00s を確保 / 移動 1 件・分割 0 件・切詰 0 件
2026-09-23 15:56:10,663 [INFO] src.timeline.commands: 貼り付けの割り込み: S1 の 400.000s へ 200.00s を確保 / 移動 0 件・分割 0 件・切詰 0 件
2026-09-23 15:56:10,663 [INFO] src.archive.timeline_builder: セクション追加: clip5 を 400.00s へ挿入 (VOD 500.0-700.0 / 尺 200.00s)
2026-09-23 15:56:10,663 [INFO] src.archive.timeline_builder: セクション統合: clip1 へ 4 件を畳み込み (VOD 100.0-800.0)
2026-09-23 15:56:10,663 [INFO] src.archive.timeline_builder: アーカイブ Timeline 構築: 1 クリップ / V1 1 本 / S1 0 件 / 全長 100.0s
2026-09-23 15:56:10,663 [INFO] src.archive.timeline_builder: セクション追加: clip2 を 100.00s へ挿入 (VOD 200.0-300.0 / 尺 100.00s)
2026-09-23 15:56:10,663 [INFO] src.archive.timeline_builder: セクション統合: clip1 へ 1 件を畳み込み (VOD 100.0-300.0)
2026-09-23 15:56:10,664 [INFO] src.archive.timeline_builder: アーカイブ Timeline 構築: 2 クリップ / V1 2 本 / S1 0 件 / 全長 200.0s
2026-09-23 15:56:10,664 [INFO] src.timeline.commands: 貼り付けの割り込み: V1 の 100.000s へ 50.00s を確保 / 移動 1 件・分割 0 件・切詰 0 件
2026-09-23 15:56:10,664 [INFO] src.timeline.commands: 貼り付けの割り込み: S1 の 100.000s へ 50.00s を確保 / 移動 0 件・分割 0 件・切詰 0 件
2026-09-23 15:56:10,665 [INFO] src.archive.timeline_builder: セクション追加: clip3 を 100.00s へ挿入 (VOD 250.0-300.0 / 尺 50.00s)
2026-09-23 15:56:10,665 [INFO] src.archive.timeline_builder: アーカイブ Timeline 構築: 2 クリップ / V1 2 本 / S1 0 件 / 全長 200.0s
2026-09-23 15:56:10,665 [INFO] src.archive.timeline_builder: セクション追加: clip3 を 200.00s へ挿入 (VOD 500.0-600.0 / 尺 100.00s)
2026-09-23 15:56:10,666 [INFO] src.archive.timeline_builder: セクション統合: clip2 へ 1 件を畳み込み (VOD 400.0-600.0)
2026-09-23 15:56:10,666 [INFO] src.archive.timeline_builder: アーカイブ Timeline 構築: 3 クリップ / V1 3 本 / S1 0 件 / 全長 300.0s
2026-09-23 15:56:10,667 [INFO] src.timeline.commands: 貼り付けの割り込み: V1 の 100.000s へ 50.00s を確保 / 移動 2 件・分割 0 件・切詰 0 件
2026-09-23 15:56:10,667 [INFO] src.timeline.commands: 貼り付けの割り込み: S1 の 100.000s へ 50.00s を確保 / 移動 0 件・分割 0 件・切詰 0 件
2026-09-23 15:56:10,667 [INFO] src.archive.timeline_builder: セクション追加: clip4 を 100.00s へ挿入 (VOD 250.0-300.0 / 尺 50.00s)
2026-09-23 15:56:10,668 [INFO] src.archive.timeline_builder: アーカイブ Timeline 構築: 2 クリップ / V1 2 本 / S1 0 件 / 全長 200.0s
2026-09-23 15:56:10,668 [INFO] src.archive.timeline_builder: アーカイブ Timeline 構築: 1 クリップ / V1 1 本 / S1 0 件 / 全長 100.0s
2026-09-23 15:56:10,668 [INFO] src.archive.timeline_builder: アーカイブ Timeline 構築: 1 クリップ / V1 1 本 / S1 0 件 / 全長 100.0s
2026-09-23 15:56:10,669 [INFO] src.archive.timeline_builder: アーカイブ Timeline 構築: 1 クリップ / V1 1 本 / S1 0 件 / 全長 100.0s
2026-09-23 15:56:10,669 [INFO] src.archive.timeline_builder: アーカイブ Timeline 構築: 1 クリップ / V1 1 本 / S1 0 件 / 全長 100.0s
2026-09-23 15:56:10,670 [INFO] src.archive.timeline_builder: アーカイブ Timeline 構築: 1 クリップ / V1 1 本 / S1 0 件 / 全長 300.0s
2026-09-23 15:56:10,672 [INFO] src.archive.timeline_builder: アーカイブ Timeline 構築: 1 クリップ / V1 1 本 / S1 0 件 / 全長 100.0s
2026-09-23 15:56:10,673 [INFO] src.archive.timeline_builder: アーカイブ Timeline 構築: 1 クリップ / V1 1 本 / S1 0 件 / 全長 100.0s
2026-09-23 15:56:10,673 [INFO] src.archive.timeline_builder: アーカイブ Timeline 構築: 1 クリップ / V1 1 本 / S1 0 件 / 全長 30.0s
2026-09-23 15:56:10,674 [INFO] src.archive.timeline_builder: アーカイブ Timeline 構築: 1 クリップ / V1 1 本 / S1 0 件 / 全長 30.0s
2026-09-23 15:56:10,675 [INFO] src.archive.timeline_builder: アーカイブ Timeline 構築: 1 クリップ / V1 1 本 / S1 0 件 / 全長 30.0s
2026-09-23 15:56:10,675 [INFO] src.archive.timeline_builder: アーカイブ Timeline 構築: 1 クリップ / V1 1 本 / S1 0 件 / 全長 30.0s
2026-09-23 15:56:10,676 [INFO] src.archive.timeline_builder: アーカイブ Timeline 構築: 1 クリップ / V1 1 本 / S1 0 件 / 全長 30.0s
2026-09-23 15:56:10,676 [INFO] src.archive.timeline_builder: アーカイブ Timeline 構築: 3 クリップ / V1 6 本 / S1 6 件 / 全長 30.0s
2026-09-23 15:56:10,677 [INFO] src.archive.timeline_builder: アーカイブ Timeline 構築: 3 クリップ / V1 6 本 / S1 6 件 / 全長 30.0s
2026-09-23 15:56:10,678 [INFO] src.archive.timeline_builder: アーカイブ Timeline 構築: 3 クリップ / V1 6 本 / S1 6 件 / 全長 30.0s
2026-09-23 15:56:10,678 [INFO] src.archive.timeline_builder: アーカイブ Timeline 構築: 3 クリップ / V1 6 本 / S1 6 件 / 全長 30.0s
2026-09-23 15:56:10,679 [INFO] src.archive.timeline_builder: アーカイブ Timeline 構築: 3 クリップ / V1 6 本 / S1 6 件 / 全長 30.0s
2026-09-23 15:56:10,680 [INFO] src.archive.timeline_builder: アーカイブ Timeline 構築: 3 クリップ / V1 6 本 / S1 6 件 / 全長 30.0s
2026-09-23 15:56:10,680 [INFO] src.archive.timeline_builder: アーカイブ Timeline 構築: 3 クリップ / V1 6 本 / S1 6 件 / 全長 30.0s
2026-09-23 15:56:10,681 [INFO] src.archive.timeline_builder: アーカイブ Timeline 構築: 3 クリップ / V1 6 本 / S1 6 件 / 全長 30.0s
2026-09-23 15:56:10,681 [INFO] src.archive.timeline_builder: アーカイブ Timeline 構築: 3 クリップ / V1 6 本 / S1 6 件 / 全長 30.0s
2026-09-23 15:56:10,682 [INFO] src.archive.timeline_builder: アーカイブ Timeline 構築: 1 クリップ / V1 1 本 / S1 2 件 / 全長 30.0s
2026-09-23 15:56:10,682 [INFO] src.archive.timeline_builder: clip1: クリップ終端で打ち切った字幕 1 件 / 載せなかった字幕 0 件
2026-09-23 15:56:10,683 [INFO] src.archive.timeline_builder: clip2: クリップ終端で打ち切った字幕 1 件 / 載せなかった字幕 0 件
2026-09-23 15:56:10,683 [INFO] src.archive.timeline_builder: clip3: クリップ終端で打ち切った字幕 1 件 / 載せなかった字幕 0 件
2026-09-23 15:56:10,683 [INFO] src.archive.timeline_builder: アーカイブ Timeline 構築: 3 クリップ / V1 6 本 / S1 3 件 / 全長 30.0s
2026-09-23 15:56:10,683 [INFO] src.archive.timeline_builder: clip1: クリップ終端で打ち切った字幕 1 件 / 載せなかった字幕 0 件
2026-09-23 15:56:10,683 [INFO] src.archive.timeline_builder: アーカイブ Timeline 構築: 2 クリップ / V1 4 本 / S1 3 件 / 全長 20.0s
2026-09-23 15:56:10,684 [INFO] src.archive.timeline_builder: clip1: クリップ終端で打ち切った字幕 1 件 / 載せなかった字幕 1 件
2026-09-23 15:56:10,684 [INFO] src.archive.timeline_builder: アーカイブ Timeline 構築: 2 クリップ / V1 4 本 / S1 2 件 / 全長 20.0s
2026-09-23 15:56:10,684 [INFO] src.archive.timeline_builder: clip1: クリップ終端で打ち切った字幕 1 件 / 載せなかった字幕 0 件
2026-09-23 15:56:10,684 [INFO] src.archive.timeline_builder: clip2: クリップ終端で打ち切った字幕 1 件 / 載せなかった字幕 0 件
2026-09-23 15:56:10,685 [INFO] src.archive.timeline_builder: アーカイブ Timeline 構築: 2 クリップ / V1 4 本 / S1 2 件 / 全長 20.0s
2026-09-23 15:56:10,685 [INFO] src.archive.timeline_builder: アーカイブ Timeline 構築: 3 クリップ / V1 6 本 / S1 6 件 / 全長 30.0s
2026-09-23 15:56:10,686 [INFO] src.archive.timeline_builder: アーカイブ Timeline 構築: 3 クリップ / V1 6 本 / S1 6 件 / 全長 30.0s
2026-09-23 15:56:10,687 [INFO] src.archive.timeline_builder: アーカイブ Timeline 構築: 3 クリップ / V1 6 本 / S1 6 件 / 全長 30.0s
2026-09-23 15:56:10,687 [INFO] src.archive.timeline_builder: アーカイブ Timeline 構築: 3 クリップ / V1 6 本 / S1 6 件 / 全長 30.0s
2026-09-23 15:56:10,688 [INFO] src.archive.timeline_builder: アーカイブ Timeline 構築: 3 クリップ / V1 6 本 / S1 6 件 / 全長 30.0s
2026-09-23 15:56:10,688 [INFO] src.archive.timeline_builder: アーカイブ Timeline 構築: 3 クリップ / V1 6 本 / S1 6 件 / 全長 30.0s
2026-09-23 15:56:10,689 [INFO] src.archive.timeline_builder: アーカイブ Timeline 構築: 3 クリップ / V1 6 本 / S1 6 件 / 全長 30.0s
2026-09-23 15:56:10,689 [INFO] src.archive.timeline_builder: clip2 は使用しないため書き出しから除外します
2026-09-23 15:56:10,690 [INFO] src.archive.timeline_builder: アーカイブ Timeline 構築: 3 クリップ / V1 6 本 / S1 6 件 / 全長 30.0s
2026-09-23 15:56:10,690 [INFO] src.archive.timeline_builder: アーカイブ Timeline 構築: 3 クリップ / V1 6 本 / S1 6 件 / 全長 30.0s
2026-09-23 15:56:10,693 [INFO] src.archive.timeline_builder: アーカイブ Timeline 構築: 3 クリップ / V1 6 本 / S1 6 件 / 全長 30.0s
2026-09-23 15:56:10,693 [INFO] src.archive.timeline_builder: アーカイブ Timeline 構築: 3 クリップ / V1 6 本 / S1 6 件 / 全長 30.0s
2026-09-23 15:56:10,694 [INFO] src.archive.timeline_builder: アーカイブ Timeline 構築: 3 クリップ / V1 6 本 / S1 6 件 / 全長 30.0s
2026-09-23 15:56:10,695 [INFO] src.archive.timeline_builder: アーカイブ Timeline 構築: 3 クリップ / V1 6 本 / S1 6 件 / 全長 30.0s
2026-09-23 15:56:10,815 [INFO] src.timeline.project_io: プロジェクトを改名しました: sample.timeline.json → renamed.timeline.json
2026-09-23 15:56:10,824 [WARNING] src.blur.config: 未知の blur.silhouette.format のため既定を使用します: unknown
2026-09-23 15:56:10,825 [WARNING] src.blur.config: 未知の blur.render.mode のため既定を使用します: unknown
2026-09-23 15:56:10,962 [WARNING] src.blur.analyzer: PyAV でのデコードに失敗したため FFmpeg へ切り替えます: [Errno 1094995529] Invalid data found when processing input: 'D:\\develop\\autoedit\\tests\\test_blur_manual.py'
2026-09-23 15:56:11,072 [INFO] src.blur.analyzer: ぼかし解析: 枠 0 本を検出しました (m1 0.0〜10.0秒)
2026-09-23 15:56:11,104 [INFO] src.blur.decisions: ぼかし: 以前の書式の指定 1 件は新しい方式へ移せないため引き継ぎません (人物へまとめる処理を廃止したため)
2026-09-23 15:56:11,106 [INFO] src.blur.decisions: ぼかし: 以前の書式の指定 2 件は新しい方式へ移せないため引き継ぎません (人物へまとめる処理を廃止したため)
2026-09-23 15:56:11,449 [WARNING] src.modules.blur_overlay: ぼかしマスクが見つからないため、ぼかしを省略します: 
2026-09-23 15:56:11,492 [INFO] src.blur.mask_builder: ぼかす対象が無いためマスクを作りません
2026-09-23 15:56:11,496 [INFO] src.blur.mask_builder: ぼかす対象が無いためマスクを作りません
2026-09-23 15:56:11,498 [INFO] src.blur.mask_builder: ぼかす対象が無いためマスクを作りません
2026-09-23 15:56:11,501 [INFO] src.blur.store: ぼかしの解析結果を保存しました: sample.blur.json
2026-09-23 15:56:11,503 [INFO] src.blur.store: ぼかしの解析結果を保存しました: sample.blur.json
2026-09-23 15:56:11,506 [INFO] src.blur.mask_builder: ぼかす対象が無いためマスクを作りません
2026-09-23 15:56:11,521 [INFO] src.timeline.renderer: ベース映像構築: 1 クリップ / ギャップ 0 件 / 合計 5.0s
2026-09-23 15:56:11,534 [INFO] src.timeline.renderer: ベース映像の尺: モデル 5.000s / 実測 5.000s (差 +0.000s / 1 部品)
2026-09-23 15:56:11,536 [INFO] src.timeline.renderer: 字幕焼き込み: 1 件
2026-09-23 15:56:11,552 [INFO] src.timeline.renderer: ベース映像構築: 1 クリップ / ギャップ 0 件 / 合計 5.0s
2026-09-23 15:56:11,567 [INFO] src.timeline.renderer: ベース映像の尺: モデル 5.000s / 実測 5.000s (差 +0.000s / 1 部品)
2026-09-23 15:56:11,569 [INFO] src.timeline.renderer: 字幕焼き込み: 1 件
2026-09-23 15:56:11,586 [INFO] src.timeline.renderer: ベース映像構築: 1 クリップ / ギャップ 0 件 / 合計 5.0s
2026-09-23 15:56:11,599 [INFO] src.timeline.renderer: ベース映像の尺: モデル 5.000s / 実測 5.000s (差 +0.000s / 1 部品)
2026-09-23 15:56:11,600 [INFO] src.timeline.renderer: オーバーレイ・字幕が無いため合成をスキップします
2026-09-23 15:56:11,612 [INFO] src.modules.blur_overlay: ぼかしを焼き込みます: blur_applied.mp4
2026-09-23 15:56:11,618 [INFO] src.timeline.renderer: ベース映像構築: 1 クリップ / ギャップ 0 件 / 合計 5.0s
2026-09-23 15:56:11,632 [INFO] src.timeline.renderer: ベース映像の尺: モデル 5.000s / 実測 5.000s (差 +0.000s / 1 部品)
2026-09-23 15:56:11,633 [INFO] src.timeline.renderer: オーバーレイ・字幕が無いため合成をスキップします
2026-09-23 15:56:11,644 [INFO] src.modules.blur_overlay: ぼかしを焼き込みます: blur_applied.mp4
2026-09-23 15:56:11,651 [INFO] src.timeline.renderer: ベース映像構築: 1 クリップ / ギャップ 0 件 / 合計 5.0s
2026-09-23 15:56:11,667 [INFO] src.timeline.renderer: ベース映像の尺: モデル 5.000s / 実測 5.000s (差 +0.000s / 1 部品)
2026-09-23 15:56:11,669 [INFO] src.timeline.renderer: 字幕焼き込み: 1 件
2026-09-23 15:56:11,698 [INFO] src.timeline.renderer: ベース映像構築: 1 クリップ / ギャップ 0 件 / 合計 5.0s
2026-09-23 15:56:11,705 [INFO] src.timeline.renderer: ベース映像の尺: モデル 5.000s / 実測 5.000s (差 +0.000s / 1 部品)
2026-09-23 15:56:11,706 [INFO] src.blur.mask_builder: ぼかす指定が無いためマスクを作りません
2026-09-23 15:56:11,706 [INFO] src.timeline.renderer: オーバーレイ・字幕が無いため合成をスキップします
2026-09-23 15:56:11,712 [INFO] src.timeline.renderer: 中間形式を最終形式へ変換: .mov → mp4 (音声のみ再エンコード)
2026-09-23 15:56:12,808 [INFO] src.modules.subtitle_generator: 縦動画のため字幕設定を縦用へ上書き (font/改行/配置/余白)
2026-09-23 15:56:12,809 [WARNING] src.modules.comment_decor: コメント背景がキャンバスに収まらないため詰めました (推定幅 1181px / 使える幅 1080px)。font_size か max_line_length を下げると解消します
2026-09-23 15:56:12,810 [INFO] src.modules.comment_decor: コメントアイコン: 2 件 / 位置 2 種類
2026-09-23 15:56:12,811 [INFO] src.modules.comment_decor: コメントアイコン: 2 件 / 位置 1 種類
2026-09-23 15:56:12,811 [INFO] src.modules.comment_decor: コメントアイコン: 1 件 / 位置 1 種類
2026-09-23 15:56:12,811 [INFO] src.modules.subtitle_generator: 縦動画のため字幕設定を縦用へ上書き (font/改行/配置/余白)
2026-09-23 15:56:12,811 [WARNING] src.modules.comment_decor: コメントアイコンがキャンバスに収まらないため位置を詰めました (要求 x=-190.0 y=465.0 → x=0.0 y=465.0)。subtitle.comment_margin_l を大きくすると解消します
2026-09-23 15:56:12,813 [INFO] src.modules.subtitle_generator: コメント背景: 1 件
2026-09-23 15:56:12,821 [WARNING] src.modules.subtitle_generator: コメントの Layer が逆転しているため本文を 6 へ引き上げます (背景=5 / 本文=1)
2026-09-23 15:56:12,821 [INFO] src.modules.subtitle_generator: コメント背景: 1 件
2026-09-23 15:56:12,854 [WARNING] src.modules.subtitle_generator: コメントの配置は左寄せ (1/4/7) のみ対応のため 4 を使用します: 2
2026-09-23 15:56:12,861 [INFO] src.modules.subtitle_generator: 縦動画のため字幕設定を縦用へ上書き (font/改行/配置/余白)
2026-09-23 15:56:12,867 [WARNING] src.export.fcpxml_builder: タイムライン終端を超える字幕をクリップ末尾へクランプしました (丸め誤差の端数など)。
2026-09-23 15:56:12,881 [INFO] src.modules.loudness_normalizer: 入力ラウドネス: I=-9.2 LUFS / TP=-0.3 dBTP / LRA=5.1 LU → 目標 I=-14.0 LUFS / TP=-1.0 dBTP (offset 0.4 dB)
2026-09-23 15:56:12,892 [ERROR] src.modules.loudness_normalizer: ラウドネス正規化の適用に失敗 (元音声のまま継続): in.mp4
Traceback (most recent call last):
  File "D:\develop\autoedit\src\modules\loudness_normalizer.py", line 219, in normalize_file
    ffmpeg_runner.execute(
  File "C:\Users\evolu\AppData\Local\Programs\Python\Python312\Lib\unittest\mock.py", line 1139, in __call__
    return self._mock_call(*args, **kwargs)
           ^^^^^^^^^^^^^^^^^^^^^^^^^^^^^^^^
  File "C:\Users\evolu\AppData\Local\Programs\Python\Python312\Lib\unittest\mock.py", line 1143, in _mock_call
    return self._execute_mock_call(*args, **kwargs)
           ^^^^^^^^^^^^^^^^^^^^^^^^^^^^^^^^^^^^^^^^
  File "C:\Users\evolu\AppData\Local\Programs\Python\Python312\Lib\unittest\mock.py", line 1198, in _execute_mock_call
    raise effect
src.exceptions.FFmpegError: 失敗
2026-09-23 15:56:12,895 [INFO] src.modules.loudness_normalizer: ラウドネス正規化は無効のためスキップ
2026-09-23 15:56:12,896 [WARNING] src.modules.loudness_normalizer: ラウドネス測定に失敗したため正規化をスキップ (元音声のまま継続): in.mp4
2026-09-23 15:56:12,897 [INFO] src.modules.loudness_normalizer: 音声ストリームが無いためラウドネス正規化をスキップ: in.mp4
2026-09-23 15:56:12,913 [INFO] src.modules.loudness_normalizer: ラウドネス正規化 完了: out.mp4
2026-09-23 15:56:12,914 [INFO] src.modules.loudness_normalizer: 入力ラウドネス: I=-9.2 LUFS / TP=-0.3 dBTP / LRA=5.1 LU → 目標 I=-14.0 LUFS / TP=-1.0 dBTP (offset 0.4 dB)
2026-09-23 15:56:12,926 [INFO] src.modules.loudness_normalizer: ラウドネス正規化 完了: out.mp4
2026-09-23 15:56:12,928 [INFO] src.timeline.media_recovery: 本編素材を元動画から作り直します: C:\Users\evolu\AppData\Local\Temp\media_recovery_test_2slfi364\sample.mp4
2026-09-23 15:56:12,932 [WARNING] src.timeline.media_recovery: 素材が見つかりません: m2 (C:\Users\evolu\AppData\Local\Temp\media_recovery_test_jp7jgibr\gone.png)
2026-09-23 15:56:12,943 [INFO] src.timeline.media_recovery: 素材を差し替え済みのフォルダで見つけました: m3 → C:\Users\evolu\AppData\Local\Temp\media_recovery_test_5i502e8b\moved\logo2.png
2026-09-23 15:56:12,949 [INFO] src.timeline.media_recovery: 本編素材を元動画から作り直します: C:\Users\evolu\AppData\Local\Temp\media_recovery_test_z7szpnbr\sample.mp4
2026-09-23 15:56:12,954 [WARNING] src.timeline.media_recovery: 元動画が見つからないため本編素材を復旧できません: C:\Users\evolu\AppData\Local\Temp\media_recovery_test_4sqhcyqt\no_such_input.mp4
2026-09-23 15:56:12,954 [WARNING] src.timeline.media_recovery: 素材が見つかりません: m1 (C:\Users\evolu\AppData\Local\Temp\media_recovery_test_4sqhcyqt\work\loudness_normalized.mp4)
2026-09-23 15:56:12,958 [INFO] src.timeline.media_recovery: 本編素材は元動画そのものだったため、そのまま使います: C:\Users\evolu\AppData\Local\Temp\media_recovery_test_s3un6wwz\sample.mp4
2026-09-23 15:56:12,965 [INFO] src.timeline.media_recovery: 素材を相対パスで見つけました: m2 → C:\Users\evolu\AppData\Local\Temp\media_recovery_test_irhl2w6v\assets\logo.png
2026-09-23 15:56:12,973 [INFO] src.timeline.media_recovery: 設定に従い元動画をそのまま使います (音量は正規化前): C:\Users\evolu\AppData\Local\Temp\media_recovery_test_z16cqzgd\sample.mp4
2026-09-23 15:56:12,978 [INFO] src.services.points: ポイントを予約しました: clip/video 25pt (watermark=False)
2026-09-23 15:56:12,980 [WARNING] src.services.points: ポイント残高を取得できませんでした: 断
2026-09-23 15:56:12,984 [INFO] src.services.points: ポイントを予約しました: clip/video 25pt (watermark=False)
2026-09-23 15:56:12,984 [WARNING] src.services.points: ポイントのcommitを送信できませんでした (再送します): 接続できません
2026-09-23 15:56:13,007 [INFO] src.services.points: ポイントを予約しました: clip/video 25pt (watermark=False)
2026-09-23 15:56:13,012 [WARNING] src.services.points: ポイントのcommitを送信できませんでした (再送します): 断
2026-09-23 15:56:13,020 [INFO] src.services.points: 保留していたポイント処理を 2 件送信しました。
2026-09-23 15:56:13,023 [WARNING] src.services.points: ポイントを予約できませんでした: 再ログインが必要です。
2026-09-23 15:56:13,025 [INFO] src.services.points: ポイントを予約しました: clip/video 25pt (watermark=False)
2026-09-23 15:56:13,025 [WARNING] src.services.points: ポイントのcancelが拒否されました: 確定済み
2026-09-23 15:56:13,029 [INFO] src.services.points: 保留していたポイント処理を 1 件送信しました。
2026-09-23 15:56:13,032 [INFO] src.services.points: ポイントを予約しました: clip/video 25pt (watermark=False)
2026-09-23 15:56:13,049 [INFO] src.services.points: サブスク判定のキャッシュが古いため watermark を入れます。
2026-09-23 15:56:13,049 [WARNING] src.services.points: ポイントを予約できませんでした (オフライン): 接続できません
2026-09-23 15:56:13,066 [WARNING] src.services.points: ポイントを予約できませんでした (オフライン): 接続できません
2026-09-23 15:56:13,069 [WARNING] src.services.points: ポイントを予約できませんでした (オフライン): 接続できません
2026-09-23 15:56:13,071 [WARNING] src.services.points: ポイントを予約できませんでした: 想定外
2026-09-23 15:56:13,073 [INFO] src.services.points: ポイントを予約しました: clip/resolveProject 0pt (watermark=False)
2026-09-23 15:56:13,090 [INFO] src.services.points: ポイントを予約しました: clip/video 25pt (watermark=False)
2026-09-23 15:56:13,094 [INFO] src.services.points: ポイントを予約しました: archive/video 0pt (watermark=True)
2026-09-23 15:56:13,137 [WARNING] src.timeline.builder: フレーム間引きの設定が不正なため none を使用します: 'all'
2026-09-23 15:56:13,164 [INFO] src.timeline.project_io: プロジェクト保存: C:\Users\evolu\AppData\Local\Temp\library_summary_z4aqe2fr\vod.archive.timeline.json
2026-09-23 15:56:13,183 [WARNING] src.timeline.project_io: プロジェクトの概要を読めませんでした: C:\Users\evolu\AppData\Local\Temp\library_summary_9al99l84\broken.timeline.json
2026-09-23 15:56:13,192 [INFO] src.timeline.project_io: プロジェクト保存: C:\Users\evolu\AppData\Local\Temp\library_summary_nu1vebhd\sample.timeline.json
2026-09-23 15:56:13,207 [INFO] src.timeline.project_io: プロジェクト保存: C:\Users\evolu\AppData\Local\Temp\library_summary_h6qffk20\sample.timeline.json
2026-09-23 15:56:13,230 [INFO] src.timeline.project_io: プロジェクト保存: C:\Users\evolu\AppData\Local\Temp\library_rename_xs9lvpdu\old.timeline.json
2026-09-23 15:56:13,241 [INFO] src.timeline.project_io: プロジェクト保存: C:\Users\evolu\AppData\Local\Temp\library_rename_yze3uu8k\old.timeline.json
2026-09-23 15:56:13,250 [INFO] src.timeline.project_io: プロジェクト保存: C:\Users\evolu\AppData\Local\Temp\library_rename_0_3y8d1k\old.timeline.json
2026-09-23 15:56:13,269 [INFO] src.timeline.project_io: プロジェクトを改名しました: old.timeline.json → new.timeline.json
2026-09-23 15:56:13,294 [INFO] src.timeline.project_io: プロジェクト保存: C:\Users\evolu\AppData\Local\Temp\library_rename_qm648i6h\old.timeline.json
2026-09-23 15:56:13,311 [INFO] src.timeline.project_io: プロジェクトを改名しました: old.timeline.json → new.timeline.json
2026-09-23 15:56:13,319 [INFO] src.timeline.project_io: プロジェクト保存: C:\Users\evolu\AppData\Local\Temp\library_rename_hj2mnowg\old.timeline.json
2026-09-23 15:56:13,344 [INFO] src.timeline.project_io: プロジェクトが 5 件見つかりました (新しい 2 件を表示します)
2026-09-23 15:56:13,383 [WARNING] src.export.resolve_export: ソース総尺の取得に失敗 (タイムライン全長で代用): C:\Users\evolu\AppData\Local\Temp\resolve_export_test_td86htho\sample.mp4
2026-09-23 15:56:13,409 [WARNING] src.export.resolve_export: ソース総尺の取得に失敗 (タイムライン全長で代用): C:\Users\evolu\AppData\Local\Temp\resolve_export_test_co3jyzun\sample.mp4
2026-09-23 15:56:13,440 [WARNING] src.export.resolve_export: ソース総尺の取得に失敗 (タイムライン全長で代用): C:\Users\evolu\AppData\Local\Temp\resolve_export_test_1le27mwp\sample.mp4
2026-09-23 15:56:13,468 [WARNING] src.export.resolve_export: ソース総尺の取得に失敗 (タイムライン全長で代用): C:\Users\evolu\AppData\Local\Temp\resolve_export_test_1_ythvjc\sample.mp4
2026-09-23 15:56:13,469 [WARNING] src.export.resolve_export: テーマ演出はテキストと区間のみを出力します (ブラー・黒帯などの映像エフェクトは FCPXML で表現できません)。
2026-09-23 15:56:13,469 [WARNING] src.export.resolve_export: 字幕位置は配置(alignment)＋余白からの近似です。Resolve 取り込み時に位置が中央へ戻る場合があります (フォント/サイズ/色は保持)。
2026-09-23 15:56:13,497 [WARNING] src.export.resolve_export: ソース総尺の取得に失敗 (タイムライン全長で代用): C:\Users\evolu\AppData\Local\Temp\resolve_export_test_niv7r881\sample.mp4
2026-09-23 15:56:13,518 [WARNING] src.export.resolve_export: ソース総尺の取得に失敗 (タイムライン全長で代用): C:\Users\evolu\AppData\Local\Temp\resolve_export_test_s02fh6jd\sample.mp4
2026-09-23 15:56:13,547 [WARNING] src.export.resolve_export: ソース総尺の取得に失敗 (タイムライン全長で代用): C:\Users\evolu\AppData\Local\Temp\resolve_export_test_ab1gsxri\sample.mp4
2026-09-23 15:56:13,572 [WARNING] src.export.resolve_export: ソース総尺の取得に失敗 (タイムライン全長で代用): C:\Users\evolu\AppData\Local\Temp\resolve_export_test_ab1gsxri\sample.mp4
2026-09-23 15:56:13,598 [WARNING] src.export.resolve_export: ソース総尺の取得に失敗 (タイムライン全長で代用): C:\Users\evolu\AppData\Local\Temp\resolve_export_test_2v2hhlnp\sample.mp4
2026-09-23 15:56:13,598 [WARNING] src.export.resolve_export: 未対応の字幕出力方式 export.resolve.subtitle.mode=bogus のため caption で出力します
2026-09-23 15:56:13,619 [WARNING] src.export.resolve_export: ソース総尺の取得に失敗 (タイムライン全長で代用): C:\Users\evolu\AppData\Local\Temp\resolve_export_test_7xtp92rz\sample.mp4
2026-09-23 15:56:13,639 [WARNING] src.export.resolve_export: ソース総尺の取得に失敗 (タイムライン全長で代用): C:\Users\evolu\AppData\Local\Temp\resolve_export_test_j85_w8mq\sample.mp4
2026-09-23 15:56:13,666 [WARNING] src.export.resolve_export: ソース総尺の取得に失敗 (タイムライン全長で代用): C:\Users\evolu\AppData\Local\Temp\resolve_export_test_6u_eh_vh\sample.mp4
2026-09-23 15:56:13,687 [WARNING] src.export.resolve_export: ソース総尺の取得に失敗 (タイムライン全長で代用): C:\Users\evolu\AppData\Local\Temp\resolve_export_test_qa4rs5u0\sample.mp4
2026-09-23 15:56:13,715 [WARNING] src.export.resolve_export: ソース総尺の取得に失敗 (タイムライン全長で代用): C:\Users\evolu\AppData\Local\Temp\resolve_export_test_2fhwpkiy\sample.mp4
2026-09-23 15:56:13,738 [WARNING] src.export.resolve_export: ソース総尺の取得に失敗 (タイムライン全長で代用): C:\Users\evolu\AppData\Local\Temp\resolve_export_test_2idfv_ty\sample.mp4
2026-09-23 15:56:13,756 [WARNING] src.export.resolve_export: ソース総尺の取得に失敗 (タイムライン全長で代用): C:\Users\evolu\AppData\Local\Temp\resolve_export_test_y0rsg409\sample.mp4
2026-09-23 15:56:13,773 [WARNING] src.export.resolve_export: ソース総尺の取得に失敗 (タイムライン全長で代用): C:\Users\evolu\AppData\Local\Temp\resolve_export_test_4lhhgcs6\sample.mp4
2026-09-23 15:56:13,789 [WARNING] src.export.resolve_export: ソース総尺の取得に失敗 (タイムライン全長で代用): C:\Users\evolu\AppData\Local\Temp\resolve_export_test_62miosnb\sample.mp4
2026-09-23 15:56:13,789 [INFO] src.export.resolve_export: 編集点が無いため全長 1 クリップとして出力します
2026-09-23 15:56:13,810 [WARNING] src.export.resolve_export: ソース総尺の取得に失敗 (タイムライン全長で代用): C:\Users\evolu\AppData\Local\Temp\resolve_export_test_kt0krw5j\sample.mp4
2026-09-23 15:56:13,810 [INFO] src.export.resolve_export: Resolve 出力開始: C:\Users\evolu\AppData\Local\Temp\resolve_export_test_kt0krw5j\out2.fcpxml (クリップ 1 件 / 字幕 caption 1 件 / title・テーマ 0 件 / 1920x1080 60fps)
2026-09-23 15:56:13,813 [INFO] src.export.resolve_export: 字幕トラックのスタイルは Resolve の字幕トラックヘッダー選択 → インスペクタ → Track Style で一括設定できます (Resolve 19 以降は Text+ スタイルも指定可)。
2026-09-23 15:56:13,814 [INFO] src.export.resolve_export: Resolve 出力完了: C:\Users\evolu\AppData\Local\Temp\resolve_export_test_kt0krw5j\out2.fcpxml (タイムライン尺 5.00s)
2026-09-23 15:56:13,835 [WARNING] src.export.resolve_export: ソース総尺の取得に失敗 (タイムライン全長で代用): C:\Users\evolu\AppData\Local\Temp\resolve_export_test_zxgpokmf\sample.mp4
2026-09-23 15:56:13,835 [INFO] src.export.resolve_export: Resolve 出力開始: C:\Users\evolu\AppData\Local\Temp\resolve_export_test_zxgpokmf\out3.fcpxml (クリップ 1 件 / 字幕 caption 0 件 / title・テーマ 0 件 / 1920x1080 60fps)
2026-09-23 15:56:13,838 [INFO] src.export.resolve_export: Resolve 出力完了: C:\Users\evolu\AppData\Local\Temp\resolve_export_test_zxgpokmf\out3.fcpxml (タイムライン尺 5.00s)
2026-09-23 15:56:13,870 [WARNING] src.export.resolve_export: ソース総尺の取得に失敗 (タイムライン全長で代用): C:\Users\evolu\AppData\Local\Temp\resolve_export_test_3pz__l12\sample.mp4
2026-09-23 15:56:13,870 [INFO] src.export.resolve_export: Resolve 出力開始: C:\Users\evolu\AppData\Local\Temp\resolve_export_test_3pz__l12\out.fcpxml (クリップ 1 件 / 字幕 caption 1 件 / title・テーマ 0 件 / 1920x1080 60fps)
2026-09-23 15:56:13,877 [INFO] src.export.resolve_export: SRT サイドカー出力: C:\Users\evolu\AppData\Local\Temp\resolve_export_test_3pz__l12\out.srt (1 件)
2026-09-23 15:56:13,877 [INFO] src.export.resolve_export: Resolve 出力完了: C:\Users\evolu\AppData\Local\Temp\resolve_export_test_3pz__l12\out.fcpxml / C:\Users\evolu\AppData\Local\Temp\resolve_export_test_3pz__l12\out.srt (タイムライン尺 5.00s)
2026-09-23 15:56:13,880 [INFO] src.export.resolve_export: Resolve 出力を中止 (上書きしない): C:\Users\evolu\AppData\Local\Temp\resolve_export_test_3pz__l12\out.fcpxml
2026-09-23 15:56:14,049 [INFO] src.modules.subtitle_generator: 縦動画のため字幕設定を縦用へ上書き (font/改行/配置/余白)
2026-09-23 15:56:14,061 [WARNING] src.services.stretheus_auth: API の日時を解釈できませんでした。
2026-09-23 15:56:14,073 [INFO] src.services.stretheus_auth: Stretheus のログインページを開きます (ポート50063)
2026-09-23 15:56:14,082 [INFO] src.services.stretheus_auth: Stretheus へログインしました。
2026-09-23 15:56:15,139 [INFO] src.services.stretheus_auth: Stretheus のログインページを開きます (ポート50071)
2026-09-23 15:56:15,166 [INFO] src.services.stretheus_auth: Stretheus へログインしました。
2026-09-23 15:56:16,210 [INFO] src.services.stretheus_auth: Stretheus のログインページを開きます (ポート50079)
2026-09-23 15:56:16,220 [INFO] src.services.stretheus_auth: Stretheus へログインしました。
2026-09-23 15:56:16,729 [INFO] src.services.stretheus_auth: Stretheus のログインページを開きます (ポート50084)
2026-09-23 15:56:16,754 [INFO] src.services.stretheus_auth: Stretheus へログインしました。
2026-09-23 15:56:17,274 [INFO] src.services.stretheus_auth: Stretheus のログインページを開きます (ポート50090)
2026-09-23 15:56:17,317 [INFO] src.services.stretheus_auth: Stretheus へログインしました。
2026-09-23 15:56:17,840 [INFO] src.services.stretheus_auth: Stretheus のログインページを開きます (ポート50096)
2026-09-23 15:56:17,866 [INFO] src.services.stretheus_auth: Stretheus へログインしました。
2026-09-23 15:56:18,368 [INFO] src.modules.subtitle_generator: テロップ個別指定 フォント 0 件 / サイズ 0 件 / 文字色 1 件 / 縁の色 0 件
2026-09-23 15:56:18,374 [INFO] src.modules.subtitle_generator: テロップ個別指定 フォント 0 件 / サイズ 0 件 / 文字色 1 件 / 縁の色 0 件
2026-09-23 15:56:18,410 [INFO] src.modules.subtitle_generator: テロップ個別指定 フォント 0 件 / サイズ 0 件 / 文字色 0 件 / 縁の色 1 件
2026-09-23 15:56:18,414 [INFO] src.modules.subtitle_generator: テロップ個別指定 フォント 0 件 / サイズ 0 件 / 文字色 0 件 / 縁の色 1 件
2026-09-23 15:56:18,419 [INFO] src.modules.subtitle_generator: テロップ個別指定 フォント 1 件 / サイズ 1 件 / 文字色 1 件 / 縁の色 1 件
2026-09-23 15:56:18,422 [INFO] src.timeline.commands: コメント用の字幕トラックを作成しました: S2
2026-09-23 15:56:18,424 [INFO] src.timeline.commands: 移動先 S2 が空いていないため役割だけ変更しました: s1
2026-09-23 15:56:18,424 [INFO] src.timeline.commands: コメント用の字幕トラックを作成しました: S2
2026-09-23 15:56:18,425 [INFO] src.timeline.commands: コメント用の字幕トラックを作成しました: S2
2026-09-23 15:56:18,425 [INFO] src.timeline.commands: コメント用の字幕トラックを作成しました: S2
2026-09-23 15:56:18,429 [INFO] src.timeline.project_io: プロジェクト保存: C:\Users\evolu\AppData\Local\Temp\tmpl6_otfrs\sample.timeline.json
2026-09-23 15:56:18,445 [INFO] src.modules.subtitle_generator: VAD フィルタ有効 (min_silence=500ms, speech_pad=100ms, condition_on_previous_text=False)
2026-09-23 15:56:18,445 [WARNING] src.modules.subtitle_generator: VAD 付き認識に失敗したため VAD 無しで再試行します: VAD の初期化に失敗しました (テスト)
2026-09-23 15:56:18,446 [INFO] src.modules.subtitle_generator: VAD フィルタ有効 (min_silence=800ms, speech_pad=100ms, condition_on_previous_text=False)
2026-09-23 15:56:18,446 [INFO] src.modules.subtitle_generator: VAD フィルタ有効 (min_silence=500ms, speech_pad=100ms, condition_on_previous_text=False)
2026-09-23 15:56:18,511 [INFO] src.timeline.commands: 貼り付けの割り込み: V1 の 5.000s へ 10.00s を確保 / 移動 2 件・分割 1 件・切詰 0 件
2026-09-23 15:56:18,511 [INFO] src.timeline.commands: 貼り付けの割り込み: V2 の 5.000s へ 10.00s を確保 / 移動 2 件・分割 0 件・切詰 0 件
2026-09-23 15:56:18,511 [INFO] src.timeline.commands: 貼り付けの割り込み: S1 の 5.000s へ 10.00s を確保 / 移動 1 件・分割 0 件・切詰 0 件
2026-09-23 15:56:18,511 [INFO] src.timeline.commands: 貼り付けの割り込み: V1 の 5.000s へ 10.00s を確保 / 移動 2 件・分割 1 件・切詰 0 件
2026-09-23 15:56:18,511 [INFO] src.timeline.commands: 貼り付けの割り込み: V2 の 5.000s へ 10.00s を確保 / 移動 2 件・分割 0 件・切詰 0 件
2026-09-23 15:56:18,511 [INFO] src.timeline.commands: 貼り付けの割り込み: S1 の 5.000s へ 10.00s を確保 / 移動 1 件・分割 0 件・切詰 0 件
2026-09-23 15:56:18,512 [INFO] src.timeline.commands: 貼り付けの割り込み: V1 の 5.000s へ 10.00s を確保 / 移動 2 件・分割 1 件・切詰 0 件
2026-09-23 15:56:18,512 [INFO] src.timeline.commands: 貼り付けの割り込み: V2 の 5.000s へ 10.00s を確保 / 移動 2 件・分割 0 件・切詰 0 件
2026-09-23 15:56:18,512 [INFO] src.timeline.commands: 貼り付けの割り込み: S1 の 5.000s へ 10.00s を確保 / 移動 1 件・分割 0 件・切詰 0 件
2026-09-23 15:56:18,512 [INFO] src.timeline.commands: 貼り付けの割り込み: V1 の 5.000s へ 15.00s を確保 / 移動 3 件・分割 0 件・切詰 0 件
2026-09-23 15:56:18,512 [INFO] src.timeline.commands: 貼り付けの割り込み: V2 の 5.000s へ 15.00s を確保 / 移動 2 件・分割 0 件・切詰 0 件
2026-09-23 15:56:18,512 [INFO] src.timeline.commands: 貼り付けの割り込み: S1 の 5.000s へ 15.00s を確保 / 移動 1 件・分割 0 件・切詰 0 件
2026-09-23 15:56:18,513 [INFO] src.timeline.commands: 貼り付けの割り込み: V1 の 10.020s へ 10.02s を確保 / 移動 2 件・分割 0 件・切詰 0 件
2026-09-23 15:56:18,513 [INFO] src.timeline.commands: 貼り付けの割り込み: V2 の 10.020s へ 10.02s を確保 / 移動 1 件・分割 0 件・切詰 0 件
2026-09-23 15:56:18,513 [INFO] src.timeline.commands: 貼り付けの割り込み: S1 の 10.020s へ 10.02s を確保 / 移動 1 件・分割 0 件・切詰 0 件
2026-09-23 15:56:18,513 [INFO] src.timeline.commands: 貼り付けの割り込み: V1 の 19.980s へ 9.98s を確保 / 移動 1 件・分割 0 件・切詰 1 件
2026-09-23 15:56:18,513 [INFO] src.timeline.commands: 貼り付けの割り込み: V2 の 19.980s へ 9.98s を確保 / 移動 1 件・分割 0 件・切詰 0 件
2026-09-23 15:56:18,513 [INFO] src.timeline.commands: 貼り付けの割り込み: S1 の 19.980s へ 9.98s を確保 / 移動 0 件・分割 0 件・切詰 0 件
2026-09-23 15:56:18,514 [WARNING] src.timeline.commands: 素材が見つからないため貼り付けません: D:\develop\autoedit\tests\存在しない素材.mp4
2026-09-23 15:56:18,514 [INFO] src.timeline.commands: 貼り付けの割り込み: V1 の 5.000s へ 10.00s を確保 / 移動 2 件・分割 1 件・切詰 0 件
2026-09-23 15:56:18,514 [INFO] src.timeline.commands: 貼り付けの割り込み: V2 の 5.000s へ 10.00s を確保 / 移動 2 件・分割 0 件・切詰 0 件
2026-09-23 15:56:18,514 [INFO] src.timeline.commands: 貼り付けの割り込み: S1 の 5.000s へ 10.00s を確保 / 移動 1 件・分割 0 件・切詰 0 件
2026-09-23 15:56:18,515 [INFO] src.timeline.commands: 貼り付けの割り込み: V1 の 5.000s へ 10.00s を確保 / 移動 2 件・分割 1 件・切詰 0 件
2026-09-23 15:56:18,515 [INFO] src.timeline.commands: 貼り付けの割り込み: V2 の 5.000s へ 10.00s を確保 / 移動 2 件・分割 0 件・切詰 0 件
2026-09-23 15:56:18,515 [INFO] src.timeline.commands: 貼り付けの割り込み: S1 の 5.000s へ 10.00s を確保 / 移動 1 件・分割 0 件・切詰 0 件
2026-09-23 15:56:18,515 [INFO] src.timeline.commands: 貼り付けの割り込み: V1 の 5.000s へ 10.00s を確保 / 移動 2 件・分割 1 件・切詰 0 件
2026-09-23 15:56:18,515 [INFO] src.timeline.commands: 貼り付けの割り込み: V2 の 5.000s へ 10.00s を確保 / 移動 2 件・分割 0 件・切詰 0 件
2026-09-23 15:56:18,515 [INFO] src.timeline.commands: 貼り付けの割り込み: S1 の 5.000s へ 10.00s を確保 / 移動 1 件・分割 0 件・切詰 0 件
2026-09-23 15:56:18,515 [INFO] src.timeline.commands: 貼り付けの割り込み: V1 の 5.000s へ 10.00s を確保 / 移動 2 件・分割 1 件・切詰 0 件
2026-09-23 15:56:18,515 [INFO] src.timeline.commands: 貼り付けの割り込み: V2 の 5.000s へ 10.00s を確保 / 移動 2 件・分割 0 件・切詰 0 件
2026-09-23 15:56:18,515 [INFO] src.timeline.commands: 貼り付けの割り込み: S1 の 5.000s へ 10.00s を確保 / 移動 1 件・分割 0 件・切詰 0 件
2026-09-23 15:56:18,516 [INFO] src.timeline.commands: 貼り付けの割り込み: V1 の 5.000s へ 10.00s を確保 / 移動 2 件・分割 1 件・切詰 0 件
2026-09-23 15:56:18,516 [INFO] src.timeline.commands: 貼り付けの割り込み: V2 の 5.000s へ 10.00s を確保 / 移動 2 件・分割 0 件・切詰 0 件
2026-09-23 15:56:18,516 [INFO] src.timeline.commands: 貼り付けの割り込み: S1 の 5.000s へ 10.00s を確保 / 移動 1 件・分割 0 件・切詰 0 件
2026-09-23 15:56:18,516 [INFO] src.timeline.commands: 貼り付けの割り込み: V2 の 4.000s へ 2.00s を確保 / 移動 2 件・分割 0 件・切詰 0 件
2026-09-23 15:56:18,516 [INFO] src.timeline.commands: 貼り付けの割り込み: V2 の 4.000s へ 2.00s を確保 / 移動 2 件・分割 0 件・切詰 0 件
2026-09-23 15:56:18,516 [INFO] src.timeline.commands: 貼り付けの割り込み: V2 の 4.000s へ 2.00s を確保 / 移動 2 件・分割 0 件・切詰 0 件
2026-09-23 15:56:18,517 [INFO] src.timeline.clipboard: Timeline のノードをコピーしました: 1 件
2026-09-23 15:56:18,517 [INFO] src.timeline.clipboard: Timeline のノードをコピーしました: 1 件
2026-09-23 15:56:18,518 [INFO] src.timeline.commands: 貼り付けの割り込み: V1 の 4.000s へ 2.00s を確保 / 移動 2 件・分割 1 件・切詰 0 件
2026-09-23 15:56:18,518 [INFO] src.timeline.commands: 貼り付けの割り込み: V2 の 4.000s へ 2.00s を確保 / 移動 2 件・分割 0 件・切詰 0 件
2026-09-23 15:56:18,518 [INFO] src.timeline.commands: 貼り付けの割り込み: S1 の 4.000s へ 2.00s を確保 / 移動 1 件・分割 0 件・切詰 0 件
2026-09-23 15:56:18,518 [INFO] src.timeline.commands: 貼り付けの割り込み: V2 の 4.000s へ 2.00s を確保 / 移動 2 件・分割 0 件・切詰 0 件
2026-09-23 15:56:18,518 [INFO] src.timeline.commands: 貼り付けの割り込み: V1 の 5.000s へ 10.00s を確保 / 移動 2 件・分割 1 件・切詰 0 件
2026-09-23 15:56:18,518 [INFO] src.timeline.commands: 貼り付けの割り込み: V2 の 5.000s へ 10.00s を確保 / 移動 2 件・分割 0 件・切詰 0 件
2026-09-23 15:56:18,518 [INFO] src.timeline.commands: 貼り付けの割り込み: V1 の 5.000s へ 10.00s を確保 / 移動 2 件・分割 1 件・切詰 0 件
2026-09-23 15:56:18,518 [WARNING] src.timeline.builder: 貼り付けの設定が不正なため既定 base_syncs_all を使用します: 'なにか'
2026-09-23 15:56:18,518 [WARNING] src.timeline.builder: 貼り付けの設定が不正なため既定 split を使用します: 123
2026-09-23 15:56:18,519 [INFO] src.timeline.commands: 貼り付けの割り込み: V1 の 5.000s へ 10.00s を確保 / 移動 2 件・分割 1 件・切詰 0 件
2026-09-23 15:56:18,519 [INFO] src.timeline.commands: 貼り付けの割り込み: V2 の 5.000s へ 10.00s を確保 / 移動 2 件・分割 0 件・切詰 0 件
2026-09-23 15:56:18,519 [INFO] src.timeline.commands: 貼り付けの割り込み: S1 の 5.000s へ 10.00s を確保 / 移動 1 件・分割 0 件・切詰 0 件
2026-09-23 15:56:18,521 [WARNING] src.timeline.commands: 映像トラックの上限 (3) に達しているため追加できません
2026-09-23 15:56:18,523 [INFO] src.timeline.commands: 字幕を追加できる空きがありません (2.000 秒)
2026-09-23 15:56:18,523 [INFO] src.timeline.commands: 字幕を追加できる空きがありません (0.990 秒)
2026-09-23 15:56:18,523 [INFO] src.timeline.commands: リップル: 10.000〜20.000s (10.00s) を除去 / 削除 1 件・短縮 0 件・移動 1 件
2026-09-23 15:56:18,524 [INFO] src.timeline.commands: リップル: 10.000〜20.000s (10.00s) を除去 / 削除 1 件・短縮 0 件・移動 1 件
2026-09-23 15:56:18,524 [INFO] src.timeline.commands: リップル: 10.000〜20.000s (10.00s) を除去 / 削除 1 件・短縮 0 件・移動 1 件
2026-09-23 15:56:18,524 [INFO] src.timeline.commands: リップル: 0.000〜10.000s (10.00s) を除去 / 削除 2 件・短縮 0 件・移動 1 件
2026-09-23 15:56:18,524 [INFO] src.timeline.commands: リップル: 10.000〜20.000s (10.00s) を除去 / 削除 1 件・短縮 0 件・移動 1 件
2026-09-23 15:56:18,527 [INFO] src.timeline.commands: リップル: 10.000〜20.000s (10.00s) を除去 / 削除 2 件・短縮 1 件・移動 2 件
2026-09-23 15:56:18,527 [INFO] src.timeline.commands: リップル: 10.000〜20.000s (10.00s) を除去 / 削除 2 件・短縮 1 件・移動 2 件
2026-09-23 15:56:18,527 [INFO] src.timeline.commands: リップル: 10.000〜20.000s (10.00s) を除去 / 削除 2 件・短縮 1 件・移動 2 件
2026-09-23 15:56:18,528 [INFO] src.timeline.commands: リップル: 10.000〜20.000s (10.00s) を除去 / 削除 2 件・短縮 1 件・移動 2 件
2026-09-23 15:56:18,528 [INFO] src.timeline.commands: リップル: 10.000〜20.000s (10.00s) を除去 / 削除 2 件・短縮 1 件・移動 2 件
2026-09-23 15:56:18,528 [INFO] src.timeline.commands: リップル: 10.000〜20.000s (10.00s) を除去 / 削除 2 件・短縮 1 件・移動 2 件
2026-09-23 15:56:18,528 [INFO] src.timeline.commands: リップル: 10.000〜20.000s (10.00s) を除去 / 削除 2 件・短縮 0 件・移動 3 件
2026-09-23 15:56:18,528 [INFO] src.timeline.commands: リップル: 10.000〜20.000s (10.00s) を除去 / 削除 1 件・短縮 0 件・移動 1 件
2026-09-23 15:56:18,529 [INFO] src.timeline.commands: リップル: 10.000〜20.000s (10.00s) を除去 / 削除 2 件・短縮 1 件・移動 2 件
2026-09-23 15:56:18,529 [INFO] src.timeline.commands: 残り尺が下限を割るためクリップごとリップル削除しました: c2
2026-09-23 15:56:18,529 [INFO] src.timeline.commands: リップル: 10.000〜20.000s (10.00s) を除去 / 削除 1 件・短縮 0 件・移動 2 件
2026-09-23 15:56:18,529 [INFO] src.timeline.commands: リップル: 15.000〜20.000s (5.00s) を除去 / 削除 0 件・短縮 1 件・移動 2 件
2026-09-23 15:56:18,529 [INFO] src.timeline.commands: リップル: 10.000〜15.000s (5.00s) を除去 / 削除 0 件・短縮 1 件・移動 2 件
2026-09-23 15:56:18,530 [INFO] src.timeline.commands: リップル: 15.000〜20.000s (5.00s) を除去 / 削除 0 件・短縮 1 件・移動 2 件
2026-09-23 15:56:18,530 [INFO] src.timeline.commands: リップル: 15.000〜20.000s (5.00s) を除去 / 削除 0 件・短縮 1 件・移動 2 件
2026-09-23 15:56:18,530 [INFO] src.timeline.commands: リップル: 26.000〜27.000s (1.00s) を除去 / 削除 0 件・短縮 2 件・移動 0 件
2026-09-23 15:56:18,532 [INFO] src.timeline.commands: リップル: 10.000〜20.000s (10.00s) を除去 / 削除 1 件・短縮 0 件・移動 1 件
2026-09-23 15:56:18,533 [INFO] src.timeline.commands: リップル: 10.000〜20.000s (10.00s) を除去 / 削除 1 件・短縮 0 件・移動 1 件
2026-09-23 15:56:18,533 [INFO] src.timeline.commands: リップル: 10.000〜20.000s (10.00s) を除去 / 削除 1 件・短縮 0 件・移動 1 件
2026-09-23 15:56:18,538 [INFO] src.timeline.project_io: プロジェクト保存: C:\Users\evolu\AppData\Local\Temp\timeline_io_test_j2g93g59\sample.timeline.json
2026-09-23 15:56:18,554 [INFO] src.timeline.project_io: プロジェクト読込: C:\Users\evolu\AppData\Local\Temp\timeline_io_test_j2g93g59\sample.timeline.json
2026-09-23 15:56:18,561 [INFO] src.timeline.project_io: プロジェクト保存: C:\Users\evolu\AppData\Local\Temp\timeline_io_test_j2g93g59\sample.timeline.json
2026-09-23 15:56:18,564 [INFO] src.timeline.project_io: プロジェクト読込: C:\Users\evolu\AppData\Local\Temp\timeline_io_test_j2g93g59\sample.timeline.json
2026-09-23 15:56:18,570 [INFO] src.timeline.project_io: プロジェクト保存: C:\Users\evolu\AppData\Local\Temp\timeline_io_test_w2d7zzav\sample.timeline.json
2026-09-23 15:56:18,585 [INFO] src.timeline.project_io: プロジェクト読込: C:\Users\evolu\AppData\Local\Temp\timeline_io_test_w2d7zzav\sample.timeline.json
2026-09-23 15:56:18,593 [INFO] src.timeline.project_io: プロジェクト保存: C:\Users\evolu\AppData\Local\Temp\timeline_io_test_hpwwv85c\sample.timeline.json
2026-09-23 15:56:18,612 [WARNING] src.timeline.project_io: メディアの実体が見つかりません (1 件)。該当クリップを無効化します: m1
2026-09-23 15:56:18,621 [INFO] src.timeline.project_io: プロジェクト保存: C:\Users\evolu\AppData\Local\Temp\timeline_io_test_fc729shu\sample.timeline.json
2026-09-23 15:56:18,644 [INFO] src.timeline.project_io: プロジェクト保存: C:\Users\evolu\AppData\Local\Temp\timeline_io_test_6x5xgzzn\sample.timeline.json
2026-09-23 15:56:18,659 [WARNING] src.timeline.project_io: 編集点の区間が不正なため無視します: 20.000→15.000
2026-09-23 15:56:18,661 [WARNING] src.timeline.project_io: メディアの実体が見つかりません (1 件)。該当クリップを無効化します: m1
2026-09-23 15:56:18,663 [WARNING] src.timeline.project_io: 音声クリップ a1 のリンク先 no_such_clip が存在しないため除外します (該当区間は無音になります)
2026-09-23 15:56:18,665 [WARNING] src.timeline.project_io: トラック V1 でクリップ c2 が重複しているため 12.480 へ移動します
2026-09-23 15:56:18,671 [WARNING] src.timeline.project_io: クリップ c2 の尺 (0.001s) が下限 (0.050s) 未満のため除外します
2026-09-23 15:56:18,671 [WARNING] src.timeline.project_io: 音声クリップ a2 のリンク先 c2 が存在しないため除外します (該当区間は無音になります)
2026-09-23 15:56:18,796 [INFO] src.utils.trash: ゴミ箱へ移動しました (2 件)
2026-09-23 15:56:18,804 [WARNING] src.timeline.builder: 寸法の設定が不正なため既定 8000 を使用します: 0
2026-09-23 15:56:20,269 [INFO] src.archive.timeline_builder: アーカイブ Timeline 構築: 2 クリップ / V1 2 本 / S1 0 件 / 全長 60.0s
2026-09-23 15:56:20,269 [INFO] src.archive.timeline_builder: アーカイブ Timeline 構築: 2 クリップ / V1 2 本 / S1 0 件 / 全長 60.0s
2026-09-23 15:56:20,269 [WARNING] src.archive.marker_source: VOD 外のマーカーを 2 件除外しました (尺 7200.0s)
2026-09-23 15:56:20,270 [INFO] src.archive.timeline_builder: アーカイブ Timeline 構築: 2 クリップ / V1 2 本 / S1 0 件 / 全長 200.0s
2026-09-23 15:56:20,271 [INFO] src.timeline.commands: 貼り付けの割り込み: V1 の 0.000s へ 50.00s を確保 / 移動 2 件・分割 0 件・切詰 0 件
2026-09-23 15:56:20,271 [INFO] src.timeline.commands: 貼り付けの割り込み: S1 の 0.000s へ 50.00s を確保 / 移動 0 件・分割 0 件・切詰 0 件
2026-09-23 15:56:20,272 [INFO] src.archive.timeline_builder: セクション追加: clip3 を 0.00s へ挿入 (VOD 100.0-150.0 / 尺 50.00s)
2026-09-23 15:56:20,272 [INFO] src.archive.timeline_builder: セクション統合: clip1 へ 1 件を畳み込み (VOD 100.0-200.0)
2026-09-23 15:56:20,272 [INFO] src.archive.timeline_builder: アーカイブ Timeline 構築: 2 クリップ / V1 2 本 / S1 0 件 / 全長 200.0s
2026-09-23 15:56:20,272 [INFO] src.archive.timeline_builder: アーカイブ Timeline 構築: 1 クリップ / V1 1 本 / S1 0 件 / 全長 100.0s
2026-09-23 15:56:20,272 [INFO] src.archive.timeline_builder: アーカイブ Timeline 構築: 1 クリップ / V1 1 本 / S1 0 件 / 全長 100.0s
2026-09-23 15:56:20,272 [INFO] src.archive.timeline_builder: アーカイブ Timeline 構築: 1 クリップ / V1 1 本 / S1 0 件 / 全長 100.0s
2026-09-23 15:56:20,272 [INFO] src.archive.timeline_builder: セクション追加: clip2 を 100.00s へ挿入 (VOD 200.0-300.0 / 尺 100.00s)
2026-09-23 15:56:20,272 [INFO] src.archive.timeline_builder: セクション統合: clip1 へ 1 件を畳み込み (VOD 100.0-300.0)
2026-09-23 15:56:20,273 [INFO] src.archive.timeline_builder: アーカイブ Timeline 構築: 1 クリップ / V1 1 本 / S1 0 件 / 全長 100.0s
2026-09-23 15:56:20,273 [INFO] src.archive.timeline_builder: セクション追加: clip2 を 100.00s へ挿入 (VOD 200.0-300.0 / 尺 100.00s)
2026-09-23 15:56:20,273 [INFO] src.archive.timeline_builder: セクション統合: clip1 へ 1 件を畳み込み (VOD 100.0-300.0)
2026-09-23 15:56:20,273 [INFO] src.archive.timeline_builder: アーカイブ Timeline 構築: 1 クリップ / V1 1 本 / S1 0 件 / 全長 100.0s
2026-09-23 15:56:20,274 [INFO] src.archive.timeline_builder: セクション追加: clip2 を 100.00s へ挿入 (VOD 200.0-300.0 / 尺 100.00s)
2026-09-23 15:56:20,274 [INFO] src.archive.timeline_builder: セクション統合: clip1 へ 1 件を畳み込み (VOD 100.0-300.0)
2026-09-23 15:56:20,274 [INFO] src.archive.timeline_builder: アーカイブ Timeline 構築: 1 クリップ / V1 1 本 / S1 0 件 / 全長 100.0s
2026-09-23 15:56:20,275 [INFO] src.archive.timeline_builder: セクション追加: clip2 を 100.00s へ挿入 (VOD 200.0-300.0 / 尺 100.00s)
2026-09-23 15:56:20,275 [INFO] src.archive.timeline_builder: セクション統合: clip1 へ 1 件を畳み込み (VOD 100.0-300.0)
2026-09-23 15:56:20,275 [INFO] src.archive.timeline_builder: clip1 の素材 m2 は区間を特定できませんでした (尺 12.0s / 候補の穴 0 件)。差し替えを尋ねます
2026-09-23 15:56:20,276 [INFO] src.archive.timeline_builder: アーカイブ Timeline 構築: 1 クリップ / V1 1 本 / S1 0 件 / 全長 100.0s
2026-09-23 15:56:20,276 [INFO] src.archive.timeline_builder: セクション追加: clip2 を 100.00s へ挿入 (VOD 200.0-300.0 / 尺 100.00s)
2026-09-23 15:56:20,276 [INFO] src.archive.timeline_builder: セクション統合: clip1 へ 1 件を畳み込み (VOD 100.0-300.0)
2026-09-23 15:56:20,276 [INFO] src.archive.timeline_builder: アーカイブ Timeline 構築: 1 クリップ / V1 1 本 / S1 0 件 / 全長 100.0s
2026-09-23 15:56:20,277 [INFO] src.archive.timeline_builder: セクション追加: clip2 を 100.00s へ挿入 (VOD 200.0-300.0 / 尺 100.00s)
2026-09-23 15:56:20,277 [INFO] src.archive.timeline_builder: セクション統合: clip1 へ 1 件を畳み込み (VOD 100.0-300.0)
2026-09-23 15:56:20,277 [INFO] src.archive.timeline_builder: clip1 の素材 m2 の区間を 200.0–300.0 として復元しました
2026-09-23 15:56:20,277 [INFO] src.archive.timeline_builder: アーカイブ Timeline 構築: 1 クリップ / V1 1 本 / S1 0 件 / 全長 100.0s
2026-09-23 15:56:20,277 [INFO] src.archive.timeline_builder: セクション追加: clip2 を 100.00s へ挿入 (VOD 200.0-300.0 / 尺 100.00s)
2026-09-23 15:56:20,277 [INFO] src.archive.timeline_builder: セクション統合: clip1 へ 1 件を畳み込み (VOD 100.0-300.0)
2026-09-23 15:56:20,278 [INFO] src.archive.timeline_builder: clip1 の素材 m2 の区間を 200.0–300.0 として復元しました
2026-09-23 15:56:20,278 [INFO] src.archive.timeline_builder: アーカイブ Timeline 構築: 1 クリップ / V1 1 本 / S1 0 件 / 全長 100.0s
2026-09-23 15:56:20,278 [INFO] src.archive.timeline_builder: セクション追加: clip2 を 100.00s へ挿入 (VOD 200.0-300.0 / 尺 100.00s)
2026-09-23 15:56:20,278 [INFO] src.archive.timeline_builder: セクション統合: clip1 へ 1 件を畳み込み (VOD 100.0-300.0)
2026-09-23 15:56:20,278 [INFO] src.archive.timeline_builder: clip1 の素材 m2 の区間を 200.0–303.0 として復元しました
2026-09-23 15:56:20,280 [INFO] src.archive.timeline_builder: アーカイブ Timeline 構築: 1 クリップ / V1 1 本 / S1 0 件 / 全長 100.0s
2026-09-23 15:56:20,283 [INFO] src.archive.timeline_builder: アーカイブ Timeline 構築: 1 クリップ / V1 1 本 / S1 0 件 / 全長 100.0s
2026-09-23 15:56:20,284 [INFO] src.archive.timeline_builder: アーカイブ Timeline 構築: 1 クリップ / V1 1 本 / S1 0 件 / 全長 100.0s
2026-09-23 15:56:20,286 [INFO] src.timeline.media_recovery: 使われていない素材のため復旧しません: orphan (C:\Users\evolu\AppData\Local\Temp\archive_media_test_ed2z3zd3\gone.mp4)
2026-09-23 15:56:20,287 [INFO] src.archive.timeline_builder: アーカイブ Timeline 構築: 1 クリップ / V1 1 本 / S1 0 件 / 全長 100.0s
2026-09-23 15:56:20,287 [INFO] src.timeline.project_io: 使われていない素材 1 件を保存対象から外しました
2026-09-23 15:56:20,288 [INFO] src.archive.timeline_builder: アーカイブ Timeline 構築: 1 クリップ / V1 1 本 / S1 0 件 / 全長 100.0s
2026-09-23 15:56:20,289 [INFO] src.archive.timeline_builder: アーカイブ Timeline 構築: 1 クリップ / V1 1 本 / S1 0 件 / 全長 100.0s
2026-09-23 15:56:20,291 [WARNING] src.timeline.media_recovery: 素材が見つかりません: m1 (C:\Users\evolu\AppData\Local\Temp\archive_media_test_s4exx64g\lost.mp4)
2026-09-23 15:56:20,291 [INFO] src.timeline.media_recovery: 使われていない素材のため復旧しません: orphan (C:\Users\evolu\AppData\Local\Temp\archive_media_test_s4exx64g\gone.mp4)
2026-09-23 15:56:20,295 [INFO] src.archive.clip_writer: clip1 prepare 完了 (字幕 2 件)
2026-09-23 15:56:20,298 [INFO] src.archive.clip_writer: clip1 prepare 完了 (字幕 2 件)
2026-09-23 15:56:20,301 [INFO] src.archive.clip_writer: 編集点準備: 残す区間 2 件 / 想定尺 10.00s (素材 30.00s)
2026-09-23 15:56:20,302 [INFO] src.archive.clip_writer: clip1 prepare 完了 (字幕 2 件 / 実カットなし)
2026-09-23 15:56:20,304 [INFO] src.archive.clip_writer: 編集点準備: 残す区間 2 件 / 想定尺 10.00s (素材 30.00s)
2026-09-23 15:56:20,305 [INFO] src.archive.clip_writer: clip1 prepare 完了 (字幕 2 件 / 実カットなし)
2026-09-23 15:56:20,307 [INFO] src.archive.clip_writer: 編集点準備: 残す区間 2 件 / 想定尺 10.00s (素材 30.00s)
2026-09-23 15:56:20,307 [INFO] src.archive.clip_writer: clip1 prepare 完了 (字幕 2 件 / 実カットなし)
2026-09-23 15:56:20,310 [INFO] src.archive.clip_writer: 編集点準備: 残す区間 2 件 / 想定尺 10.00s (素材 30.00s)
2026-09-23 15:56:20,310 [INFO] src.archive.clip_writer: clip1 prepare 完了 (字幕 2 件 / 実カットなし)
2026-09-23 15:56:20,313 [INFO] src.archive.clip_writer: 編集点準備: 残す区間 2 件 / 想定尺 10.00s (素材 30.00s)
2026-09-23 15:56:20,314 [INFO] src.archive.clip_writer: clip1 prepare 完了 (字幕 2 件 / 実カットなし)
2026-09-23 15:56:20,316 [INFO] src.archive.clip_writer: 編集点準備: 残す区間 2 件 / 想定尺 10.00s (素材 30.00s)
2026-09-23 15:56:20,316 [INFO] src.archive.clip_writer: clip1 prepare 完了 (字幕 2 件 / 実カットなし)
2026-09-23 15:56:20,319 [INFO] src.archive.clip_writer: 編集点準備: 残す区間 2 件 / 想定尺 10.00s (素材 30.00s)
2026-09-23 15:56:20,319 [INFO] src.archive.clip_writer: clip1 prepare 完了 (字幕 0 件 / 実カットなし)
2026-09-23 15:56:20,320 [INFO] src.archive.clip_writer: 編集点準備: 残す区間 2 件 / 想定尺 10.00s (素材 30.00s)
2026-09-23 15:56:20,330 [INFO] src.timeline.project_io: プロジェクト保存: C:\Users\evolu\AppData\Local\Temp\archive_resume_85fmh5oz\vod.archive.timeline.json
2026-09-23 15:56:20,350 [INFO] src.timeline.project_io: プロジェクト読込: C:\Users\evolu\AppData\Local\Temp\archive_resume_85fmh5oz\vod.archive.timeline.json
2026-09-23 15:56:20,364 [INFO] src.timeline.project_io: プロジェクト保存: C:\Users\evolu\AppData\Local\Temp\archive_resume_58okyjqk\vod.archive.timeline.json
2026-09-23 15:56:20,368 [INFO] src.timeline.project_io: プロジェクト保存: C:\Users\evolu\AppData\Local\Temp\archive_resume_58okyjqk\clip.timeline.json
2026-09-23 15:56:20,368 [INFO] src.archive.project_resume: ==================================================
2026-09-23 15:56:20,368 [INFO] src.archive.project_resume: 保存済みアーカイブプロジェクトから再開: C:\Users\evolu\AppData\Local\Temp\archive_resume_58okyjqk\clip.timeline.json
2026-09-23 15:56:20,395 [INFO] src.timeline.project_io: プロジェクト読込: C:\Users\evolu\AppData\Local\Temp\archive_resume_58okyjqk\clip.timeline.json
2026-09-23 15:56:20,400 [INFO] src.timeline.project_io: プロジェクト保存: C:\Users\evolu\AppData\Local\Temp\archive_resume_3zesku50\vod.archive.timeline.json
2026-09-23 15:56:20,417 [INFO] src.timeline.project_io: プロジェクト読込: C:\Users\evolu\AppData\Local\Temp\archive_resume_3zesku50\vod.archive.timeline.json
2026-09-23 15:56:20,419 [INFO] src.archive.project_resume: 音声サイドカーが無いため素材 m1 の正規化をやり直します
2026-09-23 15:56:20,421 [INFO] src.archive.project_resume: 音声サイドカーが無いため素材 m2 の正規化をやり直します
2026-09-23 15:56:20,429 [INFO] src.timeline.project_io: プロジェクト保存: C:\Users\evolu\AppData\Local\Temp\archive_resume_wujk9mfg\vod.archive.timeline.json
2026-09-23 15:56:20,440 [INFO] src.timeline.project_io: プロジェクト読込: C:\Users\evolu\AppData\Local\Temp\archive_resume_wujk9mfg\vod.archive.timeline.json
2026-09-23 15:56:20,444 [INFO] src.archive.project_resume: 音声サイドカーが無いため素材 m1 の正規化をやり直します
2026-09-23 15:56:20,445 [INFO] src.archive.project_resume: 音声サイドカーが無いため素材 m2 の正規化をやり直します
2026-09-23 15:56:20,454 [INFO] src.timeline.project_io: プロジェクト保存: C:\Users\evolu\AppData\Local\Temp\archive_resume_9arjizdc\vod.archive.timeline.json
2026-09-23 15:56:20,456 [INFO] src.archive.project_resume: ==================================================
2026-09-23 15:56:20,456 [INFO] src.archive.project_resume: 保存済みアーカイブプロジェクトから再開: C:\Users\evolu\AppData\Local\Temp\archive_resume_9arjizdc\no_such.timeline.json
2026-09-23 15:56:20,463 [INFO] src.timeline.project_io: プロジェクト保存: C:\Users\evolu\AppData\Local\Temp\archive_resume_7nqwqe0s\vod.archive.timeline.json
2026-09-23 15:56:20,478 [INFO] src.timeline.project_io: プロジェクト読込: C:\Users\evolu\AppData\Local\Temp\archive_resume_7nqwqe0s\vod.archive.timeline.json
2026-09-23 15:56:20,490 [INFO] src.timeline.project_io: プロジェクト保存: C:\Users\evolu\AppData\Local\Temp\archive_resume_2oleb9s5\vod.archive.timeline.json
2026-09-23 15:56:20,502 [INFO] src.timeline.project_io: プロジェクト読込: C:\Users\evolu\AppData\Local\Temp\archive_resume_2oleb9s5\vod.archive.timeline.json
2026-09-23 15:56:20,504 [INFO] src.archive.project_resume: 設定に従い切り出したままの音量で使います: 素材 m1
2026-09-23 15:56:20,505 [INFO] src.archive.project_resume: 設定に従い切り出したままの音量で使います: 素材 m2
2026-09-23 15:56:20,507 [WARNING] src.timeline.media_sidecar: 音声サイドカーの尺が保存値と合いません (100.00s / 期待 103.00s) → 使いません
2026-09-23 15:56:20,507 [INFO] src.archive.timeline_builder: アーカイブ Timeline 構築: 2 クリップ / V1 2 本 / S1 0 件 / 全長 200.0s
2026-09-23 15:56:20,508 [INFO] src.archive.timeline_builder: セクション追加: clip3 を 200.00s へ挿入 (VOD 900.0-950.0 / 尺 50.00s)
2026-09-23 15:56:20,508 [INFO] src.archive.timeline_builder: アーカイブ Timeline 構築: 2 クリップ / V1 2 本 / S1 0 件 / 全長 200.0s
2026-09-23 15:56:20,508 [INFO] src.timeline.commands: 貼り付けの割り込み: V1 の 0.000s へ 50.00s を確保 / 移動 2 件・分割 0 件・切詰 0 件
2026-09-23 15:56:20,508 [INFO] src.timeline.commands: 貼り付けの割り込み: S1 の 0.000s へ 50.00s を確保 / 移動 0 件・分割 0 件・切詰 0 件
2026-09-23 15:56:20,508 [INFO] src.archive.timeline_builder: セクション追加: clip3 を 0.00s へ挿入 (VOD 0.0-50.0 / 尺 50.00s)
2026-09-23 15:56:20,508 [INFO] src.archive.timeline_builder: アーカイブ Timeline 構築: 2 クリップ / V1 2 本 / S1 0 件 / 全長 200.0s
2026-09-23 15:56:20,509 [INFO] src.timeline.commands: 貼り付けの割り込み: V1 の 100.000s へ 50.00s を確保 / 移動 1 件・分割 0 件・切詰 0 件
2026-09-23 15:56:20,509 [INFO] src.timeline.commands: 貼り付けの割り込み: S1 の 100.000s へ 50.00s を確保 / 移動 0 件・分割 0 件・切詰 0 件
2026-09-23 15:56:20,509 [INFO] src.archive.timeline_builder: セクション追加: clip3 を 100.00s へ挿入 (VOD 250.0-300.0 / 尺 50.00s)
2026-09-23 15:56:20,509 [INFO] src.archive.timeline_builder: アーカイブ Timeline 構築: 3 クリップ / V1 3 本 / S1 0 件 / 全長 300.0s
2026-09-23 15:56:20,509 [INFO] src.timeline.commands: 貼り付けの割り込み: V1 の 100.000s へ 50.00s を確保 / 移動 2 件・分割 0 件・切詰 0 件
2026-09-23 15:56:20,509 [INFO] src.timeline.commands: 貼り付けの割り込み: S1 の 100.000s へ 50.00s を確保 / 移動 0 件・分割 0 件・切詰 0 件
2026-09-23 15:56:20,509 [INFO] src.archive.timeline_builder: セクション追加: clip4 を 100.00s へ挿入 (VOD 250.0-300.0 / 尺 50.00s)
2026-09-23 15:56:20,510 [INFO] src.timeline.commands: 貼り付けの割り込み: V1 の 0.000s へ 50.00s を確保 / 移動 4 件・分割 0 件・切詰 0 件
2026-09-23 15:56:20,510 [INFO] src.timeline.commands: 貼り付けの割り込み: S1 の 0.000s へ 50.00s を確保 / 移動 0 件・分割 0 件・切詰 0 件
2026-09-23 15:56:20,510 [INFO] src.archive.timeline_builder: セクション追加: clip5 を 0.00s へ挿入 (VOD 0.0-50.0 / 尺 50.00s)
2026-09-23 15:56:20,510 [INFO] src.archive.timeline_builder: セクション追加: clip6 を 400.00s へ挿入 (VOD 900.0-950.0 / 尺 50.00s)
2026-09-23 15:56:20,510 [INFO] src.archive.timeline_builder: アーカイブ Timeline 構築: 1 クリップ / V1 1 本 / S1 0 件 / 全長 100.0s
2026-09-23 15:56:20,510 [INFO] src.archive.timeline_builder: セクション追加: clip2 を 100.00s へ挿入 (VOD 300.0-400.0 / 尺 100.00s)
2026-09-23 15:56:20,511 [INFO] src.archive.timeline_builder: アーカイブ Timeline 構築: 3 クリップ / V1 3 本 / S1 0 件 / 全長 300.0s
2026-09-23 15:56:20,511 [INFO] src.timeline.commands: 貼り付けの割り込み: V1 の 100.000s へ 50.00s を確保 / 移動 2 件・分割 0 件・切詰 0 件
2026-09-23 15:56:20,511 [INFO] src.timeline.commands: 貼り付けの割り込み: S1 の 100.000s へ 50.00s を確保 / 移動 0 件・分割 0 件・切詰 0 件
2026-09-23 15:56:20,511 [INFO] src.archive.timeline_builder: セクション追加: clip4 を 100.00s へ挿入 (VOD 250.0-300.0 / 尺 50.00s)
2026-09-23 15:56:20,511 [INFO] src.archive.timeline_builder: アーカイブ Timeline 構築: 2 クリップ / V1 2 本 / S1 0 件 / 全長 200.0s
2026-09-23 15:56:20,511 [INFO] src.archive.timeline_builder: セクション追加: clip3 を 200.00s へ挿入 (VOD 900.0-950.0 / 尺 50.00s)
2026-09-23 15:56:20,513 [INFO] src.archive.timeline_builder: アーカイブ Timeline 構築: 2 クリップ / V1 2 本 / S1 0 件 / 全長 200.0s
2026-09-23 15:56:20,513 [INFO] src.archive.timeline_builder: アーカイブ Timeline 構築: 1 クリップ / V1 1 本 / S1 0 件 / 全長 100.0s
2026-09-23 15:56:20,513 [INFO] src.archive.timeline_builder: セクション追加: clip2 を 100.00s へ挿入 (VOD 450.0-600.0 / 尺 150.00s)
2026-09-23 15:56:20,513 [INFO] src.archive.timeline_builder: アーカイブ Timeline 構築: 2 クリップ / V1 2 本 / S1 0 件 / 全長 200.0s
2026-09-23 15:56:20,514 [INFO] src.archive.timeline_builder: セクション追加: clip3 を 200.00s へ挿入 (VOD 500.0-600.0 / 尺 100.00s)
2026-09-23 15:56:20,514 [INFO] src.archive.timeline_builder: セクション統合: clip2 へ 1 件を畳み込み (VOD 400.0-600.0)
2026-09-23 15:56:20,514 [INFO] src.archive.timeline_builder: アーカイブ Timeline 構築: 2 クリップ / V1 2 本 / S1 0 件 / 全長 200.0s
2026-09-23 15:56:20,514 [INFO] src.archive.timeline_builder: セクション追加: clip3 を 200.00s へ挿入 (VOD 500.0-600.0 / 尺 100.00s)
2026-09-23 15:56:20,514 [INFO] src.archive.timeline_builder: セクション統合: clip2 へ 1 件を畳み込み (VOD 400.0-600.0)
2026-09-23 15:56:20,514 [INFO] src.archive.timeline_builder: アーカイブ Timeline 構築: 3 クリップ / V1 3 本 / S1 0 件 / 全長 300.0s
2026-09-23 15:56:20,515 [INFO] src.timeline.commands: 貼り付けの割り込み: V1 の 200.000s へ 100.00s を確保 / 移動 1 件・分割 0 件・切詰 0 件
2026-09-23 15:56:20,515 [INFO] src.timeline.commands: 貼り付けの割り込み: S1 の 200.000s へ 100.00s を確保 / 移動 0 件・分割 0 件・切詰 0 件
2026-09-23 15:56:20,515 [INFO] src.archive.timeline_builder: セクション追加: clip4 を 200.00s へ挿入 (VOD 500.0-600.0 / 尺 100.00s)
2026-09-23 15:56:20,515 [INFO] src.archive.timeline_builder: セクション統合: clip2 へ 1 件を畳み込み (VOD 400.0-600.0)
2026-09-23 15:56:20,515 [INFO] src.archive.timeline_builder: アーカイブ Timeline 構築: 3 クリップ / V1 3 本 / S1 0 件 / 全長 300.0s
2026-09-23 15:56:20,515 [INFO] src.timeline.commands: 貼り付けの割り込み: V1 の 100.000s へ 200.00s を確保 / 移動 2 件・分割 0 件・切詰 0 件
2026-09-23 15:56:20,515 [INFO] src.timeline.commands: 貼り付けの割り込み: S1 の 100.000s へ 200.00s を確保 / 移動 0 件・分割 0 件・切詰 0 件
2026-09-23 15:56:20,515 [INFO] src.archive.timeline_builder: セクション追加: clip4 を 100.00s へ挿入 (VOD 200.0-400.0 / 尺 200.00s)
2026-09-23 15:56:20,515 [INFO] src.timeline.commands: 貼り付けの割り込み: V1 の 400.000s へ 200.00s を確保 / 移動 1 件・分割 0 件・切詰 0 件
2026-09-23 15:56:20,515 [INFO] src.timeline.commands: 貼り付けの割り込み: S1 の 400.000s へ 200.00s を確保 / 移動 0 件・分割 0 件・切詰 0 件
2026-09-23 15:56:20,516 [INFO] src.archive.timeline_builder: セクション追加: clip5 を 400.00s へ挿入 (VOD 500.0-700.0 / 尺 200.00s)
2026-09-23 15:56:20,516 [INFO] src.archive.timeline_builder: セクション統合: clip1 へ 4 件を畳み込み (VOD 100.0-800.0)
2026-09-23 15:56:20,516 [INFO] src.archive.timeline_builder: アーカイブ Timeline 構築: 1 クリップ / V1 1 本 / S1 0 件 / 全長 100.0s
2026-09-23 15:56:20,516 [INFO] src.archive.timeline_builder: セクション追加: clip2 を 100.00s へ挿入 (VOD 200.0-300.0 / 尺 100.00s)
2026-09-23 15:56:20,516 [INFO] src.archive.timeline_builder: セクション統合: clip1 へ 1 件を畳み込み (VOD 100.0-300.0)
2026-09-23 15:56:20,517 [INFO] src.archive.timeline_builder: アーカイブ Timeline 構築: 2 クリップ / V1 2 本 / S1 0 件 / 全長 200.0s
2026-09-23 15:56:20,517 [INFO] src.timeline.commands: 貼り付けの割り込み: V1 の 100.000s へ 50.00s を確保 / 移動 1 件・分割 0 件・切詰 0 件
2026-09-23 15:56:20,517 [INFO] src.timeline.commands: 貼り付けの割り込み: S1 の 100.000s へ 50.00s を確保 / 移動 0 件・分割 0 件・切詰 0 件
2026-09-23 15:56:20,517 [INFO] src.archive.timeline_builder: セクション追加: clip3 を 100.00s へ挿入 (VOD 250.0-300.0 / 尺 50.00s)
2026-09-23 15:56:20,517 [INFO] src.archive.timeline_builder: アーカイブ Timeline 構築: 2 クリップ / V1 2 本 / S1 0 件 / 全長 200.0s
2026-09-23 15:56:20,517 [INFO] src.archive.timeline_builder: セクション追加: clip3 を 200.00s へ挿入 (VOD 500.0-600.0 / 尺 100.00s)
2026-09-23 15:56:20,518 [INFO] src.archive.timeline_builder: セクション統合: clip2 へ 1 件を畳み込み (VOD 400.0-600.0)
2026-09-23 15:56:20,518 [INFO] src.archive.timeline_builder: アーカイブ Timeline 構築: 3 クリップ / V1 3 本 / S1 0 件 / 全長 300.0s
2026-09-23 15:56:20,518 [INFO] src.timeline.commands: 貼り付けの割り込み: V1 の 100.000s へ 50.00s を確保 / 移動 2 件・分割 0 件・切詰 0 件
2026-09-23 15:56:20,518 [INFO] src.timeline.commands: 貼り付けの割り込み: S1 の 100.000s へ 50.00s を確保 / 移動 0 件・分割 0 件・切詰 0 件
2026-09-23 15:56:20,518 [INFO] src.archive.timeline_builder: セクション追加: clip4 を 100.00s へ挿入 (VOD 250.0-300.0 / 尺 50.00s)
2026-09-23 15:56:20,518 [INFO] src.archive.timeline_builder: アーカイブ Timeline 構築: 2 クリップ / V1 2 本 / S1 0 件 / 全長 200.0s
2026-09-23 15:56:20,519 [INFO] src.archive.timeline_builder: アーカイブ Timeline 構築: 1 クリップ / V1 1 本 / S1 0 件 / 全長 100.0s
2026-09-23 15:56:20,519 [INFO] src.archive.timeline_builder: アーカイブ Timeline 構築: 1 クリップ / V1 1 本 / S1 0 件 / 全長 100.0s
2026-09-23 15:56:20,519 [INFO] src.archive.timeline_builder: アーカイブ Timeline 構築: 1 クリップ / V1 1 本 / S1 0 件 / 全長 100.0s
2026-09-23 15:56:20,519 [INFO] src.archive.timeline_builder: アーカイブ Timeline 構築: 1 クリップ / V1 1 本 / S1 0 件 / 全長 100.0s
2026-09-23 15:56:20,519 [INFO] src.archive.timeline_builder: アーカイブ Timeline 構築: 1 クリップ / V1 1 本 / S1 0 件 / 全長 300.0s
2026-09-23 15:56:20,520 [INFO] src.archive.timeline_builder: アーカイブ Timeline 構築: 1 クリップ / V1 1 本 / S1 0 件 / 全長 100.0s
2026-09-23 15:56:20,520 [INFO] src.archive.timeline_builder: アーカイブ Timeline 構築: 1 クリップ / V1 1 本 / S1 0 件 / 全長 100.0s
2026-09-23 15:56:20,520 [INFO] src.archive.timeline_builder: アーカイブ Timeline 構築: 1 クリップ / V1 1 本 / S1 0 件 / 全長 30.0s
2026-09-23 15:56:20,520 [INFO] src.archive.timeline_builder: アーカイブ Timeline 構築: 1 クリップ / V1 1 本 / S1 0 件 / 全長 30.0s
2026-09-23 15:56:20,521 [INFO] src.archive.timeline_builder: アーカイブ Timeline 構築: 1 クリップ / V1 1 本 / S1 0 件 / 全長 30.0s
2026-09-23 15:56:20,521 [INFO] src.archive.timeline_builder: アーカイブ Timeline 構築: 1 クリップ / V1 1 本 / S1 0 件 / 全長 30.0s
2026-09-23 15:56:20,521 [INFO] src.archive.timeline_builder: アーカイブ Timeline 構築: 1 クリップ / V1 1 本 / S1 0 件 / 全長 30.0s
2026-09-23 15:56:20,521 [INFO] src.archive.timeline_builder: アーカイブ Timeline 構築: 3 クリップ / V1 6 本 / S1 6 件 / 全長 30.0s
2026-09-23 15:56:20,522 [INFO] src.archive.timeline_builder: アーカイブ Timeline 構築: 3 クリップ / V1 6 本 / S1 6 件 / 全長 30.0s
2026-09-23 15:56:20,522 [INFO] src.archive.timeline_builder: アーカイブ Timeline 構築: 3 クリップ / V1 6 本 / S1 6 件 / 全長 30.0s
2026-09-23 15:56:20,522 [INFO] src.archive.timeline_builder: アーカイブ Timeline 構築: 3 クリップ / V1 6 本 / S1 6 件 / 全長 30.0s
2026-09-23 15:56:20,522 [INFO] src.archive.timeline_builder: アーカイブ Timeline 構築: 3 クリップ / V1 6 本 / S1 6 件 / 全長 30.0s
2026-09-23 15:56:20,523 [INFO] src.archive.timeline_builder: アーカイブ Timeline 構築: 3 クリップ / V1 6 本 / S1 6 件 / 全長 30.0s
2026-09-23 15:56:20,523 [INFO] src.archive.timeline_builder: アーカイブ Timeline 構築: 3 クリップ / V1 6 本 / S1 6 件 / 全長 30.0s
2026-09-23 15:56:20,523 [INFO] src.archive.timeline_builder: アーカイブ Timeline 構築: 3 クリップ / V1 6 本 / S1 6 件 / 全長 30.0s
2026-09-23 15:56:20,524 [INFO] src.archive.timeline_builder: アーカイブ Timeline 構築: 3 クリップ / V1 6 本 / S1 6 件 / 全長 30.0s
2026-09-23 15:56:20,524 [INFO] src.archive.timeline_builder: アーカイブ Timeline 構築: 1 クリップ / V1 1 本 / S1 2 件 / 全長 30.0s
2026-09-23 15:56:20,524 [INFO] src.archive.timeline_builder: clip1: クリップ終端で打ち切った字幕 1 件 / 載せなかった字幕 0 件
2026-09-23 15:56:20,524 [INFO] src.archive.timeline_builder: clip2: クリップ終端で打ち切った字幕 1 件 / 載せなかった字幕 0 件
2026-09-23 15:56:20,524 [INFO] src.archive.timeline_builder: clip3: クリップ終端で打ち切った字幕 1 件 / 載せなかった字幕 0 件
2026-09-23 15:56:20,524 [INFO] src.archive.timeline_builder: アーカイブ Timeline 構築: 3 クリップ / V1 6 本 / S1 3 件 / 全長 30.0s
2026-09-23 15:56:20,524 [INFO] src.archive.timeline_builder: clip1: クリップ終端で打ち切った字幕 1 件 / 載せなかった字幕 0 件
2026-09-23 15:56:20,525 [INFO] src.archive.timeline_builder: アーカイブ Timeline 構築: 2 クリップ / V1 4 本 / S1 3 件 / 全長 20.0s
2026-09-23 15:56:20,525 [INFO] src.archive.timeline_builder: clip1: クリップ終端で打ち切った字幕 1 件 / 載せなかった字幕 1 件
2026-09-23 15:56:20,525 [INFO] src.archive.timeline_builder: アーカイブ Timeline 構築: 2 クリップ / V1 4 本 / S1 2 件 / 全長 20.0s
2026-09-23 15:56:20,525 [INFO] src.archive.timeline_builder: clip1: クリップ終端で打ち切った字幕 1 件 / 載せなかった字幕 0 件
2026-09-23 15:56:20,525 [INFO] src.archive.timeline_builder: clip2: クリップ終端で打ち切った字幕 1 件 / 載せなかった字幕 0 件
2026-09-23 15:56:20,525 [INFO] src.archive.timeline_builder: アーカイブ Timeline 構築: 2 クリップ / V1 4 本 / S1 2 件 / 全長 20.0s
2026-09-23 15:56:20,525 [INFO] src.archive.timeline_builder: アーカイブ Timeline 構築: 3 クリップ / V1 6 本 / S1 6 件 / 全長 30.0s
2026-09-23 15:56:20,526 [INFO] src.archive.timeline_builder: アーカイブ Timeline 構築: 3 クリップ / V1 6 本 / S1 6 件 / 全長 30.0s
2026-09-23 15:56:20,526 [INFO] src.archive.timeline_builder: アーカイブ Timeline 構築: 3 クリップ / V1 6 本 / S1 6 件 / 全長 30.0s
2026-09-23 15:56:20,527 [INFO] src.archive.timeline_builder: アーカイブ Timeline 構築: 3 クリップ / V1 6 本 / S1 6 件 / 全長 30.0s
2026-09-23 15:56:20,527 [INFO] src.archive.timeline_builder: アーカイブ Timeline 構築: 3 クリップ / V1 6 本 / S1 6 件 / 全長 30.0s
2026-09-23 15:56:20,527 [INFO] src.archive.timeline_builder: アーカイブ Timeline 構築: 3 クリップ / V1 6 本 / S1 6 件 / 全長 30.0s
2026-09-23 15:56:20,528 [INFO] src.archive.timeline_builder: アーカイブ Timeline 構築: 3 クリップ / V1 6 本 / S1 6 件 / 全長 30.0s
2026-09-23 15:56:20,528 [INFO] src.archive.timeline_builder: clip2 は使用しないため書き出しから除外します
2026-09-23 15:56:20,528 [INFO] src.archive.timeline_builder: アーカイブ Timeline 構築: 3 クリップ / V1 6 本 / S1 6 件 / 全長 30.0s
2026-09-23 15:56:20,529 [INFO] src.archive.timeline_builder: アーカイブ Timeline 構築: 3 クリップ / V1 6 本 / S1 6 件 / 全長 30.0s
2026-09-23 15:56:20,529 [INFO] src.archive.timeline_builder: アーカイブ Timeline 構築: 3 クリップ / V1 6 本 / S1 6 件 / 全長 30.0s
2026-09-23 15:56:20,530 [INFO] src.archive.timeline_builder: アーカイブ Timeline 構築: 3 クリップ / V1 6 本 / S1 6 件 / 全長 30.0s
2026-09-23 15:56:20,530 [INFO] src.archive.timeline_builder: アーカイブ Timeline 構築: 3 クリップ / V1 6 本 / S1 6 件 / 全長 30.0s
2026-09-23 15:56:20,530 [INFO] src.archive.timeline_builder: アーカイブ Timeline 構築: 3 クリップ / V1 6 本 / S1 6 件 / 全長 30.0s
2026-09-23 15:56:20,600 [INFO] src.timeline.project_io: プロジェクトを改名しました: sample.timeline.json → renamed.timeline.json
2026-09-23 15:56:20,607 [WARNING] src.blur.config: 未知の blur.silhouette.format のため既定を使用します: unknown
2026-09-23 15:56:20,607 [WARNING] src.blur.config: 未知の blur.render.mode のため既定を使用します: unknown
2026-09-23 15:56:20,682 [WARNING] src.blur.analyzer: PyAV でのデコードに失敗したため FFmpeg へ切り替えます: [Errno 1094995529] Invalid data found when processing input: 'D:\\develop\\autoedit\\tests\\test_blur_manual.py'
2026-09-23 15:56:20,745 [INFO] src.blur.analyzer: ぼかし解析: 枠 0 本を検出しました (m1 0.0〜10.0秒)
2026-09-23 15:56:20,762 [INFO] src.blur.decisions: ぼかし: 以前の書式の指定 1 件は新しい方式へ移せないため引き継ぎません (人物へまとめる処理を廃止したため)
2026-09-23 15:56:20,763 [INFO] src.blur.decisions: ぼかし: 以前の書式の指定 2 件は新しい方式へ移せないため引き継ぎません (人物へまとめる処理を廃止したため)
2026-09-23 15:56:20,947 [WARNING] src.modules.blur_overlay: ぼかしマスクが見つからないため、ぼかしを省略します: 
2026-09-23 15:56:20,967 [INFO] src.blur.mask_builder: ぼかす対象が無いためマスクを作りません
2026-09-23 15:56:20,967 [INFO] src.blur.mask_builder: ぼかす対象が無いためマスクを作りません
2026-09-23 15:56:20,968 [INFO] src.blur.mask_builder: ぼかす対象が無いためマスクを作りません
2026-09-23 15:56:20,969 [INFO] src.blur.store: ぼかしの解析結果を保存しました: sample.blur.json
2026-09-23 15:56:20,971 [INFO] src.blur.store: ぼかしの解析結果を保存しました: sample.blur.json
2026-09-23 15:56:20,972 [INFO] src.blur.mask_builder: ぼかす対象が無いためマスクを作りません
2026-09-23 15:56:20,979 [INFO] src.timeline.renderer: ベース映像構築: 1 クリップ / ギャップ 0 件 / 合計 5.0s
2026-09-23 15:56:20,984 [INFO] src.timeline.renderer: ベース映像の尺: モデル 5.000s / 実測 5.000s (差 +0.000s / 1 部品)
2026-09-23 15:56:20,984 [INFO] src.timeline.renderer: 字幕焼き込み: 1 件
2026-09-23 15:56:20,994 [INFO] src.timeline.renderer: ベース映像構築: 1 クリップ / ギャップ 0 件 / 合計 5.0s
2026-09-23 15:56:21,000 [INFO] src.timeline.renderer: ベース映像の尺: モデル 5.000s / 実測 5.000s (差 +0.000s / 1 部品)
2026-09-23 15:56:21,001 [INFO] src.timeline.renderer: 字幕焼き込み: 1 件
2026-09-23 15:56:21,007 [INFO] src.timeline.renderer: ベース映像構築: 1 クリップ / ギャップ 0 件 / 合計 5.0s
2026-09-23 15:56:21,012 [INFO] src.timeline.renderer: ベース映像の尺: モデル 5.000s / 実測 5.000s (差 +0.000s / 1 部品)
2026-09-23 15:56:21,012 [INFO] src.timeline.renderer: オーバーレイ・字幕が無いため合成をスキップします
2026-09-23 15:56:21,017 [INFO] src.modules.blur_overlay: ぼかしを焼き込みます: blur_applied.mp4
2026-09-23 15:56:21,018 [INFO] src.timeline.renderer: ベース映像構築: 1 クリップ / ギャップ 0 件 / 合計 5.0s
2026-09-23 15:56:21,024 [INFO] src.timeline.renderer: ベース映像の尺: モデル 5.000s / 実測 5.000s (差 +0.000s / 1 部品)
2026-09-23 15:56:21,024 [INFO] src.timeline.renderer: オーバーレイ・字幕が無いため合成をスキップします
2026-09-23 15:56:21,030 [INFO] src.modules.blur_overlay: ぼかしを焼き込みます: blur_applied.mp4
2026-09-23 15:56:21,032 [INFO] src.timeline.renderer: ベース映像構築: 1 クリップ / ギャップ 0 件 / 合計 5.0s
2026-09-23 15:56:21,039 [INFO] src.timeline.renderer: ベース映像の尺: モデル 5.000s / 実測 5.000s (差 +0.000s / 1 部品)
2026-09-23 15:56:21,039 [INFO] src.timeline.renderer: 字幕焼き込み: 1 件
2026-09-23 15:56:21,053 [INFO] src.timeline.renderer: ベース映像構築: 1 クリップ / ギャップ 0 件 / 合計 5.0s
2026-09-23 15:56:21,058 [INFO] src.timeline.renderer: ベース映像の尺: モデル 5.000s / 実測 5.000s (差 +0.000s / 1 部品)
2026-09-23 15:56:21,058 [INFO] src.blur.mask_builder: ぼかす指定が無いためマスクを作りません
2026-09-23 15:56:21,058 [INFO] src.timeline.renderer: オーバーレイ・字幕が無いため合成をスキップします
2026-09-23 15:56:21,063 [INFO] src.timeline.renderer: 中間形式を最終形式へ変換: .mov → mp4 (音声のみ再エンコード)
2026-09-23 15:56:21,981 [INFO] src.modules.subtitle_generator: 縦動画のため字幕設定を縦用へ上書き (font/改行/配置/余白)
2026-09-23 15:56:21,982 [WARNING] src.modules.comment_decor: コメント背景がキャンバスに収まらないため詰めました (推定幅 1181px / 使える幅 1080px)。font_size か max_line_length を下げると解消します
2026-09-23 15:56:21,982 [INFO] src.modules.comment_decor: コメントアイコン: 2 件 / 位置 2 種類
2026-09-23 15:56:21,983 [INFO] src.modules.comment_decor: コメントアイコン: 2 件 / 位置 1 種類
2026-09-23 15:56:21,983 [INFO] src.modules.comment_decor: コメントアイコン: 1 件 / 位置 1 種類
2026-09-23 15:56:21,983 [INFO] src.modules.subtitle_generator: 縦動画のため字幕設定を縦用へ上書き (font/改行/配置/余白)
2026-09-23 15:56:21,983 [WARNING] src.modules.comment_decor: コメントアイコンがキャンバスに収まらないため位置を詰めました (要求 x=-190.0 y=465.0 → x=0.0 y=465.0)。subtitle.comment_margin_l を大きくすると解消します
2026-09-23 15:56:21,983 [INFO] src.modules.subtitle_generator: コメント背景: 1 件
2026-09-23 15:56:21,987 [WARNING] src.modules.subtitle_generator: コメントの Layer が逆転しているため本文を 6 へ引き上げます (背景=5 / 本文=1)
2026-09-23 15:56:21,987 [INFO] src.modules.subtitle_generator: コメント背景: 1 件
2026-09-23 15:56:22,001 [WARNING] src.modules.subtitle_generator: コメントの配置は左寄せ (1/4/7) のみ対応のため 4 を使用します: 2
2026-09-23 15:56:22,004 [INFO] src.modules.subtitle_generator: 縦動画のため字幕設定を縦用へ上書き (font/改行/配置/余白)
2026-09-23 15:56:22,006 [WARNING] src.export.fcpxml_builder: タイムライン終端を超える字幕をクリップ末尾へクランプしました (丸め誤差の端数など)。
2026-09-23 15:56:22,013 [INFO] src.modules.loudness_normalizer: 入力ラウドネス: I=-9.2 LUFS / TP=-0.3 dBTP / LRA=5.1 LU → 目標 I=-14.0 LUFS / TP=-1.0 dBTP (offset 0.4 dB)
2026-09-23 15:56:22,019 [ERROR] src.modules.loudness_normalizer: ラウドネス正規化の適用に失敗 (元音声のまま継続): in.mp4
Traceback (most recent call last):
  File "D:\develop\autoedit\src\modules\loudness_normalizer.py", line 219, in normalize_file
    ffmpeg_runner.execute(
  File "C:\Users\evolu\AppData\Local\Programs\Python\Python312\Lib\unittest\mock.py", line 1139, in __call__
    return self._mock_call(*args, **kwargs)
           ^^^^^^^^^^^^^^^^^^^^^^^^^^^^^^^^
  File "C:\Users\evolu\AppData\Local\Programs\Python\Python312\Lib\unittest\mock.py", line 1143, in _mock_call
    return self._execute_mock_call(*args, **kwargs)
           ^^^^^^^^^^^^^^^^^^^^^^^^^^^^^^^^^^^^^^^^
  File "C:\Users\evolu\AppData\Local\Programs\Python\Python312\Lib\unittest\mock.py", line 1198, in _execute_mock_call
    raise effect
src.exceptions.FFmpegError: 失敗
2026-09-23 15:56:22,021 [INFO] src.modules.loudness_normalizer: ラウドネス正規化は無効のためスキップ
2026-09-23 15:56:22,021 [WARNING] src.modules.loudness_normalizer: ラウドネス測定に失敗したため正規化をスキップ (元音声のまま継続): in.mp4
2026-09-23 15:56:22,022 [INFO] src.modules.loudness_normalizer: 音声ストリームが無いためラウドネス正規化をスキップ: in.mp4
2026-09-23 15:56:22,031 [INFO] src.modules.loudness_normalizer: ラウドネス正規化 完了: out.mp4
2026-09-23 15:56:22,032 [INFO] src.modules.loudness_normalizer: 入力ラウドネス: I=-9.2 LUFS / TP=-0.3 dBTP / LRA=5.1 LU → 目標 I=-14.0 LUFS / TP=-1.0 dBTP (offset 0.4 dB)
2026-09-23 15:56:22,040 [INFO] src.modules.loudness_normalizer: ラウドネス正規化 完了: out.mp4
2026-09-23 15:56:22,041 [INFO] src.timeline.media_recovery: 本編素材を元動画から作り直します: C:\Users\evolu\AppData\Local\Temp\media_recovery_test_mudvi2at\sample.mp4
2026-09-23 15:56:22,045 [WARNING] src.timeline.media_recovery: 素材が見つかりません: m2 (C:\Users\evolu\AppData\Local\Temp\media_recovery_test_2plrusyi\gone.png)
2026-09-23 15:56:22,048 [INFO] src.timeline.media_recovery: 素材を差し替え済みのフォルダで見つけました: m3 → C:\Users\evolu\AppData\Local\Temp\media_recovery_test_cs3xm1ze\moved\logo2.png
2026-09-23 15:56:22,051 [INFO] src.timeline.media_recovery: 本編素材を元動画から作り直します: C:\Users\evolu\AppData\Local\Temp\media_recovery_test_g9vgpyw8\sample.mp4
2026-09-23 15:56:22,054 [WARNING] src.timeline.media_recovery: 元動画が見つからないため本編素材を復旧できません: C:\Users\evolu\AppData\Local\Temp\media_recovery_test__qyvyucz\no_such_input.mp4
2026-09-23 15:56:22,054 [WARNING] src.timeline.media_recovery: 素材が見つかりません: m1 (C:\Users\evolu\AppData\Local\Temp\media_recovery_test__qyvyucz\work\loudness_normalized.mp4)
2026-09-23 15:56:22,058 [INFO] src.timeline.media_recovery: 本編素材は元動画そのものだったため、そのまま使います: C:\Users\evolu\AppData\Local\Temp\media_recovery_test_ikbwtq2d\sample.mp4
2026-09-23 15:56:22,060 [INFO] src.timeline.media_recovery: 素材を相対パスで見つけました: m2 → C:\Users\evolu\AppData\Local\Temp\media_recovery_test_j3kt7j5j\assets\logo.png
2026-09-23 15:56:22,066 [INFO] src.timeline.media_recovery: 設定に従い元動画をそのまま使います (音量は正規化前): C:\Users\evolu\AppData\Local\Temp\media_recovery_test_1bnwow6t\sample.mp4
2026-09-23 15:56:22,070 [INFO] src.services.points: ポイントを予約しました: clip/video 25pt (watermark=False)
2026-09-23 15:56:22,071 [WARNING] src.services.points: ポイント残高を取得できませんでした: 断
2026-09-23 15:56:22,074 [INFO] src.services.points: ポイントを予約しました: clip/video 25pt (watermark=False)
2026-09-23 15:56:22,075 [WARNING] src.services.points: ポイントのcommitを送信できませんでした (再送します): 接続できません
2026-09-23 15:56:22,090 [INFO] src.services.points: ポイントを予約しました: clip/video 25pt (watermark=False)
2026-09-23 15:56:22,095 [WARNING] src.services.points: ポイントのcommitを送信できませんでした (再送します): 断
2026-09-23 15:56:22,099 [INFO] src.services.points: 保留していたポイント処理を 2 件送信しました。
2026-09-23 15:56:22,102 [WARNING] src.services.points: ポイントを予約できませんでした: 再ログインが必要です。
2026-09-23 15:56:22,103 [INFO] src.services.points: ポイントを予約しました: clip/video 25pt (watermark=False)
2026-09-23 15:56:22,104 [WARNING] src.services.points: ポイントのcancelが拒否されました: 確定済み
2026-09-23 15:56:22,108 [INFO] src.services.points: 保留していたポイント処理を 1 件送信しました。
2026-09-23 15:56:22,109 [INFO] src.services.points: ポイントを予約しました: clip/video 25pt (watermark=False)
2026-09-23 15:56:22,127 [INFO] src.services.points: サブスク判定のキャッシュが古いため watermark を入れます。
2026-09-23 15:56:22,127 [WARNING] src.services.points: ポイントを予約できませんでした (オフライン): 接続できません
2026-09-23 15:56:22,141 [WARNING] src.services.points: ポイントを予約できませんでした (オフライン): 接続できません
2026-09-23 15:56:22,142 [WARNING] src.services.points: ポイントを予約できませんでした (オフライン): 接続できません
2026-09-23 15:56:22,143 [WARNING] src.services.points: ポイントを予約できませんでした: 想定外
2026-09-23 15:56:22,146 [INFO] src.services.points: ポイントを予約しました: clip/resolveProject 0pt (watermark=False)
2026-09-23 15:56:22,161 [INFO] src.services.points: ポイントを予約しました: clip/video 25pt (watermark=False)
2026-09-23 15:56:22,162 [INFO] src.services.points: ポイントを予約しました: archive/video 0pt (watermark=True)
2026-09-23 15:56:22,189 [WARNING] src.timeline.builder: フレーム間引きの設定が不正なため none を使用します: 'all'
2026-09-23 15:56:22,208 [INFO] src.timeline.project_io: プロジェクト保存: C:\Users\evolu\AppData\Local\Temp\library_summary_f182ewpj\vod.archive.timeline.json
2026-09-23 15:56:22,226 [WARNING] src.timeline.project_io: プロジェクトの概要を読めませんでした: C:\Users\evolu\AppData\Local\Temp\library_summary_z2eyfw5e\broken.timeline.json
2026-09-23 15:56:22,232 [INFO] src.timeline.project_io: プロジェクト保存: C:\Users\evolu\AppData\Local\Temp\library_summary__u0lazks\sample.timeline.json
2026-09-23 15:56:22,248 [INFO] src.timeline.project_io: プロジェクト保存: C:\Users\evolu\AppData\Local\Temp\library_summary_9i300qhn\sample.timeline.json
2026-09-23 15:56:22,267 [INFO] src.timeline.project_io: プロジェクト保存: C:\Users\evolu\AppData\Local\Temp\library_rename_758u_j35\old.timeline.json
2026-09-23 15:56:22,278 [INFO] src.timeline.project_io: プロジェクト保存: C:\Users\evolu\AppData\Local\Temp\library_rename_lkwc0ytm\old.timeline.json
2026-09-23 15:56:22,287 [INFO] src.timeline.project_io: プロジェクト保存: C:\Users\evolu\AppData\Local\Temp\library_rename_oum8x2yw\old.timeline.json
2026-09-23 15:56:22,307 [INFO] src.timeline.project_io: プロジェクトを改名しました: old.timeline.json → new.timeline.json
2026-09-23 15:56:22,325 [INFO] src.timeline.project_io: プロジェクト保存: C:\Users\evolu\AppData\Local\Temp\library_rename_4102sfyq\old.timeline.json
2026-09-23 15:56:22,339 [INFO] src.timeline.project_io: プロジェクトを改名しました: old.timeline.json → new.timeline.json
2026-09-23 15:56:22,348 [INFO] src.timeline.project_io: プロジェクト保存: C:\Users\evolu\AppData\Local\Temp\library_rename_xrhcw16h\old.timeline.json
2026-09-23 15:56:22,371 [INFO] src.timeline.project_io: プロジェクトが 5 件見つかりました (新しい 2 件を表示します)
2026-09-23 15:56:22,406 [WARNING] src.export.resolve_export: ソース総尺の取得に失敗 (タイムライン全長で代用): C:\Users\evolu\AppData\Local\Temp\resolve_export_test_wqxvrgmh\sample.mp4
2026-09-23 15:56:22,419 [WARNING] src.export.resolve_export: ソース総尺の取得に失敗 (タイムライン全長で代用): C:\Users\evolu\AppData\Local\Temp\resolve_export_test_0sh6_mcg\sample.mp4
2026-09-23 15:56:22,434 [WARNING] src.export.resolve_export: ソース総尺の取得に失敗 (タイムライン全長で代用): C:\Users\evolu\AppData\Local\Temp\resolve_export_test_6z_kcfgv\sample.mp4
2026-09-23 15:56:22,448 [WARNING] src.export.resolve_export: ソース総尺の取得に失敗 (タイムライン全長で代用): C:\Users\evolu\AppData\Local\Temp\resolve_export_test_50amlwod\sample.mp4
2026-09-23 15:56:22,449 [WARNING] src.export.resolve_export: テーマ演出はテキストと区間のみを出力します (ブラー・黒帯などの映像エフェクトは FCPXML で表現できません)。
2026-09-23 15:56:22,449 [WARNING] src.export.resolve_export: 字幕位置は配置(alignment)＋余白からの近似です。Resolve 取り込み時に位置が中央へ戻る場合があります (フォント/サイズ/色は保持)。
2026-09-23 15:56:22,462 [WARNING] src.export.resolve_export: ソース総尺の取得に失敗 (タイムライン全長で代用): C:\Users\evolu\AppData\Local\Temp\resolve_export_test_zwn8bs9e\sample.mp4
2026-09-23 15:56:22,479 [WARNING] src.export.resolve_export: ソース総尺の取得に失敗 (タイムライン全長で代用): C:\Users\evolu\AppData\Local\Temp\resolve_export_test_cu1byxpm\sample.mp4
2026-09-23 15:56:22,502 [WARNING] src.export.resolve_export: ソース総尺の取得に失敗 (タイムライン全長で代用): C:\Users\evolu\AppData\Local\Temp\resolve_export_test_yfcflk32\sample.mp4
2026-09-23 15:56:22,520 [WARNING] src.export.resolve_export: ソース総尺の取得に失敗 (タイムライン全長で代用): C:\Users\evolu\AppData\Local\Temp\resolve_export_test_yfcflk32\sample.mp4
2026-09-23 15:56:22,537 [WARNING] src.export.resolve_export: ソース総尺の取得に失敗 (タイムライン全長で代用): C:\Users\evolu\AppData\Local\Temp\resolve_export_test_2ndymkal\sample.mp4
2026-09-23 15:56:22,537 [WARNING] src.export.resolve_export: 未対応の字幕出力方式 export.resolve.subtitle.mode=bogus のため caption で出力します
2026-09-23 15:56:22,549 [WARNING] src.export.resolve_export: ソース総尺の取得に失敗 (タイムライン全長で代用): C:\Users\evolu\AppData\Local\Temp\resolve_export_test_khuw235s\sample.mp4
2026-09-23 15:56:22,566 [WARNING] src.export.resolve_export: ソース総尺の取得に失敗 (タイムライン全長で代用): C:\Users\evolu\AppData\Local\Temp\resolve_export_test_dp83hy_d\sample.mp4
2026-09-23 15:56:22,588 [WARNING] src.export.resolve_export: ソース総尺の取得に失敗 (タイムライン全長で代用): C:\Users\evolu\AppData\Local\Temp\resolve_export_test_ffyzn_tj\sample.mp4
2026-09-23 15:56:22,606 [WARNING] src.export.resolve_export: ソース総尺の取得に失敗 (タイムライン全長で代用): C:\Users\evolu\AppData\Local\Temp\resolve_export_test_j344emkf\sample.mp4
2026-09-23 15:56:22,617 [WARNING] src.export.resolve_export: ソース総尺の取得に失敗 (タイムライン全長で代用): C:\Users\evolu\AppData\Local\Temp\resolve_export_test_sc9uzn_p\sample.mp4
2026-09-23 15:56:22,636 [WARNING] src.export.resolve_export: ソース総尺の取得に失敗 (タイムライン全長で代用): C:\Users\evolu\AppData\Local\Temp\resolve_export_test_m594kvp6\sample.mp4
2026-09-23 15:56:22,653 [WARNING] src.export.resolve_export: ソース総尺の取得に失敗 (タイムライン全長で代用): C:\Users\evolu\AppData\Local\Temp\resolve_export_test_di4ql_yr\sample.mp4
2026-09-23 15:56:22,667 [WARNING] src.export.resolve_export: ソース総尺の取得に失敗 (タイムライン全長で代用): C:\Users\evolu\AppData\Local\Temp\resolve_export_test_if78_7v0\sample.mp4
2026-09-23 15:56:22,680 [WARNING] src.export.resolve_export: ソース総尺の取得に失敗 (タイムライン全長で代用): C:\Users\evolu\AppData\Local\Temp\resolve_export_test_59s5xokh\sample.mp4
2026-09-23 15:56:22,680 [INFO] src.export.resolve_export: 編集点が無いため全長 1 クリップとして出力します
2026-09-23 15:56:22,697 [WARNING] src.export.resolve_export: ソース総尺の取得に失敗 (タイムライン全長で代用): C:\Users\evolu\AppData\Local\Temp\resolve_export_test_l_ftk2ac\sample.mp4
2026-09-23 15:56:22,697 [INFO] src.export.resolve_export: Resolve 出力開始: C:\Users\evolu\AppData\Local\Temp\resolve_export_test_l_ftk2ac\out2.fcpxml (クリップ 1 件 / 字幕 caption 1 件 / title・テーマ 0 件 / 1920x1080 60fps)
2026-09-23 15:56:22,699 [INFO] src.export.resolve_export: 字幕トラックのスタイルは Resolve の字幕トラックヘッダー選択 → インスペクタ → Track Style で一括設定できます (Resolve 19 以降は Text+ スタイルも指定可)。
2026-09-23 15:56:22,699 [INFO] src.export.resolve_export: Resolve 出力完了: C:\Users\evolu\AppData\Local\Temp\resolve_export_test_l_ftk2ac\out2.fcpxml (タイムライン尺 5.00s)
2026-09-23 15:56:22,717 [WARNING] src.export.resolve_export: ソース総尺の取得に失敗 (タイムライン全長で代用): C:\Users\evolu\AppData\Local\Temp\resolve_export_test__yxxcd1k\sample.mp4
2026-09-23 15:56:22,717 [INFO] src.export.resolve_export: Resolve 出力開始: C:\Users\evolu\AppData\Local\Temp\resolve_export_test__yxxcd1k\out3.fcpxml (クリップ 1 件 / 字幕 caption 0 件 / title・テーマ 0 件 / 1920x1080 60fps)
2026-09-23 15:56:22,719 [INFO] src.export.resolve_export: Resolve 出力完了: C:\Users\evolu\AppData\Local\Temp\resolve_export_test__yxxcd1k\out3.fcpxml (タイムライン尺 5.00s)
2026-09-23 15:56:22,733 [WARNING] src.export.resolve_export: ソース総尺の取得に失敗 (タイムライン全長で代用): C:\Users\evolu\AppData\Local\Temp\resolve_export_test_uuo7ifsl\sample.mp4
2026-09-23 15:56:22,733 [INFO] src.export.resolve_export: Resolve 出力開始: C:\Users\evolu\AppData\Local\Temp\resolve_export_test_uuo7ifsl\out.fcpxml (クリップ 1 件 / 字幕 caption 1 件 / title・テーマ 0 件 / 1920x1080 60fps)
2026-09-23 15:56:22,740 [INFO] src.export.resolve_export: SRT サイドカー出力: C:\Users\evolu\AppData\Local\Temp\resolve_export_test_uuo7ifsl\out.srt (1 件)
2026-09-23 15:56:22,740 [INFO] src.export.resolve_export: Resolve 出力完了: C:\Users\evolu\AppData\Local\Temp\resolve_export_test_uuo7ifsl\out.fcpxml / C:\Users\evolu\AppData\Local\Temp\resolve_export_test_uuo7ifsl\out.srt (タイムライン尺 5.00s)
2026-09-23 15:56:22,743 [INFO] src.export.resolve_export: Resolve 出力を中止 (上書きしない): C:\Users\evolu\AppData\Local\Temp\resolve_export_test_uuo7ifsl\out.fcpxml
2026-09-23 15:56:22,833 [INFO] src.modules.subtitle_generator: 縦動画のため字幕設定を縦用へ上書き (font/改行/配置/余白)
2026-09-23 15:56:22,840 [WARNING] src.services.stretheus_auth: API の日時を解釈できませんでした。
2026-09-23 15:56:22,869 [INFO] src.services.stretheus_auth: Stretheus のログインページを開きます (ポート50104)
2026-09-23 15:56:22,876 [INFO] src.services.stretheus_auth: Stretheus へログインしました。
2026-09-23 15:56:23,946 [INFO] src.services.stretheus_auth: Stretheus のログインページを開きます (ポート50112)
2026-09-23 15:56:23,960 [INFO] src.services.stretheus_auth: Stretheus へログインしました。
2026-09-23 15:56:25,000 [INFO] src.services.stretheus_auth: Stretheus のログインページを開きます (ポート50120)
2026-09-23 15:56:25,044 [INFO] src.services.stretheus_auth: Stretheus へログインしました。
2026-09-23 15:56:25,553 [INFO] src.services.stretheus_auth: Stretheus のログインページを開きます (ポート50125)
2026-09-23 15:56:25,560 [INFO] src.services.stretheus_auth: Stretheus へログインしました。
2026-09-23 15:56:26,078 [INFO] src.services.stretheus_auth: Stretheus のログインページを開きます (ポート50132)
2026-09-23 15:56:26,081 [INFO] src.services.stretheus_auth: Stretheus へログインしました。
2026-09-23 15:56:26,605 [INFO] src.services.stretheus_auth: Stretheus のログインページを開きます (ポート50138)
2026-09-23 15:56:26,623 [INFO] src.services.stretheus_auth: Stretheus へログインしました。
2026-09-23 15:56:27,124 [INFO] src.modules.subtitle_generator: テロップ個別指定 フォント 0 件 / サイズ 0 件 / 文字色 1 件 / 縁の色 0 件
2026-09-23 15:56:27,129 [INFO] src.modules.subtitle_generator: テロップ個別指定 フォント 0 件 / サイズ 0 件 / 文字色 1 件 / 縁の色 0 件
2026-09-23 15:56:27,146 [INFO] src.modules.subtitle_generator: テロップ個別指定 フォント 0 件 / サイズ 0 件 / 文字色 0 件 / 縁の色 1 件
2026-09-23 15:56:27,148 [INFO] src.modules.subtitle_generator: テロップ個別指定 フォント 0 件 / サイズ 0 件 / 文字色 0 件 / 縁の色 1 件
2026-09-23 15:56:27,150 [INFO] src.modules.subtitle_generator: テロップ個別指定 フォント 1 件 / サイズ 1 件 / 文字色 1 件 / 縁の色 1 件
2026-09-23 15:56:27,154 [INFO] src.timeline.commands: コメント用の字幕トラックを作成しました: S2
2026-09-23 15:56:27,154 [INFO] src.timeline.commands: 移動先 S2 が空いていないため役割だけ変更しました: s1
2026-09-23 15:56:27,154 [INFO] src.timeline.commands: コメント用の字幕トラックを作成しました: S2
2026-09-23 15:56:27,154 [INFO] src.timeline.commands: コメント用の字幕トラックを作成しました: S2
2026-09-23 15:56:27,155 [INFO] src.timeline.commands: コメント用の字幕トラックを作成しました: S2
2026-09-23 15:56:27,156 [INFO] src.timeline.project_io: プロジェクト保存: C:\Users\evolu\AppData\Local\Temp\tmp6a7duz_j\sample.timeline.json
2026-09-23 15:56:27,172 [INFO] src.modules.subtitle_generator: VAD フィルタ有効 (min_silence=500ms, speech_pad=100ms, condition_on_previous_text=False)
2026-09-23 15:56:27,173 [WARNING] src.modules.subtitle_generator: VAD 付き認識に失敗したため VAD 無しで再試行します: VAD の初期化に失敗しました (テスト)
2026-09-23 15:56:27,173 [INFO] src.modules.subtitle_generator: VAD フィルタ有効 (min_silence=800ms, speech_pad=100ms, condition_on_previous_text=False)
2026-09-23 15:56:27,173 [INFO] src.modules.subtitle_generator: VAD フィルタ有効 (min_silence=500ms, speech_pad=100ms, condition_on_previous_text=False)
2026-09-23 15:56:27,216 [INFO] src.timeline.commands: 貼り付けの割り込み: V1 の 5.000s へ 10.00s を確保 / 移動 2 件・分割 1 件・切詰 0 件
2026-09-23 15:56:27,216 [INFO] src.timeline.commands: 貼り付けの割り込み: V2 の 5.000s へ 10.00s を確保 / 移動 2 件・分割 0 件・切詰 0 件
2026-09-23 15:56:27,216 [INFO] src.timeline.commands: 貼り付けの割り込み: S1 の 5.000s へ 10.00s を確保 / 移動 1 件・分割 0 件・切詰 0 件
2026-09-23 15:56:27,216 [INFO] src.timeline.commands: 貼り付けの割り込み: V1 の 5.000s へ 10.00s を確保 / 移動 2 件・分割 1 件・切詰 0 件
2026-09-23 15:56:27,216 [INFO] src.timeline.commands: 貼り付けの割り込み: V2 の 5.000s へ 10.00s を確保 / 移動 2 件・分割 0 件・切詰 0 件
2026-09-23 15:56:27,216 [INFO] src.timeline.commands: 貼り付けの割り込み: S1 の 5.000s へ 10.00s を確保 / 移動 1 件・分割 0 件・切詰 0 件
2026-09-23 15:56:27,217 [INFO] src.timeline.commands: 貼り付けの割り込み: V1 の 5.000s へ 10.00s を確保 / 移動 2 件・分割 1 件・切詰 0 件
2026-09-23 15:56:27,217 [INFO] src.timeline.commands: 貼り付けの割り込み: V2 の 5.000s へ 10.00s を確保 / 移動 2 件・分割 0 件・切詰 0 件
2026-09-23 15:56:27,217 [INFO] src.timeline.commands: 貼り付けの割り込み: S1 の 5.000s へ 10.00s を確保 / 移動 1 件・分割 0 件・切詰 0 件
2026-09-23 15:56:27,217 [INFO] src.timeline.commands: 貼り付けの割り込み: V1 の 5.000s へ 15.00s を確保 / 移動 3 件・分割 0 件・切詰 0 件
2026-09-23 15:56:27,217 [INFO] src.timeline.commands: 貼り付けの割り込み: V2 の 5.000s へ 15.00s を確保 / 移動 2 件・分割 0 件・切詰 0 件
2026-09-23 15:56:27,217 [INFO] src.timeline.commands: 貼り付けの割り込み: S1 の 5.000s へ 15.00s を確保 / 移動 1 件・分割 0 件・切詰 0 件
2026-09-23 15:56:27,217 [INFO] src.timeline.commands: 貼り付けの割り込み: V1 の 10.020s へ 10.02s を確保 / 移動 2 件・分割 0 件・切詰 0 件
2026-09-23 15:56:27,217 [INFO] src.timeline.commands: 貼り付けの割り込み: V2 の 10.020s へ 10.02s を確保 / 移動 1 件・分割 0 件・切詰 0 件
2026-09-23 15:56:27,218 [INFO] src.timeline.commands: 貼り付けの割り込み: S1 の 10.020s へ 10.02s を確保 / 移動 1 件・分割 0 件・切詰 0 件
2026-09-23 15:56:27,218 [INFO] src.timeline.commands: 貼り付けの割り込み: V1 の 19.980s へ 9.98s を確保 / 移動 1 件・分割 0 件・切詰 1 件
2026-09-23 15:56:27,218 [INFO] src.timeline.commands: 貼り付けの割り込み: V2 の 19.980s へ 9.98s を確保 / 移動 1 件・分割 0 件・切詰 0 件
2026-09-23 15:56:27,218 [INFO] src.timeline.commands: 貼り付けの割り込み: S1 の 19.980s へ 9.98s を確保 / 移動 0 件・分割 0 件・切詰 0 件
2026-09-23 15:56:27,218 [WARNING] src.timeline.commands: 素材が見つからないため貼り付けません: D:\develop\autoedit\tests\存在しない素材.mp4
2026-09-23 15:56:27,219 [INFO] src.timeline.commands: 貼り付けの割り込み: V1 の 5.000s へ 10.00s を確保 / 移動 2 件・分割 1 件・切詰 0 件
2026-09-23 15:56:27,219 [INFO] src.timeline.commands: 貼り付けの割り込み: V2 の 5.000s へ 10.00s を確保 / 移動 2 件・分割 0 件・切詰 0 件
2026-09-23 15:56:27,219 [INFO] src.timeline.commands: 貼り付けの割り込み: S1 の 5.000s へ 10.00s を確保 / 移動 1 件・分割 0 件・切詰 0 件
2026-09-23 15:56:27,219 [INFO] src.timeline.commands: 貼り付けの割り込み: V1 の 5.000s へ 10.00s を確保 / 移動 2 件・分割 1 件・切詰 0 件
2026-09-23 15:56:27,219 [INFO] src.timeline.commands: 貼り付けの割り込み: V2 の 5.000s へ 10.00s を確保 / 移動 2 件・分割 0 件・切詰 0 件
2026-09-23 15:56:27,219 [INFO] src.timeline.commands: 貼り付けの割り込み: S1 の 5.000s へ 10.00s を確保 / 移動 1 件・分割 0 件・切詰 0 件
2026-09-23 15:56:27,220 [INFO] src.timeline.commands: 貼り付けの割り込み: V1 の 5.000s へ 10.00s を確保 / 移動 2 件・分割 1 件・切詰 0 件
2026-09-23 15:56:27,220 [INFO] src.timeline.commands: 貼り付けの割り込み: V2 の 5.000s へ 10.00s を確保 / 移動 2 件・分割 0 件・切詰 0 件
2026-09-23 15:56:27,220 [INFO] src.timeline.commands: 貼り付けの割り込み: S1 の 5.000s へ 10.00s を確保 / 移動 1 件・分割 0 件・切詰 0 件
2026-09-23 15:56:27,220 [INFO] src.timeline.commands: 貼り付けの割り込み: V1 の 5.000s へ 10.00s を確保 / 移動 2 件・分割 1 件・切詰 0 件
2026-09-23 15:56:27,220 [INFO] src.timeline.commands: 貼り付けの割り込み: V2 の 5.000s へ 10.00s を確保 / 移動 2 件・分割 0 件・切詰 0 件
2026-09-23 15:56:27,220 [INFO] src.timeline.commands: 貼り付けの割り込み: S1 の 5.000s へ 10.00s を確保 / 移動 1 件・分割 0 件・切詰 0 件
2026-09-23 15:56:27,220 [INFO] src.timeline.commands: 貼り付けの割り込み: V1 の 5.000s へ 10.00s を確保 / 移動 2 件・分割 1 件・切詰 0 件
2026-09-23 15:56:27,220 [INFO] src.timeline.commands: 貼り付けの割り込み: V2 の 5.000s へ 10.00s を確保 / 移動 2 件・分割 0 件・切詰 0 件
2026-09-23 15:56:27,220 [INFO] src.timeline.commands: 貼り付けの割り込み: S1 の 5.000s へ 10.00s を確保 / 移動 1 件・分割 0 件・切詰 0 件
2026-09-23 15:56:27,220 [INFO] src.timeline.commands: 貼り付けの割り込み: V2 の 4.000s へ 2.00s を確保 / 移動 2 件・分割 0 件・切詰 0 件
2026-09-23 15:56:27,220 [INFO] src.timeline.commands: 貼り付けの割り込み: V2 の 4.000s へ 2.00s を確保 / 移動 2 件・分割 0 件・切詰 0 件
2026-09-23 15:56:27,220 [INFO] src.timeline.commands: 貼り付けの割り込み: V2 の 4.000s へ 2.00s を確保 / 移動 2 件・分割 0 件・切詰 0 件
2026-09-23 15:56:27,222 [INFO] src.timeline.clipboard: Timeline のノードをコピーしました: 1 件
2026-09-23 15:56:27,222 [INFO] src.timeline.clipboard: Timeline のノードをコピーしました: 1 件
2026-09-23 15:56:27,222 [INFO] src.timeline.commands: 貼り付けの割り込み: V1 の 4.000s へ 2.00s を確保 / 移動 2 件・分割 1 件・切詰 0 件
2026-09-23 15:56:27,222 [INFO] src.timeline.commands: 貼り付けの割り込み: V2 の 4.000s へ 2.00s を確保 / 移動 2 件・分割 0 件・切詰 0 件
2026-09-23 15:56:27,222 [INFO] src.timeline.commands: 貼り付けの割り込み: S1 の 4.000s へ 2.00s を確保 / 移動 1 件・分割 0 件・切詰 0 件
2026-09-23 15:56:27,222 [INFO] src.timeline.commands: 貼り付けの割り込み: V2 の 4.000s へ 2.00s を確保 / 移動 2 件・分割 0 件・切詰 0 件
2026-09-23 15:56:27,222 [INFO] src.timeline.commands: 貼り付けの割り込み: V1 の 5.000s へ 10.00s を確保 / 移動 2 件・分割 1 件・切詰 0 件
2026-09-23 15:56:27,222 [INFO] src.timeline.commands: 貼り付けの割り込み: V2 の 5.000s へ 10.00s を確保 / 移動 2 件・分割 0 件・切詰 0 件
2026-09-23 15:56:27,223 [INFO] src.timeline.commands: 貼り付けの割り込み: V1 の 5.000s へ 10.00s を確保 / 移動 2 件・分割 1 件・切詰 0 件
2026-09-23 15:56:27,223 [WARNING] src.timeline.builder: 貼り付けの設定が不正なため既定 base_syncs_all を使用します: 'なにか'
2026-09-23 15:56:27,223 [WARNING] src.timeline.builder: 貼り付けの設定が不正なため既定 split を使用します: 123
2026-09-23 15:56:27,224 [INFO] src.timeline.commands: 貼り付けの割り込み: V1 の 5.000s へ 10.00s を確保 / 移動 2 件・分割 1 件・切詰 0 件
2026-09-23 15:56:27,224 [INFO] src.timeline.commands: 貼り付けの割り込み: V2 の 5.000s へ 10.00s を確保 / 移動 2 件・分割 0 件・切詰 0 件
2026-09-23 15:56:27,224 [INFO] src.timeline.commands: 貼り付けの割り込み: S1 の 5.000s へ 10.00s を確保 / 移動 1 件・分割 0 件・切詰 0 件
2026-09-23 15:56:27,225 [WARNING] src.timeline.commands: 映像トラックの上限 (3) に達しているため追加できません
2026-09-23 15:56:27,226 [INFO] src.timeline.commands: 字幕を追加できる空きがありません (2.000 秒)
2026-09-23 15:56:27,226 [INFO] src.timeline.commands: 字幕を追加できる空きがありません (0.990 秒)
2026-09-23 15:56:27,226 [INFO] src.timeline.commands: リップル: 10.000〜20.000s (10.00s) を除去 / 削除 1 件・短縮 0 件・移動 1 件
2026-09-23 15:56:27,227 [INFO] src.timeline.commands: リップル: 10.000〜20.000s (10.00s) を除去 / 削除 1 件・短縮 0 件・移動 1 件
2026-09-23 15:56:27,227 [INFO] src.timeline.commands: リップル: 10.000〜20.000s (10.00s) を除去 / 削除 1 件・短縮 0 件・移動 1 件
2026-09-23 15:56:27,227 [INFO] src.timeline.commands: リップル: 0.000〜10.000s (10.00s) を除去 / 削除 2 件・短縮 0 件・移動 1 件
2026-09-23 15:56:27,227 [INFO] src.timeline.commands: リップル: 10.000〜20.000s (10.00s) を除去 / 削除 1 件・短縮 0 件・移動 1 件
2026-09-23 15:56:27,228 [INFO] src.timeline.commands: リップル: 10.000〜20.000s (10.00s) を除去 / 削除 2 件・短縮 1 件・移動 2 件
2026-09-23 15:56:27,228 [INFO] src.timeline.commands: リップル: 10.000〜20.000s (10.00s) を除去 / 削除 2 件・短縮 1 件・移動 2 件
2026-09-23 15:56:27,228 [INFO] src.timeline.commands: リップル: 10.000〜20.000s (10.00s) を除去 / 削除 2 件・短縮 1 件・移動 2 件
2026-09-23 15:56:27,228 [INFO] src.timeline.commands: リップル: 10.000〜20.000s (10.00s) を除去 / 削除 2 件・短縮 1 件・移動 2 件
2026-09-23 15:56:27,229 [INFO] src.timeline.commands: リップル: 10.000〜20.000s (10.00s) を除去 / 削除 2 件・短縮 1 件・移動 2 件
2026-09-23 15:56:27,229 [INFO] src.timeline.commands: リップル: 10.000〜20.000s (10.00s) を除去 / 削除 2 件・短縮 1 件・移動 2 件
2026-09-23 15:56:27,229 [INFO] src.timeline.commands: リップル: 10.000〜20.000s (10.00s) を除去 / 削除 2 件・短縮 0 件・移動 3 件
2026-09-23 15:56:27,229 [INFO] src.timeline.commands: リップル: 10.000〜20.000s (10.00s) を除去 / 削除 1 件・短縮 0 件・移動 1 件
2026-09-23 15:56:27,229 [INFO] src.timeline.commands: リップル: 10.000〜20.000s (10.00s) を除去 / 削除 2 件・短縮 1 件・移動 2 件
2026-09-23 15:56:27,229 [INFO] src.timeline.commands: 残り尺が下限を割るためクリップごとリップル削除しました: c2
2026-09-23 15:56:27,229 [INFO] src.timeline.commands: リップル: 10.000〜20.000s (10.00s) を除去 / 削除 1 件・短縮 0 件・移動 2 件
2026-09-23 15:56:27,229 [INFO] src.timeline.commands: リップル: 15.000〜20.000s (5.00s) を除去 / 削除 0 件・短縮 1 件・移動 2 件
2026-09-23 15:56:27,229 [INFO] src.timeline.commands: リップル: 10.000〜15.000s (5.00s) を除去 / 削除 0 件・短縮 1 件・移動 2 件
2026-09-23 15:56:27,229 [INFO] src.timeline.commands: リップル: 15.000〜20.000s (5.00s) を除去 / 削除 0 件・短縮 1 件・移動 2 件
2026-09-23 15:56:27,229 [INFO] src.timeline.commands: リップル: 15.000〜20.000s (5.00s) を除去 / 削除 0 件・短縮 1 件・移動 2 件
2026-09-23 15:56:27,230 [INFO] src.timeline.commands: リップル: 26.000〜27.000s (1.00s) を除去 / 削除 0 件・短縮 2 件・移動 0 件
2026-09-23 15:56:27,231 [INFO] src.timeline.commands: リップル: 10.000〜20.000s (10.00s) を除去 / 削除 1 件・短縮 0 件・移動 1 件
2026-09-23 15:56:27,231 [INFO] src.timeline.commands: リップル: 10.000〜20.000s (10.00s) を除去 / 削除 1 件・短縮 0 件・移動 1 件
2026-09-23 15:56:27,231 [INFO] src.timeline.commands: リップル: 10.000〜20.000s (10.00s) を除去 / 削除 1 件・短縮 0 件・移動 1 件
2026-09-23 15:56:27,236 [INFO] src.timeline.project_io: プロジェクト保存: C:\Users\evolu\AppData\Local\Temp\timeline_io_test_e3nqlceu\sample.timeline.json
2026-09-23 15:56:27,250 [INFO] src.timeline.project_io: プロジェクト読込: C:\Users\evolu\AppData\Local\Temp\timeline_io_test_e3nqlceu\sample.timeline.json
2026-09-23 15:56:27,256 [INFO] src.timeline.project_io: プロジェクト保存: C:\Users\evolu\AppData\Local\Temp\timeline_io_test_e3nqlceu\sample.timeline.json
2026-09-23 15:56:27,258 [INFO] src.timeline.project_io: プロジェクト読込: C:\Users\evolu\AppData\Local\Temp\timeline_io_test_e3nqlceu\sample.timeline.json
2026-09-23 15:56:27,262 [INFO] src.timeline.project_io: プロジェクト保存: C:\Users\evolu\AppData\Local\Temp\timeline_io_test_wxz5s_zi\sample.timeline.json
2026-09-23 15:56:27,277 [INFO] src.timeline.project_io: プロジェクト読込: C:\Users\evolu\AppData\Local\Temp\timeline_io_test_wxz5s_zi\sample.timeline.json
2026-09-23 15:56:27,282 [INFO] src.timeline.project_io: プロジェクト保存: C:\Users\evolu\AppData\Local\Temp\timeline_io_test_f6ircg2y\sample.timeline.json
2026-09-23 15:56:27,300 [WARNING] src.timeline.project_io: メディアの実体が見つかりません (1 件)。該当クリップを無効化します: m1
2026-09-23 15:56:27,304 [INFO] src.timeline.project_io: プロジェクト保存: C:\Users\evolu\AppData\Local\Temp\timeline_io_test_bh1mwxrd\sample.timeline.json
2026-09-23 15:56:27,323 [INFO] src.timeline.project_io: プロジェクト保存: C:\Users\evolu\AppData\Local\Temp\timeline_io_test_03ya_tge\sample.timeline.json
2026-09-23 15:56:27,333 [WARNING] src.timeline.project_io: 編集点の区間が不正なため無視します: 20.000→15.000
2026-09-23 15:56:27,335 [WARNING] src.timeline.project_io: メディアの実体が見つかりません (1 件)。該当クリップを無効化します: m1
2026-09-23 15:56:27,336 [WARNING] src.timeline.project_io: 音声クリップ a1 のリンク先 no_such_clip が存在しないため除外します (該当区間は無音になります)
2026-09-23 15:56:27,337 [WARNING] src.timeline.project_io: トラック V1 でクリップ c2 が重複しているため 12.480 へ移動します
2026-09-23 15:56:27,342 [WARNING] src.timeline.project_io: クリップ c2 の尺 (0.001s) が下限 (0.050s) 未満のため除外します
2026-09-23 15:56:27,343 [WARNING] src.timeline.project_io: 音声クリップ a2 のリンク先 c2 が存在しないため除外します (該当区間は無音になります)
2026-09-23 15:56:27,430 [INFO] src.utils.trash: ゴミ箱へ移動しました (2 件)
2026-09-23 15:56:27,435 [WARNING] src.timeline.builder: 寸法の設定が不正なため既定 8000 を使用します: 0
2026-09-23 15:56:42,303 [WARNING] src.blur.config: 未知の blur.render.mode のため既定を使用します: unknown
2026-09-23 15:57:21,015 [WARNING] src.blur.config: 未知の blur.render.mode のため既定を使用します: unknown
2026-09-23 15:57:21,015 [WARNING] src.blur.config: 未知の blur.spec.default_scope のため既定を使用します: なにか変な値
2026-09-23 15:57:29,772 [INFO] src.timeline.project_io: プロジェクトを改名しました: sample.timeline.json → renamed.timeline.json
2026-09-23 15:57:30,545 [WARNING] src.blur.analyzer: PyAV でのデコードに失敗したため FFmpeg へ切り替えます: [Errno 1094995529] Invalid data found when processing input: 'D:\\develop\\autoedit\\tests\\test_blur_manual.py'
2026-09-23 15:57:30,613 [INFO] src.blur.analyzer: ぼかし解析: 枠 0 本を検出しました (m1 0.0〜10.0秒)
2026-09-23 15:57:30,629 [INFO] src.blur.decisions: ぼかし: 以前の書式の指定 1 件は新しい方式へ移せないため引き継ぎません (人物へまとめる処理を廃止したため)
2026-09-23 15:57:31,832 [INFO] src.timeline.renderer: ベース映像構築: 1 クリップ / ギャップ 0 件 / 合計 5.0s
2026-09-23 15:57:31,838 [INFO] src.timeline.renderer: ベース映像の尺: モデル 5.000s / 実測 5.000s (差 +0.000s / 1 部品)
2026-09-23 15:57:31,840 [INFO] src.timeline.renderer: 字幕焼き込み: 1 件
2026-09-23 15:57:31,849 [INFO] src.timeline.renderer: ベース映像構築: 1 クリップ / ギャップ 0 件 / 合計 5.0s
2026-09-23 15:57:31,856 [INFO] src.timeline.renderer: ベース映像の尺: モデル 5.000s / 実測 5.000s (差 +0.000s / 1 部品)
2026-09-23 15:57:31,858 [INFO] src.timeline.renderer: 字幕焼き込み: 1 件
2026-09-23 15:57:31,865 [INFO] src.timeline.renderer: ベース映像構築: 1 クリップ / ギャップ 0 件 / 合計 5.0s
2026-09-23 15:57:31,870 [INFO] src.timeline.renderer: ベース映像の尺: モデル 5.000s / 実測 5.000s (差 +0.000s / 1 部品)
2026-09-23 15:57:31,871 [INFO] src.timeline.renderer: オーバーレイ・字幕が無いため合成をスキップします
2026-09-23 15:57:31,877 [INFO] src.modules.blur_overlay: ぼかしを焼き込みます: blur_applied.mp4
2026-09-23 15:57:31,880 [INFO] src.timeline.renderer: ベース映像構築: 1 クリップ / ギャップ 0 件 / 合計 5.0s
2026-09-23 15:57:31,887 [INFO] src.timeline.renderer: ベース映像の尺: モデル 5.000s / 実測 5.000s (差 +0.000s / 1 部品)
2026-09-23 15:57:31,887 [INFO] src.timeline.renderer: オーバーレイ・字幕が無いため合成をスキップします
2026-09-23 15:57:31,894 [INFO] src.modules.blur_overlay: ぼかしを焼き込みます: blur_applied.mp4
2026-09-23 15:57:31,896 [INFO] src.timeline.renderer: ベース映像構築: 1 クリップ / ギャップ 0 件 / 合計 5.0s
2026-09-23 15:57:31,902 [INFO] src.timeline.renderer: ベース映像の尺: モデル 5.000s / 実測 5.000s (差 +0.000s / 1 部品)
2026-09-23 15:57:31,902 [INFO] src.timeline.renderer: 字幕焼き込み: 1 件
2026-09-23 15:57:31,919 [INFO] src.timeline.renderer: ベース映像構築: 1 クリップ / ギャップ 0 件 / 合計 5.0s
2026-09-23 15:57:31,926 [INFO] src.timeline.renderer: ベース映像の尺: モデル 5.000s / 実測 5.000s (差 +0.000s / 1 部品)
2026-09-23 15:57:32,225 [INFO] src.blur.mask_builder: ぼかす指定が無いためマスクを作りません
2026-09-23 15:57:32,225 [INFO] src.timeline.renderer: オーバーレイ・字幕が無いため合成をスキップします
2026-09-23 15:57:32,230 [INFO] src.timeline.renderer: 中間形式を最終形式へ変換: .mov → mp4 (音声のみ再エンコード)
2026-09-23 15:57:32,658 [INFO] src.blur.decisions: ぼかし: 以前の書式の指定 2 件は新しい方式へ移せないため引き継ぎません (人物へまとめる処理を廃止したため)
2026-09-23 16:00:03,640 [INFO] src.blur.decisions: ぼかし: 以前の書式の指定 4 件は新しい方式へ移せないため引き継ぎません (人物へまとめる処理を廃止したため)
2026-09-23 16:00:08,992 [WARNING] src.modules.blur_overlay: ぼかしマスクが見つからないため、ぼかしを省略します: 
2026-09-23 16:00:09,206 [INFO] src.blur.mask_builder: ぼかす対象が無いためマスクを作りません
2026-09-23 16:00:09,208 [INFO] src.blur.mask_builder: ぼかす対象が無いためマスクを作りません
2026-09-23 16:00:09,209 [INFO] src.blur.mask_builder: ぼかす対象が無いためマスクを作りません
2026-09-23 16:00:09,229 [INFO] src.blur.store: ぼかしの解析結果を保存しました: sample.blur.json
2026-09-23 16:00:09,235 [INFO] src.blur.store: ぼかしの解析結果を保存しました: sample.blur.json
2026-09-23 16:00:09,238 [INFO] src.blur.mask_builder: ぼかす対象が無いためマスクを作りません
2026-09-23 16:00:57,345 [WARNING] src.modules.blur_overlay: ぼかしマスクが見つからないため、ぼかしを省略します: 
2026-09-23 16:00:57,611 [INFO] src.blur.mask_builder: ぼかす対象が無いためマスクを作りません
2026-09-23 16:00:57,613 [INFO] src.blur.mask_builder: ぼかす対象が無いためマスクを作りません
2026-09-23 16:00:57,615 [INFO] src.blur.mask_builder: ぼかす対象が無いためマスクを作りません
2026-09-23 16:00:57,640 [INFO] src.blur.store: ぼかしの解析結果を保存しました: sample.blur.json
2026-09-23 16:00:57,643 [INFO] src.blur.store: ぼかしの解析結果を保存しました: sample.blur.json
2026-09-23 16:00:57,645 [INFO] src.blur.mask_builder: ぼかす対象が無いためマスクを作りません
2026-09-23 16:01:32,542 [WARNING] src.modules.blur_overlay: ぼかしマスクが見つからないため、ぼかしを省略します: 
2026-09-23 16:01:32,894 [INFO] src.blur.mask_builder: ぼかす対象が無いためマスクを作りません
2026-09-23 16:01:32,897 [INFO] src.blur.mask_builder: ぼかす対象が無いためマスクを作りません
2026-09-23 16:01:32,900 [INFO] src.blur.mask_builder: ぼかす対象が無いためマスクを作りません
2026-09-23 16:01:32,937 [INFO] src.blur.mask_builder: ぼかしマスク: 1200 フレーム / 480x270 / 指定 1 件 (ぼかす 1 / 外す 0)
2026-09-23 16:01:34,418 [INFO] src.blur.mask_builder: ぼかしマスクを書き出しました: blur_mask.mkv (0.2 MB)
2026-09-23 16:01:34,428 [INFO] src.blur.mask_builder: ぼかす指定が無いためマスクを作りません
2026-09-23 16:01:34,430 [INFO] src.blur.mask_builder: ぼかす対象が無いためマスクを作りません
2026-09-23 16:02:03,303 [WARNING] src.modules.blur_overlay: ぼかしマスクが見つからないため、ぼかしを省略します: 
2026-09-23 16:02:03,499 [INFO] src.blur.mask_builder: ぼかす対象が無いためマスクを作りません
2026-09-23 16:02:03,501 [INFO] src.blur.mask_builder: ぼかす対象が無いためマスクを作りません
2026-09-23 16:02:03,503 [INFO] src.blur.mask_builder: ぼかす対象が無いためマスクを作りません
2026-09-23 16:02:03,529 [INFO] src.blur.mask_builder: ぼかしマスク: 1200 フレーム / 480x270 / 指定 1 件 (ぼかす 1 / 外す 0)
2026-09-23 16:02:04,326 [INFO] src.blur.mask_builder: ぼかしマスクを書き出しました: blur_mask.mkv (0.2 MB)
2026-09-23 16:02:04,330 [INFO] src.blur.mask_builder: ぼかす指定が無いためマスクを作りません
2026-09-23 16:02:04,332 [INFO] src.blur.mask_builder: ぼかす対象が無いためマスクを作りません
2026-09-23 16:03:01,281 [INFO] src.blur.store: ぼかしの解析結果を保存しました: sample.blur.json
2026-09-23 16:03:01,298 [INFO] src.blur.analyzer: ぼかし解析: 指定の区間は解析済みです
2026-09-23 16:03:01,304 [INFO] src.blur.store: ぼかしの解析結果を保存しました: sample.blur.json
2026-09-23 16:03:01,319 [INFO] src.blur.store: ぼかしの解析結果の版が違うため作り直します: C:\Users\evolu\AppData\Local\Temp\blur_reuse_test_n3vri5c8\sample.blur.json
2026-09-23 16:03:01,323 [INFO] src.blur.store: ぼかしの解析結果を保存しました: sample.blur.json
2026-09-23 16:03:01,336 [INFO] src.blur.store: 解析の設定が変わったため、ぼかしの解析結果を作り直します
2026-09-23 16:03:01,339 [INFO] src.blur.store: ぼかし: 素材が変わったため m9 の解析結果を捨てました
2026-09-23 16:03:01,350 [INFO] src.timeline.project_io: プロジェクトを改名しました: sample.timeline.json → renamed.timeline.json
2026-09-23 16:03:46,061 [INFO] src.blur.analyzer: ぼかし解析: 指定の区間は解析済みです
2026-09-23 16:03:46,466 [INFO] src.blur.analyzer: ぼかし解析: 枠 0 本を検出しました (m1 1.0〜3.0秒)
2026-09-23 16:03:46,474 [INFO] src.blur.decisions: ぼかし: 以前の書式の指定 1 件は新しい方式へ移せないため引き継ぎません (人物へまとめる処理を廃止したため)
2026-09-23 16:04:53,162 [INFO] src.timeline.renderer: ベース映像構築: 1 クリップ / ギャップ 0 件 / 合計 5.0s
2026-09-23 16:04:53,165 [INFO] src.timeline.renderer: ベース映像の尺: モデル 5.000s / 実測 5.000s (差 +0.000s / 1 部品)
2026-09-23 16:04:53,168 [INFO] src.timeline.renderer: 字幕焼き込み: 1 件
2026-09-23 16:04:53,175 [INFO] src.timeline.renderer: ベース映像構築: 1 クリップ / ギャップ 0 件 / 合計 5.0s
2026-09-23 16:04:53,186 [INFO] src.timeline.renderer: ベース映像の尺: モデル 5.000s / 実測 5.000s (差 +0.000s / 1 部品)
2026-09-23 16:04:53,186 [INFO] src.timeline.renderer: 字幕焼き込み: 1 件
2026-09-23 16:04:53,192 [INFO] src.timeline.renderer: ベース映像構築: 1 クリップ / ギャップ 0 件 / 合計 5.0s
2026-09-23 16:04:53,197 [INFO] src.timeline.renderer: ベース映像の尺: モデル 5.000s / 実測 5.000s (差 +0.000s / 1 部品)
2026-09-23 16:04:53,198 [INFO] src.timeline.renderer: オーバーレイ・字幕が無いため合成をスキップします
2026-09-23 16:04:53,201 [INFO] src.modules.blur_overlay: ぼかしを焼き込みます: blur_applied.mp4
2026-09-23 16:04:53,202 [INFO] src.timeline.renderer: ベース映像構築: 1 クリップ / ギャップ 0 件 / 合計 5.0s
2026-09-23 16:04:53,206 [INFO] src.timeline.renderer: ベース映像の尺: モデル 5.000s / 実測 5.000s (差 +0.000s / 1 部品)
2026-09-23 16:04:53,206 [INFO] src.timeline.renderer: オーバーレイ・字幕が無いため合成をスキップします
2026-09-23 16:04:53,210 [INFO] src.modules.blur_overlay: ぼかしを焼き込みます: blur_applied.mp4
2026-09-23 16:04:53,212 [INFO] src.timeline.renderer: ベース映像構築: 1 クリップ / ギャップ 0 件 / 合計 5.0s
2026-09-23 16:04:53,217 [INFO] src.timeline.renderer: ベース映像の尺: モデル 5.000s / 実測 5.000s (差 +0.000s / 1 部品)
2026-09-23 16:04:53,218 [INFO] src.timeline.renderer: 字幕焼き込み: 1 件
2026-09-23 16:04:53,230 [INFO] src.timeline.renderer: ベース映像構築: 1 クリップ / ギャップ 0 件 / 合計 5.0s
2026-09-23 16:04:53,234 [INFO] src.timeline.renderer: ベース映像の尺: モデル 5.000s / 実測 5.000s (差 +0.000s / 1 部品)
2026-09-23 16:04:53,424 [INFO] src.blur.mask_builder: ぼかす指定が無いためマスクを作りません
2026-09-23 16:04:53,424 [INFO] src.timeline.renderer: オーバーレイ・字幕が無いため合成をスキップします
2026-09-23 16:04:53,427 [INFO] src.timeline.renderer: 中間形式を最終形式へ変換: .mov → mp4 (音声のみ再エンコード)
2026-09-23 16:05:30,456 [INFO] src.timeline.renderer: ベース映像構築: 1 クリップ / ギャップ 0 件 / 合計 5.0s
2026-09-23 16:05:30,459 [INFO] src.timeline.renderer: ベース映像の尺: モデル 5.000s / 実測 5.000s (差 +0.000s / 1 部品)
2026-09-23 16:05:30,461 [INFO] src.timeline.renderer: 字幕焼き込み: 1 件
2026-09-23 16:05:30,466 [INFO] src.timeline.renderer: ベース映像構築: 1 クリップ / ギャップ 0 件 / 合計 5.0s
2026-09-23 16:05:30,470 [INFO] src.timeline.renderer: ベース映像の尺: モデル 5.000s / 実測 5.000s (差 +0.000s / 1 部品)
2026-09-23 16:05:30,472 [INFO] src.timeline.renderer: 字幕焼き込み: 1 件
2026-09-23 16:05:30,477 [INFO] src.timeline.renderer: ベース映像構築: 1 クリップ / ギャップ 0 件 / 合計 5.0s
2026-09-23 16:05:30,480 [INFO] src.timeline.renderer: ベース映像の尺: モデル 5.000s / 実測 5.000s (差 +0.000s / 1 部品)
2026-09-23 16:05:30,480 [INFO] src.timeline.renderer: オーバーレイ・字幕が無いため合成をスキップします
2026-09-23 16:05:30,484 [INFO] src.modules.blur_overlay: ぼかしを焼き込みます: blur_applied.mp4
2026-09-23 16:05:30,485 [INFO] src.timeline.renderer: ベース映像構築: 1 クリップ / ギャップ 0 件 / 合計 5.0s
2026-09-23 16:05:30,492 [INFO] src.timeline.renderer: ベース映像の尺: モデル 5.000s / 実測 5.000s (差 +0.000s / 1 部品)
2026-09-23 16:05:30,492 [INFO] src.timeline.renderer: オーバーレイ・字幕が無いため合成をスキップします
2026-09-23 16:05:30,496 [INFO] src.modules.blur_overlay: ぼかしを焼き込みます: blur_applied.mp4
2026-09-23 16:05:30,499 [INFO] src.timeline.renderer: ベース映像構築: 1 クリップ / ギャップ 0 件 / 合計 5.0s
2026-09-23 16:05:30,506 [INFO] src.timeline.renderer: ベース映像の尺: モデル 5.000s / 実測 5.000s (差 +0.000s / 1 部品)
2026-09-23 16:05:30,507 [INFO] src.timeline.renderer: 字幕焼き込み: 1 件
2026-09-23 16:05:30,518 [INFO] src.timeline.renderer: ベース映像構築: 1 クリップ / ギャップ 0 件 / 合計 5.0s
2026-09-23 16:05:30,523 [INFO] src.timeline.renderer: ベース映像の尺: モデル 5.000s / 実測 5.000s (差 +0.000s / 1 部品)
2026-09-23 16:05:30,778 [INFO] src.blur.mask_builder: ぼかし: 外す指定のため、必要な区間を解析します
2026-09-23 16:05:31,399 [INFO] src.blur.analyzer: ぼかし解析: 輪郭モデル: 準備完了
2026-09-23 16:05:31,402 [WARNING] src.blur.analyzer: PyAV でのデコードに失敗したため FFmpeg へ切り替えます: [Errno 1094995529] Invalid data found when processing input: 'D:\\develop\\autoedit\\tests\\test_blur_renderer_integration.py'
2026-09-23 16:05:31,469 [INFO] src.blur.analyzer: ぼかし解析: 枠 0 本を検出しました (m1 0.0〜5.0秒)
2026-09-23 16:05:31,473 [INFO] src.blur.store: ぼかしの解析結果を保存しました: timeline.blur.json
2026-09-23 16:05:31,473 [INFO] src.blur.mask_builder: ぼかしマスク: 300 フレーム / 480x270 / 指定 1 件 (ぼかす 1 / 外す 0)
2026-09-23 16:05:31,617 [INFO] src.blur.mask_builder: ぼかしマスクを書き出しました: blur_mask.mkv (0.0 MB)
2026-09-23 16:05:31,619 [INFO] src.timeline.renderer: オーバーレイ・字幕が無いため合成をスキップします
2026-09-23 16:05:31,624 [INFO] src.modules.blur_overlay: ぼかしを焼き込みます: blur_applied.mp4
2026-09-23 16:05:31,627 [INFO] src.timeline.renderer: ベース映像構築: 1 クリップ / ギャップ 0 件 / 合計 5.0s
2026-09-23 16:05:31,633 [INFO] src.timeline.renderer: ベース映像の尺: モデル 5.000s / 実測 5.000s (差 +0.000s / 1 部品)
2026-09-23 16:05:31,633 [INFO] src.blur.mask_builder: ぼかし: 外す指定のため、必要な区間を解析します
2026-09-23 16:05:31,634 [INFO] src.blur.analyzer: ぼかし解析: 輪郭モデル: 準備完了
2026-09-23 16:05:31,636 [WARNING] src.blur.analyzer: PyAV でのデコードに失敗したため FFmpeg へ切り替えます: [Errno 1094995529] Invalid data found when processing input: 'D:\\develop\\autoedit\\tests\\test_blur_renderer_integration.py'
2026-09-23 16:05:31,693 [INFO] src.blur.analyzer: ぼかし解析: 枠 0 本を検出しました (m1 0.0〜5.0秒)
2026-09-23 16:05:31,694 [INFO] src.blur.store: ぼかしの解析結果を保存しました: timeline.blur.json
2026-09-23 16:05:31,694 [INFO] src.blur.mask_builder: ぼかしマスク: 300 フレーム / 480x270 / 指定 1 件 (ぼかす 1 / 外す 0)
2026-09-23 16:05:31,831 [INFO] src.blur.mask_builder: ぼかしマスクを書き出しました: blur_mask.mkv (0.0 MB)
2026-09-23 16:05:31,833 [INFO] src.timeline.renderer: オーバーレイ・字幕が無いため合成をスキップします
2026-09-23 16:05:31,839 [INFO] src.modules.blur_overlay: ぼかしを焼き込みます: blur_applied.mp4
2026-09-23 16:05:31,842 [INFO] src.timeline.renderer: ベース映像構築: 1 クリップ / ギャップ 0 件 / 合計 5.0s
2026-09-23 16:05:31,848 [INFO] src.timeline.renderer: ベース映像の尺: モデル 5.000s / 実測 5.000s (差 +0.000s / 1 部品)
2026-09-23 16:05:31,849 [INFO] src.blur.mask_builder: ぼかし: 外す指定のため、必要な区間を解析します
2026-09-23 16:05:31,849 [INFO] src.blur.analyzer: ぼかし解析: 輪郭モデル: 準備完了
2026-09-23 16:05:31,851 [WARNING] src.blur.analyzer: PyAV でのデコードに失敗したため FFmpeg へ切り替えます: [Errno 1094995529] Invalid data found when processing input: 'D:\\develop\\autoedit\\tests\\test_blur_renderer_integration.py'
2026-09-23 16:05:31,925 [INFO] src.blur.analyzer: ぼかし解析: 枠 0 本を検出しました (m1 0.0〜5.0秒)
2026-09-23 16:05:31,926 [INFO] src.blur.store: ぼかしの解析結果を保存しました: timeline.blur.json
2026-09-23 16:05:31,926 [INFO] src.blur.mask_builder: ぼかしマスク: 300 フレーム / 480x270 / 指定 1 件 (ぼかす 1 / 外す 0)
2026-09-23 16:05:32,075 [INFO] src.blur.mask_builder: ぼかしマスクを書き出しました: blur_mask.mkv (0.0 MB)
2026-09-23 16:05:32,077 [INFO] src.timeline.renderer: オーバーレイ・字幕が無いため合成をスキップします
2026-09-23 16:05:32,083 [INFO] src.modules.blur_overlay: ぼかしを焼き込みます: blur_applied.mp4
2026-09-23 16:05:32,086 [INFO] src.timeline.renderer: ベース映像構築: 1 クリップ / ギャップ 0 件 / 合計 5.0s
2026-09-23 16:05:32,093 [INFO] src.timeline.renderer: ベース映像の尺: モデル 5.000s / 実測 5.000s (差 +0.000s / 1 部品)
2026-09-23 16:05:32,094 [INFO] src.blur.mask_builder: ぼかす指定が無いためマスクを作りません
2026-09-23 16:05:32,094 [INFO] src.timeline.renderer: オーバーレイ・字幕が無いため合成をスキップします
2026-09-23 16:05:32,098 [INFO] src.timeline.renderer: 中間形式を最終形式へ変換: .mov → mp4 (音声のみ再エンコード)
2026-09-23 16:05:54,534 [INFO] src.timeline.renderer: ベース映像構築: 1 クリップ / ギャップ 0 件 / 合計 5.0s
2026-09-23 16:05:54,542 [INFO] src.timeline.renderer: ベース映像の尺: モデル 5.000s / 実測 5.000s (差 +0.000s / 1 部品)
2026-09-23 16:05:54,545 [INFO] src.timeline.renderer: 字幕焼き込み: 1 件
2026-09-23 16:05:54,552 [INFO] src.timeline.renderer: ベース映像構築: 1 クリップ / ギャップ 0 件 / 合計 5.0s
2026-09-23 16:05:54,558 [INFO] src.timeline.renderer: ベース映像の尺: モデル 5.000s / 実測 5.000s (差 +0.000s / 1 部品)
2026-09-23 16:05:54,559 [INFO] src.timeline.renderer: 字幕焼き込み: 1 件
2026-09-23 16:05:54,565 [INFO] src.timeline.renderer: ベース映像構築: 1 クリップ / ギャップ 0 件 / 合計 5.0s
2026-09-23 16:05:54,572 [INFO] src.timeline.renderer: ベース映像の尺: モデル 5.000s / 実測 5.000s (差 +0.000s / 1 部品)
2026-09-23 16:05:54,572 [INFO] src.timeline.renderer: オーバーレイ・字幕が無いため合成をスキップします
2026-09-23 16:05:54,577 [INFO] src.modules.blur_overlay: ぼかしを焼き込みます: blur_applied.mp4
2026-09-23 16:05:54,579 [INFO] src.timeline.renderer: ベース映像構築: 1 クリップ / ギャップ 0 件 / 合計 5.0s
2026-09-23 16:05:54,585 [INFO] src.timeline.renderer: ベース映像の尺: モデル 5.000s / 実測 5.000s (差 +0.000s / 1 部品)
2026-09-23 16:05:54,586 [INFO] src.timeline.renderer: オーバーレイ・字幕が無いため合成をスキップします
2026-09-23 16:05:54,593 [INFO] src.modules.blur_overlay: ぼかしを焼き込みます: blur_applied.mp4
2026-09-23 16:05:54,594 [INFO] src.timeline.renderer: ベース映像構築: 1 クリップ / ギャップ 0 件 / 合計 5.0s
2026-09-23 16:05:54,602 [INFO] src.timeline.renderer: ベース映像の尺: モデル 5.000s / 実測 5.000s (差 +0.000s / 1 部品)
2026-09-23 16:05:54,604 [INFO] src.timeline.renderer: 字幕焼き込み: 1 件
2026-09-23 16:05:54,619 [INFO] src.timeline.renderer: ベース映像構築: 1 クリップ / ギャップ 0 件 / 合計 5.0s
2026-09-23 16:05:54,625 [INFO] src.timeline.renderer: ベース映像の尺: モデル 5.000s / 実測 5.000s (差 +0.000s / 1 部品)
2026-09-23 16:05:54,956 [INFO] src.blur.mask_builder: ぼかし: 外す指定のため、必要な区間を解析します
2026-09-23 16:05:55,601 [INFO] src.blur.analyzer: ぼかし解析: 輪郭モデル: 準備完了
2026-09-23 16:05:55,603 [WARNING] src.blur.analyzer: PyAV でのデコードに失敗したため FFmpeg へ切り替えます: [Errno 1094995529] Invalid data found when processing input: 'D:\\develop\\autoedit\\tests\\test_blur_renderer_integration.py'
2026-09-23 16:05:55,677 [INFO] src.blur.analyzer: ぼかし解析: 枠 0 本を検出しました (m1 0.0〜5.0秒)
2026-09-23 16:05:55,680 [INFO] src.blur.store: ぼかしの解析結果を保存しました: timeline.blur.json
2026-09-23 16:05:55,680 [ERROR] src.blur.mask_builder: ぼかし: 指定した枠が見つからないため、ぼかす指定 1 件が効きません
2026-09-23 16:05:55,681 [INFO] src.blur.mask_builder: ぼかしマスク: 300 フレーム / 480x270 / 指定 1 件 (ぼかす 1 / 外す 0)
2026-09-23 16:05:55,838 [INFO] src.blur.mask_builder: ぼかしマスクを書き出しました: blur_mask.mkv (0.0 MB)
2026-09-23 16:05:55,841 [INFO] src.timeline.renderer: オーバーレイ・字幕が無いため合成をスキップします
2026-09-23 16:05:55,845 [INFO] src.modules.blur_overlay: ぼかしを焼き込みます: blur_applied.mp4
2026-09-23 16:05:55,850 [INFO] src.timeline.renderer: ベース映像構築: 1 クリップ / ギャップ 0 件 / 合計 5.0s
2026-09-23 16:05:55,860 [INFO] src.timeline.renderer: ベース映像の尺: モデル 5.000s / 実測 5.000s (差 +0.000s / 1 部品)
2026-09-23 16:05:55,861 [INFO] src.blur.mask_builder: ぼかし: 外す指定のため、必要な区間を解析します
2026-09-23 16:05:55,862 [INFO] src.blur.analyzer: ぼかし解析: 輪郭モデル: 準備完了
2026-09-23 16:05:55,865 [WARNING] src.blur.analyzer: PyAV でのデコードに失敗したため FFmpeg へ切り替えます: [Errno 1094995529] Invalid data found when processing input: 'D:\\develop\\autoedit\\tests\\test_blur_renderer_integration.py'
2026-09-23 16:05:55,932 [INFO] src.blur.analyzer: ぼかし解析: 枠 0 本を検出しました (m1 0.0〜5.0秒)
2026-09-23 16:05:55,933 [INFO] src.blur.store: ぼかしの解析結果を保存しました: timeline.blur.json
2026-09-23 16:05:55,934 [ERROR] src.blur.mask_builder: ぼかし: 指定した枠が見つからないため、ぼかす指定 1 件が効きません
2026-09-23 16:05:55,934 [INFO] src.blur.mask_builder: ぼかしマスク: 300 フレーム / 480x270 / 指定 1 件 (ぼかす 1 / 外す 0)
2026-09-23 16:05:56,070 [INFO] src.blur.mask_builder: ぼかしマスクを書き出しました: blur_mask.mkv (0.0 MB)
2026-09-23 16:05:56,072 [INFO] src.timeline.renderer: オーバーレイ・字幕が無いため合成をスキップします
2026-09-23 16:05:56,078 [INFO] src.modules.blur_overlay: ぼかしを焼き込みます: blur_applied.mp4
2026-09-23 16:05:56,084 [INFO] src.timeline.renderer: ベース映像構築: 1 クリップ / ギャップ 0 件 / 合計 5.0s
2026-09-23 16:05:56,091 [INFO] src.timeline.renderer: ベース映像の尺: モデル 5.000s / 実測 5.000s (差 +0.000s / 1 部品)
2026-09-23 16:05:56,092 [INFO] src.blur.mask_builder: ぼかし: 外す指定のため、必要な区間を解析します
2026-09-23 16:05:56,093 [INFO] src.blur.analyzer: ぼかし解析: 輪郭モデル: 準備完了
2026-09-23 16:05:56,095 [WARNING] src.blur.analyzer: PyAV でのデコードに失敗したため FFmpeg へ切り替えます: [Errno 1094995529] Invalid data found when processing input: 'D:\\develop\\autoedit\\tests\\test_blur_renderer_integration.py'
2026-09-23 16:05:56,163 [INFO] src.blur.analyzer: ぼかし解析: 枠 0 本を検出しました (m1 0.0〜5.0秒)
2026-09-23 16:05:56,166 [INFO] src.blur.store: ぼかしの解析結果を保存しました: timeline.blur.json
2026-09-23 16:05:56,166 [ERROR] src.blur.mask_builder: ぼかし: 指定した枠が見つからないため、ぼかす指定 1 件が効きません
2026-09-23 16:05:56,166 [INFO] src.blur.mask_builder: ぼかしマスク: 300 フレーム / 480x270 / 指定 1 件 (ぼかす 1 / 外す 0)
2026-09-23 16:05:56,303 [INFO] src.blur.mask_builder: ぼかしマスクを書き出しました: blur_mask.mkv (0.0 MB)
2026-09-23 16:05:56,304 [INFO] src.timeline.renderer: オーバーレイ・字幕が無いため合成をスキップします
2026-09-23 16:05:56,309 [INFO] src.modules.blur_overlay: ぼかしを焼き込みます: blur_applied.mp4
2026-09-23 16:05:56,312 [INFO] src.timeline.renderer: ベース映像構築: 1 クリップ / ギャップ 0 件 / 合計 5.0s
2026-09-23 16:05:56,317 [INFO] src.timeline.renderer: ベース映像の尺: モデル 5.000s / 実測 5.000s (差 +0.000s / 1 部品)
2026-09-23 16:05:56,317 [INFO] src.blur.mask_builder: ぼかす指定が無いためマスクを作りません
2026-09-23 16:05:56,317 [INFO] src.timeline.renderer: オーバーレイ・字幕が無いため合成をスキップします
2026-09-23 16:05:56,322 [INFO] src.timeline.renderer: 中間形式を最終形式へ変換: .mov → mp4 (音声のみ再エンコード)
2026-09-23 16:06:01,759 [INFO] src.timeline.renderer: ベース映像構築: 1 クリップ / ギャップ 0 件 / 合計 5.0s
2026-09-23 16:06:01,767 [INFO] src.timeline.renderer: ベース映像の尺: モデル 5.000s / 実測 5.000s (差 +0.000s / 1 部品)
2026-09-23 16:06:01,771 [INFO] src.timeline.renderer: 字幕焼き込み: 1 件
2026-09-23 16:06:01,782 [INFO] src.timeline.renderer: ベース映像構築: 1 クリップ / ギャップ 0 件 / 合計 5.0s
2026-09-23 16:06:01,790 [INFO] src.timeline.renderer: ベース映像の尺: モデル 5.000s / 実測 5.000s (差 +0.000s / 1 部品)
2026-09-23 16:06:01,791 [INFO] src.timeline.renderer: 字幕焼き込み: 1 件
2026-09-23 16:06:01,799 [INFO] src.timeline.renderer: ベース映像構築: 1 クリップ / ギャップ 0 件 / 合計 5.0s
2026-09-23 16:06:01,806 [INFO] src.timeline.renderer: ベース映像の尺: モデル 5.000s / 実測 5.000s (差 +0.000s / 1 部品)
2026-09-23 16:06:01,806 [INFO] src.timeline.renderer: オーバーレイ・字幕が無いため合成をスキップします
2026-09-23 16:06:01,810 [INFO] src.modules.blur_overlay: ぼかしを焼き込みます: blur_applied.mp4
2026-09-23 16:06:01,813 [INFO] src.timeline.renderer: ベース映像構築: 1 クリップ / ギャップ 0 件 / 合計 5.0s
2026-09-23 16:06:01,818 [INFO] src.timeline.renderer: ベース映像の尺: モデル 5.000s / 実測 5.000s (差 +0.000s / 1 部品)
2026-09-23 16:06:01,818 [INFO] src.timeline.renderer: オーバーレイ・字幕が無いため合成をスキップします
2026-09-23 16:06:01,823 [INFO] src.modules.blur_overlay: ぼかしを焼き込みます: blur_applied.mp4
2026-09-23 16:06:01,826 [INFO] src.timeline.renderer: ベース映像構築: 1 クリップ / ギャップ 0 件 / 合計 5.0s
2026-09-23 16:06:01,831 [INFO] src.timeline.renderer: ベース映像の尺: モデル 5.000s / 実測 5.000s (差 +0.000s / 1 部品)
2026-09-23 16:06:01,832 [INFO] src.timeline.renderer: 字幕焼き込み: 1 件
2026-09-23 16:06:01,842 [INFO] src.timeline.renderer: ベース映像構築: 1 クリップ / ギャップ 0 件 / 合計 5.0s
2026-09-23 16:06:01,849 [INFO] src.timeline.renderer: ベース映像の尺: モデル 5.000s / 実測 5.000s (差 +0.000s / 1 部品)
2026-09-23 16:06:02,142 [INFO] src.blur.mask_builder: ぼかし: 外す指定のため、必要な区間を解析します
2026-09-23 16:06:02,763 [INFO] src.blur.analyzer: ぼかし解析: 輪郭モデル: 準備完了
2026-09-23 16:06:02,765 [WARNING] src.blur.analyzer: PyAV でのデコードに失敗したため FFmpeg へ切り替えます: [Errno 1094995529] Invalid data found when processing input: 'D:\\develop\\autoedit\\tests\\test_blur_renderer_integration.py'
2026-09-23 16:06:02,835 [INFO] src.blur.analyzer: ぼかし解析: 枠 0 本を検出しました (m1 0.0〜5.0秒)
2026-09-23 16:06:02,839 [INFO] src.blur.store: ぼかしの解析結果を保存しました: timeline.blur.json
2026-09-23 16:06:02,839 [ERROR] src.blur.mask_builder: ぼかし: 指定した枠が見つからないため、ぼかす指定 1 件が効きません
2026-09-23 16:06:02,839 [INFO] src.blur.mask_builder: ぼかしマスク: 300 フレーム / 480x270 / 指定 1 件 (ぼかす 1 / 外す 0)
2026-09-23 16:06:02,992 [INFO] src.blur.mask_builder: ぼかしマスクを書き出しました: blur_mask.mkv (0.0 MB)
2026-09-23 16:06:02,994 [INFO] src.timeline.renderer: オーバーレイ・字幕が無いため合成をスキップします
2026-09-23 16:06:03,000 [INFO] src.modules.blur_overlay: ぼかしを焼き込みます: blur_applied.mp4
2026-09-23 16:06:03,004 [INFO] src.timeline.renderer: ベース映像構築: 1 クリップ / ギャップ 0 件 / 合計 5.0s
2026-09-23 16:06:03,011 [INFO] src.timeline.renderer: ベース映像の尺: モデル 5.000s / 実測 5.000s (差 +0.000s / 1 部品)
2026-09-23 16:06:03,012 [INFO] src.blur.mask_builder: ぼかし: 外す指定のため、必要な区間を解析します
2026-09-23 16:06:03,013 [INFO] src.blur.analyzer: ぼかし解析: 輪郭モデル: 準備完了
2026-09-23 16:06:03,015 [WARNING] src.blur.analyzer: PyAV でのデコードに失敗したため FFmpeg へ切り替えます: [Errno 1094995529] Invalid data found when processing input: 'D:\\develop\\autoedit\\tests\\test_blur_renderer_integration.py'
2026-09-23 16:06:03,078 [INFO] src.blur.analyzer: ぼかし解析: 枠 0 本を検出しました (m1 0.0〜5.0秒)
2026-09-23 16:06:03,080 [INFO] src.blur.store: ぼかしの解析結果を保存しました: timeline.blur.json
2026-09-23 16:06:03,080 [ERROR] src.blur.mask_builder: ぼかし: 指定した枠が見つからないため、ぼかす指定 1 件が効きません
2026-09-23 16:06:03,080 [INFO] src.blur.mask_builder: ぼかしマスク: 300 フレーム / 480x270 / 指定 1 件 (ぼかす 1 / 外す 0)
2026-09-23 16:06:03,220 [INFO] src.blur.mask_builder: ぼかしマスクを書き出しました: blur_mask.mkv (0.0 MB)
2026-09-23 16:06:03,222 [INFO] src.timeline.renderer: オーバーレイ・字幕が無いため合成をスキップします
2026-09-23 16:06:03,228 [INFO] src.modules.blur_overlay: ぼかしを焼き込みます: blur_applied.mp4
2026-09-23 16:06:03,231 [INFO] src.timeline.renderer: ベース映像構築: 1 クリップ / ギャップ 0 件 / 合計 5.0s
2026-09-23 16:06:03,237 [INFO] src.timeline.renderer: ベース映像の尺: モデル 5.000s / 実測 5.000s (差 +0.000s / 1 部品)
2026-09-23 16:06:03,238 [INFO] src.blur.mask_builder: ぼかし: 外す指定のため、必要な区間を解析します
2026-09-23 16:06:03,239 [INFO] src.blur.analyzer: ぼかし解析: 輪郭モデル: 準備完了
2026-09-23 16:06:03,241 [WARNING] src.blur.analyzer: PyAV でのデコードに失敗したため FFmpeg へ切り替えます: [Errno 1094995529] Invalid data found when processing input: 'D:\\develop\\autoedit\\tests\\test_blur_renderer_integration.py'
2026-09-23 16:06:03,308 [INFO] src.blur.analyzer: ぼかし解析: 枠 0 本を検出しました (m1 0.0〜5.0秒)
2026-09-23 16:06:03,309 [INFO] src.blur.store: ぼかしの解析結果を保存しました: timeline.blur.json
2026-09-23 16:06:03,310 [ERROR] src.blur.mask_builder: ぼかし: 指定した枠が見つからないため、ぼかす指定 1 件が効きません
2026-09-23 16:06:03,310 [INFO] src.blur.mask_builder: ぼかしマスク: 300 フレーム / 480x270 / 指定 1 件 (ぼかす 1 / 外す 0)
2026-09-23 16:06:03,451 [INFO] src.blur.mask_builder: ぼかしマスクを書き出しました: blur_mask.mkv (0.0 MB)
2026-09-23 16:06:03,453 [INFO] src.timeline.renderer: オーバーレイ・字幕が無いため合成をスキップします
2026-09-23 16:06:03,458 [INFO] src.modules.blur_overlay: ぼかしを焼き込みます: blur_applied.mp4
2026-09-23 16:06:03,461 [INFO] src.timeline.renderer: ベース映像構築: 1 クリップ / ギャップ 0 件 / 合計 5.0s
2026-09-23 16:06:03,468 [INFO] src.timeline.renderer: ベース映像の尺: モデル 5.000s / 実測 5.000s (差 +0.000s / 1 部品)
2026-09-23 16:06:03,470 [INFO] src.blur.mask_builder: ぼかす指定が無いためマスクを作りません
2026-09-23 16:06:03,470 [INFO] src.timeline.renderer: オーバーレイ・字幕が無いため合成をスキップします
2026-09-23 16:06:03,475 [INFO] src.timeline.renderer: 中間形式を最終形式へ変換: .mov → mp4 (音声のみ再エンコード)
2026-09-23 16:06:13,206 [INFO] src.blur.mask_builder: ぼかし: 外す指定のため、必要な区間を解析します
2026-09-23 16:06:13,681 [INFO] src.blur.analyzer: ぼかし解析: 輪郭モデル: 準備完了
2026-09-23 16:06:13,683 [WARNING] src.blur.analyzer: PyAV でのデコードに失敗したため FFmpeg へ切り替えます: [Errno 1094995529] Invalid data found when processing input: 'D:\\develop\\autoedit\\tests\\test_blur_renderer_integration.py'
2026-09-23 16:06:13,744 [INFO] src.blur.analyzer: ぼかし解析: 枠 0 本を検出しました (m1 0.0〜5.0秒)
2026-09-23 16:06:13,746 [INFO] src.blur.store: ぼかしの解析結果を保存しました: timeline.blur.json
2026-09-23 16:06:13,746 [ERROR] src.blur.mask_builder: ぼかし: 指定した枠が見つからないため、ぼかす指定 1 件が効きません
2026-09-23 16:06:13,746 [INFO] src.blur.mask_builder: ぼかしマスク: 300 フレーム / 480x270 / 指定 1 件 (ぼかす 1 / 外す 0)
2026-09-23 16:06:13,857 [INFO] src.blur.mask_builder: ぼかしマスクを書き出しました: blur_mask.mkv (0.0 MB)
2026-09-23 16:06:35,043 [INFO] src.timeline.renderer: ベース映像構築: 1 クリップ / ギャップ 0 件 / 合計 5.0s
2026-09-23 16:06:35,046 [INFO] src.timeline.renderer: ベース映像の尺: モデル 5.000s / 実測 5.000s (差 +0.000s / 1 部品)
2026-09-23 16:06:35,048 [INFO] src.timeline.renderer: 字幕焼き込み: 1 件
2026-09-23 16:06:35,053 [INFO] src.timeline.renderer: ベース映像構築: 1 クリップ / ギャップ 0 件 / 合計 5.0s
2026-09-23 16:06:35,056 [INFO] src.timeline.renderer: ベース映像の尺: モデル 5.000s / 実測 5.000s (差 +0.000s / 1 部品)
2026-09-23 16:06:35,057 [INFO] src.timeline.renderer: 字幕焼き込み: 1 件
2026-09-23 16:06:35,063 [INFO] src.timeline.renderer: ベース映像構築: 1 クリップ / ギャップ 0 件 / 合計 5.0s
2026-09-23 16:06:35,067 [INFO] src.timeline.renderer: ベース映像の尺: モデル 5.000s / 実測 5.000s (差 +0.000s / 1 部品)
2026-09-23 16:06:35,067 [INFO] src.timeline.renderer: オーバーレイ・字幕が無いため合成をスキップします
2026-09-23 16:06:35,070 [INFO] src.modules.blur_overlay: ぼかしを焼き込みます: blur_applied.mp4
2026-09-23 16:06:35,072 [INFO] src.timeline.renderer: ベース映像構築: 1 クリップ / ギャップ 0 件 / 合計 5.0s
2026-09-23 16:06:35,076 [INFO] src.timeline.renderer: ベース映像の尺: モデル 5.000s / 実測 5.000s (差 +0.000s / 1 部品)
2026-09-23 16:06:35,076 [INFO] src.timeline.renderer: オーバーレイ・字幕が無いため合成をスキップします
2026-09-23 16:06:35,079 [INFO] src.modules.blur_overlay: ぼかしを焼き込みます: blur_applied.mp4
2026-09-23 16:06:35,081 [INFO] src.timeline.renderer: ベース映像構築: 1 クリップ / ギャップ 0 件 / 合計 5.0s
2026-09-23 16:06:35,084 [INFO] src.timeline.renderer: ベース映像の尺: モデル 5.000s / 実測 5.000s (差 +0.000s / 1 部品)
2026-09-23 16:06:35,084 [INFO] src.timeline.renderer: 字幕焼き込み: 1 件
2026-09-23 16:06:35,092 [INFO] src.timeline.renderer: ベース映像構築: 1 クリップ / ギャップ 0 件 / 合計 5.0s
2026-09-23 16:06:35,096 [INFO] src.timeline.renderer: ベース映像の尺: モデル 5.000s / 実測 5.000s (差 +0.000s / 1 部品)
2026-09-23 16:06:35,284 [INFO] src.blur.mask_builder: ぼかし: 外す指定のため、必要な区間を解析します
2026-09-23 16:06:35,677 [INFO] src.blur.analyzer: ぼかし解析: 輪郭モデル: 準備完了
2026-09-23 16:06:35,679 [WARNING] src.blur.analyzer: PyAV でのデコードに失敗したため FFmpeg へ切り替えます: [Errno 1094995529] Invalid data found when processing input: 'D:\\develop\\autoedit\\tests\\test_blur_renderer_integration.py'
2026-09-23 16:06:35,724 [INFO] src.blur.analyzer: ぼかし解析: 枠 0 本を検出しました (m1 0.0〜5.0秒)
2026-09-23 16:06:35,726 [INFO] src.blur.store: ぼかしの解析結果を保存しました: timeline.blur.json
2026-09-23 16:06:35,726 [ERROR] src.blur.mask_builder: ぼかし: 指定した枠が見つからないため、ぼかす指定 1 件が効きません
2026-09-23 16:06:35,726 [INFO] src.blur.mask_builder: ぼかしマスク: 300 フレーム / 480x270 / 指定 1 件 (ぼかす 1 / 外す 0)
2026-09-23 16:06:35,816 [INFO] src.blur.mask_builder: ぼかしマスクを書き出しました: blur_mask.mkv (0.0 MB)
2026-09-23 16:06:35,819 [INFO] src.timeline.renderer: ベース映像構築: 1 クリップ / ギャップ 0 件 / 合計 5.0s
2026-09-23 16:06:35,823 [INFO] src.timeline.renderer: ベース映像の尺: モデル 5.000s / 実測 5.000s (差 +0.000s / 1 部品)
2026-09-23 16:06:35,823 [INFO] src.blur.mask_builder: ぼかし: 外す指定のため、必要な区間を解析します
2026-09-23 16:06:35,823 [INFO] src.blur.analyzer: ぼかし解析: 輪郭モデル: 準備完了
2026-09-23 16:06:35,825 [WARNING] src.blur.analyzer: PyAV でのデコードに失敗したため FFmpeg へ切り替えます: [Errno 1094995529] Invalid data found when processing input: 'D:\\develop\\autoedit\\tests\\test_blur_renderer_integration.py'
2026-09-23 16:06:35,869 [INFO] src.blur.analyzer: ぼかし解析: 枠 0 本を検出しました (m1 0.0〜5.0秒)
2026-09-23 16:06:35,869 [INFO] src.blur.store: ぼかしの解析結果を保存しました: timeline.blur.json
2026-09-23 16:06:35,870 [ERROR] src.blur.mask_builder: ぼかし: 指定した枠が見つからないため、ぼかす指定 1 件が効きません
2026-09-23 16:06:35,870 [INFO] src.blur.mask_builder: ぼかしマスク: 300 フレーム / 480x270 / 指定 1 件 (ぼかす 1 / 外す 0)
2026-09-23 16:06:35,957 [INFO] src.blur.mask_builder: ぼかしマスクを書き出しました: blur_mask.mkv (0.0 MB)
2026-09-23 16:06:35,960 [INFO] src.timeline.renderer: ベース映像構築: 1 クリップ / ギャップ 0 件 / 合計 5.0s
2026-09-23 16:06:35,964 [INFO] src.timeline.renderer: ベース映像の尺: モデル 5.000s / 実測 5.000s (差 +0.000s / 1 部品)
2026-09-23 16:06:35,964 [INFO] src.blur.mask_builder: ぼかし: 外す指定のため、必要な区間を解析します
2026-09-23 16:06:35,965 [INFO] src.blur.analyzer: ぼかし解析: 輪郭モデル: 準備完了
2026-09-23 16:06:35,966 [WARNING] src.blur.analyzer: PyAV でのデコードに失敗したため FFmpeg へ切り替えます: [Errno 1094995529] Invalid data found when processing input: 'D:\\develop\\autoedit\\tests\\test_blur_renderer_integration.py'
2026-09-23 16:06:36,010 [INFO] src.blur.analyzer: ぼかし解析: 枠 0 本を検出しました (m1 0.0〜5.0秒)
2026-09-23 16:06:36,011 [INFO] src.blur.store: ぼかしの解析結果を保存しました: timeline.blur.json
2026-09-23 16:06:36,011 [ERROR] src.blur.mask_builder: ぼかし: 指定した枠が見つからないため、ぼかす指定 1 件が効きません
2026-09-23 16:06:36,011 [INFO] src.blur.mask_builder: ぼかしマスク: 300 フレーム / 480x270 / 指定 1 件 (ぼかす 1 / 外す 0)
2026-09-23 16:06:36,103 [INFO] src.blur.mask_builder: ぼかしマスクを書き出しました: blur_mask.mkv (0.0 MB)
2026-09-23 16:06:36,105 [WARNING] src.timeline.renderer: 利用者の指示により、ぼかしを入れずに出力します
2026-09-23 16:06:36,105 [INFO] src.timeline.renderer: オーバーレイ・字幕が無いため合成をスキップします
2026-09-23 16:06:36,108 [INFO] src.modules.blur_overlay: ぼかしを焼き込みます: blur_applied.mp4
2026-09-23 16:06:36,111 [INFO] src.timeline.renderer: ベース映像構築: 1 クリップ / ギャップ 0 件 / 合計 5.0s
2026-09-23 16:06:36,114 [INFO] src.timeline.renderer: ベース映像の尺: モデル 5.000s / 実測 5.000s (差 +0.000s / 1 部品)
2026-09-23 16:06:36,114 [INFO] src.blur.mask_builder: ぼかす指定が無いためマスクを作りません
2026-09-23 16:06:36,115 [INFO] src.timeline.renderer: オーバーレイ・字幕が無いため合成をスキップします
2026-09-23 16:06:36,117 [INFO] src.timeline.renderer: 中間形式を最終形式へ変換: .mov → mp4 (音声のみ再エンコード)
2026-09-23 16:06:44,501 [INFO] src.archive.timeline_builder: アーカイブ Timeline 構築: 2 クリップ / V1 2 本 / S1 0 件 / 全長 60.0s
2026-09-23 16:06:44,502 [INFO] src.archive.timeline_builder: アーカイブ Timeline 構築: 2 クリップ / V1 2 本 / S1 0 件 / 全長 60.0s
2026-09-23 16:06:44,502 [WARNING] src.archive.marker_source: VOD 外のマーカーを 2 件除外しました (尺 7200.0s)
2026-09-23 16:06:44,503 [INFO] src.archive.timeline_builder: アーカイブ Timeline 構築: 2 クリップ / V1 2 本 / S1 0 件 / 全長 200.0s
2026-09-23 16:06:44,503 [INFO] src.timeline.commands: 貼り付けの割り込み: V1 の 0.000s へ 50.00s を確保 / 移動 2 件・分割 0 件・切詰 0 件
2026-09-23 16:06:44,504 [INFO] src.timeline.commands: 貼り付けの割り込み: S1 の 0.000s へ 50.00s を確保 / 移動 0 件・分割 0 件・切詰 0 件
2026-09-23 16:06:44,504 [INFO] src.archive.timeline_builder: セクション追加: clip3 を 0.00s へ挿入 (VOD 100.0-150.0 / 尺 50.00s)
2026-09-23 16:06:44,504 [INFO] src.archive.timeline_builder: セクション統合: clip1 へ 1 件を畳み込み (VOD 100.0-200.0)
2026-09-23 16:06:44,504 [INFO] src.archive.timeline_builder: アーカイブ Timeline 構築: 2 クリップ / V1 2 本 / S1 0 件 / 全長 200.0s
2026-09-23 16:06:44,504 [INFO] src.archive.timeline_builder: アーカイブ Timeline 構築: 1 クリップ / V1 1 本 / S1 0 件 / 全長 100.0s
2026-09-23 16:06:44,504 [INFO] src.archive.timeline_builder: アーカイブ Timeline 構築: 1 クリップ / V1 1 本 / S1 0 件 / 全長 100.0s
2026-09-23 16:06:44,505 [INFO] src.archive.timeline_builder: アーカイブ Timeline 構築: 1 クリップ / V1 1 本 / S1 0 件 / 全長 100.0s
2026-09-23 16:06:44,505 [INFO] src.archive.timeline_builder: セクション追加: clip2 を 100.00s へ挿入 (VOD 200.0-300.0 / 尺 100.00s)
2026-09-23 16:06:44,505 [INFO] src.archive.timeline_builder: セクション統合: clip1 へ 1 件を畳み込み (VOD 100.0-300.0)
2026-09-23 16:06:44,505 [INFO] src.archive.timeline_builder: アーカイブ Timeline 構築: 1 クリップ / V1 1 本 / S1 0 件 / 全長 100.0s
2026-09-23 16:06:44,505 [INFO] src.archive.timeline_builder: セクション追加: clip2 を 100.00s へ挿入 (VOD 200.0-300.0 / 尺 100.00s)
2026-09-23 16:06:44,505 [INFO] src.archive.timeline_builder: セクション統合: clip1 へ 1 件を畳み込み (VOD 100.0-300.0)
2026-09-23 16:06:44,505 [INFO] src.archive.timeline_builder: アーカイブ Timeline 構築: 1 クリップ / V1 1 本 / S1 0 件 / 全長 100.0s
2026-09-23 16:06:44,505 [INFO] src.archive.timeline_builder: セクション追加: clip2 を 100.00s へ挿入 (VOD 200.0-300.0 / 尺 100.00s)
2026-09-23 16:06:44,505 [INFO] src.archive.timeline_builder: セクション統合: clip1 へ 1 件を畳み込み (VOD 100.0-300.0)
2026-09-23 16:06:44,507 [INFO] src.archive.timeline_builder: アーカイブ Timeline 構築: 1 クリップ / V1 1 本 / S1 0 件 / 全長 100.0s
2026-09-23 16:06:44,507 [INFO] src.archive.timeline_builder: セクション追加: clip2 を 100.00s へ挿入 (VOD 200.0-300.0 / 尺 100.00s)
2026-09-23 16:06:44,507 [INFO] src.archive.timeline_builder: セクション統合: clip1 へ 1 件を畳み込み (VOD 100.0-300.0)
2026-09-23 16:06:44,507 [INFO] src.archive.timeline_builder: clip1 の素材 m2 は区間を特定できませんでした (尺 12.0s / 候補の穴 0 件)。差し替えを尋ねます
2026-09-23 16:06:44,507 [INFO] src.archive.timeline_builder: アーカイブ Timeline 構築: 1 クリップ / V1 1 本 / S1 0 件 / 全長 100.0s
2026-09-23 16:06:44,508 [INFO] src.archive.timeline_builder: セクション追加: clip2 を 100.00s へ挿入 (VOD 200.0-300.0 / 尺 100.00s)
2026-09-23 16:06:44,508 [INFO] src.archive.timeline_builder: セクション統合: clip1 へ 1 件を畳み込み (VOD 100.0-300.0)
2026-09-23 16:06:44,508 [INFO] src.archive.timeline_builder: アーカイブ Timeline 構築: 1 クリップ / V1 1 本 / S1 0 件 / 全長 100.0s
2026-09-23 16:06:44,508 [INFO] src.archive.timeline_builder: セクション追加: clip2 を 100.00s へ挿入 (VOD 200.0-300.0 / 尺 100.00s)
2026-09-23 16:06:44,509 [INFO] src.archive.timeline_builder: セクション統合: clip1 へ 1 件を畳み込み (VOD 100.0-300.0)
2026-09-23 16:06:44,512 [INFO] src.archive.timeline_builder: clip1 の素材 m2 の区間を 200.0–300.0 として復元しました
2026-09-23 16:06:44,512 [INFO] src.archive.timeline_builder: アーカイブ Timeline 構築: 1 クリップ / V1 1 本 / S1 0 件 / 全長 100.0s
2026-09-23 16:06:44,513 [INFO] src.archive.timeline_builder: セクション追加: clip2 を 100.00s へ挿入 (VOD 200.0-300.0 / 尺 100.00s)
2026-09-23 16:06:44,513 [INFO] src.archive.timeline_builder: セクション統合: clip1 へ 1 件を畳み込み (VOD 100.0-300.0)
2026-09-23 16:06:44,513 [INFO] src.archive.timeline_builder: clip1 の素材 m2 の区間を 200.0–300.0 として復元しました
2026-09-23 16:06:44,513 [INFO] src.archive.timeline_builder: アーカイブ Timeline 構築: 1 クリップ / V1 1 本 / S1 0 件 / 全長 100.0s
2026-09-23 16:06:44,513 [INFO] src.archive.timeline_builder: セクション追加: clip2 を 100.00s へ挿入 (VOD 200.0-300.0 / 尺 100.00s)
2026-09-23 16:06:44,513 [INFO] src.archive.timeline_builder: セクション統合: clip1 へ 1 件を畳み込み (VOD 100.0-300.0)
2026-09-23 16:06:44,514 [INFO] src.archive.timeline_builder: clip1 の素材 m2 の区間を 200.0–303.0 として復元しました
2026-09-23 16:06:44,516 [INFO] src.archive.timeline_builder: アーカイブ Timeline 構築: 1 クリップ / V1 1 本 / S1 0 件 / 全長 100.0s
2026-09-23 16:06:44,518 [INFO] src.archive.timeline_builder: アーカイブ Timeline 構築: 1 クリップ / V1 1 本 / S1 0 件 / 全長 100.0s
2026-09-23 16:06:44,519 [INFO] src.archive.timeline_builder: アーカイブ Timeline 構築: 1 クリップ / V1 1 本 / S1 0 件 / 全長 100.0s
2026-09-23 16:06:44,520 [INFO] src.timeline.media_recovery: 使われていない素材のため復旧しません: orphan (C:\Users\evolu\AppData\Local\Temp\archive_media_test_65cuuwfc\gone.mp4)
2026-09-23 16:06:44,521 [INFO] src.archive.timeline_builder: アーカイブ Timeline 構築: 1 クリップ / V1 1 本 / S1 0 件 / 全長 100.0s
2026-09-23 16:06:44,522 [INFO] src.timeline.project_io: 使われていない素材 1 件を保存対象から外しました
2026-09-23 16:06:44,523 [INFO] src.archive.timeline_builder: アーカイブ Timeline 構築: 1 クリップ / V1 1 本 / S1 0 件 / 全長 100.0s
2026-09-23 16:06:44,525 [INFO] src.archive.timeline_builder: アーカイブ Timeline 構築: 1 クリップ / V1 1 本 / S1 0 件 / 全長 100.0s
2026-09-23 16:06:44,525 [WARNING] src.timeline.media_recovery: 素材が見つかりません: m1 (C:\Users\evolu\AppData\Local\Temp\archive_media_test_bn_egaqm\lost.mp4)
2026-09-23 16:06:44,526 [INFO] src.timeline.media_recovery: 使われていない素材のため復旧しません: orphan (C:\Users\evolu\AppData\Local\Temp\archive_media_test_bn_egaqm\gone.mp4)
2026-09-23 16:06:44,529 [INFO] src.archive.clip_writer: clip1 prepare 完了 (字幕 2 件)
2026-09-23 16:06:44,531 [INFO] src.archive.clip_writer: clip1 prepare 完了 (字幕 2 件)
2026-09-23 16:06:44,535 [INFO] src.archive.clip_writer: 編集点準備: 残す区間 2 件 / 想定尺 10.00s (素材 30.00s)
2026-09-23 16:06:44,535 [INFO] src.archive.clip_writer: clip1 prepare 完了 (字幕 2 件 / 実カットなし)
2026-09-23 16:06:44,538 [INFO] src.archive.clip_writer: 編集点準備: 残す区間 2 件 / 想定尺 10.00s (素材 30.00s)
2026-09-23 16:06:44,538 [INFO] src.archive.clip_writer: clip1 prepare 完了 (字幕 2 件 / 実カットなし)
2026-09-23 16:06:44,540 [INFO] src.archive.clip_writer: 編集点準備: 残す区間 2 件 / 想定尺 10.00s (素材 30.00s)
2026-09-23 16:06:44,540 [INFO] src.archive.clip_writer: clip1 prepare 完了 (字幕 2 件 / 実カットなし)
2026-09-23 16:06:44,544 [INFO] src.archive.clip_writer: 編集点準備: 残す区間 2 件 / 想定尺 10.00s (素材 30.00s)
2026-09-23 16:06:44,544 [INFO] src.archive.clip_writer: clip1 prepare 完了 (字幕 2 件 / 実カットなし)
2026-09-23 16:06:44,546 [INFO] src.archive.clip_writer: 編集点準備: 残す区間 2 件 / 想定尺 10.00s (素材 30.00s)
2026-09-23 16:06:44,546 [INFO] src.archive.clip_writer: clip1 prepare 完了 (字幕 2 件 / 実カットなし)
2026-09-23 16:06:44,549 [INFO] src.archive.clip_writer: 編集点準備: 残す区間 2 件 / 想定尺 10.00s (素材 30.00s)
2026-09-23 16:06:44,549 [INFO] src.archive.clip_writer: clip1 prepare 完了 (字幕 2 件 / 実カットなし)
2026-09-23 16:06:44,551 [INFO] src.archive.clip_writer: 編集点準備: 残す区間 2 件 / 想定尺 10.00s (素材 30.00s)
2026-09-23 16:06:44,551 [INFO] src.archive.clip_writer: clip1 prepare 完了 (字幕 0 件 / 実カットなし)
2026-09-23 16:06:44,552 [INFO] src.archive.clip_writer: 編集点準備: 残す区間 2 件 / 想定尺 10.00s (素材 30.00s)
2026-09-23 16:06:44,557 [INFO] src.timeline.project_io: プロジェクト保存: C:\Users\evolu\AppData\Local\Temp\archive_resume_5x7w7qyh\vod.archive.timeline.json
2026-09-23 16:06:44,575 [INFO] src.timeline.project_io: プロジェクト読込: C:\Users\evolu\AppData\Local\Temp\archive_resume_5x7w7qyh\vod.archive.timeline.json
2026-09-23 16:06:44,585 [INFO] src.timeline.project_io: プロジェクト保存: C:\Users\evolu\AppData\Local\Temp\archive_resume_pc5ds3um\vod.archive.timeline.json
2026-09-23 16:06:44,589 [INFO] src.timeline.project_io: プロジェクト保存: C:\Users\evolu\AppData\Local\Temp\archive_resume_pc5ds3um\clip.timeline.json
2026-09-23 16:06:44,589 [INFO] src.archive.project_resume: ==================================================
2026-09-23 16:06:44,589 [INFO] src.archive.project_resume: 保存済みアーカイブプロジェクトから再開: C:\Users\evolu\AppData\Local\Temp\archive_resume_pc5ds3um\clip.timeline.json
2026-09-23 16:06:44,611 [INFO] src.timeline.project_io: プロジェクト読込: C:\Users\evolu\AppData\Local\Temp\archive_resume_pc5ds3um\clip.timeline.json
2026-09-23 16:06:44,616 [INFO] src.timeline.project_io: プロジェクト保存: C:\Users\evolu\AppData\Local\Temp\archive_resume_kq3o3y7k\vod.archive.timeline.json
2026-09-23 16:06:44,635 [INFO] src.timeline.project_io: プロジェクト読込: C:\Users\evolu\AppData\Local\Temp\archive_resume_kq3o3y7k\vod.archive.timeline.json
2026-09-23 16:06:44,636 [INFO] src.archive.project_resume: 音声サイドカーが無いため素材 m1 の正規化をやり直します
2026-09-23 16:06:44,638 [INFO] src.archive.project_resume: 音声サイドカーが無いため素材 m2 の正規化をやり直します
2026-09-23 16:06:44,646 [INFO] src.timeline.project_io: プロジェクト保存: C:\Users\evolu\AppData\Local\Temp\archive_resume_3ln5b9uh\vod.archive.timeline.json
2026-09-23 16:06:44,662 [INFO] src.timeline.project_io: プロジェクト読込: C:\Users\evolu\AppData\Local\Temp\archive_resume_3ln5b9uh\vod.archive.timeline.json
2026-09-23 16:06:44,664 [INFO] src.archive.project_resume: 音声サイドカーが無いため素材 m1 の正規化をやり直します
2026-09-23 16:06:44,665 [INFO] src.archive.project_resume: 音声サイドカーが無いため素材 m2 の正規化をやり直します
2026-09-23 16:06:44,672 [INFO] src.timeline.project_io: プロジェクト保存: C:\Users\evolu\AppData\Local\Temp\archive_resume_t_17kbo9\vod.archive.timeline.json
2026-09-23 16:06:44,675 [INFO] src.archive.project_resume: ==================================================
2026-09-23 16:06:44,675 [INFO] src.archive.project_resume: 保存済みアーカイブプロジェクトから再開: C:\Users\evolu\AppData\Local\Temp\archive_resume_t_17kbo9\no_such.timeline.json
2026-09-23 16:06:44,680 [INFO] src.timeline.project_io: プロジェクト保存: C:\Users\evolu\AppData\Local\Temp\archive_resume_ew8me1qg\vod.archive.timeline.json
2026-09-23 16:06:44,697 [INFO] src.timeline.project_io: プロジェクト読込: C:\Users\evolu\AppData\Local\Temp\archive_resume_ew8me1qg\vod.archive.timeline.json
2026-09-23 16:06:44,708 [INFO] src.timeline.project_io: プロジェクト保存: C:\Users\evolu\AppData\Local\Temp\archive_resume_7etddx7i\vod.archive.timeline.json
2026-09-23 16:06:44,723 [INFO] src.timeline.project_io: プロジェクト読込: C:\Users\evolu\AppData\Local\Temp\archive_resume_7etddx7i\vod.archive.timeline.json
2026-09-23 16:06:44,725 [INFO] src.archive.project_resume: 設定に従い切り出したままの音量で使います: 素材 m1
2026-09-23 16:06:44,725 [INFO] src.archive.project_resume: 設定に従い切り出したままの音量で使います: 素材 m2
2026-09-23 16:06:44,728 [WARNING] src.timeline.media_sidecar: 音声サイドカーの尺が保存値と合いません (100.00s / 期待 103.00s) → 使いません
2026-09-23 16:06:44,729 [INFO] src.archive.timeline_builder: アーカイブ Timeline 構築: 2 クリップ / V1 2 本 / S1 0 件 / 全長 200.0s
2026-09-23 16:06:44,729 [INFO] src.archive.timeline_builder: セクション追加: clip3 を 200.00s へ挿入 (VOD 900.0-950.0 / 尺 50.00s)
2026-09-23 16:06:44,729 [INFO] src.archive.timeline_builder: アーカイブ Timeline 構築: 2 クリップ / V1 2 本 / S1 0 件 / 全長 200.0s
2026-09-23 16:06:44,729 [INFO] src.timeline.commands: 貼り付けの割り込み: V1 の 0.000s へ 50.00s を確保 / 移動 2 件・分割 0 件・切詰 0 件
2026-09-23 16:06:44,729 [INFO] src.timeline.commands: 貼り付けの割り込み: S1 の 0.000s へ 50.00s を確保 / 移動 0 件・分割 0 件・切詰 0 件
2026-09-23 16:06:44,729 [INFO] src.archive.timeline_builder: セクション追加: clip3 を 0.00s へ挿入 (VOD 0.0-50.0 / 尺 50.00s)
2026-09-23 16:06:44,730 [INFO] src.archive.timeline_builder: アーカイブ Timeline 構築: 2 クリップ / V1 2 本 / S1 0 件 / 全長 200.0s
2026-09-23 16:06:44,730 [INFO] src.timeline.commands: 貼り付けの割り込み: V1 の 100.000s へ 50.00s を確保 / 移動 1 件・分割 0 件・切詰 0 件
2026-09-23 16:06:44,730 [INFO] src.timeline.commands: 貼り付けの割り込み: S1 の 100.000s へ 50.00s を確保 / 移動 0 件・分割 0 件・切詰 0 件
2026-09-23 16:06:44,730 [INFO] src.archive.timeline_builder: セクション追加: clip3 を 100.00s へ挿入 (VOD 250.0-300.0 / 尺 50.00s)
2026-09-23 16:06:44,730 [INFO] src.archive.timeline_builder: アーカイブ Timeline 構築: 3 クリップ / V1 3 本 / S1 0 件 / 全長 300.0s
2026-09-23 16:06:44,731 [INFO] src.timeline.commands: 貼り付けの割り込み: V1 の 100.000s へ 50.00s を確保 / 移動 2 件・分割 0 件・切詰 0 件
2026-09-23 16:06:44,731 [INFO] src.timeline.commands: 貼り付けの割り込み: S1 の 100.000s へ 50.00s を確保 / 移動 0 件・分割 0 件・切詰 0 件
2026-09-23 16:06:44,731 [INFO] src.archive.timeline_builder: セクション追加: clip4 を 100.00s へ挿入 (VOD 250.0-300.0 / 尺 50.00s)
2026-09-23 16:06:44,731 [INFO] src.timeline.commands: 貼り付けの割り込み: V1 の 0.000s へ 50.00s を確保 / 移動 4 件・分割 0 件・切詰 0 件
2026-09-23 16:06:44,731 [INFO] src.timeline.commands: 貼り付けの割り込み: S1 の 0.000s へ 50.00s を確保 / 移動 0 件・分割 0 件・切詰 0 件
2026-09-23 16:06:44,731 [INFO] src.archive.timeline_builder: セクション追加: clip5 を 0.00s へ挿入 (VOD 0.0-50.0 / 尺 50.00s)
2026-09-23 16:06:44,731 [INFO] src.archive.timeline_builder: セクション追加: clip6 を 400.00s へ挿入 (VOD 900.0-950.0 / 尺 50.00s)
2026-09-23 16:06:44,732 [INFO] src.archive.timeline_builder: アーカイブ Timeline 構築: 1 クリップ / V1 1 本 / S1 0 件 / 全長 100.0s
2026-09-23 16:06:44,732 [INFO] src.archive.timeline_builder: セクション追加: clip2 を 100.00s へ挿入 (VOD 300.0-400.0 / 尺 100.00s)
2026-09-23 16:06:44,732 [INFO] src.archive.timeline_builder: アーカイブ Timeline 構築: 3 クリップ / V1 3 本 / S1 0 件 / 全長 300.0s
2026-09-23 16:06:44,732 [INFO] src.timeline.commands: 貼り付けの割り込み: V1 の 100.000s へ 50.00s を確保 / 移動 2 件・分割 0 件・切詰 0 件
2026-09-23 16:06:44,732 [INFO] src.timeline.commands: 貼り付けの割り込み: S1 の 100.000s へ 50.00s を確保 / 移動 0 件・分割 0 件・切詰 0 件
2026-09-23 16:06:44,732 [INFO] src.archive.timeline_builder: セクション追加: clip4 を 100.00s へ挿入 (VOD 250.0-300.0 / 尺 50.00s)
2026-09-23 16:06:44,733 [INFO] src.archive.timeline_builder: アーカイブ Timeline 構築: 2 クリップ / V1 2 本 / S1 0 件 / 全長 200.0s
2026-09-23 16:06:44,733 [INFO] src.archive.timeline_builder: セクション追加: clip3 を 200.00s へ挿入 (VOD 900.0-950.0 / 尺 50.00s)
2026-09-23 16:06:44,733 [INFO] src.archive.timeline_builder: アーカイブ Timeline 構築: 2 クリップ / V1 2 本 / S1 0 件 / 全長 200.0s
2026-09-23 16:06:44,733 [INFO] src.archive.timeline_builder: アーカイブ Timeline 構築: 1 クリップ / V1 1 本 / S1 0 件 / 全長 100.0s
2026-09-23 16:06:44,734 [INFO] src.archive.timeline_builder: セクション追加: clip2 を 100.00s へ挿入 (VOD 450.0-600.0 / 尺 150.00s)
2026-09-23 16:06:44,734 [INFO] src.archive.timeline_builder: アーカイブ Timeline 構築: 2 クリップ / V1 2 本 / S1 0 件 / 全長 200.0s
2026-09-23 16:06:44,734 [INFO] src.archive.timeline_builder: セクション追加: clip3 を 200.00s へ挿入 (VOD 500.0-600.0 / 尺 100.00s)
2026-09-23 16:06:44,734 [INFO] src.archive.timeline_builder: セクション統合: clip2 へ 1 件を畳み込み (VOD 400.0-600.0)
2026-09-23 16:06:44,734 [INFO] src.archive.timeline_builder: アーカイブ Timeline 構築: 2 クリップ / V1 2 本 / S1 0 件 / 全長 200.0s
2026-09-23 16:06:44,734 [INFO] src.archive.timeline_builder: セクション追加: clip3 を 200.00s へ挿入 (VOD 500.0-600.0 / 尺 100.00s)
2026-09-23 16:06:44,734 [INFO] src.archive.timeline_builder: セクション統合: clip2 へ 1 件を畳み込み (VOD 400.0-600.0)
2026-09-23 16:06:44,734 [INFO] src.archive.timeline_builder: アーカイブ Timeline 構築: 3 クリップ / V1 3 本 / S1 0 件 / 全長 300.0s
2026-09-23 16:06:44,735 [INFO] src.timeline.commands: 貼り付けの割り込み: V1 の 200.000s へ 100.00s を確保 / 移動 1 件・分割 0 件・切詰 0 件
2026-09-23 16:06:44,735 [INFO] src.timeline.commands: 貼り付けの割り込み: S1 の 200.000s へ 100.00s を確保 / 移動 0 件・分割 0 件・切詰 0 件
2026-09-23 16:06:44,735 [INFO] src.archive.timeline_builder: セクション追加: clip4 を 200.00s へ挿入 (VOD 500.0-600.0 / 尺 100.00s)
2026-09-23 16:06:44,735 [INFO] src.archive.timeline_builder: セクション統合: clip2 へ 1 件を畳み込み (VOD 400.0-600.0)
2026-09-23 16:06:44,735 [INFO] src.archive.timeline_builder: アーカイブ Timeline 構築: 3 クリップ / V1 3 本 / S1 0 件 / 全長 300.0s
2026-09-23 16:06:44,735 [INFO] src.timeline.commands: 貼り付けの割り込み: V1 の 100.000s へ 200.00s を確保 / 移動 2 件・分割 0 件・切詰 0 件
2026-09-23 16:06:44,735 [INFO] src.timeline.commands: 貼り付けの割り込み: S1 の 100.000s へ 200.00s を確保 / 移動 0 件・分割 0 件・切詰 0 件
2026-09-23 16:06:44,735 [INFO] src.archive.timeline_builder: セクション追加: clip4 を 100.00s へ挿入 (VOD 200.0-400.0 / 尺 200.00s)
2026-09-23 16:06:44,735 [INFO] src.timeline.commands: 貼り付けの割り込み: V1 の 400.000s へ 200.00s を確保 / 移動 1 件・分割 0 件・切詰 0 件
2026-09-23 16:06:44,735 [INFO] src.timeline.commands: 貼り付けの割り込み: S1 の 400.000s へ 200.00s を確保 / 移動 0 件・分割 0 件・切詰 0 件
2026-09-23 16:06:44,735 [INFO] src.archive.timeline_builder: セクション追加: clip5 を 400.00s へ挿入 (VOD 500.0-700.0 / 尺 200.00s)
2026-09-23 16:06:44,735 [INFO] src.archive.timeline_builder: セクション統合: clip1 へ 4 件を畳み込み (VOD 100.0-800.0)
2026-09-23 16:06:44,736 [INFO] src.archive.timeline_builder: アーカイブ Timeline 構築: 1 クリップ / V1 1 本 / S1 0 件 / 全長 100.0s
2026-09-23 16:06:44,736 [INFO] src.archive.timeline_builder: セクション追加: clip2 を 100.00s へ挿入 (VOD 200.0-300.0 / 尺 100.00s)
2026-09-23 16:06:44,736 [INFO] src.archive.timeline_builder: セクション統合: clip1 へ 1 件を畳み込み (VOD 100.0-300.0)
2026-09-23 16:06:44,736 [INFO] src.archive.timeline_builder: アーカイブ Timeline 構築: 2 クリップ / V1 2 本 / S1 0 件 / 全長 200.0s
2026-09-23 16:06:44,737 [INFO] src.timeline.commands: 貼り付けの割り込み: V1 の 100.000s へ 50.00s を確保 / 移動 1 件・分割 0 件・切詰 0 件
2026-09-23 16:06:44,737 [INFO] src.timeline.commands: 貼り付けの割り込み: S1 の 100.000s へ 50.00s を確保 / 移動 0 件・分割 0 件・切詰 0 件
2026-09-23 16:06:44,737 [INFO] src.archive.timeline_builder: セクション追加: clip3 を 100.00s へ挿入 (VOD 250.0-300.0 / 尺 50.00s)
2026-09-23 16:06:44,737 [INFO] src.archive.timeline_builder: アーカイブ Timeline 構築: 2 クリップ / V1 2 本 / S1 0 件 / 全長 200.0s
2026-09-23 16:06:44,738 [INFO] src.archive.timeline_builder: セクション追加: clip3 を 200.00s へ挿入 (VOD 500.0-600.0 / 尺 100.00s)
2026-09-23 16:06:44,738 [INFO] src.archive.timeline_builder: セクション統合: clip2 へ 1 件を畳み込み (VOD 400.0-600.0)
2026-09-23 16:06:44,738 [INFO] src.archive.timeline_builder: アーカイブ Timeline 構築: 3 クリップ / V1 3 本 / S1 0 件 / 全長 300.0s
2026-09-23 16:06:44,738 [INFO] src.timeline.commands: 貼り付けの割り込み: V1 の 100.000s へ 50.00s を確保 / 移動 2 件・分割 0 件・切詰 0 件
2026-09-23 16:06:44,738 [INFO] src.timeline.commands: 貼り付けの割り込み: S1 の 100.000s へ 50.00s を確保 / 移動 0 件・分割 0 件・切詰 0 件
2026-09-23 16:06:44,738 [INFO] src.archive.timeline_builder: セクション追加: clip4 を 100.00s へ挿入 (VOD 250.0-300.0 / 尺 50.00s)
2026-09-23 16:06:44,739 [INFO] src.archive.timeline_builder: アーカイブ Timeline 構築: 2 クリップ / V1 2 本 / S1 0 件 / 全長 200.0s
2026-09-23 16:06:44,739 [INFO] src.archive.timeline_builder: アーカイブ Timeline 構築: 1 クリップ / V1 1 本 / S1 0 件 / 全長 100.0s
2026-09-23 16:06:44,739 [INFO] src.archive.timeline_builder: アーカイブ Timeline 構築: 1 クリップ / V1 1 本 / S1 0 件 / 全長 100.0s
2026-09-23 16:06:44,739 [INFO] src.archive.timeline_builder: アーカイブ Timeline 構築: 1 クリップ / V1 1 本 / S1 0 件 / 全長 100.0s
2026-09-23 16:06:44,739 [INFO] src.archive.timeline_builder: アーカイブ Timeline 構築: 1 クリップ / V1 1 本 / S1 0 件 / 全長 100.0s
2026-09-23 16:06:44,739 [INFO] src.archive.timeline_builder: アーカイブ Timeline 構築: 1 クリップ / V1 1 本 / S1 0 件 / 全長 300.0s
2026-09-23 16:06:44,740 [INFO] src.archive.timeline_builder: アーカイブ Timeline 構築: 1 クリップ / V1 1 本 / S1 0 件 / 全長 100.0s
2026-09-23 16:06:44,740 [INFO] src.archive.timeline_builder: アーカイブ Timeline 構築: 1 クリップ / V1 1 本 / S1 0 件 / 全長 100.0s
2026-09-23 16:06:44,740 [INFO] src.archive.timeline_builder: アーカイブ Timeline 構築: 1 クリップ / V1 1 本 / S1 0 件 / 全長 30.0s
2026-09-23 16:06:44,741 [INFO] src.archive.timeline_builder: アーカイブ Timeline 構築: 1 クリップ / V1 1 本 / S1 0 件 / 全長 30.0s
2026-09-23 16:06:44,741 [INFO] src.archive.timeline_builder: アーカイブ Timeline 構築: 1 クリップ / V1 1 本 / S1 0 件 / 全長 30.0s
2026-09-23 16:06:44,741 [INFO] src.archive.timeline_builder: アーカイブ Timeline 構築: 1 クリップ / V1 1 本 / S1 0 件 / 全長 30.0s
2026-09-23 16:06:44,741 [INFO] src.archive.timeline_builder: アーカイブ Timeline 構築: 1 クリップ / V1 1 本 / S1 0 件 / 全長 30.0s
2026-09-23 16:06:44,741 [INFO] src.archive.timeline_builder: アーカイブ Timeline 構築: 3 クリップ / V1 6 本 / S1 6 件 / 全長 30.0s
2026-09-23 16:06:44,742 [INFO] src.archive.timeline_builder: アーカイブ Timeline 構築: 3 クリップ / V1 6 本 / S1 6 件 / 全長 30.0s
2026-09-23 16:06:44,742 [INFO] src.archive.timeline_builder: アーカイブ Timeline 構築: 3 クリップ / V1 6 本 / S1 6 件 / 全長 30.0s
2026-09-23 16:06:44,742 [INFO] src.archive.timeline_builder: アーカイブ Timeline 構築: 3 クリップ / V1 6 本 / S1 6 件 / 全長 30.0s
2026-09-23 16:06:44,743 [INFO] src.archive.timeline_builder: アーカイブ Timeline 構築: 3 クリップ / V1 6 本 / S1 6 件 / 全長 30.0s
2026-09-23 16:06:44,743 [INFO] src.archive.timeline_builder: アーカイブ Timeline 構築: 3 クリップ / V1 6 本 / S1 6 件 / 全長 30.0s
2026-09-23 16:06:44,743 [INFO] src.archive.timeline_builder: アーカイブ Timeline 構築: 3 クリップ / V1 6 本 / S1 6 件 / 全長 30.0s
2026-09-23 16:06:44,744 [INFO] src.archive.timeline_builder: アーカイブ Timeline 構築: 3 クリップ / V1 6 本 / S1 6 件 / 全長 30.0s
2026-09-23 16:06:44,744 [INFO] src.archive.timeline_builder: アーカイブ Timeline 構築: 3 クリップ / V1 6 本 / S1 6 件 / 全長 30.0s
2026-09-23 16:06:44,744 [INFO] src.archive.timeline_builder: アーカイブ Timeline 構築: 1 クリップ / V1 1 本 / S1 2 件 / 全長 30.0s
2026-09-23 16:06:44,744 [INFO] src.archive.timeline_builder: clip1: クリップ終端で打ち切った字幕 1 件 / 載せなかった字幕 0 件
2026-09-23 16:06:44,745 [INFO] src.archive.timeline_builder: clip2: クリップ終端で打ち切った字幕 1 件 / 載せなかった字幕 0 件
2026-09-23 16:06:44,745 [INFO] src.archive.timeline_builder: clip3: クリップ終端で打ち切った字幕 1 件 / 載せなかった字幕 0 件
2026-09-23 16:06:44,745 [INFO] src.archive.timeline_builder: アーカイブ Timeline 構築: 3 クリップ / V1 6 本 / S1 3 件 / 全長 30.0s
2026-09-23 16:06:44,745 [INFO] src.archive.timeline_builder: clip1: クリップ終端で打ち切った字幕 1 件 / 載せなかった字幕 0 件
2026-09-23 16:06:44,745 [INFO] src.archive.timeline_builder: アーカイブ Timeline 構築: 2 クリップ / V1 4 本 / S1 3 件 / 全長 20.0s
2026-09-23 16:06:44,745 [INFO] src.archive.timeline_builder: clip1: クリップ終端で打ち切った字幕 1 件 / 載せなかった字幕 1 件
2026-09-23 16:06:44,745 [INFO] src.archive.timeline_builder: アーカイブ Timeline 構築: 2 クリップ / V1 4 本 / S1 2 件 / 全長 20.0s
2026-09-23 16:06:44,746 [INFO] src.archive.timeline_builder: clip1: クリップ終端で打ち切った字幕 1 件 / 載せなかった字幕 0 件
2026-09-23 16:06:44,746 [INFO] src.archive.timeline_builder: clip2: クリップ終端で打ち切った字幕 1 件 / 載せなかった字幕 0 件
2026-09-23 16:06:44,746 [INFO] src.archive.timeline_builder: アーカイブ Timeline 構築: 2 クリップ / V1 4 本 / S1 2 件 / 全長 20.0s
2026-09-23 16:06:44,746 [INFO] src.archive.timeline_builder: アーカイブ Timeline 構築: 3 クリップ / V1 6 本 / S1 6 件 / 全長 30.0s
2026-09-23 16:06:44,747 [INFO] src.archive.timeline_builder: アーカイブ Timeline 構築: 3 クリップ / V1 6 本 / S1 6 件 / 全長 30.0s
2026-09-23 16:06:44,747 [INFO] src.archive.timeline_builder: アーカイブ Timeline 構築: 3 クリップ / V1 6 本 / S1 6 件 / 全長 30.0s
2026-09-23 16:06:44,747 [INFO] src.archive.timeline_builder: アーカイブ Timeline 構築: 3 クリップ / V1 6 本 / S1 6 件 / 全長 30.0s
2026-09-23 16:06:44,748 [INFO] src.archive.timeline_builder: アーカイブ Timeline 構築: 3 クリップ / V1 6 本 / S1 6 件 / 全長 30.0s
2026-09-23 16:06:44,749 [INFO] src.archive.timeline_builder: アーカイブ Timeline 構築: 3 クリップ / V1 6 本 / S1 6 件 / 全長 30.0s
2026-09-23 16:06:44,749 [INFO] src.archive.timeline_builder: アーカイブ Timeline 構築: 3 クリップ / V1 6 本 / S1 6 件 / 全長 30.0s
2026-09-23 16:06:44,749 [INFO] src.archive.timeline_builder: clip2 は使用しないため書き出しから除外します
2026-09-23 16:06:44,749 [INFO] src.archive.timeline_builder: アーカイブ Timeline 構築: 3 クリップ / V1 6 本 / S1 6 件 / 全長 30.0s
2026-09-23 16:06:44,750 [INFO] src.archive.timeline_builder: アーカイブ Timeline 構築: 3 クリップ / V1 6 本 / S1 6 件 / 全長 30.0s
2026-09-23 16:06:44,750 [INFO] src.archive.timeline_builder: アーカイブ Timeline 構築: 3 クリップ / V1 6 本 / S1 6 件 / 全長 30.0s
2026-09-23 16:06:44,751 [INFO] src.archive.timeline_builder: アーカイブ Timeline 構築: 3 クリップ / V1 6 本 / S1 6 件 / 全長 30.0s
2026-09-23 16:06:44,751 [INFO] src.archive.timeline_builder: アーカイブ Timeline 構築: 3 クリップ / V1 6 本 / S1 6 件 / 全長 30.0s
2026-09-23 16:06:44,752 [INFO] src.archive.timeline_builder: アーカイブ Timeline 構築: 3 クリップ / V1 6 本 / S1 6 件 / 全長 30.0s
2026-09-23 16:06:44,792 [INFO] src.blur.store: ぼかしの解析結果を保存しました: sample.blur.json
2026-09-23 16:06:44,807 [INFO] src.blur.analyzer: ぼかし解析: 指定の区間は解析済みです
2026-09-23 16:06:44,812 [INFO] src.blur.store: ぼかしの解析結果を保存しました: sample.blur.json
2026-09-23 16:06:44,824 [INFO] src.blur.store: ぼかしの解析結果の版が違うため作り直します: C:\Users\evolu\AppData\Local\Temp\blur_reuse_test_au3zp6s2\sample.blur.json
2026-09-23 16:06:44,826 [INFO] src.blur.store: ぼかしの解析結果を保存しました: sample.blur.json
2026-09-23 16:06:44,835 [INFO] src.blur.store: 解析の設定が変わったため、ぼかしの解析結果を作り直します
2026-09-23 16:06:44,838 [INFO] src.blur.store: ぼかし: 素材が変わったため m9 の解析結果を捨てました
2026-09-23 16:06:44,849 [INFO] src.timeline.project_io: プロジェクトを改名しました: sample.timeline.json → renamed.timeline.json
2026-09-23 16:06:44,857 [WARNING] src.blur.config: 未知の blur.silhouette.format のため既定を使用します: unknown
2026-09-23 16:06:44,857 [WARNING] src.blur.config: 未知の blur.render.mode のため既定を使用します: unknown
2026-09-23 16:06:44,857 [WARNING] src.blur.config: 未知の blur.spec.default_scope のため既定を使用します: なにか変な値
2026-09-23 16:06:44,909 [INFO] src.blur.analyzer: ぼかし解析: 指定の区間は解析済みです
2026-09-23 16:06:44,910 [INFO] src.blur.analyzer: ぼかし解析: 枠 0 本を検出しました (m1 1.0〜3.0秒)
2026-09-23 16:06:44,920 [INFO] src.blur.decisions: ぼかし: 以前の書式の指定 1 件は新しい方式へ移せないため引き継ぎません (人物へまとめる処理を廃止したため)
2026-09-23 16:06:44,920 [INFO] src.blur.decisions: ぼかし: 以前の書式の指定 4 件は新しい方式へ移せないため引き継ぎません (人物へまとめる処理を廃止したため)
2026-09-23 16:06:45,349 [WARNING] src.modules.blur_overlay: ぼかしマスクが見つからないため、ぼかしを省略します: 
2026-09-23 16:06:45,361 [INFO] src.blur.mask_builder: ぼかす対象が無いためマスクを作りません
2026-09-23 16:06:45,362 [INFO] src.blur.mask_builder: ぼかす対象が無いためマスクを作りません
2026-09-23 16:06:45,362 [INFO] src.blur.mask_builder: ぼかす対象が無いためマスクを作りません
2026-09-23 16:06:45,363 [INFO] src.blur.mask_builder: ぼかしマスク: 1200 フレーム / 480x270 / 指定 1 件 (ぼかす 1 / 外す 0)
2026-09-23 16:06:45,895 [INFO] src.blur.mask_builder: ぼかしマスクを書き出しました: blur_mask.mkv (0.2 MB)
2026-09-23 16:06:45,898 [INFO] src.blur.mask_builder: ぼかす指定が無いためマスクを作りません
2026-09-23 16:06:45,899 [INFO] src.blur.mask_builder: ぼかす対象が無いためマスクを作りません
2026-09-23 16:06:45,900 [INFO] src.timeline.renderer: ベース映像構築: 1 クリップ / ギャップ 0 件 / 合計 5.0s
2026-09-23 16:06:45,905 [INFO] src.timeline.renderer: ベース映像の尺: モデル 5.000s / 実測 5.000s (差 +0.000s / 1 部品)
2026-09-23 16:06:45,905 [INFO] src.timeline.renderer: 字幕焼き込み: 1 件
2026-09-23 16:06:45,913 [INFO] src.timeline.renderer: ベース映像構築: 1 クリップ / ギャップ 0 件 / 合計 5.0s
2026-09-23 16:06:45,917 [INFO] src.timeline.renderer: ベース映像の尺: モデル 5.000s / 実測 5.000s (差 +0.000s / 1 部品)
2026-09-23 16:06:45,918 [INFO] src.timeline.renderer: 字幕焼き込み: 1 件
2026-09-23 16:06:45,924 [INFO] src.timeline.renderer: ベース映像構築: 1 クリップ / ギャップ 0 件 / 合計 5.0s
2026-09-23 16:06:45,930 [INFO] src.timeline.renderer: ベース映像の尺: モデル 5.000s / 実測 5.000s (差 +0.000s / 1 部品)
2026-09-23 16:06:45,930 [INFO] src.timeline.renderer: オーバーレイ・字幕が無いため合成をスキップします
2026-09-23 16:06:45,934 [INFO] src.modules.blur_overlay: ぼかしを焼き込みます: blur_applied.mp4
2026-09-23 16:06:45,936 [INFO] src.timeline.renderer: ベース映像構築: 1 クリップ / ギャップ 0 件 / 合計 5.0s
2026-09-23 16:06:45,942 [INFO] src.timeline.renderer: ベース映像の尺: モデル 5.000s / 実測 5.000s (差 +0.000s / 1 部品)
2026-09-23 16:06:45,942 [INFO] src.timeline.renderer: オーバーレイ・字幕が無いため合成をスキップします
2026-09-23 16:06:45,946 [INFO] src.modules.blur_overlay: ぼかしを焼き込みます: blur_applied.mp4
2026-09-23 16:06:45,949 [INFO] src.timeline.renderer: ベース映像構築: 1 クリップ / ギャップ 0 件 / 合計 5.0s
2026-09-23 16:06:45,954 [INFO] src.timeline.renderer: ベース映像の尺: モデル 5.000s / 実測 5.000s (差 +0.000s / 1 部品)
2026-09-23 16:06:45,955 [INFO] src.timeline.renderer: 字幕焼き込み: 1 件
2026-09-23 16:06:45,961 [INFO] src.timeline.renderer: ベース映像構築: 1 クリップ / ギャップ 0 件 / 合計 5.0s
2026-09-23 16:06:45,965 [INFO] src.timeline.renderer: ベース映像の尺: モデル 5.000s / 実測 5.000s (差 +0.000s / 1 部品)
2026-09-23 16:06:45,966 [INFO] src.blur.mask_builder: ぼかし: 外す指定のため、必要な区間を解析します
2026-09-23 16:06:46,024 [INFO] src.blur.analyzer: ぼかし解析: 輪郭モデル: 準備完了
2026-09-23 16:06:46,025 [WARNING] src.blur.analyzer: PyAV でのデコードに失敗したため FFmpeg へ切り替えます: [Errno 1094995529] Invalid data found when processing input: 'D:\\develop\\autoedit\\tests\\test_blur_renderer_integration.py'
2026-09-23 16:06:46,088 [INFO] src.blur.analyzer: ぼかし解析: 枠 0 本を検出しました (m1 0.0〜5.0秒)
2026-09-23 16:06:46,089 [INFO] src.blur.store: ぼかしの解析結果を保存しました: timeline.blur.json
2026-09-23 16:06:46,089 [ERROR] src.blur.mask_builder: ぼかし: 指定した枠が見つからないため、ぼかす指定 1 件が効きません
2026-09-23 16:06:46,089 [INFO] src.blur.mask_builder: ぼかしマスク: 300 フレーム / 480x270 / 指定 1 件 (ぼかす 1 / 外す 0)
2026-09-23 16:06:46,199 [INFO] src.blur.mask_builder: ぼかしマスクを書き出しました: blur_mask.mkv (0.0 MB)
2026-09-23 16:06:46,203 [INFO] src.timeline.renderer: ベース映像構築: 1 クリップ / ギャップ 0 件 / 合計 5.0s
2026-09-23 16:06:46,209 [INFO] src.timeline.renderer: ベース映像の尺: モデル 5.000s / 実測 5.000s (差 +0.000s / 1 部品)
2026-09-23 16:06:46,210 [INFO] src.blur.mask_builder: ぼかし: 外す指定のため、必要な区間を解析します
2026-09-23 16:06:46,210 [INFO] src.blur.analyzer: ぼかし解析: 輪郭モデル: 準備完了
2026-09-23 16:06:46,212 [WARNING] src.blur.analyzer: PyAV でのデコードに失敗したため FFmpeg へ切り替えます: [Errno 1094995529] Invalid data found when processing input: 'D:\\develop\\autoedit\\tests\\test_blur_renderer_integration.py'
2026-09-23 16:06:46,270 [INFO] src.blur.analyzer: ぼかし解析: 枠 0 本を検出しました (m1 0.0〜5.0秒)
2026-09-23 16:06:46,272 [INFO] src.blur.store: ぼかしの解析結果を保存しました: timeline.blur.json
2026-09-23 16:06:46,272 [ERROR] src.blur.mask_builder: ぼかし: 指定した枠が見つからないため、ぼかす指定 1 件が効きません
2026-09-23 16:06:46,272 [INFO] src.blur.mask_builder: ぼかしマスク: 300 フレーム / 480x270 / 指定 1 件 (ぼかす 1 / 外す 0)
2026-09-23 16:06:46,394 [INFO] src.blur.mask_builder: ぼかしマスクを書き出しました: blur_mask.mkv (0.0 MB)
2026-09-23 16:06:46,399 [INFO] src.timeline.renderer: ベース映像構築: 1 クリップ / ギャップ 0 件 / 合計 5.0s
2026-09-23 16:06:46,405 [INFO] src.timeline.renderer: ベース映像の尺: モデル 5.000s / 実測 5.000s (差 +0.000s / 1 部品)
2026-09-23 16:06:46,407 [INFO] src.blur.mask_builder: ぼかし: 外す指定のため、必要な区間を解析します
2026-09-23 16:06:46,408 [INFO] src.blur.analyzer: ぼかし解析: 輪郭モデル: 準備完了
2026-09-23 16:06:46,411 [WARNING] src.blur.analyzer: PyAV でのデコードに失敗したため FFmpeg へ切り替えます: [Errno 1094995529] Invalid data found when processing input: 'D:\\develop\\autoedit\\tests\\test_blur_renderer_integration.py'
2026-09-23 16:06:46,472 [INFO] src.blur.analyzer: ぼかし解析: 枠 0 本を検出しました (m1 0.0〜5.0秒)
2026-09-23 16:06:46,473 [INFO] src.blur.store: ぼかしの解析結果を保存しました: timeline.blur.json
2026-09-23 16:06:46,473 [ERROR] src.blur.mask_builder: ぼかし: 指定した枠が見つからないため、ぼかす指定 1 件が効きません
2026-09-23 16:06:46,474 [INFO] src.blur.mask_builder: ぼかしマスク: 300 フレーム / 480x270 / 指定 1 件 (ぼかす 1 / 外す 0)
2026-09-23 16:06:46,609 [INFO] src.blur.mask_builder: ぼかしマスクを書き出しました: blur_mask.mkv (0.0 MB)
2026-09-23 16:06:46,612 [WARNING] src.timeline.renderer: 利用者の指示により、ぼかしを入れずに出力します
2026-09-23 16:06:46,612 [INFO] src.timeline.renderer: オーバーレイ・字幕が無いため合成をスキップします
2026-09-23 16:06:46,617 [INFO] src.modules.blur_overlay: ぼかしを焼き込みます: blur_applied.mp4
2026-09-23 16:06:46,620 [INFO] src.timeline.renderer: ベース映像構築: 1 クリップ / ギャップ 0 件 / 合計 5.0s
2026-09-23 16:06:46,629 [INFO] src.timeline.renderer: ベース映像の尺: モデル 5.000s / 実測 5.000s (差 +0.000s / 1 部品)
2026-09-23 16:06:46,629 [INFO] src.blur.mask_builder: ぼかす指定が無いためマスクを作りません
2026-09-23 16:06:46,629 [INFO] src.timeline.renderer: オーバーレイ・字幕が無いため合成をスキップします
2026-09-23 16:06:46,634 [INFO] src.timeline.renderer: 中間形式を最終形式へ変換: .mov → mp4 (音声のみ再エンコード)
2026-09-23 16:06:47,794 [INFO] src.modules.subtitle_generator: 縦動画のため字幕設定を縦用へ上書き (font/改行/配置/余白)
2026-09-23 16:06:47,795 [WARNING] src.modules.comment_decor: コメント背景がキャンバスに収まらないため詰めました (推定幅 1181px / 使える幅 1080px)。font_size か max_line_length を下げると解消します
2026-09-23 16:06:47,796 [INFO] src.modules.comment_decor: コメントアイコン: 2 件 / 位置 2 種類
2026-09-23 16:06:47,796 [INFO] src.modules.comment_decor: コメントアイコン: 2 件 / 位置 1 種類
2026-09-23 16:06:47,797 [INFO] src.modules.comment_decor: コメントアイコン: 1 件 / 位置 1 種類
2026-09-23 16:06:47,797 [INFO] src.modules.subtitle_generator: 縦動画のため字幕設定を縦用へ上書き (font/改行/配置/余白)
2026-09-23 16:06:47,797 [WARNING] src.modules.comment_decor: コメントアイコンがキャンバスに収まらないため位置を詰めました (要求 x=-190.0 y=465.0 → x=0.0 y=465.0)。subtitle.comment_margin_l を大きくすると解消します
2026-09-23 16:06:47,798 [INFO] src.modules.subtitle_generator: コメント背景: 1 件
2026-09-23 16:06:47,806 [WARNING] src.modules.subtitle_generator: コメントの Layer が逆転しているため本文を 6 へ引き上げます (背景=5 / 本文=1)
2026-09-23 16:06:47,807 [INFO] src.modules.subtitle_generator: コメント背景: 1 件
2026-09-23 16:06:47,839 [WARNING] src.modules.subtitle_generator: コメントの配置は左寄せ (1/4/7) のみ対応のため 4 を使用します: 2
2026-09-23 16:06:47,849 [INFO] src.modules.subtitle_generator: 縦動画のため字幕設定を縦用へ上書き (font/改行/配置/余白)
2026-09-23 16:06:47,854 [WARNING] src.export.fcpxml_builder: タイムライン終端を超える字幕をクリップ末尾へクランプしました (丸め誤差の端数など)。
2026-09-23 16:06:47,863 [INFO] src.modules.loudness_normalizer: 入力ラウドネス: I=-9.2 LUFS / TP=-0.3 dBTP / LRA=5.1 LU → 目標 I=-14.0 LUFS / TP=-1.0 dBTP (offset 0.4 dB)
2026-09-23 16:06:47,879 [ERROR] src.modules.loudness_normalizer: ラウドネス正規化の適用に失敗 (元音声のまま継続): in.mp4
Traceback (most recent call last):
  File "D:\develop\autoedit\src\modules\loudness_normalizer.py", line 219, in normalize_file
    ffmpeg_runner.execute(
  File "C:\Users\evolu\AppData\Local\Programs\Python\Python312\Lib\unittest\mock.py", line 1139, in __call__
    return self._mock_call(*args, **kwargs)
           ^^^^^^^^^^^^^^^^^^^^^^^^^^^^^^^^
  File "C:\Users\evolu\AppData\Local\Programs\Python\Python312\Lib\unittest\mock.py", line 1143, in _mock_call
    return self._execute_mock_call(*args, **kwargs)
           ^^^^^^^^^^^^^^^^^^^^^^^^^^^^^^^^^^^^^^^^
  File "C:\Users\evolu\AppData\Local\Programs\Python\Python312\Lib\unittest\mock.py", line 1198, in _execute_mock_call
    raise effect
src.exceptions.FFmpegError: 失敗
2026-09-23 16:06:47,881 [INFO] src.modules.loudness_normalizer: ラウドネス正規化は無効のためスキップ
2026-09-23 16:06:47,882 [WARNING] src.modules.loudness_normalizer: ラウドネス測定に失敗したため正規化をスキップ (元音声のまま継続): in.mp4
2026-09-23 16:06:47,883 [INFO] src.modules.loudness_normalizer: 音声ストリームが無いためラウドネス正規化をスキップ: in.mp4
2026-09-23 16:06:47,897 [INFO] src.modules.loudness_normalizer: ラウドネス正規化 完了: out.mp4
2026-09-23 16:06:47,898 [INFO] src.modules.loudness_normalizer: 入力ラウドネス: I=-9.2 LUFS / TP=-0.3 dBTP / LRA=5.1 LU → 目標 I=-14.0 LUFS / TP=-1.0 dBTP (offset 0.4 dB)
2026-09-23 16:06:47,907 [INFO] src.modules.loudness_normalizer: ラウドネス正規化 完了: out.mp4
2026-09-23 16:06:47,909 [INFO] src.timeline.media_recovery: 本編素材を元動画から作り直します: C:\Users\evolu\AppData\Local\Temp\media_recovery_test_f6oq75fe\sample.mp4
2026-09-23 16:06:47,913 [WARNING] src.timeline.media_recovery: 素材が見つかりません: m2 (C:\Users\evolu\AppData\Local\Temp\media_recovery_test_n942o_hw\gone.png)
2026-09-23 16:06:47,922 [INFO] src.timeline.media_recovery: 素材を差し替え済みのフォルダで見つけました: m3 → C:\Users\evolu\AppData\Local\Temp\media_recovery_test_xo2s9d3g\moved\logo2.png
2026-09-23 16:06:47,925 [INFO] src.timeline.media_recovery: 本編素材を元動画から作り直します: C:\Users\evolu\AppData\Local\Temp\media_recovery_test_zdlp9ykd\sample.mp4
2026-09-23 16:06:47,931 [WARNING] src.timeline.media_recovery: 元動画が見つからないため本編素材を復旧できません: C:\Users\evolu\AppData\Local\Temp\media_recovery_test_103a4f9h\no_such_input.mp4
2026-09-23 16:06:47,931 [WARNING] src.timeline.media_recovery: 素材が見つかりません: m1 (C:\Users\evolu\AppData\Local\Temp\media_recovery_test_103a4f9h\work\loudness_normalized.mp4)
2026-09-23 16:06:47,934 [INFO] src.timeline.media_recovery: 本編素材は元動画そのものだったため、そのまま使います: C:\Users\evolu\AppData\Local\Temp\media_recovery_test_4ccwrnn4\sample.mp4
2026-09-23 16:06:47,939 [INFO] src.timeline.media_recovery: 素材を相対パスで見つけました: m2 → C:\Users\evolu\AppData\Local\Temp\media_recovery_test_lja1ji2s\assets\logo.png
2026-09-23 16:06:47,943 [INFO] src.timeline.media_recovery: 設定に従い元動画をそのまま使います (音量は正規化前): C:\Users\evolu\AppData\Local\Temp\media_recovery_test_j6aq8pjr\sample.mp4
2026-09-23 16:06:47,947 [INFO] src.services.points: ポイントを予約しました: clip/video 25pt (watermark=False)
2026-09-23 16:06:47,948 [WARNING] src.services.points: ポイント残高を取得できませんでした: 断
2026-09-23 16:06:47,950 [INFO] src.services.points: ポイントを予約しました: clip/video 25pt (watermark=False)
2026-09-23 16:06:47,950 [WARNING] src.services.points: ポイントのcommitを送信できませんでした (再送します): 接続できません
2026-09-23 16:06:47,971 [INFO] src.services.points: ポイントを予約しました: clip/video 25pt (watermark=False)
2026-09-23 16:06:47,973 [WARNING] src.services.points: ポイントのcommitを送信できませんでした (再送します): 断
2026-09-23 16:06:47,979 [INFO] src.services.points: 保留していたポイント処理を 2 件送信しました。
2026-09-23 16:06:47,981 [WARNING] src.services.points: ポイントを予約できませんでした: 再ログインが必要です。
2026-09-23 16:06:47,983 [INFO] src.services.points: ポイントを予約しました: clip/video 25pt (watermark=False)
2026-09-23 16:06:47,983 [WARNING] src.services.points: ポイントのcancelが拒否されました: 確定済み
2026-09-23 16:06:47,987 [INFO] src.services.points: 保留していたポイント処理を 1 件送信しました。
2026-09-23 16:06:47,990 [INFO] src.services.points: ポイントを予約しました: clip/video 25pt (watermark=False)
2026-09-23 16:06:48,005 [INFO] src.services.points: サブスク判定のキャッシュが古いため watermark を入れます。
2026-09-23 16:06:48,005 [WARNING] src.services.points: ポイントを予約できませんでした (オフライン): 接続できません
2026-09-23 16:06:48,024 [WARNING] src.services.points: ポイントを予約できませんでした (オフライン): 接続できません
2026-09-23 16:06:48,025 [WARNING] src.services.points: ポイントを予約できませんでした (オフライン): 接続できません
2026-09-23 16:06:48,027 [WARNING] src.services.points: ポイントを予約できませんでした: 想定外
2026-09-23 16:06:48,030 [INFO] src.services.points: ポイントを予約しました: clip/resolveProject 0pt (watermark=False)
2026-09-23 16:06:48,046 [INFO] src.services.points: ポイントを予約しました: clip/video 25pt (watermark=False)
2026-09-23 16:06:48,049 [INFO] src.services.points: ポイントを予約しました: archive/video 0pt (watermark=True)
2026-09-23 16:06:48,083 [WARNING] src.timeline.builder: フレーム間引きの設定が不正なため none を使用します: 'all'
2026-09-23 16:06:48,109 [INFO] src.timeline.project_io: プロジェクト保存: C:\Users\evolu\AppData\Local\Temp\library_summary_1n6qrctt\vod.archive.timeline.json
2026-09-23 16:06:48,131 [WARNING] src.timeline.project_io: プロジェクトの概要を読めませんでした: C:\Users\evolu\AppData\Local\Temp\library_summary_g094wxzb\broken.timeline.json
2026-09-23 16:06:48,137 [INFO] src.timeline.project_io: プロジェクト保存: C:\Users\evolu\AppData\Local\Temp\library_summary_hvcar0zx\sample.timeline.json
2026-09-23 16:06:48,157 [INFO] src.timeline.project_io: プロジェクト保存: C:\Users\evolu\AppData\Local\Temp\library_summary_8ino1_jo\sample.timeline.json
2026-09-23 16:06:48,174 [INFO] src.timeline.project_io: プロジェクト保存: C:\Users\evolu\AppData\Local\Temp\library_rename_yh6q8l8u\old.timeline.json
2026-09-23 16:06:48,183 [INFO] src.timeline.project_io: プロジェクト保存: C:\Users\evolu\AppData\Local\Temp\library_rename_gdh29oc1\old.timeline.json
2026-09-23 16:06:48,192 [INFO] src.timeline.project_io: プロジェクト保存: C:\Users\evolu\AppData\Local\Temp\library_rename_g19tqdr8\old.timeline.json
2026-09-23 16:06:48,210 [INFO] src.timeline.project_io: プロジェクトを改名しました: old.timeline.json → new.timeline.json
2026-09-23 16:06:48,231 [INFO] src.timeline.project_io: プロジェクト保存: C:\Users\evolu\AppData\Local\Temp\library_rename_htcppiwl\old.timeline.json
2026-09-23 16:06:48,250 [INFO] src.timeline.project_io: プロジェクトを改名しました: old.timeline.json → new.timeline.json
2026-09-23 16:06:48,258 [INFO] src.timeline.project_io: プロジェクト保存: C:\Users\evolu\AppData\Local\Temp\library_rename_bch_0ud2\old.timeline.json
2026-09-23 16:06:48,277 [INFO] src.timeline.project_io: プロジェクトが 5 件見つかりました (新しい 2 件を表示します)
2026-09-23 16:06:48,313 [WARNING] src.export.resolve_export: ソース総尺の取得に失敗 (タイムライン全長で代用): C:\Users\evolu\AppData\Local\Temp\resolve_export_test_4z4ank8m\sample.mp4
2026-09-23 16:06:48,334 [WARNING] src.export.resolve_export: ソース総尺の取得に失敗 (タイムライン全長で代用): C:\Users\evolu\AppData\Local\Temp\resolve_export_test_w_nr7f6d\sample.mp4
2026-09-23 16:06:48,355 [WARNING] src.export.resolve_export: ソース総尺の取得に失敗 (タイムライン全長で代用): C:\Users\evolu\AppData\Local\Temp\resolve_export_test_i91ufakt\sample.mp4
2026-09-23 16:06:48,372 [WARNING] src.export.resolve_export: ソース総尺の取得に失敗 (タイムライン全長で代用): C:\Users\evolu\AppData\Local\Temp\resolve_export_test_x82c4nyf\sample.mp4
2026-09-23 16:06:48,373 [WARNING] src.export.resolve_export: テーマ演出はテキストと区間のみを出力します (ブラー・黒帯などの映像エフェクトは FCPXML で表現できません)。
2026-09-23 16:06:48,373 [WARNING] src.export.resolve_export: 字幕位置は配置(alignment)＋余白からの近似です。Resolve 取り込み時に位置が中央へ戻る場合があります (フォント/サイズ/色は保持)。
2026-09-23 16:06:48,384 [WARNING] src.export.resolve_export: ソース総尺の取得に失敗 (タイムライン全長で代用): C:\Users\evolu\AppData\Local\Temp\resolve_export_test_ojvii28u\sample.mp4
2026-09-23 16:06:48,403 [WARNING] src.export.resolve_export: ソース総尺の取得に失敗 (タイムライン全長で代用): C:\Users\evolu\AppData\Local\Temp\resolve_export_test_t8oyw94m\sample.mp4
2026-09-23 16:06:48,418 [WARNING] src.export.resolve_export: ソース総尺の取得に失敗 (タイムライン全長で代用): C:\Users\evolu\AppData\Local\Temp\resolve_export_test_fvrdozi_\sample.mp4
2026-09-23 16:06:48,436 [WARNING] src.export.resolve_export: ソース総尺の取得に失敗 (タイムライン全長で代用): C:\Users\evolu\AppData\Local\Temp\resolve_export_test_fvrdozi_\sample.mp4
2026-09-23 16:06:48,459 [WARNING] src.export.resolve_export: ソース総尺の取得に失敗 (タイムライン全長で代用): C:\Users\evolu\AppData\Local\Temp\resolve_export_test_dpx9hsx2\sample.mp4
2026-09-23 16:06:48,459 [WARNING] src.export.resolve_export: 未対応の字幕出力方式 export.resolve.subtitle.mode=bogus のため caption で出力します
2026-09-23 16:06:48,475 [WARNING] src.export.resolve_export: ソース総尺の取得に失敗 (タイムライン全長で代用): C:\Users\evolu\AppData\Local\Temp\resolve_export_test_3tkrvvcr\sample.mp4
2026-09-23 16:06:48,496 [WARNING] src.export.resolve_export: ソース総尺の取得に失敗 (タイムライン全長で代用): C:\Users\evolu\AppData\Local\Temp\resolve_export_test_qdd5kbu6\sample.mp4
2026-09-23 16:06:48,518 [WARNING] src.export.resolve_export: ソース総尺の取得に失敗 (タイムライン全長で代用): C:\Users\evolu\AppData\Local\Temp\resolve_export_test_ttuyikun\sample.mp4
2026-09-23 16:06:48,538 [WARNING] src.export.resolve_export: ソース総尺の取得に失敗 (タイムライン全長で代用): C:\Users\evolu\AppData\Local\Temp\resolve_export_test_gxrot57i\sample.mp4
2026-09-23 16:06:48,555 [WARNING] src.export.resolve_export: ソース総尺の取得に失敗 (タイムライン全長で代用): C:\Users\evolu\AppData\Local\Temp\resolve_export_test_cer0840k\sample.mp4
2026-09-23 16:06:48,575 [WARNING] src.export.resolve_export: ソース総尺の取得に失敗 (タイムライン全長で代用): C:\Users\evolu\AppData\Local\Temp\resolve_export_test_peybo1w7\sample.mp4
2026-09-23 16:06:48,589 [WARNING] src.export.resolve_export: ソース総尺の取得に失敗 (タイムライン全長で代用): C:\Users\evolu\AppData\Local\Temp\resolve_export_test_l85ohn9s\sample.mp4
2026-09-23 16:06:48,604 [WARNING] src.export.resolve_export: ソース総尺の取得に失敗 (タイムライン全長で代用): C:\Users\evolu\AppData\Local\Temp\resolve_export_test_392vxtvq\sample.mp4
2026-09-23 16:06:48,622 [WARNING] src.export.resolve_export: ソース総尺の取得に失敗 (タイムライン全長で代用): C:\Users\evolu\AppData\Local\Temp\resolve_export_test_8yih53ee\sample.mp4
2026-09-23 16:06:48,622 [INFO] src.export.resolve_export: 編集点が無いため全長 1 クリップとして出力します
2026-09-23 16:06:48,641 [WARNING] src.export.resolve_export: ソース総尺の取得に失敗 (タイムライン全長で代用): C:\Users\evolu\AppData\Local\Temp\resolve_export_test_d66asahx\sample.mp4
2026-09-23 16:06:48,641 [INFO] src.export.resolve_export: Resolve 出力開始: C:\Users\evolu\AppData\Local\Temp\resolve_export_test_d66asahx\out2.fcpxml (クリップ 1 件 / 字幕 caption 1 件 / title・テーマ 0 件 / 1920x1080 60fps)
2026-09-23 16:06:48,643 [INFO] src.export.resolve_export: 字幕トラックのスタイルは Resolve の字幕トラックヘッダー選択 → インスペクタ → Track Style で一括設定できます (Resolve 19 以降は Text+ スタイルも指定可)。
2026-09-23 16:06:48,644 [INFO] src.export.resolve_export: Resolve 出力完了: C:\Users\evolu\AppData\Local\Temp\resolve_export_test_d66asahx\out2.fcpxml (タイムライン尺 5.00s)
2026-09-23 16:06:48,663 [WARNING] src.export.resolve_export: ソース総尺の取得に失敗 (タイムライン全長で代用): C:\Users\evolu\AppData\Local\Temp\resolve_export_test_bjbsoiwk\sample.mp4
2026-09-23 16:06:48,663 [INFO] src.export.resolve_export: Resolve 出力開始: C:\Users\evolu\AppData\Local\Temp\resolve_export_test_bjbsoiwk\out3.fcpxml (クリップ 1 件 / 字幕 caption 0 件 / title・テーマ 0 件 / 1920x1080 60fps)
2026-09-23 16:06:48,665 [INFO] src.export.resolve_export: Resolve 出力完了: C:\Users\evolu\AppData\Local\Temp\resolve_export_test_bjbsoiwk\out3.fcpxml (タイムライン尺 5.00s)
2026-09-23 16:06:48,685 [WARNING] src.export.resolve_export: ソース総尺の取得に失敗 (タイムライン全長で代用): C:\Users\evolu\AppData\Local\Temp\resolve_export_test_kbrb57xe\sample.mp4
2026-09-23 16:06:48,685 [INFO] src.export.resolve_export: Resolve 出力開始: C:\Users\evolu\AppData\Local\Temp\resolve_export_test_kbrb57xe\out.fcpxml (クリップ 1 件 / 字幕 caption 1 件 / title・テーマ 0 件 / 1920x1080 60fps)
2026-09-23 16:06:48,689 [INFO] src.export.resolve_export: SRT サイドカー出力: C:\Users\evolu\AppData\Local\Temp\resolve_export_test_kbrb57xe\out.srt (1 件)
2026-09-23 16:06:48,689 [INFO] src.export.resolve_export: Resolve 出力完了: C:\Users\evolu\AppData\Local\Temp\resolve_export_test_kbrb57xe\out.fcpxml / C:\Users\evolu\AppData\Local\Temp\resolve_export_test_kbrb57xe\out.srt (タイムライン尺 5.00s)
2026-09-23 16:06:48,691 [INFO] src.export.resolve_export: Resolve 出力を中止 (上書きしない): C:\Users\evolu\AppData\Local\Temp\resolve_export_test_kbrb57xe\out.fcpxml
2026-09-23 16:06:48,715 [INFO] src.modules.subtitle_generator: 縦動画のため字幕設定を縦用へ上書き (font/改行/配置/余白)
2026-09-23 16:06:48,726 [WARNING] src.services.stretheus_auth: API の日時を解釈できませんでした。
2026-09-23 16:06:48,745 [INFO] src.services.stretheus_auth: Stretheus のログインページを開きます (ポート51238)
2026-09-23 16:06:48,750 [INFO] src.services.stretheus_auth: Stretheus へログインしました。
2026-09-23 16:06:49,818 [INFO] src.services.stretheus_auth: Stretheus のログインページを開きます (ポート51247)
2026-09-23 16:06:49,821 [INFO] src.services.stretheus_auth: Stretheus へログインしました。
2026-09-23 16:06:50,847 [INFO] src.services.stretheus_auth: Stretheus のログインページを開きます (ポート51255)
2026-09-23 16:06:50,855 [INFO] src.services.stretheus_auth: Stretheus へログインしました。
2026-09-23 16:06:51,363 [INFO] src.services.stretheus_auth: Stretheus のログインページを開きます (ポート51261)
2026-09-23 16:06:51,372 [INFO] src.services.stretheus_auth: Stretheus へログインしました。
2026-09-23 16:06:51,905 [INFO] src.services.stretheus_auth: Stretheus のログインページを開きます (ポート51267)
2026-09-23 16:06:51,914 [INFO] src.services.stretheus_auth: Stretheus へログインしました。
2026-09-23 16:06:52,430 [INFO] src.services.stretheus_auth: Stretheus のログインページを開きます (ポート51273)
2026-09-23 16:06:52,458 [INFO] src.services.stretheus_auth: Stretheus へログインしました。
2026-09-23 16:06:52,970 [INFO] src.modules.subtitle_generator: テロップ個別指定 フォント 0 件 / サイズ 0 件 / 文字色 1 件 / 縁の色 0 件
2026-09-23 16:06:52,975 [INFO] src.modules.subtitle_generator: テロップ個別指定 フォント 0 件 / サイズ 0 件 / 文字色 1 件 / 縁の色 0 件
2026-09-23 16:06:53,009 [INFO] src.modules.subtitle_generator: テロップ個別指定 フォント 0 件 / サイズ 0 件 / 文字色 0 件 / 縁の色 1 件
2026-09-23 16:06:53,016 [INFO] src.modules.subtitle_generator: テロップ個別指定 フォント 0 件 / サイズ 0 件 / 文字色 0 件 / 縁の色 1 件
2026-09-23 16:06:53,021 [INFO] src.modules.subtitle_generator: テロップ個別指定 フォント 1 件 / サイズ 1 件 / 文字色 1 件 / 縁の色 1 件
2026-09-23 16:06:53,028 [INFO] src.timeline.commands: コメント用の字幕トラックを作成しました: S2
2026-09-23 16:06:53,029 [INFO] src.timeline.commands: 移動先 S2 が空いていないため役割だけ変更しました: s1
2026-09-23 16:06:53,030 [INFO] src.timeline.commands: コメント用の字幕トラックを作成しました: S2
2026-09-23 16:06:53,031 [INFO] src.timeline.commands: コメント用の字幕トラックを作成しました: S2
2026-09-23 16:06:53,031 [INFO] src.timeline.commands: コメント用の字幕トラックを作成しました: S2
2026-09-23 16:06:53,036 [INFO] src.timeline.project_io: プロジェクト保存: C:\Users\evolu\AppData\Local\Temp\tmpsc6kzylj\sample.timeline.json
2026-09-23 16:06:53,059 [INFO] src.modules.subtitle_generator: VAD フィルタ有効 (min_silence=500ms, speech_pad=100ms, condition_on_previous_text=False)
2026-09-23 16:06:53,059 [WARNING] src.modules.subtitle_generator: VAD 付き認識に失敗したため VAD 無しで再試行します: VAD の初期化に失敗しました (テスト)
2026-09-23 16:06:53,060 [INFO] src.modules.subtitle_generator: VAD フィルタ有効 (min_silence=800ms, speech_pad=100ms, condition_on_previous_text=False)
2026-09-23 16:06:53,060 [INFO] src.modules.subtitle_generator: VAD フィルタ有効 (min_silence=500ms, speech_pad=100ms, condition_on_previous_text=False)
2026-09-23 16:06:53,164 [INFO] src.timeline.commands: 貼り付けの割り込み: V1 の 5.000s へ 10.00s を確保 / 移動 2 件・分割 1 件・切詰 0 件
2026-09-23 16:06:53,164 [INFO] src.timeline.commands: 貼り付けの割り込み: V2 の 5.000s へ 10.00s を確保 / 移動 2 件・分割 0 件・切詰 0 件
2026-09-23 16:06:53,165 [INFO] src.timeline.commands: 貼り付けの割り込み: S1 の 5.000s へ 10.00s を確保 / 移動 1 件・分割 0 件・切詰 0 件
2026-09-23 16:06:53,165 [INFO] src.timeline.commands: 貼り付けの割り込み: V1 の 5.000s へ 10.00s を確保 / 移動 2 件・分割 1 件・切詰 0 件
2026-09-23 16:06:53,165 [INFO] src.timeline.commands: 貼り付けの割り込み: V2 の 5.000s へ 10.00s を確保 / 移動 2 件・分割 0 件・切詰 0 件
2026-09-23 16:06:53,166 [INFO] src.timeline.commands: 貼り付けの割り込み: S1 の 5.000s へ 10.00s を確保 / 移動 1 件・分割 0 件・切詰 0 件
2026-09-23 16:06:53,166 [INFO] src.timeline.commands: 貼り付けの割り込み: V1 の 5.000s へ 10.00s を確保 / 移動 2 件・分割 1 件・切詰 0 件
2026-09-23 16:06:53,166 [INFO] src.timeline.commands: 貼り付けの割り込み: V2 の 5.000s へ 10.00s を確保 / 移動 2 件・分割 0 件・切詰 0 件
2026-09-23 16:06:53,166 [INFO] src.timeline.commands: 貼り付けの割り込み: S1 の 5.000s へ 10.00s を確保 / 移動 1 件・分割 0 件・切詰 0 件
2026-09-23 16:06:53,166 [INFO] src.timeline.commands: 貼り付けの割り込み: V1 の 5.000s へ 15.00s を確保 / 移動 3 件・分割 0 件・切詰 0 件
2026-09-23 16:06:53,166 [INFO] src.timeline.commands: 貼り付けの割り込み: V2 の 5.000s へ 15.00s を確保 / 移動 2 件・分割 0 件・切詰 0 件
2026-09-23 16:06:53,168 [INFO] src.timeline.commands: 貼り付けの割り込み: S1 の 5.000s へ 15.00s を確保 / 移動 1 件・分割 0 件・切詰 0 件
2026-09-23 16:06:53,168 [INFO] src.timeline.commands: 貼り付けの割り込み: V1 の 10.020s へ 10.02s を確保 / 移動 2 件・分割 0 件・切詰 0 件
2026-09-23 16:06:53,168 [INFO] src.timeline.commands: 貼り付けの割り込み: V2 の 10.020s へ 10.02s を確保 / 移動 1 件・分割 0 件・切詰 0 件
2026-09-23 16:06:53,168 [INFO] src.timeline.commands: 貼り付けの割り込み: S1 の 10.020s へ 10.02s を確保 / 移動 1 件・分割 0 件・切詰 0 件
2026-09-23 16:06:53,169 [INFO] src.timeline.commands: 貼り付けの割り込み: V1 の 19.980s へ 9.98s を確保 / 移動 1 件・分割 0 件・切詰 1 件
2026-09-23 16:06:53,169 [INFO] src.timeline.commands: 貼り付けの割り込み: V2 の 19.980s へ 9.98s を確保 / 移動 1 件・分割 0 件・切詰 0 件
2026-09-23 16:06:53,169 [INFO] src.timeline.commands: 貼り付けの割り込み: S1 の 19.980s へ 9.98s を確保 / 移動 0 件・分割 0 件・切詰 0 件
2026-09-23 16:06:53,170 [WARNING] src.timeline.commands: 素材が見つからないため貼り付けません: D:\develop\autoedit\tests\存在しない素材.mp4
2026-09-23 16:06:53,171 [INFO] src.timeline.commands: 貼り付けの割り込み: V1 の 5.000s へ 10.00s を確保 / 移動 2 件・分割 1 件・切詰 0 件
2026-09-23 16:06:53,171 [INFO] src.timeline.commands: 貼り付けの割り込み: V2 の 5.000s へ 10.00s を確保 / 移動 2 件・分割 0 件・切詰 0 件
2026-09-23 16:06:53,171 [INFO] src.timeline.commands: 貼り付けの割り込み: S1 の 5.000s へ 10.00s を確保 / 移動 1 件・分割 0 件・切詰 0 件
2026-09-23 16:06:53,172 [INFO] src.timeline.commands: 貼り付けの割り込み: V1 の 5.000s へ 10.00s を確保 / 移動 2 件・分割 1 件・切詰 0 件
2026-09-23 16:06:53,172 [INFO] src.timeline.commands: 貼り付けの割り込み: V2 の 5.000s へ 10.00s を確保 / 移動 2 件・分割 0 件・切詰 0 件
2026-09-23 16:06:53,172 [INFO] src.timeline.commands: 貼り付けの割り込み: S1 の 5.000s へ 10.00s を確保 / 移動 1 件・分割 0 件・切詰 0 件
2026-09-23 16:06:53,172 [INFO] src.timeline.commands: 貼り付けの割り込み: V1 の 5.000s へ 10.00s を確保 / 移動 2 件・分割 1 件・切詰 0 件
2026-09-23 16:06:53,172 [INFO] src.timeline.commands: 貼り付けの割り込み: V2 の 5.000s へ 10.00s を確保 / 移動 2 件・分割 0 件・切詰 0 件
2026-09-23 16:06:53,172 [INFO] src.timeline.commands: 貼り付けの割り込み: S1 の 5.000s へ 10.00s を確保 / 移動 1 件・分割 0 件・切詰 0 件
2026-09-23 16:06:53,172 [INFO] src.timeline.commands: 貼り付けの割り込み: V1 の 5.000s へ 10.00s を確保 / 移動 2 件・分割 1 件・切詰 0 件
2026-09-23 16:06:53,173 [INFO] src.timeline.commands: 貼り付けの割り込み: V2 の 5.000s へ 10.00s を確保 / 移動 2 件・分割 0 件・切詰 0 件
2026-09-23 16:06:53,173 [INFO] src.timeline.commands: 貼り付けの割り込み: S1 の 5.000s へ 10.00s を確保 / 移動 1 件・分割 0 件・切詰 0 件
2026-09-23 16:06:53,173 [INFO] src.timeline.commands: 貼り付けの割り込み: V1 の 5.000s へ 10.00s を確保 / 移動 2 件・分割 1 件・切詰 0 件
2026-09-23 16:06:53,173 [INFO] src.timeline.commands: 貼り付けの割り込み: V2 の 5.000s へ 10.00s を確保 / 移動 2 件・分割 0 件・切詰 0 件
2026-09-23 16:06:53,173 [INFO] src.timeline.commands: 貼り付けの割り込み: S1 の 5.000s へ 10.00s を確保 / 移動 1 件・分割 0 件・切詰 0 件
2026-09-23 16:06:53,173 [INFO] src.timeline.commands: 貼り付けの割り込み: V2 の 4.000s へ 2.00s を確保 / 移動 2 件・分割 0 件・切詰 0 件
2026-09-23 16:06:53,173 [INFO] src.timeline.commands: 貼り付けの割り込み: V2 の 4.000s へ 2.00s を確保 / 移動 2 件・分割 0 件・切詰 0 件
2026-09-23 16:06:53,174 [INFO] src.timeline.commands: 貼り付けの割り込み: V2 の 4.000s へ 2.00s を確保 / 移動 2 件・分割 0 件・切詰 0 件
2026-09-23 16:06:53,174 [INFO] src.timeline.clipboard: Timeline のノードをコピーしました: 1 件
2026-09-23 16:06:53,175 [INFO] src.timeline.clipboard: Timeline のノードをコピーしました: 1 件
2026-09-23 16:06:53,175 [INFO] src.timeline.commands: 貼り付けの割り込み: V1 の 4.000s へ 2.00s を確保 / 移動 2 件・分割 1 件・切詰 0 件
2026-09-23 16:06:53,175 [INFO] src.timeline.commands: 貼り付けの割り込み: V2 の 4.000s へ 2.00s を確保 / 移動 2 件・分割 0 件・切詰 0 件
2026-09-23 16:06:53,175 [INFO] src.timeline.commands: 貼り付けの割り込み: S1 の 4.000s へ 2.00s を確保 / 移動 1 件・分割 0 件・切詰 0 件
2026-09-23 16:06:53,175 [INFO] src.timeline.commands: 貼り付けの割り込み: V2 の 4.000s へ 2.00s を確保 / 移動 2 件・分割 0 件・切詰 0 件
2026-09-23 16:06:53,175 [INFO] src.timeline.commands: 貼り付けの割り込み: V1 の 5.000s へ 10.00s を確保 / 移動 2 件・分割 1 件・切詰 0 件
2026-09-23 16:06:53,176 [INFO] src.timeline.commands: 貼り付けの割り込み: V2 の 5.000s へ 10.00s を確保 / 移動 2 件・分割 0 件・切詰 0 件
2026-09-23 16:06:53,176 [INFO] src.timeline.commands: 貼り付けの割り込み: V1 の 5.000s へ 10.00s を確保 / 移動 2 件・分割 1 件・切詰 0 件
2026-09-23 16:06:53,176 [WARNING] src.timeline.builder: 貼り付けの設定が不正なため既定 base_syncs_all を使用します: 'なにか'
2026-09-23 16:06:53,176 [WARNING] src.timeline.builder: 貼り付けの設定が不正なため既定 split を使用します: 123
2026-09-23 16:06:53,177 [INFO] src.timeline.commands: 貼り付けの割り込み: V1 の 5.000s へ 10.00s を確保 / 移動 2 件・分割 1 件・切詰 0 件
2026-09-23 16:06:53,177 [INFO] src.timeline.commands: 貼り付けの割り込み: V2 の 5.000s へ 10.00s を確保 / 移動 2 件・分割 0 件・切詰 0 件
2026-09-23 16:06:53,178 [INFO] src.timeline.commands: 貼り付けの割り込み: S1 の 5.000s へ 10.00s を確保 / 移動 1 件・分割 0 件・切詰 0 件
2026-09-23 16:06:53,180 [WARNING] src.timeline.commands: 映像トラックの上限 (3) に達しているため追加できません
2026-09-23 16:06:53,181 [INFO] src.timeline.commands: 字幕を追加できる空きがありません (2.000 秒)
2026-09-23 16:06:53,181 [INFO] src.timeline.commands: 字幕を追加できる空きがありません (0.990 秒)
2026-09-23 16:06:53,183 [INFO] src.timeline.commands: リップル: 10.000〜20.000s (10.00s) を除去 / 削除 1 件・短縮 0 件・移動 1 件
2026-09-23 16:06:53,183 [INFO] src.timeline.commands: リップル: 10.000〜20.000s (10.00s) を除去 / 削除 1 件・短縮 0 件・移動 1 件
2026-09-23 16:06:53,183 [INFO] src.timeline.commands: リップル: 10.000〜20.000s (10.00s) を除去 / 削除 1 件・短縮 0 件・移動 1 件
2026-09-23 16:06:53,184 [INFO] src.timeline.commands: リップル: 0.000〜10.000s (10.00s) を除去 / 削除 2 件・短縮 0 件・移動 1 件
2026-09-23 16:06:53,184 [INFO] src.timeline.commands: リップル: 10.000〜20.000s (10.00s) を除去 / 削除 1 件・短縮 0 件・移動 1 件
2026-09-23 16:06:53,188 [INFO] src.timeline.commands: リップル: 10.000〜20.000s (10.00s) を除去 / 削除 2 件・短縮 1 件・移動 2 件
2026-09-23 16:06:53,189 [INFO] src.timeline.commands: リップル: 10.000〜20.000s (10.00s) を除去 / 削除 2 件・短縮 1 件・移動 2 件
2026-09-23 16:06:53,189 [INFO] src.timeline.commands: リップル: 10.000〜20.000s (10.00s) を除去 / 削除 2 件・短縮 1 件・移動 2 件
2026-09-23 16:06:53,189 [INFO] src.timeline.commands: リップル: 10.000〜20.000s (10.00s) を除去 / 削除 2 件・短縮 1 件・移動 2 件
2026-09-23 16:06:53,189 [INFO] src.timeline.commands: リップル: 10.000〜20.000s (10.00s) を除去 / 削除 2 件・短縮 1 件・移動 2 件
2026-09-23 16:06:53,189 [INFO] src.timeline.commands: リップル: 10.000〜20.000s (10.00s) を除去 / 削除 2 件・短縮 1 件・移動 2 件
2026-09-23 16:06:53,190 [INFO] src.timeline.commands: リップル: 10.000〜20.000s (10.00s) を除去 / 削除 2 件・短縮 0 件・移動 3 件
2026-09-23 16:06:53,190 [INFO] src.timeline.commands: リップル: 10.000〜20.000s (10.00s) を除去 / 削除 1 件・短縮 0 件・移動 1 件
2026-09-23 16:06:53,190 [INFO] src.timeline.commands: リップル: 10.000〜20.000s (10.00s) を除去 / 削除 2 件・短縮 1 件・移動 2 件
2026-09-23 16:06:53,191 [INFO] src.timeline.commands: 残り尺が下限を割るためクリップごとリップル削除しました: c2
2026-09-23 16:06:53,191 [INFO] src.timeline.commands: リップル: 10.000〜20.000s (10.00s) を除去 / 削除 1 件・短縮 0 件・移動 2 件
2026-09-23 16:06:53,191 [INFO] src.timeline.commands: リップル: 15.000〜20.000s (5.00s) を除去 / 削除 0 件・短縮 1 件・移動 2 件
2026-09-23 16:06:53,192 [INFO] src.timeline.commands: リップル: 10.000〜15.000s (5.00s) を除去 / 削除 0 件・短縮 1 件・移動 2 件
2026-09-23 16:06:53,192 [INFO] src.timeline.commands: リップル: 15.000〜20.000s (5.00s) を除去 / 削除 0 件・短縮 1 件・移動 2 件
2026-09-23 16:06:53,192 [INFO] src.timeline.commands: リップル: 15.000〜20.000s (5.00s) を除去 / 削除 0 件・短縮 1 件・移動 2 件
2026-09-23 16:06:53,193 [INFO] src.timeline.commands: リップル: 26.000〜27.000s (1.00s) を除去 / 削除 0 件・短縮 2 件・移動 0 件
2026-09-23 16:06:53,194 [INFO] src.timeline.commands: リップル: 10.000〜20.000s (10.00s) を除去 / 削除 1 件・短縮 0 件・移動 1 件
2026-09-23 16:06:53,195 [INFO] src.timeline.commands: リップル: 10.000〜20.000s (10.00s) を除去 / 削除 1 件・短縮 0 件・移動 1 件
2026-09-23 16:06:53,195 [INFO] src.timeline.commands: リップル: 10.000〜20.000s (10.00s) を除去 / 削除 1 件・短縮 0 件・移動 1 件
2026-09-23 16:06:53,204 [INFO] src.timeline.project_io: プロジェクト保存: C:\Users\evolu\AppData\Local\Temp\timeline_io_test_lwi759j7\sample.timeline.json
2026-09-23 16:06:53,222 [INFO] src.timeline.project_io: プロジェクト読込: C:\Users\evolu\AppData\Local\Temp\timeline_io_test_lwi759j7\sample.timeline.json
2026-09-23 16:06:53,226 [INFO] src.timeline.project_io: プロジェクト保存: C:\Users\evolu\AppData\Local\Temp\timeline_io_test_lwi759j7\sample.timeline.json
2026-09-23 16:06:53,229 [INFO] src.timeline.project_io: プロジェクト読込: C:\Users\evolu\AppData\Local\Temp\timeline_io_test_lwi759j7\sample.timeline.json
2026-09-23 16:06:53,239 [INFO] src.timeline.project_io: プロジェクト保存: C:\Users\evolu\AppData\Local\Temp\timeline_io_test_bevqdzi3\sample.timeline.json
2026-09-23 16:06:53,254 [INFO] src.timeline.project_io: プロジェクト読込: C:\Users\evolu\AppData\Local\Temp\timeline_io_test_bevqdzi3\sample.timeline.json
2026-09-23 16:06:53,264 [INFO] src.timeline.project_io: プロジェクト保存: C:\Users\evolu\AppData\Local\Temp\timeline_io_test_dd6avx3v\sample.timeline.json
2026-09-23 16:06:53,286 [WARNING] src.timeline.project_io: メディアの実体が見つかりません (1 件)。該当クリップを無効化します: m1
2026-09-23 16:06:53,296 [INFO] src.timeline.project_io: プロジェクト保存: C:\Users\evolu\AppData\Local\Temp\timeline_io_test_0v6ci593\sample.timeline.json
2026-09-23 16:06:53,321 [INFO] src.timeline.project_io: プロジェクト保存: C:\Users\evolu\AppData\Local\Temp\timeline_io_test_dkiivjqo\sample.timeline.json
2026-09-23 16:06:53,336 [WARNING] src.timeline.project_io: 編集点の区間が不正なため無視します: 20.000→15.000
2026-09-23 16:06:53,340 [WARNING] src.timeline.project_io: メディアの実体が見つかりません (1 件)。該当クリップを無効化します: m1
2026-09-23 16:06:53,342 [WARNING] src.timeline.project_io: 音声クリップ a1 のリンク先 no_such_clip が存在しないため除外します (該当区間は無音になります)
2026-09-23 16:06:53,344 [WARNING] src.timeline.project_io: トラック V1 でクリップ c2 が重複しているため 12.480 へ移動します
2026-09-23 16:06:53,350 [WARNING] src.timeline.project_io: クリップ c2 の尺 (0.001s) が下限 (0.050s) 未満のため除外します
2026-09-23 16:06:53,351 [WARNING] src.timeline.project_io: 音声クリップ a2 のリンク先 c2 が存在しないため除外します (該当区間は無音になります)
2026-09-23 16:06:53,500 [INFO] src.utils.trash: ゴミ箱へ移動しました (2 件)
2026-09-23 16:06:53,506 [WARNING] src.timeline.builder: 寸法の設定が不正なため既定 8000 を使用します: 0
2026-09-23 16:08:02,109 [WARNING] src.timeline.frame_source: 素材を開けませんでした: C:\Users\evolu\AppData\Local\Temp\claude\D--develop-autoedit\08ddb665-aab3-45b7-bb03-6942bd95763f\scratchpad\smoke_dialog.py ([Errno 1094995529] Invalid data found when processing input: 'C:\\Users\\evolu\\AppData\\Local\\Temp\\claude\\D--develop-autoedit\\08ddb665-aab3-45b7-bb03-6942bd95763f\\scratchpad\\smoke_dialog.py')
2026-09-23 16:08:26,483 [WARNING] src.timeline.frame_source: 素材を開けませんでした: C:\Users\evolu\AppData\Local\Temp\claude\D--develop-autoedit\08ddb665-aab3-45b7-bb03-6942bd95763f\scratchpad\smoke_dialog.py ([Errno 1094995529] Invalid data found when processing input: 'C:\\Users\\evolu\\AppData\\Local\\Temp\\claude\\D--develop-autoedit\\08ddb665-aab3-45b7-bb03-6942bd95763f\\scratchpad\\smoke_dialog.py')
2026-09-23 16:09:01,483 [INFO] src.archive.timeline_builder: アーカイブ Timeline 構築: 2 クリップ / V1 2 本 / S1 0 件 / 全長 60.0s
2026-09-23 16:09:01,484 [INFO] src.archive.timeline_builder: アーカイブ Timeline 構築: 2 クリップ / V1 2 本 / S1 0 件 / 全長 60.0s
2026-09-23 16:09:01,485 [WARNING] src.archive.marker_source: VOD 外のマーカーを 2 件除外しました (尺 7200.0s)
2026-09-23 16:09:01,486 [INFO] src.archive.timeline_builder: アーカイブ Timeline 構築: 2 クリップ / V1 2 本 / S1 0 件 / 全長 200.0s
2026-09-23 16:09:01,487 [INFO] src.timeline.commands: 貼り付けの割り込み: V1 の 0.000s へ 50.00s を確保 / 移動 2 件・分割 0 件・切詰 0 件
2026-09-23 16:09:01,488 [INFO] src.timeline.commands: 貼り付けの割り込み: S1 の 0.000s へ 50.00s を確保 / 移動 0 件・分割 0 件・切詰 0 件
2026-09-23 16:09:01,489 [INFO] src.archive.timeline_builder: セクション追加: clip3 を 0.00s へ挿入 (VOD 100.0-150.0 / 尺 50.00s)
2026-09-23 16:09:01,489 [INFO] src.archive.timeline_builder: セクション統合: clip1 へ 1 件を畳み込み (VOD 100.0-200.0)
2026-09-23 16:09:01,490 [INFO] src.archive.timeline_builder: アーカイブ Timeline 構築: 2 クリップ / V1 2 本 / S1 0 件 / 全長 200.0s
2026-09-23 16:09:01,490 [INFO] src.archive.timeline_builder: アーカイブ Timeline 構築: 1 クリップ / V1 1 本 / S1 0 件 / 全長 100.0s
2026-09-23 16:09:01,491 [INFO] src.archive.timeline_builder: アーカイブ Timeline 構築: 1 クリップ / V1 1 本 / S1 0 件 / 全長 100.0s
2026-09-23 16:09:01,491 [INFO] src.archive.timeline_builder: アーカイブ Timeline 構築: 1 クリップ / V1 1 本 / S1 0 件 / 全長 100.0s
2026-09-23 16:09:01,492 [INFO] src.archive.timeline_builder: セクション追加: clip2 を 100.00s へ挿入 (VOD 200.0-300.0 / 尺 100.00s)
2026-09-23 16:09:01,492 [INFO] src.archive.timeline_builder: セクション統合: clip1 へ 1 件を畳み込み (VOD 100.0-300.0)
2026-09-23 16:09:01,493 [INFO] src.archive.timeline_builder: アーカイブ Timeline 構築: 1 クリップ / V1 1 本 / S1 0 件 / 全長 100.0s
2026-09-23 16:09:01,493 [INFO] src.archive.timeline_builder: セクション追加: clip2 を 100.00s へ挿入 (VOD 200.0-300.0 / 尺 100.00s)
2026-09-23 16:09:01,493 [INFO] src.archive.timeline_builder: セクション統合: clip1 へ 1 件を畳み込み (VOD 100.0-300.0)
2026-09-23 16:09:01,493 [INFO] src.archive.timeline_builder: アーカイブ Timeline 構築: 1 クリップ / V1 1 本 / S1 0 件 / 全長 100.0s
2026-09-23 16:09:01,494 [INFO] src.archive.timeline_builder: セクション追加: clip2 を 100.00s へ挿入 (VOD 200.0-300.0 / 尺 100.00s)
2026-09-23 16:09:01,494 [INFO] src.archive.timeline_builder: セクション統合: clip1 へ 1 件を畳み込み (VOD 100.0-300.0)
2026-09-23 16:09:01,495 [INFO] src.archive.timeline_builder: アーカイブ Timeline 構築: 1 クリップ / V1 1 本 / S1 0 件 / 全長 100.0s
2026-09-23 16:09:01,495 [INFO] src.archive.timeline_builder: セクション追加: clip2 を 100.00s へ挿入 (VOD 200.0-300.0 / 尺 100.00s)
2026-09-23 16:09:01,495 [INFO] src.archive.timeline_builder: セクション統合: clip1 へ 1 件を畳み込み (VOD 100.0-300.0)
2026-09-23 16:09:01,495 [INFO] src.archive.timeline_builder: clip1 の素材 m2 は区間を特定できませんでした (尺 12.0s / 候補の穴 0 件)。差し替えを尋ねます
2026-09-23 16:09:01,496 [INFO] src.archive.timeline_builder: アーカイブ Timeline 構築: 1 クリップ / V1 1 本 / S1 0 件 / 全長 100.0s
2026-09-23 16:09:01,496 [INFO] src.archive.timeline_builder: セクション追加: clip2 を 100.00s へ挿入 (VOD 200.0-300.0 / 尺 100.00s)
2026-09-23 16:09:01,496 [INFO] src.archive.timeline_builder: セクション統合: clip1 へ 1 件を畳み込み (VOD 100.0-300.0)
2026-09-23 16:09:01,499 [INFO] src.archive.timeline_builder: アーカイブ Timeline 構築: 1 クリップ / V1 1 本 / S1 0 件 / 全長 100.0s
2026-09-23 16:09:01,499 [INFO] src.archive.timeline_builder: セクション追加: clip2 を 100.00s へ挿入 (VOD 200.0-300.0 / 尺 100.00s)
2026-09-23 16:09:01,499 [INFO] src.archive.timeline_builder: セクション統合: clip1 へ 1 件を畳み込み (VOD 100.0-300.0)
2026-09-23 16:09:01,500 [INFO] src.archive.timeline_builder: clip1 の素材 m2 の区間を 200.0–300.0 として復元しました
2026-09-23 16:09:01,501 [INFO] src.archive.timeline_builder: アーカイブ Timeline 構築: 1 クリップ / V1 1 本 / S1 0 件 / 全長 100.0s
2026-09-23 16:09:01,501 [INFO] src.archive.timeline_builder: セクション追加: clip2 を 100.00s へ挿入 (VOD 200.0-300.0 / 尺 100.00s)
2026-09-23 16:09:01,501 [INFO] src.archive.timeline_builder: セクション統合: clip1 へ 1 件を畳み込み (VOD 100.0-300.0)
2026-09-23 16:09:01,502 [INFO] src.archive.timeline_builder: clip1 の素材 m2 の区間を 200.0–300.0 として復元しました
2026-09-23 16:09:01,502 [INFO] src.archive.timeline_builder: アーカイブ Timeline 構築: 1 クリップ / V1 1 本 / S1 0 件 / 全長 100.0s
2026-09-23 16:09:01,503 [INFO] src.archive.timeline_builder: セクション追加: clip2 を 100.00s へ挿入 (VOD 200.0-300.0 / 尺 100.00s)
2026-09-23 16:09:01,503 [INFO] src.archive.timeline_builder: セクション統合: clip1 へ 1 件を畳み込み (VOD 100.0-300.0)
2026-09-23 16:09:01,503 [INFO] src.archive.timeline_builder: clip1 の素材 m2 の区間を 200.0–303.0 として復元しました
2026-09-23 16:09:01,508 [INFO] src.archive.timeline_builder: アーカイブ Timeline 構築: 1 クリップ / V1 1 本 / S1 0 件 / 全長 100.0s
2026-09-23 16:09:01,514 [INFO] src.archive.timeline_builder: アーカイブ Timeline 構築: 1 クリップ / V1 1 本 / S1 0 件 / 全長 100.0s
2026-09-23 16:09:01,517 [INFO] src.archive.timeline_builder: アーカイブ Timeline 構築: 1 クリップ / V1 1 本 / S1 0 件 / 全長 100.0s
2026-09-23 16:09:01,518 [INFO] src.timeline.media_recovery: 使われていない素材のため復旧しません: orphan (C:\Users\evolu\AppData\Local\Temp\archive_media_test_ybrfj6dz\gone.mp4)
2026-09-23 16:09:01,520 [INFO] src.archive.timeline_builder: アーカイブ Timeline 構築: 1 クリップ / V1 1 本 / S1 0 件 / 全長 100.0s
2026-09-23 16:09:01,522 [INFO] src.timeline.project_io: 使われていない素材 1 件を保存対象から外しました
2026-09-23 16:09:01,525 [INFO] src.archive.timeline_builder: アーカイブ Timeline 構築: 1 クリップ / V1 1 本 / S1 0 件 / 全長 100.0s
2026-09-23 16:09:01,529 [INFO] src.archive.timeline_builder: アーカイブ Timeline 構築: 1 クリップ / V1 1 本 / S1 0 件 / 全長 100.0s
2026-09-23 16:09:01,531 [WARNING] src.timeline.media_recovery: 素材が見つかりません: m1 (C:\Users\evolu\AppData\Local\Temp\archive_media_test_v09otae8\lost.mp4)
2026-09-23 16:09:01,532 [INFO] src.timeline.media_recovery: 使われていない素材のため復旧しません: orphan (C:\Users\evolu\AppData\Local\Temp\archive_media_test_v09otae8\gone.mp4)
2026-09-23 16:09:01,538 [INFO] src.archive.clip_writer: clip1 prepare 完了 (字幕 2 件)
2026-09-23 16:09:01,542 [INFO] src.archive.clip_writer: clip1 prepare 完了 (字幕 2 件)
2026-09-23 16:09:01,548 [INFO] src.archive.clip_writer: 編集点準備: 残す区間 2 件 / 想定尺 10.00s (素材 30.00s)
2026-09-23 16:09:01,549 [INFO] src.archive.clip_writer: clip1 prepare 完了 (字幕 2 件 / 実カットなし)
2026-09-23 16:09:01,556 [INFO] src.archive.clip_writer: 編集点準備: 残す区間 2 件 / 想定尺 10.00s (素材 30.00s)
2026-09-23 16:09:01,556 [INFO] src.archive.clip_writer: clip1 prepare 完了 (字幕 2 件 / 実カットなし)
2026-09-23 16:09:01,562 [INFO] src.archive.clip_writer: 編集点準備: 残す区間 2 件 / 想定尺 10.00s (素材 30.00s)
2026-09-23 16:09:01,562 [INFO] src.archive.clip_writer: clip1 prepare 完了 (字幕 2 件 / 実カットなし)
2026-09-23 16:09:01,569 [INFO] src.archive.clip_writer: 編集点準備: 残す区間 2 件 / 想定尺 10.00s (素材 30.00s)
2026-09-23 16:09:01,569 [INFO] src.archive.clip_writer: clip1 prepare 完了 (字幕 2 件 / 実カットなし)
2026-09-23 16:09:01,574 [INFO] src.archive.clip_writer: 編集点準備: 残す区間 2 件 / 想定尺 10.00s (素材 30.00s)
2026-09-23 16:09:01,575 [INFO] src.archive.clip_writer: clip1 prepare 完了 (字幕 2 件 / 実カットなし)
2026-09-23 16:09:01,583 [INFO] src.archive.clip_writer: 編集点準備: 残す区間 2 件 / 想定尺 10.00s (素材 30.00s)
2026-09-23 16:09:01,583 [INFO] src.archive.clip_writer: clip1 prepare 完了 (字幕 2 件 / 実カットなし)
2026-09-23 16:09:01,588 [INFO] src.archive.clip_writer: 編集点準備: 残す区間 2 件 / 想定尺 10.00s (素材 30.00s)
2026-09-23 16:09:01,588 [INFO] src.archive.clip_writer: clip1 prepare 完了 (字幕 0 件 / 実カットなし)
2026-09-23 16:09:01,591 [INFO] src.archive.clip_writer: 編集点準備: 残す区間 2 件 / 想定尺 10.00s (素材 30.00s)
2026-09-23 16:09:01,603 [INFO] src.timeline.project_io: プロジェクト保存: C:\Users\evolu\AppData\Local\Temp\archive_resume_zxmx9ify\vod.archive.timeline.json
2026-09-23 16:09:01,632 [INFO] src.timeline.project_io: プロジェクト読込: C:\Users\evolu\AppData\Local\Temp\archive_resume_zxmx9ify\vod.archive.timeline.json
2026-09-23 16:09:01,657 [INFO] src.timeline.project_io: プロジェクト保存: C:\Users\evolu\AppData\Local\Temp\archive_resume_dntfm83l\vod.archive.timeline.json
2026-09-23 16:09:01,665 [INFO] src.timeline.project_io: プロジェクト保存: C:\Users\evolu\AppData\Local\Temp\archive_resume_dntfm83l\clip.timeline.json
2026-09-23 16:09:01,665 [INFO] src.archive.project_resume: ==================================================
2026-09-23 16:09:01,665 [INFO] src.archive.project_resume: 保存済みアーカイブプロジェクトから再開: C:\Users\evolu\AppData\Local\Temp\archive_resume_dntfm83l\clip.timeline.json
2026-09-23 16:09:01,705 [INFO] src.timeline.project_io: プロジェクト読込: C:\Users\evolu\AppData\Local\Temp\archive_resume_dntfm83l\clip.timeline.json
2026-09-23 16:09:01,717 [INFO] src.timeline.project_io: プロジェクト保存: C:\Users\evolu\AppData\Local\Temp\archive_resume_rtc0qeba\vod.archive.timeline.json
2026-09-23 16:09:01,739 [INFO] src.timeline.project_io: プロジェクト読込: C:\Users\evolu\AppData\Local\Temp\archive_resume_rtc0qeba\vod.archive.timeline.json
2026-09-23 16:09:01,743 [INFO] src.archive.project_resume: 音声サイドカーが無いため素材 m1 の正規化をやり直します
2026-09-23 16:09:01,745 [INFO] src.archive.project_resume: 音声サイドカーが無いため素材 m2 の正規化をやり直します
2026-09-23 16:09:01,765 [INFO] src.timeline.project_io: プロジェクト保存: C:\Users\evolu\AppData\Local\Temp\archive_resume_m9xjmf0y\vod.archive.timeline.json
2026-09-23 16:09:01,791 [INFO] src.timeline.project_io: プロジェクト読込: C:\Users\evolu\AppData\Local\Temp\archive_resume_m9xjmf0y\vod.archive.timeline.json
2026-09-23 16:09:01,794 [INFO] src.archive.project_resume: 音声サイドカーが無いため素材 m1 の正規化をやり直します
2026-09-23 16:09:01,796 [INFO] src.archive.project_resume: 音声サイドカーが無いため素材 m2 の正規化をやり直します
2026-09-23 16:09:01,814 [INFO] src.timeline.project_io: プロジェクト保存: C:\Users\evolu\AppData\Local\Temp\archive_resume_g1sd93g3\vod.archive.timeline.json
2026-09-23 16:09:01,819 [INFO] src.archive.project_resume: ==================================================
2026-09-23 16:09:01,819 [INFO] src.archive.project_resume: 保存済みアーカイブプロジェクトから再開: C:\Users\evolu\AppData\Local\Temp\archive_resume_g1sd93g3\no_such.timeline.json
2026-09-23 16:09:01,829 [INFO] src.timeline.project_io: プロジェクト保存: C:\Users\evolu\AppData\Local\Temp\archive_resume_p01gr_uv\vod.archive.timeline.json
2026-09-23 16:09:01,855 [INFO] src.timeline.project_io: プロジェクト読込: C:\Users\evolu\AppData\Local\Temp\archive_resume_p01gr_uv\vod.archive.timeline.json
2026-09-23 16:09:01,879 [INFO] src.timeline.project_io: プロジェクト保存: C:\Users\evolu\AppData\Local\Temp\archive_resume_lyr4x4vb\vod.archive.timeline.json
2026-09-23 16:09:01,906 [INFO] src.timeline.project_io: プロジェクト読込: C:\Users\evolu\AppData\Local\Temp\archive_resume_lyr4x4vb\vod.archive.timeline.json
2026-09-23 16:09:01,912 [INFO] src.archive.project_resume: 設定に従い切り出したままの音量で使います: 素材 m1
2026-09-23 16:09:01,915 [INFO] src.archive.project_resume: 設定に従い切り出したままの音量で使います: 素材 m2
2026-09-23 16:09:01,919 [WARNING] src.timeline.media_sidecar: 音声サイドカーの尺が保存値と合いません (100.00s / 期待 103.00s) → 使いません
2026-09-23 16:09:01,920 [INFO] src.archive.timeline_builder: アーカイブ Timeline 構築: 2 クリップ / V1 2 本 / S1 0 件 / 全長 200.0s
2026-09-23 16:09:01,920 [INFO] src.archive.timeline_builder: セクション追加: clip3 を 200.00s へ挿入 (VOD 900.0-950.0 / 尺 50.00s)
2026-09-23 16:09:01,921 [INFO] src.archive.timeline_builder: アーカイブ Timeline 構築: 2 クリップ / V1 2 本 / S1 0 件 / 全長 200.0s
2026-09-23 16:09:01,921 [INFO] src.timeline.commands: 貼り付けの割り込み: V1 の 0.000s へ 50.00s を確保 / 移動 2 件・分割 0 件・切詰 0 件
2026-09-23 16:09:01,921 [INFO] src.timeline.commands: 貼り付けの割り込み: S1 の 0.000s へ 50.00s を確保 / 移動 0 件・分割 0 件・切詰 0 件
2026-09-23 16:09:01,922 [INFO] src.archive.timeline_builder: セクション追加: clip3 を 0.00s へ挿入 (VOD 0.0-50.0 / 尺 50.00s)
2026-09-23 16:09:01,922 [INFO] src.archive.timeline_builder: アーカイブ Timeline 構築: 2 クリップ / V1 2 本 / S1 0 件 / 全長 200.0s
2026-09-23 16:09:01,922 [INFO] src.timeline.commands: 貼り付けの割り込み: V1 の 100.000s へ 50.00s を確保 / 移動 1 件・分割 0 件・切詰 0 件
2026-09-23 16:09:01,922 [INFO] src.timeline.commands: 貼り付けの割り込み: S1 の 100.000s へ 50.00s を確保 / 移動 0 件・分割 0 件・切詰 0 件
2026-09-23 16:09:01,922 [INFO] src.archive.timeline_builder: セクション追加: clip3 を 100.00s へ挿入 (VOD 250.0-300.0 / 尺 50.00s)
2026-09-23 16:09:01,924 [INFO] src.archive.timeline_builder: アーカイブ Timeline 構築: 3 クリップ / V1 3 本 / S1 0 件 / 全長 300.0s
2026-09-23 16:09:01,924 [INFO] src.timeline.commands: 貼り付けの割り込み: V1 の 100.000s へ 50.00s を確保 / 移動 2 件・分割 0 件・切詰 0 件
2026-09-23 16:09:01,924 [INFO] src.timeline.commands: 貼り付けの割り込み: S1 の 100.000s へ 50.00s を確保 / 移動 0 件・分割 0 件・切詰 0 件
2026-09-23 16:09:01,924 [INFO] src.archive.timeline_builder: セクション追加: clip4 を 100.00s へ挿入 (VOD 250.0-300.0 / 尺 50.00s)
2026-09-23 16:09:01,925 [INFO] src.timeline.commands: 貼り付けの割り込み: V1 の 0.000s へ 50.00s を確保 / 移動 4 件・分割 0 件・切詰 0 件
2026-09-23 16:09:01,925 [INFO] src.timeline.commands: 貼り付けの割り込み: S1 の 0.000s へ 50.00s を確保 / 移動 0 件・分割 0 件・切詰 0 件
2026-09-23 16:09:01,925 [INFO] src.archive.timeline_builder: セクション追加: clip5 を 0.00s へ挿入 (VOD 0.0-50.0 / 尺 50.00s)
2026-09-23 16:09:01,926 [INFO] src.archive.timeline_builder: セクション追加: clip6 を 400.00s へ挿入 (VOD 900.0-950.0 / 尺 50.00s)
2026-09-23 16:09:01,926 [INFO] src.archive.timeline_builder: アーカイブ Timeline 構築: 1 クリップ / V1 1 本 / S1 0 件 / 全長 100.0s
2026-09-23 16:09:01,927 [INFO] src.archive.timeline_builder: セクション追加: clip2 を 100.00s へ挿入 (VOD 300.0-400.0 / 尺 100.00s)
2026-09-23 16:09:01,928 [INFO] src.archive.timeline_builder: アーカイブ Timeline 構築: 3 クリップ / V1 3 本 / S1 0 件 / 全長 300.0s
2026-09-23 16:09:01,928 [INFO] src.timeline.commands: 貼り付けの割り込み: V1 の 100.000s へ 50.00s を確保 / 移動 2 件・分割 0 件・切詰 0 件
2026-09-23 16:09:01,928 [INFO] src.timeline.commands: 貼り付けの割り込み: S1 の 100.000s へ 50.00s を確保 / 移動 0 件・分割 0 件・切詰 0 件
2026-09-23 16:09:01,928 [INFO] src.archive.timeline_builder: セクション追加: clip4 を 100.00s へ挿入 (VOD 250.0-300.0 / 尺 50.00s)
2026-09-23 16:09:01,929 [INFO] src.archive.timeline_builder: アーカイブ Timeline 構築: 2 クリップ / V1 2 本 / S1 0 件 / 全長 200.0s
2026-09-23 16:09:01,930 [INFO] src.archive.timeline_builder: セクション追加: clip3 を 200.00s へ挿入 (VOD 900.0-950.0 / 尺 50.00s)
2026-09-23 16:09:01,930 [INFO] src.archive.timeline_builder: アーカイブ Timeline 構築: 2 クリップ / V1 2 本 / S1 0 件 / 全長 200.0s
2026-09-23 16:09:01,931 [INFO] src.archive.timeline_builder: アーカイブ Timeline 構築: 1 クリップ / V1 1 本 / S1 0 件 / 全長 100.0s
2026-09-23 16:09:01,932 [INFO] src.archive.timeline_builder: セクション追加: clip2 を 100.00s へ挿入 (VOD 450.0-600.0 / 尺 150.00s)
2026-09-23 16:09:01,932 [INFO] src.archive.timeline_builder: アーカイブ Timeline 構築: 2 クリップ / V1 2 本 / S1 0 件 / 全長 200.0s
2026-09-23 16:09:01,933 [INFO] src.archive.timeline_builder: セクション追加: clip3 を 200.00s へ挿入 (VOD 500.0-600.0 / 尺 100.00s)
2026-09-23 16:09:01,934 [INFO] src.archive.timeline_builder: セクション統合: clip2 へ 1 件を畳み込み (VOD 400.0-600.0)
2026-09-23 16:09:01,934 [INFO] src.archive.timeline_builder: アーカイブ Timeline 構築: 2 クリップ / V1 2 本 / S1 0 件 / 全長 200.0s
2026-09-23 16:09:01,935 [INFO] src.archive.timeline_builder: セクション追加: clip3 を 200.00s へ挿入 (VOD 500.0-600.0 / 尺 100.00s)
2026-09-23 16:09:01,935 [INFO] src.archive.timeline_builder: セクション統合: clip2 へ 1 件を畳み込み (VOD 400.0-600.0)
2026-09-23 16:09:01,935 [INFO] src.archive.timeline_builder: アーカイブ Timeline 構築: 3 クリップ / V1 3 本 / S1 0 件 / 全長 300.0s
2026-09-23 16:09:01,936 [INFO] src.timeline.commands: 貼り付けの割り込み: V1 の 200.000s へ 100.00s を確保 / 移動 1 件・分割 0 件・切詰 0 件
2026-09-23 16:09:01,936 [INFO] src.timeline.commands: 貼り付けの割り込み: S1 の 200.000s へ 100.00s を確保 / 移動 0 件・分割 0 件・切詰 0 件
2026-09-23 16:09:01,937 [INFO] src.archive.timeline_builder: セクション追加: clip4 を 200.00s へ挿入 (VOD 500.0-600.0 / 尺 100.00s)
2026-09-23 16:09:01,937 [INFO] src.archive.timeline_builder: セクション統合: clip2 へ 1 件を畳み込み (VOD 400.0-600.0)
2026-09-23 16:09:01,938 [INFO] src.archive.timeline_builder: アーカイブ Timeline 構築: 3 クリップ / V1 3 本 / S1 0 件 / 全長 300.0s
2026-09-23 16:09:01,939 [INFO] src.timeline.commands: 貼り付けの割り込み: V1 の 100.000s へ 200.00s を確保 / 移動 2 件・分割 0 件・切詰 0 件
2026-09-23 16:09:01,939 [INFO] src.timeline.commands: 貼り付けの割り込み: S1 の 100.000s へ 200.00s を確保 / 移動 0 件・分割 0 件・切詰 0 件
2026-09-23 16:09:01,940 [INFO] src.archive.timeline_builder: セクション追加: clip4 を 100.00s へ挿入 (VOD 200.0-400.0 / 尺 200.00s)
2026-09-23 16:09:01,940 [INFO] src.timeline.commands: 貼り付けの割り込み: V1 の 400.000s へ 200.00s を確保 / 移動 1 件・分割 0 件・切詰 0 件
2026-09-23 16:09:01,940 [INFO] src.timeline.commands: 貼り付けの割り込み: S1 の 400.000s へ 200.00s を確保 / 移動 0 件・分割 0 件・切詰 0 件
2026-09-23 16:09:01,940 [INFO] src.archive.timeline_builder: セクション追加: clip5 を 400.00s へ挿入 (VOD 500.0-700.0 / 尺 200.00s)
2026-09-23 16:09:01,940 [INFO] src.archive.timeline_builder: セクション統合: clip1 へ 4 件を畳み込み (VOD 100.0-800.0)
2026-09-23 16:09:01,941 [INFO] src.archive.timeline_builder: アーカイブ Timeline 構築: 1 クリップ / V1 1 本 / S1 0 件 / 全長 100.0s
2026-09-23 16:09:01,942 [INFO] src.archive.timeline_builder: セクション追加: clip2 を 100.00s へ挿入 (VOD 200.0-300.0 / 尺 100.00s)
2026-09-23 16:09:01,942 [INFO] src.archive.timeline_builder: セクション統合: clip1 へ 1 件を畳み込み (VOD 100.0-300.0)
2026-09-23 16:09:01,943 [INFO] src.archive.timeline_builder: アーカイブ Timeline 構築: 2 クリップ / V1 2 本 / S1 0 件 / 全長 200.0s
2026-09-23 16:09:01,943 [INFO] src.timeline.commands: 貼り付けの割り込み: V1 の 100.000s へ 50.00s を確保 / 移動 1 件・分割 0 件・切詰 0 件
2026-09-23 16:09:01,943 [INFO] src.timeline.commands: 貼り付けの割り込み: S1 の 100.000s へ 50.00s を確保 / 移動 0 件・分割 0 件・切詰 0 件
2026-09-23 16:09:01,944 [INFO] src.archive.timeline_builder: セクション追加: clip3 を 100.00s へ挿入 (VOD 250.0-300.0 / 尺 50.00s)
2026-09-23 16:09:01,944 [INFO] src.archive.timeline_builder: アーカイブ Timeline 構築: 2 クリップ / V1 2 本 / S1 0 件 / 全長 200.0s
2026-09-23 16:09:01,945 [INFO] src.archive.timeline_builder: セクション追加: clip3 を 200.00s へ挿入 (VOD 500.0-600.0 / 尺 100.00s)
2026-09-23 16:09:01,945 [INFO] src.archive.timeline_builder: セクション統合: clip2 へ 1 件を畳み込み (VOD 400.0-600.0)
2026-09-23 16:09:01,945 [INFO] src.archive.timeline_builder: アーカイブ Timeline 構築: 3 クリップ / V1 3 本 / S1 0 件 / 全長 300.0s
2026-09-23 16:09:01,946 [INFO] src.timeline.commands: 貼り付けの割り込み: V1 の 100.000s へ 50.00s を確保 / 移動 2 件・分割 0 件・切詰 0 件
2026-09-23 16:09:01,946 [INFO] src.timeline.commands: 貼り付けの割り込み: S1 の 100.000s へ 50.00s を確保 / 移動 0 件・分割 0 件・切詰 0 件
2026-09-23 16:09:01,946 [INFO] src.archive.timeline_builder: セクション追加: clip4 を 100.00s へ挿入 (VOD 250.0-300.0 / 尺 50.00s)
2026-09-23 16:09:01,946 [INFO] src.archive.timeline_builder: アーカイブ Timeline 構築: 2 クリップ / V1 2 本 / S1 0 件 / 全長 200.0s
2026-09-23 16:09:01,947 [INFO] src.archive.timeline_builder: アーカイブ Timeline 構築: 1 クリップ / V1 1 本 / S1 0 件 / 全長 100.0s
2026-09-23 16:09:01,948 [INFO] src.archive.timeline_builder: アーカイブ Timeline 構築: 1 クリップ / V1 1 本 / S1 0 件 / 全長 100.0s
2026-09-23 16:09:01,948 [INFO] src.archive.timeline_builder: アーカイブ Timeline 構築: 1 クリップ / V1 1 本 / S1 0 件 / 全長 100.0s
2026-09-23 16:09:01,949 [INFO] src.archive.timeline_builder: アーカイブ Timeline 構築: 1 クリップ / V1 1 本 / S1 0 件 / 全長 100.0s
2026-09-23 16:09:01,949 [INFO] src.archive.timeline_builder: アーカイブ Timeline 構築: 1 クリップ / V1 1 本 / S1 0 件 / 全長 300.0s
2026-09-23 16:09:01,950 [INFO] src.archive.timeline_builder: アーカイブ Timeline 構築: 1 クリップ / V1 1 本 / S1 0 件 / 全長 100.0s
2026-09-23 16:09:01,950 [INFO] src.archive.timeline_builder: アーカイブ Timeline 構築: 1 クリップ / V1 1 本 / S1 0 件 / 全長 100.0s
2026-09-23 16:09:01,950 [INFO] src.archive.timeline_builder: アーカイブ Timeline 構築: 1 クリップ / V1 1 本 / S1 0 件 / 全長 30.0s
2026-09-23 16:09:01,951 [INFO] src.archive.timeline_builder: アーカイブ Timeline 構築: 1 クリップ / V1 1 本 / S1 0 件 / 全長 30.0s
2026-09-23 16:09:01,951 [INFO] src.archive.timeline_builder: アーカイブ Timeline 構築: 1 クリップ / V1 1 本 / S1 0 件 / 全長 30.0s
2026-09-23 16:09:01,951 [INFO] src.archive.timeline_builder: アーカイブ Timeline 構築: 1 クリップ / V1 1 本 / S1 0 件 / 全長 30.0s
2026-09-23 16:09:01,951 [INFO] src.archive.timeline_builder: アーカイブ Timeline 構築: 1 クリップ / V1 1 本 / S1 0 件 / 全長 30.0s
2026-09-23 16:09:01,952 [INFO] src.archive.timeline_builder: アーカイブ Timeline 構築: 3 クリップ / V1 6 本 / S1 6 件 / 全長 30.0s
2026-09-23 16:09:01,953 [INFO] src.archive.timeline_builder: アーカイブ Timeline 構築: 3 クリップ / V1 6 本 / S1 6 件 / 全長 30.0s
2026-09-23 16:09:01,954 [INFO] src.archive.timeline_builder: アーカイブ Timeline 構築: 3 クリップ / V1 6 本 / S1 6 件 / 全長 30.0s
2026-09-23 16:09:01,955 [INFO] src.archive.timeline_builder: アーカイブ Timeline 構築: 3 クリップ / V1 6 本 / S1 6 件 / 全長 30.0s
2026-09-23 16:09:01,955 [INFO] src.archive.timeline_builder: アーカイブ Timeline 構築: 3 クリップ / V1 6 本 / S1 6 件 / 全長 30.0s
2026-09-23 16:09:01,955 [INFO] src.archive.timeline_builder: アーカイブ Timeline 構築: 3 クリップ / V1 6 本 / S1 6 件 / 全長 30.0s
2026-09-23 16:09:01,957 [INFO] src.archive.timeline_builder: アーカイブ Timeline 構築: 3 クリップ / V1 6 本 / S1 6 件 / 全長 30.0s
2026-09-23 16:09:01,958 [INFO] src.archive.timeline_builder: アーカイブ Timeline 構築: 3 クリップ / V1 6 本 / S1 6 件 / 全長 30.0s
2026-09-23 16:09:01,958 [INFO] src.archive.timeline_builder: アーカイブ Timeline 構築: 3 クリップ / V1 6 本 / S1 6 件 / 全長 30.0s
2026-09-23 16:09:01,959 [INFO] src.archive.timeline_builder: アーカイブ Timeline 構築: 1 クリップ / V1 1 本 / S1 2 件 / 全長 30.0s
2026-09-23 16:09:01,959 [INFO] src.archive.timeline_builder: clip1: クリップ終端で打ち切った字幕 1 件 / 載せなかった字幕 0 件
2026-09-23 16:09:01,960 [INFO] src.archive.timeline_builder: clip2: クリップ終端で打ち切った字幕 1 件 / 載せなかった字幕 0 件
2026-09-23 16:09:01,960 [INFO] src.archive.timeline_builder: clip3: クリップ終端で打ち切った字幕 1 件 / 載せなかった字幕 0 件
2026-09-23 16:09:01,960 [INFO] src.archive.timeline_builder: アーカイブ Timeline 構築: 3 クリップ / V1 6 本 / S1 3 件 / 全長 30.0s
2026-09-23 16:09:01,961 [INFO] src.archive.timeline_builder: clip1: クリップ終端で打ち切った字幕 1 件 / 載せなかった字幕 0 件
2026-09-23 16:09:01,961 [INFO] src.archive.timeline_builder: アーカイブ Timeline 構築: 2 クリップ / V1 4 本 / S1 3 件 / 全長 20.0s
2026-09-23 16:09:01,962 [INFO] src.archive.timeline_builder: clip1: クリップ終端で打ち切った字幕 1 件 / 載せなかった字幕 1 件
2026-09-23 16:09:01,962 [INFO] src.archive.timeline_builder: アーカイブ Timeline 構築: 2 クリップ / V1 4 本 / S1 2 件 / 全長 20.0s
2026-09-23 16:09:01,963 [INFO] src.archive.timeline_builder: clip1: クリップ終端で打ち切った字幕 1 件 / 載せなかった字幕 0 件
2026-09-23 16:09:01,964 [INFO] src.archive.timeline_builder: clip2: クリップ終端で打ち切った字幕 1 件 / 載せなかった字幕 0 件
2026-09-23 16:09:01,964 [INFO] src.archive.timeline_builder: アーカイブ Timeline 構築: 2 クリップ / V1 4 本 / S1 2 件 / 全長 20.0s
2026-09-23 16:09:01,965 [INFO] src.archive.timeline_builder: アーカイブ Timeline 構築: 3 クリップ / V1 6 本 / S1 6 件 / 全長 30.0s
2026-09-23 16:09:01,965 [INFO] src.archive.timeline_builder: アーカイブ Timeline 構築: 3 クリップ / V1 6 本 / S1 6 件 / 全長 30.0s
2026-09-23 16:09:01,968 [INFO] src.archive.timeline_builder: アーカイブ Timeline 構築: 3 クリップ / V1 6 本 / S1 6 件 / 全長 30.0s
2026-09-23 16:09:01,969 [INFO] src.archive.timeline_builder: アーカイブ Timeline 構築: 3 クリップ / V1 6 本 / S1 6 件 / 全長 30.0s
2026-09-23 16:09:01,970 [INFO] src.archive.timeline_builder: アーカイブ Timeline 構築: 3 クリップ / V1 6 本 / S1 6 件 / 全長 30.0s
2026-09-23 16:09:01,970 [INFO] src.archive.timeline_builder: アーカイブ Timeline 構築: 3 クリップ / V1 6 本 / S1 6 件 / 全長 30.0s
2026-09-23 16:09:01,971 [INFO] src.archive.timeline_builder: アーカイブ Timeline 構築: 3 クリップ / V1 6 本 / S1 6 件 / 全長 30.0s
2026-09-23 16:09:01,972 [INFO] src.archive.timeline_builder: clip2 は使用しないため書き出しから除外します
2026-09-23 16:09:01,973 [INFO] src.archive.timeline_builder: アーカイブ Timeline 構築: 3 クリップ / V1 6 本 / S1 6 件 / 全長 30.0s
2026-09-23 16:09:01,974 [INFO] src.archive.timeline_builder: アーカイブ Timeline 構築: 3 クリップ / V1 6 本 / S1 6 件 / 全長 30.0s
2026-09-23 16:09:01,975 [INFO] src.archive.timeline_builder: アーカイブ Timeline 構築: 3 クリップ / V1 6 本 / S1 6 件 / 全長 30.0s
2026-09-23 16:09:01,975 [INFO] src.archive.timeline_builder: アーカイブ Timeline 構築: 3 クリップ / V1 6 本 / S1 6 件 / 全長 30.0s
2026-09-23 16:09:01,976 [INFO] src.archive.timeline_builder: アーカイブ Timeline 構築: 3 クリップ / V1 6 本 / S1 6 件 / 全長 30.0s
2026-09-23 16:09:01,976 [INFO] src.archive.timeline_builder: アーカイブ Timeline 構築: 3 クリップ / V1 6 本 / S1 6 件 / 全長 30.0s
2026-09-23 16:09:02,079 [INFO] src.blur.store: ぼかしの解析結果を保存しました: sample.blur.json
2026-09-23 16:09:02,099 [INFO] src.blur.analyzer: ぼかし解析: 指定の区間は解析済みです
2026-09-23 16:09:02,111 [INFO] src.blur.store: ぼかしの解析結果を保存しました: sample.blur.json
2026-09-23 16:09:02,130 [INFO] src.blur.store: ぼかしの解析結果の版が違うため作り直します: C:\Users\evolu\AppData\Local\Temp\blur_reuse_test_f43h_81w\sample.blur.json
2026-09-23 16:09:02,138 [INFO] src.blur.store: ぼかしの解析結果を保存しました: sample.blur.json
2026-09-23 16:09:02,155 [INFO] src.blur.store: 解析の設定が変わったため、ぼかしの解析結果を作り直します
2026-09-23 16:09:02,162 [INFO] src.blur.store: ぼかし: 素材が変わったため m9 の解析結果を捨てました
2026-09-23 16:09:02,187 [INFO] src.timeline.project_io: プロジェクトを改名しました: sample.timeline.json → renamed.timeline.json
2026-09-23 16:09:02,203 [WARNING] src.blur.config: 未知の blur.silhouette.format のため既定を使用します: unknown
2026-09-23 16:09:02,203 [WARNING] src.blur.config: 未知の blur.render.mode のため既定を使用します: unknown
2026-09-23 16:09:02,204 [WARNING] src.blur.config: 未知の blur.spec.default_scope のため既定を使用します: なにか変な値
2026-09-23 16:09:02,310 [INFO] src.blur.analyzer: ぼかし解析: 指定の区間は解析済みです
2026-09-23 16:09:02,311 [INFO] src.blur.analyzer: ぼかし解析: 枠 0 本を検出しました (m1 1.0〜3.0秒)
2026-09-23 16:09:02,333 [INFO] src.blur.decisions: ぼかし: 以前の書式の指定 1 件は新しい方式へ移せないため引き継ぎません (人物へまとめる処理を廃止したため)
2026-09-23 16:09:02,334 [INFO] src.blur.decisions: ぼかし: 以前の書式の指定 4 件は新しい方式へ移せないため引き継ぎません (人物へまとめる処理を廃止したため)
2026-09-23 16:09:03,255 [WARNING] src.modules.blur_overlay: ぼかしマスクが見つからないため、ぼかしを省略します: 
2026-09-23 16:09:03,293 [INFO] src.blur.mask_builder: ぼかす対象が無いためマスクを作りません
2026-09-23 16:09:03,296 [INFO] src.blur.mask_builder: ぼかす対象が無いためマスクを作りません
2026-09-23 16:09:03,299 [INFO] src.blur.mask_builder: ぼかす対象が無いためマスクを作りません
2026-09-23 16:09:03,304 [INFO] src.blur.mask_builder: ぼかしマスク: 1200 フレーム / 480x270 / 指定 1 件 (ぼかす 1 / 外す 0)
2026-09-23 16:09:04,595 [INFO] src.blur.mask_builder: ぼかしマスクを書き出しました: blur_mask.mkv (0.2 MB)
2026-09-23 16:09:04,603 [INFO] src.blur.mask_builder: ぼかす指定が無いためマスクを作りません
2026-09-23 16:09:04,605 [INFO] src.blur.mask_builder: ぼかす対象が無いためマスクを作りません
2026-09-23 16:09:04,609 [INFO] src.timeline.renderer: ベース映像構築: 1 クリップ / ギャップ 0 件 / 合計 5.0s
2026-09-23 16:09:04,624 [INFO] src.timeline.renderer: ベース映像の尺: モデル 5.000s / 実測 5.000s (差 +0.000s / 1 部品)
2026-09-23 16:09:04,627 [INFO] src.timeline.renderer: 字幕焼き込み: 1 件
2026-09-23 16:09:04,651 [INFO] src.timeline.renderer: ベース映像構築: 1 クリップ / ギャップ 0 件 / 合計 5.0s
2026-09-23 16:09:04,667 [INFO] src.timeline.renderer: ベース映像の尺: モデル 5.000s / 実測 5.000s (差 +0.000s / 1 部品)
2026-09-23 16:09:04,670 [INFO] src.timeline.renderer: 字幕焼き込み: 1 件
2026-09-23 16:09:04,691 [INFO] src.timeline.renderer: ベース映像構築: 1 クリップ / ギャップ 0 件 / 合計 5.0s
2026-09-23 16:09:04,708 [INFO] src.timeline.renderer: ベース映像の尺: モデル 5.000s / 実測 5.000s (差 +0.000s / 1 部品)
2026-09-23 16:09:04,709 [INFO] src.timeline.renderer: オーバーレイ・字幕が無いため合成をスキップします
2026-09-23 16:09:04,723 [INFO] src.modules.blur_overlay: ぼかしを焼き込みます: blur_applied.mp4
2026-09-23 16:09:04,730 [INFO] src.timeline.renderer: ベース映像構築: 1 クリップ / ギャップ 0 件 / 合計 5.0s
2026-09-23 16:09:04,746 [INFO] src.timeline.renderer: ベース映像の尺: モデル 5.000s / 実測 5.000s (差 +0.000s / 1 部品)
2026-09-23 16:09:04,747 [INFO] src.timeline.renderer: オーバーレイ・字幕が無いため合成をスキップします
2026-09-23 16:09:04,760 [INFO] src.modules.blur_overlay: ぼかしを焼き込みます: blur_applied.mp4
2026-09-23 16:09:04,768 [INFO] src.timeline.renderer: ベース映像構築: 1 クリップ / ギャップ 0 件 / 合計 5.0s
2026-09-23 16:09:04,782 [INFO] src.timeline.renderer: ベース映像の尺: モデル 5.000s / 実測 5.000s (差 +0.000s / 1 部品)
2026-09-23 16:09:04,785 [INFO] src.timeline.renderer: 字幕焼き込み: 1 件
2026-09-23 16:09:04,805 [INFO] src.timeline.renderer: ベース映像構築: 1 クリップ / ギャップ 0 件 / 合計 5.0s
2026-09-23 16:09:04,821 [INFO] src.timeline.renderer: ベース映像の尺: モデル 5.000s / 実測 5.000s (差 +0.000s / 1 部品)
2026-09-23 16:09:04,823 [INFO] src.blur.mask_builder: ぼかし: 外す指定のため、必要な区間を解析します
2026-09-23 16:09:04,975 [INFO] src.blur.analyzer: ぼかし解析: 輪郭モデル: 準備完了
2026-09-23 16:09:04,981 [WARNING] src.blur.analyzer: PyAV でのデコードに失敗したため FFmpeg へ切り替えます: [Errno 1094995529] Invalid data found when processing input: 'D:\\develop\\autoedit\\tests\\test_blur_renderer_integration.py'
2026-09-23 16:09:05,093 [INFO] src.blur.analyzer: ぼかし解析: 枠 0 本を検出しました (m1 0.0〜5.0秒)
2026-09-23 16:09:05,096 [INFO] src.blur.store: ぼかしの解析結果を保存しました: timeline.blur.json
2026-09-23 16:09:05,096 [ERROR] src.blur.mask_builder: ぼかし: 指定した枠が見つからないため、ぼかす指定 1 件が効きません
2026-09-23 16:09:05,096 [INFO] src.blur.mask_builder: ぼかしマスク: 300 フレーム / 480x270 / 指定 1 件 (ぼかす 1 / 外す 0)
2026-09-23 16:09:05,335 [INFO] src.blur.mask_builder: ぼかしマスクを書き出しました: blur_mask.mkv (0.0 MB)
2026-09-23 16:09:05,342 [INFO] src.timeline.renderer: ベース映像構築: 1 クリップ / ギャップ 0 件 / 合計 5.0s
2026-09-23 16:09:05,351 [INFO] src.timeline.renderer: ベース映像の尺: モデル 5.000s / 実測 5.000s (差 +0.000s / 1 部品)
2026-09-23 16:09:05,352 [INFO] src.blur.mask_builder: ぼかし: 外す指定のため、必要な区間を解析します
2026-09-23 16:09:05,353 [INFO] src.blur.analyzer: ぼかし解析: 輪郭モデル: 準備完了
2026-09-23 16:09:05,356 [WARNING] src.blur.analyzer: PyAV でのデコードに失敗したため FFmpeg へ切り替えます: [Errno 1094995529] Invalid data found when processing input: 'D:\\develop\\autoedit\\tests\\test_blur_renderer_integration.py'
2026-09-23 16:09:05,440 [INFO] src.blur.analyzer: ぼかし解析: 枠 0 本を検出しました (m1 0.0〜5.0秒)
2026-09-23 16:09:05,441 [INFO] src.blur.store: ぼかしの解析結果を保存しました: timeline.blur.json
2026-09-23 16:09:05,443 [ERROR] src.blur.mask_builder: ぼかし: 指定した枠が見つからないため、ぼかす指定 1 件が効きません
2026-09-23 16:09:05,443 [INFO] src.blur.mask_builder: ぼかしマスク: 300 フレーム / 480x270 / 指定 1 件 (ぼかす 1 / 外す 0)
2026-09-23 16:09:05,634 [INFO] src.blur.mask_builder: ぼかしマスクを書き出しました: blur_mask.mkv (0.0 MB)
2026-09-23 16:09:05,640 [INFO] src.timeline.renderer: ベース映像構築: 1 クリップ / ギャップ 0 件 / 合計 5.0s
2026-09-23 16:09:05,650 [INFO] src.timeline.renderer: ベース映像の尺: モデル 5.000s / 実測 5.000s (差 +0.000s / 1 部品)
2026-09-23 16:09:05,651 [INFO] src.blur.mask_builder: ぼかし: 外す指定のため、必要な区間を解析します
2026-09-23 16:09:05,653 [INFO] src.blur.analyzer: ぼかし解析: 輪郭モデル: 準備完了
2026-09-23 16:09:05,655 [WARNING] src.blur.analyzer: PyAV でのデコードに失敗したため FFmpeg へ切り替えます: [Errno 1094995529] Invalid data found when processing input: 'D:\\develop\\autoedit\\tests\\test_blur_renderer_integration.py'
2026-09-23 16:09:05,731 [INFO] src.blur.analyzer: ぼかし解析: 枠 0 本を検出しました (m1 0.0〜5.0秒)
2026-09-23 16:09:05,733 [INFO] src.blur.store: ぼかしの解析結果を保存しました: timeline.blur.json
2026-09-23 16:09:05,733 [ERROR] src.blur.mask_builder: ぼかし: 指定した枠が見つからないため、ぼかす指定 1 件が効きません
2026-09-23 16:09:05,733 [INFO] src.blur.mask_builder: ぼかしマスク: 300 フレーム / 480x270 / 指定 1 件 (ぼかす 1 / 外す 0)
2026-09-23 16:09:05,923 [INFO] src.blur.mask_builder: ぼかしマスクを書き出しました: blur_mask.mkv (0.0 MB)
2026-09-23 16:09:05,925 [WARNING] src.timeline.renderer: 利用者の指示により、ぼかしを入れずに出力します
2026-09-23 16:09:05,925 [INFO] src.timeline.renderer: オーバーレイ・字幕が無いため合成をスキップします
2026-09-23 16:09:05,932 [INFO] src.modules.blur_overlay: ぼかしを焼き込みます: blur_applied.mp4
2026-09-23 16:09:05,935 [INFO] src.timeline.renderer: ベース映像構築: 1 クリップ / ギャップ 0 件 / 合計 5.0s
2026-09-23 16:09:05,941 [INFO] src.timeline.renderer: ベース映像の尺: モデル 5.000s / 実測 5.000s (差 +0.000s / 1 部品)
2026-09-23 16:09:05,942 [INFO] src.blur.mask_builder: ぼかす指定が無いためマスクを作りません
2026-09-23 16:09:05,942 [INFO] src.timeline.renderer: オーバーレイ・字幕が無いため合成をスキップします
2026-09-23 16:09:05,949 [INFO] src.timeline.renderer: 中間形式を最終形式へ変換: .mov → mp4 (音声のみ再エンコード)
2026-09-23 16:09:07,280 [INFO] src.modules.subtitle_generator: 縦動画のため字幕設定を縦用へ上書き (font/改行/配置/余白)
2026-09-23 16:09:07,280 [WARNING] src.modules.comment_decor: コメント背景がキャンバスに収まらないため詰めました (推定幅 1181px / 使える幅 1080px)。font_size か max_line_length を下げると解消します
2026-09-23 16:09:07,281 [INFO] src.modules.comment_decor: コメントアイコン: 2 件 / 位置 2 種類
2026-09-23 16:09:07,281 [INFO] src.modules.comment_decor: コメントアイコン: 2 件 / 位置 1 種類
2026-09-23 16:09:07,281 [INFO] src.modules.comment_decor: コメントアイコン: 1 件 / 位置 1 種類
2026-09-23 16:09:07,281 [INFO] src.modules.subtitle_generator: 縦動画のため字幕設定を縦用へ上書き (font/改行/配置/余白)
2026-09-23 16:09:07,281 [WARNING] src.modules.comment_decor: コメントアイコンがキャンバスに収まらないため位置を詰めました (要求 x=-190.0 y=465.0 → x=0.0 y=465.0)。subtitle.comment_margin_l を大きくすると解消します
2026-09-23 16:09:07,282 [INFO] src.modules.subtitle_generator: コメント背景: 1 件
2026-09-23 16:09:07,287 [WARNING] src.modules.subtitle_generator: コメントの Layer が逆転しているため本文を 6 へ引き上げます (背景=5 / 本文=1)
2026-09-23 16:09:07,287 [INFO] src.modules.subtitle_generator: コメント背景: 1 件
2026-09-23 16:09:07,302 [WARNING] src.modules.subtitle_generator: コメントの配置は左寄せ (1/4/7) のみ対応のため 4 を使用します: 2
2026-09-23 16:09:07,305 [INFO] src.modules.subtitle_generator: 縦動画のため字幕設定を縦用へ上書き (font/改行/配置/余白)
2026-09-23 16:09:07,306 [WARNING] src.export.fcpxml_builder: タイムライン終端を超える字幕をクリップ末尾へクランプしました (丸め誤差の端数など)。
2026-09-23 16:09:07,313 [INFO] src.modules.loudness_normalizer: 入力ラウドネス: I=-9.2 LUFS / TP=-0.3 dBTP / LRA=5.1 LU → 目標 I=-14.0 LUFS / TP=-1.0 dBTP (offset 0.4 dB)
2026-09-23 16:09:07,319 [ERROR] src.modules.loudness_normalizer: ラウドネス正規化の適用に失敗 (元音声のまま継続): in.mp4
Traceback (most recent call last):
  File "D:\develop\autoedit\src\modules\loudness_normalizer.py", line 219, in normalize_file
    ffmpeg_runner.execute(
  File "C:\Users\evolu\AppData\Local\Programs\Python\Python312\Lib\unittest\mock.py", line 1139, in __call__
    return self._mock_call(*args, **kwargs)
           ^^^^^^^^^^^^^^^^^^^^^^^^^^^^^^^^
  File "C:\Users\evolu\AppData\Local\Programs\Python\Python312\Lib\unittest\mock.py", line 1143, in _mock_call
    return self._execute_mock_call(*args, **kwargs)
           ^^^^^^^^^^^^^^^^^^^^^^^^^^^^^^^^^^^^^^^^
  File "C:\Users\evolu\AppData\Local\Programs\Python\Python312\Lib\unittest\mock.py", line 1198, in _execute_mock_call
    raise effect
src.exceptions.FFmpegError: 失敗
2026-09-23 16:09:07,321 [INFO] src.modules.loudness_normalizer: ラウドネス正規化は無効のためスキップ
2026-09-23 16:09:07,321 [WARNING] src.modules.loudness_normalizer: ラウドネス測定に失敗したため正規化をスキップ (元音声のまま継続): in.mp4
2026-09-23 16:09:07,321 [INFO] src.modules.loudness_normalizer: 音声ストリームが無いためラウドネス正規化をスキップ: in.mp4
2026-09-23 16:09:07,329 [INFO] src.modules.loudness_normalizer: ラウドネス正規化 完了: out.mp4
2026-09-23 16:09:07,330 [INFO] src.modules.loudness_normalizer: 入力ラウドネス: I=-9.2 LUFS / TP=-0.3 dBTP / LRA=5.1 LU → 目標 I=-14.0 LUFS / TP=-1.0 dBTP (offset 0.4 dB)
2026-09-23 16:09:07,336 [INFO] src.modules.loudness_normalizer: ラウドネス正規化 完了: out.mp4
2026-09-23 16:09:07,338 [INFO] src.timeline.media_recovery: 本編素材を元動画から作り直します: C:\Users\evolu\AppData\Local\Temp\media_recovery_test_vingy1nq\sample.mp4
2026-09-23 16:09:07,341 [WARNING] src.timeline.media_recovery: 素材が見つかりません: m2 (C:\Users\evolu\AppData\Local\Temp\media_recovery_test_n1rn2zba\gone.png)
2026-09-23 16:09:07,346 [INFO] src.timeline.media_recovery: 素材を差し替え済みのフォルダで見つけました: m3 → C:\Users\evolu\AppData\Local\Temp\media_recovery_test_uv9a3eb1\moved\logo2.png
2026-09-23 16:09:07,350 [INFO] src.timeline.media_recovery: 本編素材を元動画から作り直します: C:\Users\evolu\AppData\Local\Temp\media_recovery_test_df6n77nj\sample.mp4
2026-09-23 16:09:07,352 [WARNING] src.timeline.media_recovery: 元動画が見つからないため本編素材を復旧できません: C:\Users\evolu\AppData\Local\Temp\media_recovery_test_h62chzhs\no_such_input.mp4
2026-09-23 16:09:07,352 [WARNING] src.timeline.media_recovery: 素材が見つかりません: m1 (C:\Users\evolu\AppData\Local\Temp\media_recovery_test_h62chzhs\work\loudness_normalized.mp4)
2026-09-23 16:09:07,353 [INFO] src.timeline.media_recovery: 本編素材は元動画そのものだったため、そのまま使います: C:\Users\evolu\AppData\Local\Temp\media_recovery_test_81ewuufz\sample.mp4
2026-09-23 16:09:07,357 [INFO] src.timeline.media_recovery: 素材を相対パスで見つけました: m2 → C:\Users\evolu\AppData\Local\Temp\media_recovery_test_t0854wzb\assets\logo.png
2026-09-23 16:09:07,360 [INFO] src.timeline.media_recovery: 設定に従い元動画をそのまま使います (音量は正規化前): C:\Users\evolu\AppData\Local\Temp\media_recovery_test_hw8eqjzh\sample.mp4
2026-09-23 16:09:07,363 [INFO] src.services.points: ポイントを予約しました: clip/video 25pt (watermark=False)
2026-09-23 16:09:07,364 [WARNING] src.services.points: ポイント残高を取得できませんでした: 断
2026-09-23 16:09:07,366 [INFO] src.services.points: ポイントを予約しました: clip/video 25pt (watermark=False)
2026-09-23 16:09:07,367 [WARNING] src.services.points: ポイントのcommitを送信できませんでした (再送します): 接続できません
2026-09-23 16:09:07,382 [INFO] src.services.points: ポイントを予約しました: clip/video 25pt (watermark=False)
2026-09-23 16:09:07,384 [WARNING] src.services.points: ポイントのcommitを送信できませんでした (再送します): 断
2026-09-23 16:09:07,388 [INFO] src.services.points: 保留していたポイント処理を 2 件送信しました。
2026-09-23 16:09:07,389 [WARNING] src.services.points: ポイントを予約できませんでした: 再ログインが必要です。
2026-09-23 16:09:07,390 [INFO] src.services.points: ポイントを予約しました: clip/video 25pt (watermark=False)
2026-09-23 16:09:07,390 [WARNING] src.services.points: ポイントのcancelが拒否されました: 確定済み
2026-09-23 16:09:07,393 [INFO] src.services.points: 保留していたポイント処理を 1 件送信しました。
2026-09-23 16:09:07,394 [INFO] src.services.points: ポイントを予約しました: clip/video 25pt (watermark=False)
2026-09-23 16:09:07,411 [INFO] src.services.points: サブスク判定のキャッシュが古いため watermark を入れます。
2026-09-23 16:09:07,411 [WARNING] src.services.points: ポイントを予約できませんでした (オフライン): 接続できません
2026-09-23 16:09:07,425 [WARNING] src.services.points: ポイントを予約できませんでした (オフライン): 接続できません
2026-09-23 16:09:07,426 [WARNING] src.services.points: ポイントを予約できませんでした (オフライン): 接続できません
2026-09-23 16:09:07,428 [WARNING] src.services.points: ポイントを予約できませんでした: 想定外
2026-09-23 16:09:07,429 [INFO] src.services.points: ポイントを予約しました: clip/resolveProject 0pt (watermark=False)
2026-09-23 16:09:07,443 [INFO] src.services.points: ポイントを予約しました: clip/video 25pt (watermark=False)
2026-09-23 16:09:07,445 [INFO] src.services.points: ポイントを予約しました: archive/video 0pt (watermark=True)
2026-09-23 16:09:07,469 [WARNING] src.timeline.builder: フレーム間引きの設定が不正なため none を使用します: 'all'
2026-09-23 16:09:07,485 [INFO] src.timeline.project_io: プロジェクト保存: C:\Users\evolu\AppData\Local\Temp\library_summary_gncin93y\vod.archive.timeline.json
2026-09-23 16:09:07,502 [WARNING] src.timeline.project_io: プロジェクトの概要を読めませんでした: C:\Users\evolu\AppData\Local\Temp\library_summary_8kmjyd91\broken.timeline.json
2026-09-23 16:09:07,506 [INFO] src.timeline.project_io: プロジェクト保存: C:\Users\evolu\AppData\Local\Temp\library_summary_3muhz6g6\sample.timeline.json
2026-09-23 16:09:07,524 [INFO] src.timeline.project_io: プロジェクト保存: C:\Users\evolu\AppData\Local\Temp\library_summary_qgr5jrq2\sample.timeline.json
2026-09-23 16:09:07,544 [INFO] src.timeline.project_io: プロジェクト保存: C:\Users\evolu\AppData\Local\Temp\library_rename__ygj0jdt\old.timeline.json
2026-09-23 16:09:07,551 [INFO] src.timeline.project_io: プロジェクト保存: C:\Users\evolu\AppData\Local\Temp\library_rename__jhl2ta6\old.timeline.json
2026-09-23 16:09:07,559 [INFO] src.timeline.project_io: プロジェクト保存: C:\Users\evolu\AppData\Local\Temp\library_rename_y8yawtdd\old.timeline.json
2026-09-23 16:09:07,582 [INFO] src.timeline.project_io: プロジェクトを改名しました: old.timeline.json → new.timeline.json
2026-09-23 16:09:07,600 [INFO] src.timeline.project_io: プロジェクト保存: C:\Users\evolu\AppData\Local\Temp\library_rename_8fk_bs1y\old.timeline.json
2026-09-23 16:09:07,608 [INFO] src.timeline.project_io: プロジェクトを改名しました: old.timeline.json → new.timeline.json
2026-09-23 16:09:07,615 [INFO] src.timeline.project_io: プロジェクト保存: C:\Users\evolu\AppData\Local\Temp\library_rename_eb1feavl\old.timeline.json
2026-09-23 16:09:07,629 [INFO] src.timeline.project_io: プロジェクトが 5 件見つかりました (新しい 2 件を表示します)
2026-09-23 16:09:07,654 [WARNING] src.export.resolve_export: ソース総尺の取得に失敗 (タイムライン全長で代用): C:\Users\evolu\AppData\Local\Temp\resolve_export_test_js8o82gf\sample.mp4
2026-09-23 16:09:07,670 [WARNING] src.export.resolve_export: ソース総尺の取得に失敗 (タイムライン全長で代用): C:\Users\evolu\AppData\Local\Temp\resolve_export_test__0rtqla8\sample.mp4
2026-09-23 16:09:07,679 [WARNING] src.export.resolve_export: ソース総尺の取得に失敗 (タイムライン全長で代用): C:\Users\evolu\AppData\Local\Temp\resolve_export_test_ksvpy6cy\sample.mp4
2026-09-23 16:09:07,689 [WARNING] src.export.resolve_export: ソース総尺の取得に失敗 (タイムライン全長で代用): C:\Users\evolu\AppData\Local\Temp\resolve_export_test_y3q686vi\sample.mp4
2026-09-23 16:09:07,689 [WARNING] src.export.resolve_export: テーマ演出はテキストと区間のみを出力します (ブラー・黒帯などの映像エフェクトは FCPXML で表現できません)。
2026-09-23 16:09:07,689 [WARNING] src.export.resolve_export: 字幕位置は配置(alignment)＋余白からの近似です。Resolve 取り込み時に位置が中央へ戻る場合があります (フォント/サイズ/色は保持)。
2026-09-23 16:09:07,699 [WARNING] src.export.resolve_export: ソース総尺の取得に失敗 (タイムライン全長で代用): C:\Users\evolu\AppData\Local\Temp\resolve_export_test_zb3h2h9s\sample.mp4
2026-09-23 16:09:07,707 [WARNING] src.export.resolve_export: ソース総尺の取得に失敗 (タイムライン全長で代用): C:\Users\evolu\AppData\Local\Temp\resolve_export_test_07iwdloq\sample.mp4
2026-09-23 16:09:07,724 [WARNING] src.export.resolve_export: ソース総尺の取得に失敗 (タイムライン全長で代用): C:\Users\evolu\AppData\Local\Temp\resolve_export_test_57joba8j\sample.mp4
2026-09-23 16:09:07,738 [WARNING] src.export.resolve_export: ソース総尺の取得に失敗 (タイムライン全長で代用): C:\Users\evolu\AppData\Local\Temp\resolve_export_test_57joba8j\sample.mp4
2026-09-23 16:09:07,751 [WARNING] src.export.resolve_export: ソース総尺の取得に失敗 (タイムライン全長で代用): C:\Users\evolu\AppData\Local\Temp\resolve_export_test_40pdgfii\sample.mp4
2026-09-23 16:09:07,751 [WARNING] src.export.resolve_export: 未対応の字幕出力方式 export.resolve.subtitle.mode=bogus のため caption で出力します
2026-09-23 16:09:07,766 [WARNING] src.export.resolve_export: ソース総尺の取得に失敗 (タイムライン全長で代用): C:\Users\evolu\AppData\Local\Temp\resolve_export_test_tok1nalb\sample.mp4
2026-09-23 16:09:07,781 [WARNING] src.export.resolve_export: ソース総尺の取得に失敗 (タイムライン全長で代用): C:\Users\evolu\AppData\Local\Temp\resolve_export_test_z0znmw0b\sample.mp4
2026-09-23 16:09:07,795 [WARNING] src.export.resolve_export: ソース総尺の取得に失敗 (タイムライン全長で代用): C:\Users\evolu\AppData\Local\Temp\resolve_export_test_6n44o7c5\sample.mp4
2026-09-23 16:09:07,811 [WARNING] src.export.resolve_export: ソース総尺の取得に失敗 (タイムライン全長で代用): C:\Users\evolu\AppData\Local\Temp\resolve_export_test_5rdpklb1\sample.mp4
2026-09-23 16:09:07,819 [WARNING] src.export.resolve_export: ソース総尺の取得に失敗 (タイムライン全長で代用): C:\Users\evolu\AppData\Local\Temp\resolve_export_test_g4yuyqrz\sample.mp4
2026-09-23 16:09:07,833 [WARNING] src.export.resolve_export: ソース総尺の取得に失敗 (タイムライン全長で代用): C:\Users\evolu\AppData\Local\Temp\resolve_export_test_feukb2zx\sample.mp4
2026-09-23 16:09:07,844 [WARNING] src.export.resolve_export: ソース総尺の取得に失敗 (タイムライン全長で代用): C:\Users\evolu\AppData\Local\Temp\resolve_export_test_ll5lxg1i\sample.mp4
2026-09-23 16:09:07,854 [WARNING] src.export.resolve_export: ソース総尺の取得に失敗 (タイムライン全長で代用): C:\Users\evolu\AppData\Local\Temp\resolve_export_test_x3v6vx_k\sample.mp4
2026-09-23 16:09:07,865 [WARNING] src.export.resolve_export: ソース総尺の取得に失敗 (タイムライン全長で代用): C:\Users\evolu\AppData\Local\Temp\resolve_export_test_jihrwv1x\sample.mp4
2026-09-23 16:09:07,865 [INFO] src.export.resolve_export: 編集点が無いため全長 1 クリップとして出力します
2026-09-23 16:09:07,878 [WARNING] src.export.resolve_export: ソース総尺の取得に失敗 (タイムライン全長で代用): C:\Users\evolu\AppData\Local\Temp\resolve_export_test_jql6awq8\sample.mp4
2026-09-23 16:09:07,878 [INFO] src.export.resolve_export: Resolve 出力開始: C:\Users\evolu\AppData\Local\Temp\resolve_export_test_jql6awq8\out2.fcpxml (クリップ 1 件 / 字幕 caption 1 件 / title・テーマ 0 件 / 1920x1080 60fps)
2026-09-23 16:09:07,879 [INFO] src.export.resolve_export: 字幕トラックのスタイルは Resolve の字幕トラックヘッダー選択 → インスペクタ → Track Style で一括設定できます (Resolve 19 以降は Text+ スタイルも指定可)。
2026-09-23 16:09:07,880 [INFO] src.export.resolve_export: Resolve 出力完了: C:\Users\evolu\AppData\Local\Temp\resolve_export_test_jql6awq8\out2.fcpxml (タイムライン尺 5.00s)
2026-09-23 16:09:07,893 [WARNING] src.export.resolve_export: ソース総尺の取得に失敗 (タイムライン全長で代用): C:\Users\evolu\AppData\Local\Temp\resolve_export_test_kmwb8b_t\sample.mp4
2026-09-23 16:09:07,893 [INFO] src.export.resolve_export: Resolve 出力開始: C:\Users\evolu\AppData\Local\Temp\resolve_export_test_kmwb8b_t\out3.fcpxml (クリップ 1 件 / 字幕 caption 0 件 / title・テーマ 0 件 / 1920x1080 60fps)
2026-09-23 16:09:07,895 [INFO] src.export.resolve_export: Resolve 出力完了: C:\Users\evolu\AppData\Local\Temp\resolve_export_test_kmwb8b_t\out3.fcpxml (タイムライン尺 5.00s)
2026-09-23 16:09:07,910 [WARNING] src.export.resolve_export: ソース総尺の取得に失敗 (タイムライン全長で代用): C:\Users\evolu\AppData\Local\Temp\resolve_export_test_b6tft57u\sample.mp4
2026-09-23 16:09:07,910 [INFO] src.export.resolve_export: Resolve 出力開始: C:\Users\evolu\AppData\Local\Temp\resolve_export_test_b6tft57u\out.fcpxml (クリップ 1 件 / 字幕 caption 1 件 / title・テーマ 0 件 / 1920x1080 60fps)
2026-09-23 16:09:07,915 [INFO] src.export.resolve_export: SRT サイドカー出力: C:\Users\evolu\AppData\Local\Temp\resolve_export_test_b6tft57u\out.srt (1 件)
2026-09-23 16:09:07,915 [INFO] src.export.resolve_export: Resolve 出力完了: C:\Users\evolu\AppData\Local\Temp\resolve_export_test_b6tft57u\out.fcpxml / C:\Users\evolu\AppData\Local\Temp\resolve_export_test_b6tft57u\out.srt (タイムライン尺 5.00s)
2026-09-23 16:09:07,916 [INFO] src.export.resolve_export: Resolve 出力を中止 (上書きしない): C:\Users\evolu\AppData\Local\Temp\resolve_export_test_b6tft57u\out.fcpxml
2026-09-23 16:09:07,936 [INFO] src.modules.subtitle_generator: 縦動画のため字幕設定を縦用へ上書き (font/改行/配置/余白)
2026-09-23 16:09:07,944 [WARNING] src.services.stretheus_auth: API の日時を解釈できませんでした。
2026-09-23 16:09:07,953 [INFO] src.services.stretheus_auth: Stretheus のログインページを開きます (ポート57621)
2026-09-23 16:09:07,959 [INFO] src.services.stretheus_auth: Stretheus へログインしました。
2026-09-23 16:09:09,027 [INFO] src.services.stretheus_auth: Stretheus のログインページを開きます (ポート57629)
2026-09-23 16:09:09,034 [INFO] src.services.stretheus_auth: Stretheus へログインしました。
2026-09-23 16:09:10,082 [INFO] src.services.stretheus_auth: Stretheus のログインページを開きます (ポート57637)
2026-09-23 16:09:10,089 [INFO] src.services.stretheus_auth: Stretheus へログインしました。
2026-09-23 16:09:10,596 [INFO] src.services.stretheus_auth: Stretheus のログインページを開きます (ポート57642)
2026-09-23 16:09:10,600 [INFO] src.services.stretheus_auth: Stretheus へログインしました。
2026-09-23 16:09:11,123 [INFO] src.services.stretheus_auth: Stretheus のログインページを開きます (ポート57648)
2026-09-23 16:09:11,127 [INFO] src.services.stretheus_auth: Stretheus へログインしました。
2026-09-23 16:09:11,658 [INFO] src.services.stretheus_auth: Stretheus のログインページを開きます (ポート57654)
2026-09-23 16:09:11,688 [INFO] src.services.stretheus_auth: Stretheus へログインしました。
2026-09-23 16:09:12,188 [INFO] src.modules.subtitle_generator: テロップ個別指定 フォント 0 件 / サイズ 0 件 / 文字色 1 件 / 縁の色 0 件
2026-09-23 16:09:12,194 [INFO] src.modules.subtitle_generator: テロップ個別指定 フォント 0 件 / サイズ 0 件 / 文字色 1 件 / 縁の色 0 件
2026-09-23 16:09:12,226 [INFO] src.modules.subtitle_generator: テロップ個別指定 フォント 0 件 / サイズ 0 件 / 文字色 0 件 / 縁の色 1 件
2026-09-23 16:09:12,228 [INFO] src.modules.subtitle_generator: テロップ個別指定 フォント 0 件 / サイズ 0 件 / 文字色 0 件 / 縁の色 1 件
2026-09-23 16:09:12,233 [INFO] src.modules.subtitle_generator: テロップ個別指定 フォント 1 件 / サイズ 1 件 / 文字色 1 件 / 縁の色 1 件
2026-09-23 16:09:12,237 [INFO] src.timeline.commands: コメント用の字幕トラックを作成しました: S2
2026-09-23 16:09:12,238 [INFO] src.timeline.commands: 移動先 S2 が空いていないため役割だけ変更しました: s1
2026-09-23 16:09:12,238 [INFO] src.timeline.commands: コメント用の字幕トラックを作成しました: S2
2026-09-23 16:09:12,239 [INFO] src.timeline.commands: コメント用の字幕トラックを作成しました: S2
2026-09-23 16:09:12,239 [INFO] src.timeline.commands: コメント用の字幕トラックを作成しました: S2
2026-09-23 16:09:12,242 [INFO] src.timeline.project_io: プロジェクト保存: C:\Users\evolu\AppData\Local\Temp\tmpf7ivm4c1\sample.timeline.json
2026-09-23 16:09:12,265 [INFO] src.modules.subtitle_generator: VAD フィルタ有効 (min_silence=500ms, speech_pad=100ms, condition_on_previous_text=False)
2026-09-23 16:09:12,265 [WARNING] src.modules.subtitle_generator: VAD 付き認識に失敗したため VAD 無しで再試行します: VAD の初期化に失敗しました (テスト)
2026-09-23 16:09:12,265 [INFO] src.modules.subtitle_generator: VAD フィルタ有効 (min_silence=800ms, speech_pad=100ms, condition_on_previous_text=False)
2026-09-23 16:09:12,265 [INFO] src.modules.subtitle_generator: VAD フィルタ有効 (min_silence=500ms, speech_pad=100ms, condition_on_previous_text=False)
2026-09-23 16:09:12,321 [INFO] src.timeline.commands: 貼り付けの割り込み: V1 の 5.000s へ 10.00s を確保 / 移動 2 件・分割 1 件・切詰 0 件
2026-09-23 16:09:12,321 [INFO] src.timeline.commands: 貼り付けの割り込み: V2 の 5.000s へ 10.00s を確保 / 移動 2 件・分割 0 件・切詰 0 件
2026-09-23 16:09:12,322 [INFO] src.timeline.commands: 貼り付けの割り込み: S1 の 5.000s へ 10.00s を確保 / 移動 1 件・分割 0 件・切詰 0 件
2026-09-23 16:09:12,322 [INFO] src.timeline.commands: 貼り付けの割り込み: V1 の 5.000s へ 10.00s を確保 / 移動 2 件・分割 1 件・切詰 0 件
2026-09-23 16:09:12,322 [INFO] src.timeline.commands: 貼り付けの割り込み: V2 の 5.000s へ 10.00s を確保 / 移動 2 件・分割 0 件・切詰 0 件
2026-09-23 16:09:12,322 [INFO] src.timeline.commands: 貼り付けの割り込み: S1 の 5.000s へ 10.00s を確保 / 移動 1 件・分割 0 件・切詰 0 件
2026-09-23 16:09:12,322 [INFO] src.timeline.commands: 貼り付けの割り込み: V1 の 5.000s へ 10.00s を確保 / 移動 2 件・分割 1 件・切詰 0 件
2026-09-23 16:09:12,322 [INFO] src.timeline.commands: 貼り付けの割り込み: V2 の 5.000s へ 10.00s を確保 / 移動 2 件・分割 0 件・切詰 0 件
2026-09-23 16:09:12,322 [INFO] src.timeline.commands: 貼り付けの割り込み: S1 の 5.000s へ 10.00s を確保 / 移動 1 件・分割 0 件・切詰 0 件
2026-09-23 16:09:12,322 [INFO] src.timeline.commands: 貼り付けの割り込み: V1 の 5.000s へ 15.00s を確保 / 移動 3 件・分割 0 件・切詰 0 件
2026-09-23 16:09:12,323 [INFO] src.timeline.commands: 貼り付けの割り込み: V2 の 5.000s へ 15.00s を確保 / 移動 2 件・分割 0 件・切詰 0 件
2026-09-23 16:09:12,323 [INFO] src.timeline.commands: 貼り付けの割り込み: S1 の 5.000s へ 15.00s を確保 / 移動 1 件・分割 0 件・切詰 0 件
2026-09-23 16:09:12,323 [INFO] src.timeline.commands: 貼り付けの割り込み: V1 の 10.020s へ 10.02s を確保 / 移動 2 件・分割 0 件・切詰 0 件
2026-09-23 16:09:12,323 [INFO] src.timeline.commands: 貼り付けの割り込み: V2 の 10.020s へ 10.02s を確保 / 移動 1 件・分割 0 件・切詰 0 件
2026-09-23 16:09:12,323 [INFO] src.timeline.commands: 貼り付けの割り込み: S1 の 10.020s へ 10.02s を確保 / 移動 1 件・分割 0 件・切詰 0 件
2026-09-23 16:09:12,323 [INFO] src.timeline.commands: 貼り付けの割り込み: V1 の 19.980s へ 9.98s を確保 / 移動 1 件・分割 0 件・切詰 1 件
2026-09-23 16:09:12,323 [INFO] src.timeline.commands: 貼り付けの割り込み: V2 の 19.980s へ 9.98s を確保 / 移動 1 件・分割 0 件・切詰 0 件
2026-09-23 16:09:12,323 [INFO] src.timeline.commands: 貼り付けの割り込み: S1 の 19.980s へ 9.98s を確保 / 移動 0 件・分割 0 件・切詰 0 件
2026-09-23 16:09:12,323 [WARNING] src.timeline.commands: 素材が見つからないため貼り付けません: D:\develop\autoedit\tests\存在しない素材.mp4
2026-09-23 16:09:12,324 [INFO] src.timeline.commands: 貼り付けの割り込み: V1 の 5.000s へ 10.00s を確保 / 移動 2 件・分割 1 件・切詰 0 件
2026-09-23 16:09:12,324 [INFO] src.timeline.commands: 貼り付けの割り込み: V2 の 5.000s へ 10.00s を確保 / 移動 2 件・分割 0 件・切詰 0 件
2026-09-23 16:09:12,324 [INFO] src.timeline.commands: 貼り付けの割り込み: S1 の 5.000s へ 10.00s を確保 / 移動 1 件・分割 0 件・切詰 0 件
2026-09-23 16:09:12,324 [INFO] src.timeline.commands: 貼り付けの割り込み: V1 の 5.000s へ 10.00s を確保 / 移動 2 件・分割 1 件・切詰 0 件
2026-09-23 16:09:12,324 [INFO] src.timeline.commands: 貼り付けの割り込み: V2 の 5.000s へ 10.00s を確保 / 移動 2 件・分割 0 件・切詰 0 件
2026-09-23 16:09:12,324 [INFO] src.timeline.commands: 貼り付けの割り込み: S1 の 5.000s へ 10.00s を確保 / 移動 1 件・分割 0 件・切詰 0 件
2026-09-23 16:09:12,324 [INFO] src.timeline.commands: 貼り付けの割り込み: V1 の 5.000s へ 10.00s を確保 / 移動 2 件・分割 1 件・切詰 0 件
2026-09-23 16:09:12,324 [INFO] src.timeline.commands: 貼り付けの割り込み: V2 の 5.000s へ 10.00s を確保 / 移動 2 件・分割 0 件・切詰 0 件
2026-09-23 16:09:12,324 [INFO] src.timeline.commands: 貼り付けの割り込み: S1 の 5.000s へ 10.00s を確保 / 移動 1 件・分割 0 件・切詰 0 件
2026-09-23 16:09:12,324 [INFO] src.timeline.commands: 貼り付けの割り込み: V1 の 5.000s へ 10.00s を確保 / 移動 2 件・分割 1 件・切詰 0 件
2026-09-23 16:09:12,324 [INFO] src.timeline.commands: 貼り付けの割り込み: V2 の 5.000s へ 10.00s を確保 / 移動 2 件・分割 0 件・切詰 0 件
2026-09-23 16:09:12,324 [INFO] src.timeline.commands: 貼り付けの割り込み: S1 の 5.000s へ 10.00s を確保 / 移動 1 件・分割 0 件・切詰 0 件
2026-09-23 16:09:12,324 [INFO] src.timeline.commands: 貼り付けの割り込み: V1 の 5.000s へ 10.00s を確保 / 移動 2 件・分割 1 件・切詰 0 件
2026-09-23 16:09:12,326 [INFO] src.timeline.commands: 貼り付けの割り込み: V2 の 5.000s へ 10.00s を確保 / 移動 2 件・分割 0 件・切詰 0 件
2026-09-23 16:09:12,326 [INFO] src.timeline.commands: 貼り付けの割り込み: S1 の 5.000s へ 10.00s を確保 / 移動 1 件・分割 0 件・切詰 0 件
2026-09-23 16:09:12,326 [INFO] src.timeline.commands: 貼り付けの割り込み: V2 の 4.000s へ 2.00s を確保 / 移動 2 件・分割 0 件・切詰 0 件
2026-09-23 16:09:12,326 [INFO] src.timeline.commands: 貼り付けの割り込み: V2 の 4.000s へ 2.00s を確保 / 移動 2 件・分割 0 件・切詰 0 件
2026-09-23 16:09:12,326 [INFO] src.timeline.commands: 貼り付けの割り込み: V2 の 4.000s へ 2.00s を確保 / 移動 2 件・分割 0 件・切詰 0 件
2026-09-23 16:09:12,326 [INFO] src.timeline.clipboard: Timeline のノードをコピーしました: 1 件
2026-09-23 16:09:12,327 [INFO] src.timeline.clipboard: Timeline のノードをコピーしました: 1 件
2026-09-23 16:09:12,327 [INFO] src.timeline.commands: 貼り付けの割り込み: V1 の 4.000s へ 2.00s を確保 / 移動 2 件・分割 1 件・切詰 0 件
2026-09-23 16:09:12,327 [INFO] src.timeline.commands: 貼り付けの割り込み: V2 の 4.000s へ 2.00s を確保 / 移動 2 件・分割 0 件・切詰 0 件
2026-09-23 16:09:12,327 [INFO] src.timeline.commands: 貼り付けの割り込み: S1 の 4.000s へ 2.00s を確保 / 移動 1 件・分割 0 件・切詰 0 件
2026-09-23 16:09:12,327 [INFO] src.timeline.commands: 貼り付けの割り込み: V2 の 4.000s へ 2.00s を確保 / 移動 2 件・分割 0 件・切詰 0 件
2026-09-23 16:09:12,327 [INFO] src.timeline.commands: 貼り付けの割り込み: V1 の 5.000s へ 10.00s を確保 / 移動 2 件・分割 1 件・切詰 0 件
2026-09-23 16:09:12,327 [INFO] src.timeline.commands: 貼り付けの割り込み: V2 の 5.000s へ 10.00s を確保 / 移動 2 件・分割 0 件・切詰 0 件
2026-09-23 16:09:12,328 [INFO] src.timeline.commands: 貼り付けの割り込み: V1 の 5.000s へ 10.00s を確保 / 移動 2 件・分割 1 件・切詰 0 件
2026-09-23 16:09:12,328 [WARNING] src.timeline.builder: 貼り付けの設定が不正なため既定 base_syncs_all を使用します: 'なにか'
2026-09-23 16:09:12,328 [WARNING] src.timeline.builder: 貼り付けの設定が不正なため既定 split を使用します: 123
2026-09-23 16:09:12,329 [INFO] src.timeline.commands: 貼り付けの割り込み: V1 の 5.000s へ 10.00s を確保 / 移動 2 件・分割 1 件・切詰 0 件
2026-09-23 16:09:12,329 [INFO] src.timeline.commands: 貼り付けの割り込み: V2 の 5.000s へ 10.00s を確保 / 移動 2 件・分割 0 件・切詰 0 件
2026-09-23 16:09:12,329 [INFO] src.timeline.commands: 貼り付けの割り込み: S1 の 5.000s へ 10.00s を確保 / 移動 1 件・分割 0 件・切詰 0 件
2026-09-23 16:09:12,330 [WARNING] src.timeline.commands: 映像トラックの上限 (3) に達しているため追加できません
2026-09-23 16:09:12,331 [INFO] src.timeline.commands: 字幕を追加できる空きがありません (2.000 秒)
2026-09-23 16:09:12,332 [INFO] src.timeline.commands: 字幕を追加できる空きがありません (0.990 秒)
2026-09-23 16:09:12,333 [INFO] src.timeline.commands: リップル: 10.000〜20.000s (10.00s) を除去 / 削除 1 件・短縮 0 件・移動 1 件
2026-09-23 16:09:12,333 [INFO] src.timeline.commands: リップル: 10.000〜20.000s (10.00s) を除去 / 削除 1 件・短縮 0 件・移動 1 件
2026-09-23 16:09:12,333 [INFO] src.timeline.commands: リップル: 10.000〜20.000s (10.00s) を除去 / 削除 1 件・短縮 0 件・移動 1 件
2026-09-23 16:09:12,333 [INFO] src.timeline.commands: リップル: 0.000〜10.000s (10.00s) を除去 / 削除 2 件・短縮 0 件・移動 1 件
2026-09-23 16:09:12,333 [INFO] src.timeline.commands: リップル: 10.000〜20.000s (10.00s) を除去 / 削除 1 件・短縮 0 件・移動 1 件
2026-09-23 16:09:12,335 [INFO] src.timeline.commands: リップル: 10.000〜20.000s (10.00s) を除去 / 削除 2 件・短縮 1 件・移動 2 件
2026-09-23 16:09:12,335 [INFO] src.timeline.commands: リップル: 10.000〜20.000s (10.00s) を除去 / 削除 2 件・短縮 1 件・移動 2 件
2026-09-23 16:09:12,335 [INFO] src.timeline.commands: リップル: 10.000〜20.000s (10.00s) を除去 / 削除 2 件・短縮 1 件・移動 2 件
2026-09-23 16:09:12,335 [INFO] src.timeline.commands: リップル: 10.000〜20.000s (10.00s) を除去 / 削除 2 件・短縮 1 件・移動 2 件
2026-09-23 16:09:12,335 [INFO] src.timeline.commands: リップル: 10.000〜20.000s (10.00s) を除去 / 削除 2 件・短縮 1 件・移動 2 件
2026-09-23 16:09:12,335 [INFO] src.timeline.commands: リップル: 10.000〜20.000s (10.00s) を除去 / 削除 2 件・短縮 1 件・移動 2 件
2026-09-23 16:09:12,337 [INFO] src.timeline.commands: リップル: 10.000〜20.000s (10.00s) を除去 / 削除 2 件・短縮 0 件・移動 3 件
2026-09-23 16:09:12,337 [INFO] src.timeline.commands: リップル: 10.000〜20.000s (10.00s) を除去 / 削除 1 件・短縮 0 件・移動 1 件
2026-09-23 16:09:12,337 [INFO] src.timeline.commands: リップル: 10.000〜20.000s (10.00s) を除去 / 削除 2 件・短縮 1 件・移動 2 件
2026-09-23 16:09:12,337 [INFO] src.timeline.commands: 残り尺が下限を割るためクリップごとリップル削除しました: c2
2026-09-23 16:09:12,337 [INFO] src.timeline.commands: リップル: 10.000〜20.000s (10.00s) を除去 / 削除 1 件・短縮 0 件・移動 2 件
2026-09-23 16:09:12,337 [INFO] src.timeline.commands: リップル: 15.000〜20.000s (5.00s) を除去 / 削除 0 件・短縮 1 件・移動 2 件
2026-09-23 16:09:12,338 [INFO] src.timeline.commands: リップル: 10.000〜15.000s (5.00s) を除去 / 削除 0 件・短縮 1 件・移動 2 件
2026-09-23 16:09:12,338 [INFO] src.timeline.commands: リップル: 15.000〜20.000s (5.00s) を除去 / 削除 0 件・短縮 1 件・移動 2 件
2026-09-23 16:09:12,338 [INFO] src.timeline.commands: リップル: 15.000〜20.000s (5.00s) を除去 / 削除 0 件・短縮 1 件・移動 2 件
2026-09-23 16:09:12,338 [INFO] src.timeline.commands: リップル: 26.000〜27.000s (1.00s) を除去 / 削除 0 件・短縮 2 件・移動 0 件
2026-09-23 16:09:12,339 [INFO] src.timeline.commands: リップル: 10.000〜20.000s (10.00s) を除去 / 削除 1 件・短縮 0 件・移動 1 件
2026-09-23 16:09:12,340 [INFO] src.timeline.commands: リップル: 10.000〜20.000s (10.00s) を除去 / 削除 1 件・短縮 0 件・移動 1 件
2026-09-23 16:09:12,340 [INFO] src.timeline.commands: リップル: 10.000〜20.000s (10.00s) を除去 / 削除 1 件・短縮 0 件・移動 1 件
2026-09-23 16:09:12,345 [INFO] src.timeline.project_io: プロジェクト保存: C:\Users\evolu\AppData\Local\Temp\timeline_io_test_v993tceg\sample.timeline.json
2026-09-23 16:09:12,367 [INFO] src.timeline.project_io: プロジェクト読込: C:\Users\evolu\AppData\Local\Temp\timeline_io_test_v993tceg\sample.timeline.json
2026-09-23 16:09:12,371 [INFO] src.timeline.project_io: プロジェクト保存: C:\Users\evolu\AppData\Local\Temp\timeline_io_test_v993tceg\sample.timeline.json
2026-09-23 16:09:12,373 [INFO] src.timeline.project_io: プロジェクト読込: C:\Users\evolu\AppData\Local\Temp\timeline_io_test_v993tceg\sample.timeline.json
2026-09-23 16:09:12,377 [INFO] src.timeline.project_io: プロジェクト保存: C:\Users\evolu\AppData\Local\Temp\timeline_io_test_gdmpk77w\sample.timeline.json
2026-09-23 16:09:12,393 [INFO] src.timeline.project_io: プロジェクト読込: C:\Users\evolu\AppData\Local\Temp\timeline_io_test_gdmpk77w\sample.timeline.json
2026-09-23 16:09:12,398 [INFO] src.timeline.project_io: プロジェクト保存: C:\Users\evolu\AppData\Local\Temp\timeline_io_test_8rf3o6kl\sample.timeline.json
2026-09-23 16:09:12,416 [WARNING] src.timeline.project_io: メディアの実体が見つかりません (1 件)。該当クリップを無効化します: m1
2026-09-23 16:09:12,429 [INFO] src.timeline.project_io: プロジェクト保存: C:\Users\evolu\AppData\Local\Temp\timeline_io_test_cy_9tj76\sample.timeline.json
2026-09-23 16:09:12,454 [INFO] src.timeline.project_io: プロジェクト保存: C:\Users\evolu\AppData\Local\Temp\timeline_io_test_6mhv_l4x\sample.timeline.json
2026-09-23 16:09:12,471 [WARNING] src.timeline.project_io: 編集点の区間が不正なため無視します: 20.000→15.000
2026-09-23 16:09:12,474 [WARNING] src.timeline.project_io: メディアの実体が見つかりません (1 件)。該当クリップを無効化します: m1
2026-09-23 16:09:12,477 [WARNING] src.timeline.project_io: 音声クリップ a1 のリンク先 no_such_clip が存在しないため除外します (該当区間は無音になります)
2026-09-23 16:09:12,480 [WARNING] src.timeline.project_io: トラック V1 でクリップ c2 が重複しているため 12.480 へ移動します
2026-09-23 16:09:12,487 [WARNING] src.timeline.project_io: クリップ c2 の尺 (0.001s) が下限 (0.050s) 未満のため除外します
2026-09-23 16:09:12,488 [WARNING] src.timeline.project_io: 音声クリップ a2 のリンク先 c2 が存在しないため除外します (該当区間は無音になります)
2026-09-23 16:09:12,621 [INFO] src.utils.trash: ゴミ箱へ移動しました (2 件)
2026-09-23 16:09:12,628 [WARNING] src.timeline.builder: 寸法の設定が不正なため既定 8000 を使用します: 0
