2026-09-16 09:32:04,563 [INFO] src.services.points: ポイントを予約しました: clip/video 25pt (watermark=False)
2026-09-16 09:32:04,565 [WARNING] src.services.points: ポイント残高を取得できませんでした: 断
2026-09-16 09:32:04,566 [INFO] src.services.points: ポイントを予約しました: clip/video 25pt (watermark=False)
2026-09-16 09:32:04,566 [WARNING] src.services.points: ポイントのcommitを送信できませんでした (再送します): 接続できません
2026-09-16 09:32:04,572 [INFO] src.services.points: ポイントを予約しました: clip/video 25pt (watermark=False)
2026-09-16 09:32:04,588 [WARNING] src.services.points: ポイントのcommitを送信できませんでした (再送します): 断
2026-09-16 09:32:04,596 [INFO] src.services.points: 保留していたポイント処理を 2 件送信しました。
2026-09-16 09:32:04,603 [WARNING] src.services.points: ポイントを予約できませんでした: 再ログインが必要です。
2026-09-16 09:32:04,603 [INFO] src.services.points: ポイントを予約しました: clip/video 25pt (watermark=False)
2026-09-16 09:32:04,603 [WARNING] src.services.points: ポイントのcancelが拒否されました: 確定済み
2026-09-16 09:32:04,604 [INFO] src.services.points: 保留していたポイント処理を 1 件送信しました。
2026-09-16 09:32:04,604 [INFO] src.services.points: ポイントを予約しました: clip/video 25pt (watermark=False)
2026-09-16 09:32:04,606 [INFO] src.services.points: サブスク判定のキャッシュが古いため watermark を入れます。
2026-09-16 09:32:04,606 [WARNING] src.services.points: ポイントを予約できませんでした (オフライン): 接続できません
2026-09-16 09:32:04,628 [WARNING] src.services.points: ポイントを予約できませんでした (オフライン): 接続できません
2026-09-16 09:32:04,629 [WARNING] src.services.points: ポイントを予約できませんでした (オフライン): 接続できません
2026-09-16 09:32:04,629 [WARNING] src.services.points: ポイントを予約できませんでした: 想定外
2026-09-16 09:32:04,630 [INFO] src.services.points: ポイントを予約しました: clip/resolveProject 0pt (watermark=False)
2026-09-16 09:32:04,643 [INFO] src.services.points: ポイントを予約しました: clip/video 25pt (watermark=False)
2026-09-16 09:32:04,643 [INFO] src.services.points: ポイントを予約しました: archive/video 0pt (watermark=True)
2026-09-16 15:27:37,951 [INFO] src.archive.timeline_builder: アーカイブ Timeline 構築: 2 クリップ / V1 2 本 / S1 0 件 / 全長 60.0s
2026-09-16 15:27:37,951 [INFO] src.archive.timeline_builder: アーカイブ Timeline 構築: 2 クリップ / V1 2 本 / S1 0 件 / 全長 60.0s
2026-09-16 15:27:37,951 [WARNING] src.archive.marker_source: VOD 外のマーカーを 2 件除外しました (尺 7200.0s)
2026-09-16 15:27:37,967 [INFO] src.archive.clip_writer: clip1 prepare 完了 (字幕 2 件)
2026-09-16 15:27:37,967 [INFO] src.archive.clip_writer: clip1 prepare 完了 (字幕 2 件)
2026-09-16 15:27:38,022 [INFO] src.archive.clip_writer: 編集点準備: 残す区間 2 件 / 想定尺 10.00s (素材 30.00s)
2026-09-16 15:27:38,023 [INFO] src.archive.clip_writer: clip1 prepare 完了 (字幕 2 件 / 実カットなし)
2026-09-16 15:27:38,029 [INFO] src.archive.clip_writer: 編集点準備: 残す区間 2 件 / 想定尺 10.00s (素材 30.00s)
2026-09-16 15:27:38,029 [INFO] src.archive.clip_writer: clip1 prepare 完了 (字幕 2 件 / 実カットなし)
2026-09-16 15:27:38,035 [INFO] src.archive.clip_writer: 編集点準備: 残す区間 2 件 / 想定尺 10.00s (素材 30.00s)
2026-09-16 15:27:38,036 [INFO] src.archive.clip_writer: clip1 prepare 完了 (字幕 2 件 / 実カットなし)
2026-09-16 15:27:38,041 [INFO] src.archive.clip_writer: 編集点準備: 残す区間 2 件 / 想定尺 10.00s (素材 30.00s)
2026-09-16 15:27:38,042 [INFO] src.archive.clip_writer: clip1 prepare 完了 (字幕 2 件 / 実カットなし)
2026-09-16 15:27:38,045 [INFO] src.archive.clip_writer: 編集点準備: 残す区間 2 件 / 想定尺 10.00s (素材 30.00s)
2026-09-16 15:27:38,045 [INFO] src.archive.clip_writer: clip1 prepare 完了 (字幕 2 件 / 実カットなし)
2026-09-16 15:27:38,045 [INFO] src.archive.clip_writer: 編集点準備: 残す区間 2 件 / 想定尺 10.00s (素材 30.00s)
2026-09-16 15:27:38,045 [INFO] src.archive.clip_writer: clip1 prepare 完了 (字幕 2 件 / 実カットなし)
2026-09-16 15:27:38,045 [INFO] src.archive.clip_writer: 編集点準備: 残す区間 2 件 / 想定尺 10.00s (素材 30.00s)
2026-09-16 15:27:38,045 [INFO] src.archive.clip_writer: clip1 prepare 完了 (字幕 0 件 / 実カットなし)
2026-09-16 15:27:38,061 [INFO] src.archive.clip_writer: 編集点準備: 残す区間 2 件 / 想定尺 10.00s (素材 30.00s)
2026-09-16 15:27:38,061 [INFO] src.timeline.project_io: プロジェクト保存: C:\Users\evolu\AppData\Local\Temp\archive_resume_sedfie3t\vod.archive.timeline.json
2026-09-16 15:27:38,092 [INFO] src.timeline.project_io: プロジェクト読込: C:\Users\evolu\AppData\Local\Temp\archive_resume_sedfie3t\vod.archive.timeline.json
2026-09-16 15:27:38,123 [INFO] src.timeline.project_io: プロジェクト保存: C:\Users\evolu\AppData\Local\Temp\archive_resume_bkz5vpzl\vod.archive.timeline.json
2026-09-16 15:27:38,130 [INFO] src.timeline.project_io: プロジェクト保存: C:\Users\evolu\AppData\Local\Temp\archive_resume_bkz5vpzl\clip.timeline.json
2026-09-16 15:27:38,131 [INFO] src.archive.project_resume: ==================================================
2026-09-16 15:27:38,131 [INFO] src.archive.project_resume: 保存済みアーカイブプロジェクトから再開: C:\Users\evolu\AppData\Local\Temp\archive_resume_bkz5vpzl\clip.timeline.json
2026-09-16 15:27:38,155 [INFO] src.timeline.project_io: プロジェクト読込: C:\Users\evolu\AppData\Local\Temp\archive_resume_bkz5vpzl\clip.timeline.json
2026-09-16 15:27:38,171 [INFO] src.timeline.project_io: プロジェクト保存: C:\Users\evolu\AppData\Local\Temp\archive_resume_8rhns56o\vod.archive.timeline.json
2026-09-16 15:27:38,187 [INFO] src.timeline.project_io: プロジェクト読込: C:\Users\evolu\AppData\Local\Temp\archive_resume_8rhns56o\vod.archive.timeline.json
2026-09-16 15:27:38,202 [INFO] src.archive.project_resume: 音声サイドカーが無いため clip1 の正規化をやり直します
2026-09-16 15:27:38,202 [INFO] src.archive.project_resume: 音声サイドカーが無いため clip2 の正規化をやり直します
2026-09-16 15:27:38,227 [INFO] src.timeline.project_io: プロジェクト保存: C:\Users\evolu\AppData\Local\Temp\archive_resume_60hda98y\vod.archive.timeline.json
2026-09-16 15:27:38,247 [INFO] src.timeline.project_io: プロジェクト読込: C:\Users\evolu\AppData\Local\Temp\archive_resume_60hda98y\vod.archive.timeline.json
2026-09-16 15:27:38,248 [INFO] src.archive.project_resume: 音声サイドカーが無いため clip1 の正規化をやり直します
2026-09-16 15:27:38,248 [INFO] src.archive.project_resume: 音声サイドカーが無いため clip2 の正規化をやり直します
2026-09-16 15:27:38,264 [INFO] src.timeline.project_io: プロジェクト保存: C:\Users\evolu\AppData\Local\Temp\archive_resume__19gc5jo\vod.archive.timeline.json
2026-09-16 15:27:38,279 [INFO] src.archive.project_resume: ==================================================
2026-09-16 15:27:38,280 [INFO] src.archive.project_resume: 保存済みアーカイブプロジェクトから再開: C:\Users\evolu\AppData\Local\Temp\archive_resume__19gc5jo\no_such.timeline.json
2026-09-16 15:27:38,280 [INFO] src.timeline.project_io: プロジェクト保存: C:\Users\evolu\AppData\Local\Temp\archive_resume_bmv41b8r\vod.archive.timeline.json
2026-09-16 15:27:38,312 [INFO] src.timeline.project_io: プロジェクト読込: C:\Users\evolu\AppData\Local\Temp\archive_resume_bmv41b8r\vod.archive.timeline.json
2026-09-16 15:27:38,328 [INFO] src.timeline.project_io: プロジェクト保存: C:\Users\evolu\AppData\Local\Temp\archive_resume_1bwkyfj2\vod.archive.timeline.json
2026-09-16 15:27:38,357 [INFO] src.timeline.project_io: プロジェクト読込: C:\Users\evolu\AppData\Local\Temp\archive_resume_1bwkyfj2\vod.archive.timeline.json
2026-09-16 15:27:38,358 [INFO] src.archive.project_resume: 設定に従い切り出したままの音量で使います: clip1
2026-09-16 15:27:38,364 [INFO] src.archive.project_resume: 設定に従い切り出したままの音量で使います: clip2
2026-09-16 15:27:38,364 [WARNING] src.timeline.media_sidecar: 音声サイドカーの尺が保存値と合いません (100.00s / 期待 103.00s) → 使いません
2026-09-16 15:27:38,364 [INFO] src.archive.timeline_builder: アーカイブ Timeline 構築: 2 クリップ / V1 2 本 / S1 0 件 / 全長 200.0s
2026-09-16 15:27:38,364 [INFO] src.archive.timeline_builder: セクション追加: clip3 を 200.00s へ挿入 (VOD 900.0-950.0 / 尺 50.00s)
2026-09-16 15:27:38,364 [INFO] src.archive.timeline_builder: アーカイブ Timeline 構築: 2 クリップ / V1 2 本 / S1 0 件 / 全長 200.0s
2026-09-16 15:27:38,364 [INFO] src.timeline.commands: 貼り付けの割り込み: V1 の 0.000s へ 50.00s を確保 / 移動 2 件・分割 0 件・切詰 0 件
2026-09-16 15:27:38,364 [INFO] src.timeline.commands: 貼り付けの割り込み: S1 の 0.000s へ 50.00s を確保 / 移動 0 件・分割 0 件・切詰 0 件
2026-09-16 15:27:38,364 [INFO] src.archive.timeline_builder: セクション追加: clip3 を 0.00s へ挿入 (VOD 0.0-50.0 / 尺 50.00s)
2026-09-16 15:27:38,374 [INFO] src.archive.timeline_builder: アーカイブ Timeline 構築: 2 クリップ / V1 2 本 / S1 0 件 / 全長 200.0s
2026-09-16 15:27:38,374 [INFO] src.timeline.commands: 貼り付けの割り込み: V1 の 100.000s へ 50.00s を確保 / 移動 1 件・分割 0 件・切詰 0 件
2026-09-16 15:27:38,374 [INFO] src.timeline.commands: 貼り付けの割り込み: S1 の 100.000s へ 50.00s を確保 / 移動 0 件・分割 0 件・切詰 0 件
2026-09-16 15:27:38,374 [INFO] src.archive.timeline_builder: セクション追加: clip3 を 100.00s へ挿入 (VOD 250.0-300.0 / 尺 50.00s)
2026-09-16 15:27:38,374 [INFO] src.archive.timeline_builder: アーカイブ Timeline 構築: 3 クリップ / V1 3 本 / S1 0 件 / 全長 300.0s
2026-09-16 15:27:38,374 [INFO] src.timeline.commands: 貼り付けの割り込み: V1 の 100.000s へ 50.00s を確保 / 移動 2 件・分割 0 件・切詰 0 件
2026-09-16 15:27:38,374 [INFO] src.timeline.commands: 貼り付けの割り込み: S1 の 100.000s へ 50.00s を確保 / 移動 0 件・分割 0 件・切詰 0 件
2026-09-16 15:27:38,374 [INFO] src.archive.timeline_builder: セクション追加: clip4 を 100.00s へ挿入 (VOD 250.0-300.0 / 尺 50.00s)
2026-09-16 15:27:38,374 [INFO] src.timeline.commands: 貼り付けの割り込み: V1 の 0.000s へ 50.00s を確保 / 移動 4 件・分割 0 件・切詰 0 件
2026-09-16 15:27:38,374 [INFO] src.timeline.commands: 貼り付けの割り込み: S1 の 0.000s へ 50.00s を確保 / 移動 0 件・分割 0 件・切詰 0 件
2026-09-16 15:27:38,374 [INFO] src.archive.timeline_builder: セクション追加: clip5 を 0.00s へ挿入 (VOD 0.0-50.0 / 尺 50.00s)
2026-09-16 15:27:38,374 [INFO] src.archive.timeline_builder: セクション追加: clip6 を 400.00s へ挿入 (VOD 900.0-950.0 / 尺 50.00s)
2026-09-16 15:27:38,374 [INFO] src.archive.timeline_builder: アーカイブ Timeline 構築: 1 クリップ / V1 1 本 / S1 0 件 / 全長 100.0s
2026-09-16 15:27:38,374 [INFO] src.archive.timeline_builder: セクション追加: clip2 を 100.00s へ挿入 (VOD 300.0-400.0 / 尺 100.00s)
2026-09-16 15:27:38,374 [INFO] src.archive.timeline_builder: アーカイブ Timeline 構築: 3 クリップ / V1 3 本 / S1 0 件 / 全長 300.0s
2026-09-16 15:27:38,374 [INFO] src.timeline.commands: 貼り付けの割り込み: V1 の 100.000s へ 50.00s を確保 / 移動 2 件・分割 0 件・切詰 0 件
2026-09-16 15:27:38,374 [INFO] src.timeline.commands: 貼り付けの割り込み: S1 の 100.000s へ 50.00s を確保 / 移動 0 件・分割 0 件・切詰 0 件
2026-09-16 15:27:38,374 [INFO] src.archive.timeline_builder: セクション追加: clip4 を 100.00s へ挿入 (VOD 250.0-300.0 / 尺 50.00s)
2026-09-16 15:27:38,374 [INFO] src.archive.timeline_builder: アーカイブ Timeline 構築: 2 クリップ / V1 2 本 / S1 0 件 / 全長 200.0s
2026-09-16 15:27:38,374 [INFO] src.archive.timeline_builder: セクション追加: clip3 を 200.00s へ挿入 (VOD 900.0-950.0 / 尺 50.00s)
2026-09-16 15:27:38,374 [INFO] src.archive.timeline_builder: アーカイブ Timeline 構築: 2 クリップ / V1 2 本 / S1 0 件 / 全長 200.0s
2026-09-16 15:27:38,374 [INFO] src.archive.timeline_builder: アーカイブ Timeline 構築: 1 クリップ / V1 1 本 / S1 0 件 / 全長 100.0s
2026-09-16 15:27:38,374 [INFO] src.archive.timeline_builder: セクション追加: clip2 を 100.00s へ挿入 (VOD 450.0-600.0 / 尺 150.00s)
2026-09-16 15:27:38,374 [INFO] src.archive.timeline_builder: アーカイブ Timeline 構築: 2 クリップ / V1 2 本 / S1 0 件 / 全長 200.0s
2026-09-16 15:27:38,374 [INFO] src.archive.timeline_builder: セクション追加: clip3 を 200.00s へ挿入 (VOD 500.0-600.0 / 尺 100.00s)
2026-09-16 15:27:38,374 [INFO] src.archive.timeline_builder: セクション統合: clip2 へ 1 件を畳み込み (VOD 400.0-600.0)
2026-09-16 15:27:38,374 [INFO] src.archive.timeline_builder: アーカイブ Timeline 構築: 2 クリップ / V1 2 本 / S1 0 件 / 全長 200.0s
2026-09-16 15:27:38,374 [INFO] src.archive.timeline_builder: セクション追加: clip3 を 200.00s へ挿入 (VOD 500.0-600.0 / 尺 100.00s)
2026-09-16 15:27:38,374 [INFO] src.archive.timeline_builder: セクション統合: clip2 へ 1 件を畳み込み (VOD 400.0-600.0)
2026-09-16 15:27:38,374 [INFO] src.archive.timeline_builder: アーカイブ Timeline 構築: 3 クリップ / V1 3 本 / S1 0 件 / 全長 300.0s
2026-09-16 15:27:38,374 [INFO] src.timeline.commands: 貼り付けの割り込み: V1 の 200.000s へ 100.00s を確保 / 移動 1 件・分割 0 件・切詰 0 件
2026-09-16 15:27:38,374 [INFO] src.timeline.commands: 貼り付けの割り込み: S1 の 200.000s へ 100.00s を確保 / 移動 0 件・分割 0 件・切詰 0 件
2026-09-16 15:27:38,374 [INFO] src.archive.timeline_builder: セクション追加: clip4 を 200.00s へ挿入 (VOD 500.0-600.0 / 尺 100.00s)
2026-09-16 15:27:38,374 [INFO] src.archive.timeline_builder: セクション統合: clip2 へ 1 件を畳み込み (VOD 400.0-600.0)
2026-09-16 15:27:38,374 [INFO] src.archive.timeline_builder: アーカイブ Timeline 構築: 3 クリップ / V1 3 本 / S1 0 件 / 全長 300.0s
2026-09-16 15:27:38,374 [INFO] src.timeline.commands: 貼り付けの割り込み: V1 の 100.000s へ 200.00s を確保 / 移動 2 件・分割 0 件・切詰 0 件
2026-09-16 15:27:38,374 [INFO] src.timeline.commands: 貼り付けの割り込み: S1 の 100.000s へ 200.00s を確保 / 移動 0 件・分割 0 件・切詰 0 件
2026-09-16 15:27:38,374 [INFO] src.archive.timeline_builder: セクション追加: clip4 を 100.00s へ挿入 (VOD 200.0-400.0 / 尺 200.00s)
2026-09-16 15:27:38,374 [INFO] src.timeline.commands: 貼り付けの割り込み: V1 の 400.000s へ 200.00s を確保 / 移動 1 件・分割 0 件・切詰 0 件
2026-09-16 15:27:38,374 [INFO] src.timeline.commands: 貼り付けの割り込み: S1 の 400.000s へ 200.00s を確保 / 移動 0 件・分割 0 件・切詰 0 件
2026-09-16 15:27:38,374 [INFO] src.archive.timeline_builder: セクション追加: clip5 を 400.00s へ挿入 (VOD 500.0-700.0 / 尺 200.00s)
2026-09-16 15:27:38,374 [INFO] src.archive.timeline_builder: セクション統合: clip1 へ 4 件を畳み込み (VOD 100.0-800.0)
2026-09-16 15:27:38,389 [INFO] src.archive.timeline_builder: アーカイブ Timeline 構築: 1 クリップ / V1 1 本 / S1 0 件 / 全長 100.0s
2026-09-16 15:27:38,389 [INFO] src.archive.timeline_builder: セクション追加: clip2 を 100.00s へ挿入 (VOD 200.0-300.0 / 尺 100.00s)
2026-09-16 15:27:38,389 [INFO] src.archive.timeline_builder: セクション統合: clip1 へ 1 件を畳み込み (VOD 100.0-300.0)
2026-09-16 15:27:38,389 [INFO] src.archive.timeline_builder: アーカイブ Timeline 構築: 2 クリップ / V1 2 本 / S1 0 件 / 全長 200.0s
2026-09-16 15:27:38,389 [INFO] src.timeline.commands: 貼り付けの割り込み: V1 の 100.000s へ 50.00s を確保 / 移動 1 件・分割 0 件・切詰 0 件
2026-09-16 15:27:38,389 [INFO] src.timeline.commands: 貼り付けの割り込み: S1 の 100.000s へ 50.00s を確保 / 移動 0 件・分割 0 件・切詰 0 件
2026-09-16 15:27:38,389 [INFO] src.archive.timeline_builder: セクション追加: clip3 を 100.00s へ挿入 (VOD 250.0-300.0 / 尺 50.00s)
2026-09-16 15:27:38,389 [INFO] src.archive.timeline_builder: アーカイブ Timeline 構築: 2 クリップ / V1 2 本 / S1 0 件 / 全長 200.0s
2026-09-16 15:27:38,389 [INFO] src.archive.timeline_builder: セクション追加: clip3 を 200.00s へ挿入 (VOD 500.0-600.0 / 尺 100.00s)
2026-09-16 15:27:38,389 [INFO] src.archive.timeline_builder: セクション統合: clip2 へ 1 件を畳み込み (VOD 400.0-600.0)
2026-09-16 15:27:38,394 [INFO] src.archive.timeline_builder: アーカイブ Timeline 構築: 3 クリップ / V1 3 本 / S1 0 件 / 全長 300.0s
2026-09-16 15:27:38,394 [INFO] src.timeline.commands: 貼り付けの割り込み: V1 の 100.000s へ 50.00s を確保 / 移動 2 件・分割 0 件・切詰 0 件
2026-09-16 15:27:38,394 [INFO] src.timeline.commands: 貼り付けの割り込み: S1 の 100.000s へ 50.00s を確保 / 移動 0 件・分割 0 件・切詰 0 件
2026-09-16 15:27:38,394 [INFO] src.archive.timeline_builder: セクション追加: clip4 を 100.00s へ挿入 (VOD 250.0-300.0 / 尺 50.00s)
2026-09-16 15:27:38,394 [INFO] src.archive.timeline_builder: アーカイブ Timeline 構築: 1 クリップ / V1 1 本 / S1 0 件 / 全長 30.0s
2026-09-16 15:27:38,394 [INFO] src.archive.timeline_builder: アーカイブ Timeline 構築: 1 クリップ / V1 1 本 / S1 0 件 / 全長 30.0s
2026-09-16 15:27:38,394 [INFO] src.archive.timeline_builder: アーカイブ Timeline 構築: 1 クリップ / V1 1 本 / S1 0 件 / 全長 30.0s
2026-09-16 15:27:38,394 [INFO] src.archive.timeline_builder: アーカイブ Timeline 構築: 1 クリップ / V1 1 本 / S1 0 件 / 全長 30.0s
2026-09-16 15:27:38,394 [INFO] src.archive.timeline_builder: アーカイブ Timeline 構築: 1 クリップ / V1 1 本 / S1 0 件 / 全長 30.0s
2026-09-16 15:27:38,394 [INFO] src.archive.timeline_builder: アーカイブ Timeline 構築: 3 クリップ / V1 6 本 / S1 6 件 / 全長 30.0s
2026-09-16 15:27:38,394 [INFO] src.archive.timeline_builder: アーカイブ Timeline 構築: 3 クリップ / V1 6 本 / S1 6 件 / 全長 30.0s
2026-09-16 15:27:38,394 [INFO] src.archive.timeline_builder: アーカイブ Timeline 構築: 3 クリップ / V1 6 本 / S1 6 件 / 全長 30.0s
2026-09-16 15:27:38,394 [INFO] src.archive.timeline_builder: アーカイブ Timeline 構築: 3 クリップ / V1 6 本 / S1 6 件 / 全長 30.0s
2026-09-16 15:27:38,394 [INFO] src.archive.timeline_builder: アーカイブ Timeline 構築: 3 クリップ / V1 6 本 / S1 6 件 / 全長 30.0s
2026-09-16 15:27:38,394 [INFO] src.archive.timeline_builder: アーカイブ Timeline 構築: 3 クリップ / V1 6 本 / S1 6 件 / 全長 30.0s
2026-09-16 15:27:38,394 [INFO] src.archive.timeline_builder: アーカイブ Timeline 構築: 3 クリップ / V1 6 本 / S1 6 件 / 全長 30.0s
2026-09-16 15:27:38,394 [INFO] src.archive.timeline_builder: アーカイブ Timeline 構築: 3 クリップ / V1 6 本 / S1 6 件 / 全長 30.0s
2026-09-16 15:27:38,394 [INFO] src.archive.timeline_builder: アーカイブ Timeline 構築: 3 クリップ / V1 6 本 / S1 6 件 / 全長 30.0s
2026-09-16 15:27:38,394 [INFO] src.archive.timeline_builder: アーカイブ Timeline 構築: 1 クリップ / V1 1 本 / S1 2 件 / 全長 30.0s
2026-09-16 15:27:38,405 [INFO] src.archive.timeline_builder: clip1: クリップ終端で打ち切った字幕 1 件 / 載せなかった字幕 0 件
2026-09-16 15:27:38,406 [INFO] src.archive.timeline_builder: clip2: クリップ終端で打ち切った字幕 1 件 / 載せなかった字幕 0 件
2026-09-16 15:27:38,406 [INFO] src.archive.timeline_builder: clip3: クリップ終端で打ち切った字幕 1 件 / 載せなかった字幕 0 件
2026-09-16 15:27:38,406 [INFO] src.archive.timeline_builder: アーカイブ Timeline 構築: 3 クリップ / V1 6 本 / S1 3 件 / 全長 30.0s
2026-09-16 15:27:38,406 [INFO] src.archive.timeline_builder: clip1: クリップ終端で打ち切った字幕 1 件 / 載せなかった字幕 0 件
2026-09-16 15:27:38,406 [INFO] src.archive.timeline_builder: アーカイブ Timeline 構築: 2 クリップ / V1 4 本 / S1 3 件 / 全長 20.0s
2026-09-16 15:27:38,406 [INFO] src.archive.timeline_builder: clip1: クリップ終端で打ち切った字幕 1 件 / 載せなかった字幕 1 件
2026-09-16 15:27:38,406 [INFO] src.archive.timeline_builder: アーカイブ Timeline 構築: 2 クリップ / V1 4 本 / S1 2 件 / 全長 20.0s
2026-09-16 15:27:38,406 [INFO] src.archive.timeline_builder: clip1: クリップ終端で打ち切った字幕 1 件 / 載せなかった字幕 0 件
2026-09-16 15:27:38,406 [INFO] src.archive.timeline_builder: clip2: クリップ終端で打ち切った字幕 1 件 / 載せなかった字幕 0 件
2026-09-16 15:27:38,406 [INFO] src.archive.timeline_builder: アーカイブ Timeline 構築: 2 クリップ / V1 4 本 / S1 2 件 / 全長 20.0s
2026-09-16 15:27:38,406 [INFO] src.archive.timeline_builder: アーカイブ Timeline 構築: 3 クリップ / V1 6 本 / S1 6 件 / 全長 30.0s
2026-09-16 15:27:38,406 [INFO] src.archive.timeline_builder: アーカイブ Timeline 構築: 3 クリップ / V1 6 本 / S1 6 件 / 全長 30.0s
2026-09-16 15:27:38,406 [INFO] src.archive.timeline_builder: アーカイブ Timeline 構築: 3 クリップ / V1 6 本 / S1 6 件 / 全長 30.0s
2026-09-16 15:27:38,406 [INFO] src.archive.timeline_builder: アーカイブ Timeline 構築: 3 クリップ / V1 6 本 / S1 6 件 / 全長 30.0s
2026-09-16 15:27:38,406 [INFO] src.archive.timeline_builder: アーカイブ Timeline 構築: 3 クリップ / V1 6 本 / S1 6 件 / 全長 30.0s
2026-09-16 15:27:38,406 [INFO] src.archive.timeline_builder: アーカイブ Timeline 構築: 3 クリップ / V1 6 本 / S1 6 件 / 全長 30.0s
2026-09-16 15:27:38,406 [INFO] src.archive.timeline_builder: アーカイブ Timeline 構築: 3 クリップ / V1 6 本 / S1 6 件 / 全長 30.0s
2026-09-16 15:27:38,416 [INFO] src.archive.timeline_builder: clip2 は使用しないため書き出しから除外します
2026-09-16 15:27:38,416 [INFO] src.archive.timeline_builder: アーカイブ Timeline 構築: 3 クリップ / V1 6 本 / S1 6 件 / 全長 30.0s
2026-09-16 15:27:38,416 [INFO] src.archive.timeline_builder: アーカイブ Timeline 構築: 3 クリップ / V1 6 本 / S1 6 件 / 全長 30.0s
2026-09-16 15:27:38,416 [INFO] src.archive.timeline_builder: アーカイブ Timeline 構築: 3 クリップ / V1 6 本 / S1 6 件 / 全長 30.0s
2026-09-16 15:27:38,416 [INFO] src.archive.timeline_builder: アーカイブ Timeline 構築: 3 クリップ / V1 6 本 / S1 6 件 / 全長 30.0s
2026-09-16 15:27:38,416 [INFO] src.archive.timeline_builder: アーカイブ Timeline 構築: 3 クリップ / V1 6 本 / S1 6 件 / 全長 30.0s
2026-09-16 15:27:38,421 [INFO] src.archive.timeline_builder: アーカイブ Timeline 構築: 3 クリップ / V1 6 本 / S1 6 件 / 全長 30.0s
2026-09-16 15:27:40,254 [INFO] src.modules.subtitle_generator: 縦動画のため字幕設定を縦用へ上書き (font/改行/配置/余白)
2026-09-16 15:27:40,254 [WARNING] src.modules.comment_decor: コメント背景がキャンバスに収まらないため詰めました (推定幅 1181px / 使える幅 1080px)。font_size か max_line_length を下げると解消します
2026-09-16 15:27:40,258 [INFO] src.modules.comment_decor: コメントアイコン: 2 件 / 位置 2 種類
2026-09-16 15:27:40,258 [INFO] src.modules.comment_decor: コメントアイコン: 2 件 / 位置 1 種類
2026-09-16 15:27:40,258 [INFO] src.modules.comment_decor: コメントアイコン: 1 件 / 位置 1 種類
2026-09-16 15:27:40,258 [INFO] src.modules.subtitle_generator: 縦動画のため字幕設定を縦用へ上書き (font/改行/配置/余白)
2026-09-16 15:27:40,258 [WARNING] src.modules.comment_decor: コメントアイコンがキャンバスに収まらないため位置を詰めました (要求 x=-190.0 y=465.0 → x=0.0 y=465.0)。subtitle.comment_margin_l を大きくすると解消します
2026-09-16 15:27:40,258 [INFO] src.modules.subtitle_generator: コメント背景: 1 件
2026-09-16 15:27:40,271 [WARNING] src.modules.subtitle_generator: コメントの Layer が逆転しているため本文を 6 へ引き上げます (背景=5 / 本文=1)
2026-09-16 15:27:40,273 [INFO] src.modules.subtitle_generator: コメント背景: 1 件
2026-09-16 15:27:40,305 [WARNING] src.modules.subtitle_generator: コメントの配置は左寄せ (1/4/7) のみ対応のため 4 を使用します: 2
2026-09-16 15:27:40,308 [INFO] src.modules.subtitle_generator: 縦動画のため字幕設定を縦用へ上書き (font/改行/配置/余白)
2026-09-16 15:27:40,310 [WARNING] src.export.fcpxml_builder: タイムライン終端を超える字幕をクリップ末尾へクランプしました (丸め誤差の端数など)。
2026-09-16 15:27:40,312 [INFO] src.modules.loudness_normalizer: 入力ラウドネス: I=-9.2 LUFS / TP=-0.3 dBTP / LRA=5.1 LU → 目標 I=-14.0 LUFS / TP=-1.0 dBTP (offset 0.4 dB)
2026-09-16 15:27:40,317 [ERROR] src.modules.loudness_normalizer: ラウドネス正規化の適用に失敗 (元音声のまま継続): in.mp4
Traceback (most recent call last):
  File "D:\develop\autoedit\src\modules\loudness_normalizer.py", line 219, in normalize_file
    ffmpeg_runner.execute(
  File "C:\Users\evolu\AppData\Local\Programs\Python\Python312\Lib\unittest\mock.py", line 1139, in __call__
    return self._mock_call(*args, **kwargs)
           ^^^^^^^^^^^^^^^^^^^^^^^^^^^^^^^^
  File "C:\Users\evolu\AppData\Local\Programs\Python\Python312\Lib\unittest\mock.py", line 1143, in _mock_call
    return self._execute_mock_call(*args, **kwargs)
           ^^^^^^^^^^^^^^^^^^^^^^^^^^^^^^^^^^^^^^^^
  File "C:\Users\evolu\AppData\Local\Programs\Python\Python312\Lib\unittest\mock.py", line 1198, in _execute_mock_call
    raise effect
src.exceptions.FFmpegError: 失敗
2026-09-16 15:27:40,327 [INFO] src.modules.loudness_normalizer: ラウドネス正規化は無効のためスキップ
2026-09-16 15:27:40,327 [WARNING] src.modules.loudness_normalizer: ラウドネス測定に失敗したため正規化をスキップ (元音声のまま継続): in.mp4
2026-09-16 15:27:40,327 [INFO] src.modules.loudness_normalizer: 音声ストリームが無いためラウドネス正規化をスキップ: in.mp4
2026-09-16 15:27:40,343 [INFO] src.modules.loudness_normalizer: ラウドネス正規化 完了: out.mp4
2026-09-16 15:27:40,359 [INFO] src.modules.loudness_normalizer: 入力ラウドネス: I=-9.2 LUFS / TP=-0.3 dBTP / LRA=5.1 LU → 目標 I=-14.0 LUFS / TP=-1.0 dBTP (offset 0.4 dB)
2026-09-16 15:27:40,375 [INFO] src.modules.loudness_normalizer: ラウドネス正規化 完了: out.mp4
2026-09-16 15:27:40,375 [INFO] src.timeline.media_recovery: 本編素材を元動画から作り直します: C:\Users\evolu\AppData\Local\Temp\media_recovery_test_c472phwt\sample.mp4
2026-09-16 15:27:40,375 [WARNING] src.timeline.media_recovery: 素材が見つかりません: m2 (C:\Users\evolu\AppData\Local\Temp\media_recovery_test_t1l2fy42\gone.png)
2026-09-16 15:27:40,391 [INFO] src.timeline.media_recovery: 素材を差し替え済みのフォルダで見つけました: m3 → C:\Users\evolu\AppData\Local\Temp\media_recovery_test_9514i0xc\moved\logo2.png
2026-09-16 15:27:40,391 [INFO] src.timeline.media_recovery: 本編素材を元動画から作り直します: C:\Users\evolu\AppData\Local\Temp\media_recovery_test_sgikddw8\sample.mp4
2026-09-16 15:27:40,407 [WARNING] src.timeline.media_recovery: 元動画が見つからないため本編素材を復旧できません: C:\Users\evolu\AppData\Local\Temp\media_recovery_test_oo5_qdxs\no_such_input.mp4
2026-09-16 15:27:40,407 [WARNING] src.timeline.media_recovery: 素材が見つかりません: m1 (C:\Users\evolu\AppData\Local\Temp\media_recovery_test_oo5_qdxs\work\loudness_normalized.mp4)
2026-09-16 15:27:40,407 [INFO] src.timeline.media_recovery: 本編素材は元動画そのものだったため、そのまま使います: C:\Users\evolu\AppData\Local\Temp\media_recovery_test_kabi6ch8\sample.mp4
2026-09-16 15:27:40,407 [INFO] src.timeline.media_recovery: 素材を相対パスで見つけました: m2 → C:\Users\evolu\AppData\Local\Temp\media_recovery_test_ncjjxmb7\assets\logo.png
2026-09-16 15:27:40,429 [INFO] src.timeline.media_recovery: 設定に従い元動画をそのまま使います (音量は正規化前): C:\Users\evolu\AppData\Local\Temp\media_recovery_test_0746gsq_\sample.mp4
2026-09-16 15:27:40,435 [INFO] src.services.points: ポイントを予約しました: clip/video 25pt (watermark=False)
2026-09-16 15:27:40,435 [WARNING] src.services.points: ポイント残高を取得できませんでした: 断
2026-09-16 15:27:40,435 [INFO] src.services.points: ポイントを予約しました: clip/video 25pt (watermark=False)
2026-09-16 15:27:40,435 [WARNING] src.services.points: ポイントのcommitを送信できませんでした (再送します): 接続できません
2026-09-16 15:27:40,463 [INFO] src.services.points: ポイントを予約しました: clip/video 25pt (watermark=False)
2026-09-16 15:27:40,467 [WARNING] src.services.points: ポイントのcommitを送信できませんでした (再送します): 断
2026-09-16 15:27:40,488 [INFO] src.services.points: 保留していたポイント処理を 2 件送信しました。
2026-09-16 15:27:40,491 [WARNING] src.services.points: ポイントを予約できませんでした: 再ログインが必要です。
2026-09-16 15:27:40,496 [INFO] src.services.points: ポイントを予約しました: clip/video 25pt (watermark=False)
2026-09-16 15:27:40,497 [WARNING] src.services.points: ポイントのcancelが拒否されました: 確定済み
2026-09-16 15:27:40,499 [INFO] src.services.points: 保留していたポイント処理を 1 件送信しました。
2026-09-16 15:27:40,499 [INFO] src.services.points: ポイントを予約しました: clip/video 25pt (watermark=False)
2026-09-16 15:27:40,517 [INFO] src.services.points: サブスク判定のキャッシュが古いため watermark を入れます。
2026-09-16 15:27:40,517 [WARNING] src.services.points: ポイントを予約できませんでした (オフライン): 接続できません
2026-09-16 15:27:40,532 [WARNING] src.services.points: ポイントを予約できませんでした (オフライン): 接続できません
2026-09-16 15:27:40,540 [WARNING] src.services.points: ポイントを予約できませんでした (オフライン): 接続できません
2026-09-16 15:27:40,542 [WARNING] src.services.points: ポイントを予約できませんでした: 想定外
2026-09-16 15:27:40,545 [INFO] src.services.points: ポイントを予約しました: clip/resolveProject 0pt (watermark=False)
2026-09-16 15:27:40,562 [INFO] src.services.points: ポイントを予約しました: clip/video 25pt (watermark=False)
2026-09-16 15:27:40,562 [INFO] src.services.points: ポイントを予約しました: archive/video 0pt (watermark=True)
2026-09-16 15:27:40,646 [WARNING] src.timeline.builder: フレーム間引きの設定が不正なため none を使用します: 'all'
2026-09-16 15:27:40,671 [INFO] src.timeline.project_io: プロジェクト保存: C:\Users\evolu\AppData\Local\Temp\library_summary_58_6e22s\vod.archive.timeline.json
2026-09-16 15:27:40,702 [WARNING] src.timeline.project_io: プロジェクトの概要を読めませんでした: C:\Users\evolu\AppData\Local\Temp\library_summary_3ozayu9e\broken.timeline.json
2026-09-16 15:27:40,715 [INFO] src.timeline.project_io: プロジェクト保存: C:\Users\evolu\AppData\Local\Temp\library_summary_vaqsb_sn\sample.timeline.json
2026-09-16 15:27:40,734 [INFO] src.timeline.project_io: プロジェクト保存: C:\Users\evolu\AppData\Local\Temp\library_summary_2ofggenm\sample.timeline.json
2026-09-16 15:27:40,764 [INFO] src.timeline.project_io: プロジェクト保存: C:\Users\evolu\AppData\Local\Temp\library_rename_sl1ghndd\old.timeline.json
2026-09-16 15:27:40,764 [INFO] src.timeline.project_io: プロジェクト保存: C:\Users\evolu\AppData\Local\Temp\library_rename__hhdjwmf\old.timeline.json
2026-09-16 15:27:40,782 [INFO] src.timeline.project_io: プロジェクト保存: C:\Users\evolu\AppData\Local\Temp\library_rename_frubkvds\old.timeline.json
2026-09-16 15:27:40,802 [INFO] src.timeline.project_io: プロジェクトを改名しました: old.timeline.json → new.timeline.json
2026-09-16 15:27:40,830 [INFO] src.timeline.project_io: プロジェクト保存: C:\Users\evolu\AppData\Local\Temp\library_rename_w1wy7zgg\old.timeline.json
2026-09-16 15:27:40,843 [INFO] src.timeline.project_io: プロジェクトを改名しました: old.timeline.json → new.timeline.json
2026-09-16 15:27:40,859 [INFO] src.timeline.project_io: プロジェクト保存: C:\Users\evolu\AppData\Local\Temp\library_rename_bnzs4wdd\old.timeline.json
2026-09-16 15:27:40,873 [INFO] src.timeline.project_io: プロジェクトが 5 件見つかりました (新しい 2 件を表示します)
2026-09-16 15:27:40,937 [WARNING] src.export.resolve_export: ソース総尺の取得に失敗 (タイムライン全長で代用): C:\Users\evolu\AppData\Local\Temp\resolve_export_test_z8u_v_vp\sample.mp4
2026-09-16 15:27:40,983 [WARNING] src.export.resolve_export: ソース総尺の取得に失敗 (タイムライン全長で代用): C:\Users\evolu\AppData\Local\Temp\resolve_export_test_f381_iqs\sample.mp4
2026-09-16 15:27:41,014 [WARNING] src.export.resolve_export: ソース総尺の取得に失敗 (タイムライン全長で代用): C:\Users\evolu\AppData\Local\Temp\resolve_export_test_1oqhb2md\sample.mp4
2026-09-16 15:27:41,046 [WARNING] src.export.resolve_export: ソース総尺の取得に失敗 (タイムライン全長で代用): C:\Users\evolu\AppData\Local\Temp\resolve_export_test_83o09bin\sample.mp4
2026-09-16 15:27:41,056 [WARNING] src.export.resolve_export: テーマ演出はテキストと区間のみを出力します (ブラー・黒帯などの映像エフェクトは FCPXML で表現できません)。
2026-09-16 15:27:41,056 [WARNING] src.export.resolve_export: 字幕位置は配置(alignment)＋余白からの近似です。Resolve 取り込み時に位置が中央へ戻る場合があります (フォント/サイズ/色は保持)。
2026-09-16 15:27:41,092 [WARNING] src.export.resolve_export: ソース総尺の取得に失敗 (タイムライン全長で代用): C:\Users\evolu\AppData\Local\Temp\resolve_export_test_z2ly7v01\sample.mp4
2026-09-16 15:27:41,121 [WARNING] src.export.resolve_export: ソース総尺の取得に失敗 (タイムライン全長で代用): C:\Users\evolu\AppData\Local\Temp\resolve_export_test_z1tkn3e1\sample.mp4
2026-09-16 15:27:41,140 [WARNING] src.export.resolve_export: ソース総尺の取得に失敗 (タイムライン全長で代用): C:\Users\evolu\AppData\Local\Temp\resolve_export_test_nyb_5zv0\sample.mp4
2026-09-16 15:27:41,166 [WARNING] src.export.resolve_export: ソース総尺の取得に失敗 (タイムライン全長で代用): C:\Users\evolu\AppData\Local\Temp\resolve_export_test_nyb_5zv0\sample.mp4
2026-09-16 15:27:41,201 [WARNING] src.export.resolve_export: ソース総尺の取得に失敗 (タイムライン全長で代用): C:\Users\evolu\AppData\Local\Temp\resolve_export_test_jcwk_8go\sample.mp4
2026-09-16 15:27:41,202 [WARNING] src.export.resolve_export: 未対応の字幕出力方式 export.resolve.subtitle.mode=bogus のため caption で出力します
2026-09-16 15:27:41,233 [WARNING] src.export.resolve_export: ソース総尺の取得に失敗 (タイムライン全長で代用): C:\Users\evolu\AppData\Local\Temp\resolve_export_test_m54rcc71\sample.mp4
2026-09-16 15:27:41,265 [WARNING] src.export.resolve_export: ソース総尺の取得に失敗 (タイムライン全長で代用): C:\Users\evolu\AppData\Local\Temp\resolve_export_test_k34olla1\sample.mp4
2026-09-16 15:27:41,310 [WARNING] src.export.resolve_export: ソース総尺の取得に失敗 (タイムライン全長で代用): C:\Users\evolu\AppData\Local\Temp\resolve_export_test_h10pwqrl\sample.mp4
2026-09-16 15:27:41,342 [WARNING] src.export.resolve_export: ソース総尺の取得に失敗 (タイムライン全長で代用): C:\Users\evolu\AppData\Local\Temp\resolve_export_test_lynpqtt4\sample.mp4
2026-09-16 15:27:41,374 [WARNING] src.export.resolve_export: ソース総尺の取得に失敗 (タイムライン全長で代用): C:\Users\evolu\AppData\Local\Temp\resolve_export_test_q6sn296m\sample.mp4
2026-09-16 15:27:41,419 [WARNING] src.export.resolve_export: ソース総尺の取得に失敗 (タイムライン全長で代用): C:\Users\evolu\AppData\Local\Temp\resolve_export_test_omwm8h2d\sample.mp4
2026-09-16 15:27:41,452 [WARNING] src.export.resolve_export: ソース総尺の取得に失敗 (タイムライン全長で代用): C:\Users\evolu\AppData\Local\Temp\resolve_export_test__gpe2s9y\sample.mp4
2026-09-16 15:27:41,483 [WARNING] src.export.resolve_export: ソース総尺の取得に失敗 (タイムライン全長で代用): C:\Users\evolu\AppData\Local\Temp\resolve_export_test_r9y7ovbh\sample.mp4
2026-09-16 15:27:41,527 [WARNING] src.export.resolve_export: ソース総尺の取得に失敗 (タイムライン全長で代用): C:\Users\evolu\AppData\Local\Temp\resolve_export_test_4awdgmva\sample.mp4
2026-09-16 15:27:41,527 [INFO] src.export.resolve_export: 編集点が無いため全長 1 クリップとして出力します
2026-09-16 15:27:41,561 [WARNING] src.export.resolve_export: ソース総尺の取得に失敗 (タイムライン全長で代用): C:\Users\evolu\AppData\Local\Temp\resolve_export_test_l_7jl63b\sample.mp4
2026-09-16 15:27:41,561 [INFO] src.export.resolve_export: Resolve 出力開始: C:\Users\evolu\AppData\Local\Temp\resolve_export_test_l_7jl63b\out2.fcpxml (クリップ 1 件 / 字幕 caption 1 件 / title・テーマ 0 件 / 1920x1080 60fps)
2026-09-16 15:27:41,568 [INFO] src.export.resolve_export: 字幕トラックのスタイルは Resolve の字幕トラックヘッダー選択 → インスペクタ → Track Style で一括設定できます (Resolve 19 以降は Text+ スタイルも指定可)。
2026-09-16 15:27:41,568 [INFO] src.export.resolve_export: Resolve 出力完了: C:\Users\evolu\AppData\Local\Temp\resolve_export_test_l_7jl63b\out2.fcpxml (タイムライン尺 5.00s)
2026-09-16 15:27:41,603 [WARNING] src.export.resolve_export: ソース総尺の取得に失敗 (タイムライン全長で代用): C:\Users\evolu\AppData\Local\Temp\resolve_export_test_toabk71f\sample.mp4
2026-09-16 15:27:41,604 [INFO] src.export.resolve_export: Resolve 出力開始: C:\Users\evolu\AppData\Local\Temp\resolve_export_test_toabk71f\out3.fcpxml (クリップ 1 件 / 字幕 caption 0 件 / title・テーマ 0 件 / 1920x1080 60fps)
2026-09-16 15:27:41,607 [INFO] src.export.resolve_export: Resolve 出力完了: C:\Users\evolu\AppData\Local\Temp\resolve_export_test_toabk71f\out3.fcpxml (タイムライン尺 5.00s)
2026-09-16 15:27:41,639 [WARNING] src.export.resolve_export: ソース総尺の取得に失敗 (タイムライン全長で代用): C:\Users\evolu\AppData\Local\Temp\resolve_export_test_r4zmvifd\sample.mp4
2026-09-16 15:27:41,639 [INFO] src.export.resolve_export: Resolve 出力開始: C:\Users\evolu\AppData\Local\Temp\resolve_export_test_r4zmvifd\out.fcpxml (クリップ 1 件 / 字幕 caption 1 件 / title・テーマ 0 件 / 1920x1080 60fps)
2026-09-16 15:27:41,639 [INFO] src.export.resolve_export: SRT サイドカー出力: C:\Users\evolu\AppData\Local\Temp\resolve_export_test_r4zmvifd\out.srt (1 件)
2026-09-16 15:27:41,639 [INFO] src.export.resolve_export: Resolve 出力完了: C:\Users\evolu\AppData\Local\Temp\resolve_export_test_r4zmvifd\out.fcpxml / C:\Users\evolu\AppData\Local\Temp\resolve_export_test_r4zmvifd\out.srt (タイムライン尺 5.00s)
2026-09-16 15:27:41,655 [INFO] src.export.resolve_export: Resolve 出力を中止 (上書きしない): C:\Users\evolu\AppData\Local\Temp\resolve_export_test_r4zmvifd\out.fcpxml
2026-09-16 15:27:41,671 [INFO] src.modules.subtitle_generator: 縦動画のため字幕設定を縦用へ上書き (font/改行/配置/余白)
2026-09-16 15:27:41,687 [WARNING] src.services.stretheus_auth: API の日時を解釈できませんでした。
2026-09-16 15:27:41,722 [INFO] src.services.stretheus_auth: Stretheus のログインページを開きます (ポート64224)
2026-09-16 15:27:41,731 [INFO] src.services.stretheus_auth: Stretheus へログインしました。
2026-09-16 15:27:42,774 [INFO] src.services.stretheus_auth: Stretheus のログインページを開きます (ポート64232)
2026-09-16 15:27:42,779 [INFO] src.services.stretheus_auth: Stretheus へログインしました。
2026-09-16 15:27:43,842 [INFO] src.services.stretheus_auth: Stretheus のログインページを開きます (ポート64241)
2026-09-16 15:27:43,849 [INFO] src.services.stretheus_auth: Stretheus へログインしました。
2026-09-16 15:27:44,378 [INFO] src.services.stretheus_auth: Stretheus のログインページを開きます (ポート64246)
2026-09-16 15:27:44,390 [INFO] src.services.stretheus_auth: Stretheus へログインしました。
2026-09-16 15:27:44,901 [INFO] src.services.stretheus_auth: Stretheus のログインページを開きます (ポート64252)
2026-09-16 15:27:44,909 [INFO] src.services.stretheus_auth: Stretheus へログインしました。
2026-09-16 15:27:45,412 [INFO] src.services.stretheus_auth: Stretheus のログインページを開きます (ポート64258)
2026-09-16 15:27:45,429 [INFO] src.services.stretheus_auth: Stretheus へログインしました。
2026-09-16 15:27:45,937 [INFO] src.modules.subtitle_generator: テロップ個別指定 フォント 0 件 / サイズ 0 件 / 文字色 1 件 / 縁の色 0 件
2026-09-16 15:27:45,954 [INFO] src.modules.subtitle_generator: テロップ個別指定 フォント 0 件 / サイズ 0 件 / 文字色 1 件 / 縁の色 0 件
2026-09-16 15:27:45,999 [INFO] src.modules.subtitle_generator: テロップ個別指定 フォント 0 件 / サイズ 0 件 / 文字色 0 件 / 縁の色 1 件
2026-09-16 15:27:46,014 [INFO] src.modules.subtitle_generator: テロップ個別指定 フォント 0 件 / サイズ 0 件 / 文字色 0 件 / 縁の色 1 件
2026-09-16 15:27:46,033 [INFO] src.modules.subtitle_generator: テロップ個別指定 フォント 1 件 / サイズ 1 件 / 文字色 1 件 / 縁の色 1 件
2026-09-16 15:27:46,046 [INFO] src.timeline.commands: コメント用の字幕トラックを作成しました: S2
2026-09-16 15:27:46,046 [INFO] src.timeline.commands: 移動先 S2 が空いていないため役割だけ変更しました: s1
2026-09-16 15:27:46,046 [INFO] src.timeline.commands: コメント用の字幕トラックを作成しました: S2
2026-09-16 15:27:46,046 [INFO] src.timeline.commands: コメント用の字幕トラックを作成しました: S2
2026-09-16 15:27:46,046 [INFO] src.timeline.commands: コメント用の字幕トラックを作成しました: S2
2026-09-16 15:27:46,046 [INFO] src.timeline.project_io: プロジェクト保存: C:\Users\evolu\AppData\Local\Temp\tmpksyqnm0t\sample.timeline.json
2026-09-16 15:27:46,079 [INFO] src.modules.subtitle_generator: VAD フィルタ有効 (min_silence=500ms, speech_pad=100ms, condition_on_previous_text=False)
2026-09-16 15:27:46,079 [WARNING] src.modules.subtitle_generator: VAD 付き認識に失敗したため VAD 無しで再試行します: VAD の初期化に失敗しました (テスト)
2026-09-16 15:27:46,079 [INFO] src.modules.subtitle_generator: VAD フィルタ有効 (min_silence=800ms, speech_pad=100ms, condition_on_previous_text=False)
2026-09-16 15:27:46,080 [INFO] src.modules.subtitle_generator: VAD フィルタ有効 (min_silence=500ms, speech_pad=100ms, condition_on_previous_text=False)
2026-09-16 15:27:46,115 [INFO] src.timeline.commands: 貼り付けの割り込み: V1 の 5.000s へ 10.00s を確保 / 移動 2 件・分割 1 件・切詰 0 件
2026-09-16 15:27:46,115 [INFO] src.timeline.commands: 貼り付けの割り込み: V2 の 5.000s へ 10.00s を確保 / 移動 2 件・分割 0 件・切詰 0 件
2026-09-16 15:27:46,115 [INFO] src.timeline.commands: 貼り付けの割り込み: S1 の 5.000s へ 10.00s を確保 / 移動 1 件・分割 0 件・切詰 0 件
2026-09-16 15:27:46,115 [INFO] src.timeline.commands: 貼り付けの割り込み: V1 の 5.000s へ 10.00s を確保 / 移動 2 件・分割 1 件・切詰 0 件
2026-09-16 15:27:46,115 [INFO] src.timeline.commands: 貼り付けの割り込み: V2 の 5.000s へ 10.00s を確保 / 移動 2 件・分割 0 件・切詰 0 件
2026-09-16 15:27:46,115 [INFO] src.timeline.commands: 貼り付けの割り込み: S1 の 5.000s へ 10.00s を確保 / 移動 1 件・分割 0 件・切詰 0 件
2026-09-16 15:27:46,115 [INFO] src.timeline.commands: 貼り付けの割り込み: V1 の 5.000s へ 10.00s を確保 / 移動 2 件・分割 1 件・切詰 0 件
2026-09-16 15:27:46,118 [INFO] src.timeline.commands: 貼り付けの割り込み: V2 の 5.000s へ 10.00s を確保 / 移動 2 件・分割 0 件・切詰 0 件
2026-09-16 15:27:46,118 [INFO] src.timeline.commands: 貼り付けの割り込み: S1 の 5.000s へ 10.00s を確保 / 移動 1 件・分割 0 件・切詰 0 件
2026-09-16 15:27:46,118 [INFO] src.timeline.commands: 貼り付けの割り込み: V1 の 5.000s へ 15.00s を確保 / 移動 3 件・分割 0 件・切詰 0 件
2026-09-16 15:27:46,118 [INFO] src.timeline.commands: 貼り付けの割り込み: V2 の 5.000s へ 15.00s を確保 / 移動 2 件・分割 0 件・切詰 0 件
2026-09-16 15:27:46,118 [INFO] src.timeline.commands: 貼り付けの割り込み: S1 の 5.000s へ 15.00s を確保 / 移動 1 件・分割 0 件・切詰 0 件
2026-09-16 15:27:46,118 [INFO] src.timeline.commands: 貼り付けの割り込み: V1 の 10.020s へ 10.02s を確保 / 移動 2 件・分割 0 件・切詰 0 件
2026-09-16 15:27:46,118 [INFO] src.timeline.commands: 貼り付けの割り込み: V2 の 10.020s へ 10.02s を確保 / 移動 1 件・分割 0 件・切詰 0 件
2026-09-16 15:27:46,118 [INFO] src.timeline.commands: 貼り付けの割り込み: S1 の 10.020s へ 10.02s を確保 / 移動 1 件・分割 0 件・切詰 0 件
2026-09-16 15:27:46,118 [INFO] src.timeline.commands: 貼り付けの割り込み: V1 の 19.980s へ 9.98s を確保 / 移動 1 件・分割 0 件・切詰 1 件
2026-09-16 15:27:46,118 [INFO] src.timeline.commands: 貼り付けの割り込み: V2 の 19.980s へ 9.98s を確保 / 移動 1 件・分割 0 件・切詰 0 件
2026-09-16 15:27:46,120 [INFO] src.timeline.commands: 貼り付けの割り込み: S1 の 19.980s へ 9.98s を確保 / 移動 0 件・分割 0 件・切詰 0 件
2026-09-16 15:27:46,120 [WARNING] src.timeline.commands: 素材が見つからないため貼り付けません: D:\develop\autoedit\tests\存在しない素材.mp4
2026-09-16 15:27:46,120 [INFO] src.timeline.commands: 貼り付けの割り込み: V1 の 5.000s へ 10.00s を確保 / 移動 2 件・分割 1 件・切詰 0 件
2026-09-16 15:27:46,120 [INFO] src.timeline.commands: 貼り付けの割り込み: V2 の 5.000s へ 10.00s を確保 / 移動 2 件・分割 0 件・切詰 0 件
2026-09-16 15:27:46,120 [INFO] src.timeline.commands: 貼り付けの割り込み: S1 の 5.000s へ 10.00s を確保 / 移動 1 件・分割 0 件・切詰 0 件
2026-09-16 15:27:46,122 [INFO] src.timeline.commands: 貼り付けの割り込み: V1 の 5.000s へ 10.00s を確保 / 移動 2 件・分割 1 件・切詰 0 件
2026-09-16 15:27:46,122 [INFO] src.timeline.commands: 貼り付けの割り込み: V2 の 5.000s へ 10.00s を確保 / 移動 2 件・分割 0 件・切詰 0 件
2026-09-16 15:27:46,122 [INFO] src.timeline.commands: 貼り付けの割り込み: S1 の 5.000s へ 10.00s を確保 / 移動 1 件・分割 0 件・切詰 0 件
2026-09-16 15:27:46,123 [INFO] src.timeline.commands: 貼り付けの割り込み: V1 の 5.000s へ 10.00s を確保 / 移動 2 件・分割 1 件・切詰 0 件
2026-09-16 15:27:46,123 [INFO] src.timeline.commands: 貼り付けの割り込み: V2 の 5.000s へ 10.00s を確保 / 移動 2 件・分割 0 件・切詰 0 件
2026-09-16 15:27:46,123 [INFO] src.timeline.commands: 貼り付けの割り込み: S1 の 5.000s へ 10.00s を確保 / 移動 1 件・分割 0 件・切詰 0 件
2026-09-16 15:27:46,123 [INFO] src.timeline.commands: 貼り付けの割り込み: V1 の 5.000s へ 10.00s を確保 / 移動 2 件・分割 1 件・切詰 0 件
2026-09-16 15:27:46,123 [INFO] src.timeline.commands: 貼り付けの割り込み: V2 の 5.000s へ 10.00s を確保 / 移動 2 件・分割 0 件・切詰 0 件
2026-09-16 15:27:46,123 [INFO] src.timeline.commands: 貼り付けの割り込み: S1 の 5.000s へ 10.00s を確保 / 移動 1 件・分割 0 件・切詰 0 件
2026-09-16 15:27:46,123 [INFO] src.timeline.commands: 貼り付けの割り込み: V1 の 5.000s へ 10.00s を確保 / 移動 2 件・分割 1 件・切詰 0 件
2026-09-16 15:27:46,123 [INFO] src.timeline.commands: 貼り付けの割り込み: V2 の 5.000s へ 10.00s を確保 / 移動 2 件・分割 0 件・切詰 0 件
2026-09-16 15:27:46,123 [INFO] src.timeline.commands: 貼り付けの割り込み: S1 の 5.000s へ 10.00s を確保 / 移動 1 件・分割 0 件・切詰 0 件
2026-09-16 15:27:46,123 [INFO] src.timeline.commands: 貼り付けの割り込み: V2 の 4.000s へ 2.00s を確保 / 移動 2 件・分割 0 件・切詰 0 件
2026-09-16 15:27:46,123 [INFO] src.timeline.commands: 貼り付けの割り込み: V2 の 4.000s へ 2.00s を確保 / 移動 2 件・分割 0 件・切詰 0 件
2026-09-16 15:27:46,123 [INFO] src.timeline.commands: 貼り付けの割り込み: V2 の 4.000s へ 2.00s を確保 / 移動 2 件・分割 0 件・切詰 0 件
2026-09-16 15:27:46,127 [INFO] src.timeline.clipboard: Timeline のノードをコピーしました: 1 件
2026-09-16 15:27:46,127 [INFO] src.timeline.clipboard: Timeline のノードをコピーしました: 1 件
2026-09-16 15:27:46,129 [INFO] src.timeline.commands: 貼り付けの割り込み: V1 の 4.000s へ 2.00s を確保 / 移動 2 件・分割 1 件・切詰 0 件
2026-09-16 15:27:46,129 [INFO] src.timeline.commands: 貼り付けの割り込み: V2 の 4.000s へ 2.00s を確保 / 移動 2 件・分割 0 件・切詰 0 件
2026-09-16 15:27:46,129 [INFO] src.timeline.commands: 貼り付けの割り込み: S1 の 4.000s へ 2.00s を確保 / 移動 1 件・分割 0 件・切詰 0 件
2026-09-16 15:27:46,129 [INFO] src.timeline.commands: 貼り付けの割り込み: V2 の 4.000s へ 2.00s を確保 / 移動 2 件・分割 0 件・切詰 0 件
2026-09-16 15:27:46,129 [INFO] src.timeline.commands: 貼り付けの割り込み: V1 の 5.000s へ 10.00s を確保 / 移動 2 件・分割 1 件・切詰 0 件
2026-09-16 15:27:46,129 [INFO] src.timeline.commands: 貼り付けの割り込み: V2 の 5.000s へ 10.00s を確保 / 移動 2 件・分割 0 件・切詰 0 件
2026-09-16 15:27:46,129 [INFO] src.timeline.commands: 貼り付けの割り込み: V1 の 5.000s へ 10.00s を確保 / 移動 2 件・分割 1 件・切詰 0 件
2026-09-16 15:27:46,129 [WARNING] src.timeline.builder: 貼り付けの設定が不正なため既定 base_syncs_all を使用します: 'なにか'
2026-09-16 15:27:46,129 [WARNING] src.timeline.builder: 貼り付けの設定が不正なため既定 split を使用します: 123
2026-09-16 15:27:46,131 [INFO] src.timeline.commands: 貼り付けの割り込み: V1 の 5.000s へ 10.00s を確保 / 移動 2 件・分割 1 件・切詰 0 件
2026-09-16 15:27:46,131 [INFO] src.timeline.commands: 貼り付けの割り込み: V2 の 5.000s へ 10.00s を確保 / 移動 2 件・分割 0 件・切詰 0 件
2026-09-16 15:27:46,131 [INFO] src.timeline.commands: 貼り付けの割り込み: S1 の 5.000s へ 10.00s を確保 / 移動 1 件・分割 0 件・切詰 0 件
2026-09-16 15:27:46,133 [WARNING] src.timeline.commands: 映像トラックの上限 (3) に達しているため追加できません
2026-09-16 15:27:46,135 [INFO] src.timeline.commands: 字幕を追加できる空きがありません (2.000 秒)
2026-09-16 15:27:46,135 [INFO] src.timeline.commands: 字幕を追加できる空きがありません (0.990 秒)
2026-09-16 15:27:46,137 [INFO] src.timeline.commands: リップル: 10.000〜20.000s (10.00s) を除去 / 削除 1 件・短縮 0 件・移動 1 件
2026-09-16 15:27:46,137 [INFO] src.timeline.commands: リップル: 10.000〜20.000s (10.00s) を除去 / 削除 1 件・短縮 0 件・移動 1 件
2026-09-16 15:27:46,137 [INFO] src.timeline.commands: リップル: 10.000〜20.000s (10.00s) を除去 / 削除 1 件・短縮 0 件・移動 1 件
2026-09-16 15:27:46,140 [INFO] src.timeline.commands: リップル: 0.000〜10.000s (10.00s) を除去 / 削除 2 件・短縮 0 件・移動 1 件
2026-09-16 15:27:46,140 [INFO] src.timeline.commands: リップル: 10.000〜20.000s (10.00s) を除去 / 削除 1 件・短縮 0 件・移動 1 件
2026-09-16 15:27:46,144 [INFO] src.timeline.commands: リップル: 10.000〜20.000s (10.00s) を除去 / 削除 2 件・短縮 1 件・移動 2 件
2026-09-16 15:27:46,144 [INFO] src.timeline.commands: リップル: 10.000〜20.000s (10.00s) を除去 / 削除 2 件・短縮 1 件・移動 2 件
2026-09-16 15:27:46,145 [INFO] src.timeline.commands: リップル: 10.000〜20.000s (10.00s) を除去 / 削除 2 件・短縮 1 件・移動 2 件
2026-09-16 15:27:46,145 [INFO] src.timeline.commands: リップル: 10.000〜20.000s (10.00s) を除去 / 削除 2 件・短縮 1 件・移動 2 件
2026-09-16 15:27:46,146 [INFO] src.timeline.commands: リップル: 10.000〜20.000s (10.00s) を除去 / 削除 2 件・短縮 1 件・移動 2 件
2026-09-16 15:27:46,146 [INFO] src.timeline.commands: リップル: 10.000〜20.000s (10.00s) を除去 / 削除 2 件・短縮 1 件・移動 2 件
2026-09-16 15:27:46,146 [INFO] src.timeline.commands: リップル: 10.000〜20.000s (10.00s) を除去 / 削除 2 件・短縮 0 件・移動 3 件
2026-09-16 15:27:46,147 [INFO] src.timeline.commands: リップル: 10.000〜20.000s (10.00s) を除去 / 削除 1 件・短縮 0 件・移動 1 件
2026-09-16 15:27:46,147 [INFO] src.timeline.commands: リップル: 10.000〜20.000s (10.00s) を除去 / 削除 2 件・短縮 1 件・移動 2 件
2026-09-16 15:27:46,148 [INFO] src.timeline.commands: 残り尺が下限を割るためクリップごとリップル削除しました: c2
2026-09-16 15:27:46,148 [INFO] src.timeline.commands: リップル: 10.000〜20.000s (10.00s) を除去 / 削除 1 件・短縮 0 件・移動 2 件
2026-09-16 15:27:46,149 [INFO] src.timeline.commands: リップル: 15.000〜20.000s (5.00s) を除去 / 削除 0 件・短縮 1 件・移動 2 件
2026-09-16 15:27:46,149 [INFO] src.timeline.commands: リップル: 10.000〜15.000s (5.00s) を除去 / 削除 0 件・短縮 1 件・移動 2 件
2026-09-16 15:27:46,149 [INFO] src.timeline.commands: リップル: 15.000〜20.000s (5.00s) を除去 / 削除 0 件・短縮 1 件・移動 2 件
2026-09-16 15:27:46,150 [INFO] src.timeline.commands: リップル: 15.000〜20.000s (5.00s) を除去 / 削除 0 件・短縮 1 件・移動 2 件
2026-09-16 15:27:46,150 [INFO] src.timeline.commands: リップル: 26.000〜27.000s (1.00s) を除去 / 削除 0 件・短縮 2 件・移動 0 件
2026-09-16 15:27:46,152 [INFO] src.timeline.commands: リップル: 10.000〜20.000s (10.00s) を除去 / 削除 1 件・短縮 0 件・移動 1 件
2026-09-16 15:27:46,153 [INFO] src.timeline.commands: リップル: 10.000〜20.000s (10.00s) を除去 / 削除 1 件・短縮 0 件・移動 1 件
2026-09-16 15:27:46,154 [INFO] src.timeline.commands: リップル: 10.000〜20.000s (10.00s) を除去 / 削除 1 件・短縮 0 件・移動 1 件
2026-09-16 15:27:46,166 [INFO] src.timeline.project_io: プロジェクト保存: C:\Users\evolu\AppData\Local\Temp\timeline_io_test_0kec05e2\sample.timeline.json
2026-09-16 15:27:46,182 [INFO] src.timeline.project_io: プロジェクト読込: C:\Users\evolu\AppData\Local\Temp\timeline_io_test_0kec05e2\sample.timeline.json
2026-09-16 15:27:46,187 [INFO] src.timeline.project_io: プロジェクト保存: C:\Users\evolu\AppData\Local\Temp\timeline_io_test_0kec05e2\sample.timeline.json
2026-09-16 15:27:46,189 [INFO] src.timeline.project_io: プロジェクト読込: C:\Users\evolu\AppData\Local\Temp\timeline_io_test_0kec05e2\sample.timeline.json
2026-09-16 15:27:46,199 [INFO] src.timeline.project_io: プロジェクト保存: C:\Users\evolu\AppData\Local\Temp\timeline_io_test_wdjt5yj5\sample.timeline.json
2026-09-16 15:27:46,199 [INFO] src.timeline.project_io: プロジェクト読込: C:\Users\evolu\AppData\Local\Temp\timeline_io_test_wdjt5yj5\sample.timeline.json
2026-09-16 15:27:46,215 [INFO] src.timeline.project_io: プロジェクト保存: C:\Users\evolu\AppData\Local\Temp\timeline_io_test_u6e8vbfj\sample.timeline.json
2026-09-16 15:27:46,230 [WARNING] src.timeline.project_io: メディアの実体が見つかりません (1 件)。該当クリップを無効化します: m1
2026-09-16 15:27:46,246 [INFO] src.timeline.project_io: プロジェクト保存: C:\Users\evolu\AppData\Local\Temp\timeline_io_test_t8yr1e1e\sample.timeline.json
2026-09-16 15:27:46,278 [INFO] src.timeline.project_io: プロジェクト保存: C:\Users\evolu\AppData\Local\Temp\timeline_io_test_q9qwrywp\sample.timeline.json
2026-09-16 15:27:46,294 [WARNING] src.timeline.project_io: 編集点の区間が不正なため無視します: 20.000→15.000
2026-09-16 15:27:46,294 [WARNING] src.timeline.project_io: メディアの実体が見つかりません (1 件)。該当クリップを無効化します: m1
2026-09-16 15:27:46,314 [WARNING] src.timeline.project_io: 音声クリップ a1 のリンク先 no_such_clip が存在しないため除外します (該当区間は無音になります)
2026-09-16 15:27:46,318 [WARNING] src.timeline.project_io: トラック V1 でクリップ c2 が重複しているため 12.480 へ移動します
2026-09-16 15:27:46,364 [WARNING] src.timeline.project_io: クリップ c2 の尺 (0.001s) が下限 (0.050s) 未満のため除外します
2026-09-16 15:27:46,364 [WARNING] src.timeline.project_io: 音声クリップ a2 のリンク先 c2 が存在しないため除外します (該当区間は無音になります)
2026-09-16 15:27:46,608 [INFO] src.utils.trash: ゴミ箱へ移動しました (2 件)
2026-09-16 15:27:46,625 [WARNING] src.timeline.builder: 寸法の設定が不正なため既定 8000 を使用します: 0
2026-09-16 15:33:19,045 [WARNING] src.blur.config: 未知の blur.default_policy のため既定を使用します: なにか変な値
2026-09-16 15:33:19,045 [WARNING] src.blur.config: 未知の blur.render.mode のため既定を使用します: unknown
2026-09-16 15:33:19,045 [INFO] src.blur.tracker: 人物クラスタリング: tracklet 2 本 → 人物 2 人 (主役 p1)
2026-09-16 15:33:19,045 [INFO] src.blur.tracker: 人物クラスタリング: tracklet 2 本 → 人物 1 人 (主役 p1)
2026-09-16 15:33:19,045 [INFO] src.blur.tracker: 人物クラスタリング: tracklet 2 本 → 人物 2 人 (主役 p1)
2026-09-16 15:33:37,749 [WARNING] src.blur.config: 未知の blur.default_policy のため既定を使用します: なにか変な値
2026-09-16 15:33:37,749 [WARNING] src.blur.config: 未知の blur.render.mode のため既定を使用します: unknown
2026-09-16 15:33:37,749 [INFO] src.blur.tracker: 人物クラスタリング: tracklet 2 本 → 人物 2 人 (主役 p1)
2026-09-16 15:33:37,749 [INFO] src.blur.tracker: 人物クラスタリング: tracklet 2 本 → 人物 1 人 (主役 p1)
2026-09-16 15:33:37,749 [INFO] src.blur.tracker: 人物クラスタリング: tracklet 2 本 → 人物 2 人 (主役 p1)
2026-09-16 15:34:46,700 [WARNING] src.modules.blur_overlay: ぼかしマスクが見つからないため、ぼかしを省略します: 
2026-09-16 15:35:10,181 [WARNING] src.modules.blur_overlay: ぼかしマスクが見つからないため、ぼかしを省略します: 
2026-09-16 15:35:28,940 [WARNING] src.modules.blur_overlay: ぼかしマスクが見つからないため、ぼかしを省略します: 
2026-09-16 15:35:29,025 [INFO] src.blur.mask_builder: ぼかしマスク: 1200 フレーム / 480x270 / 対象 1 件
2026-09-16 15:35:35,203 [INFO] src.blur.mask_builder: ぼかしマスクを書き出しました: mask.mkv (0.4 MB)
2026-09-16 15:35:35,216 [INFO] src.blur.mask_builder: ぼかす対象が無いためマスクを作りません
2026-09-16 15:35:35,218 [INFO] src.blur.mask_builder: ぼかしマスク: 1200 フレーム / 270x480 / 対象 1 件
2026-09-16 15:35:46,870 [INFO] src.blur.mask_builder: ぼかしマスクを書き出しました: mask.mkv (0.4 MB)
2026-09-16 15:36:16,606 [INFO] src.blur.mask_builder: ぼかしマスク: 1200 フレーム / 480x270 / 対象 1 件
2026-09-16 15:36:17,180 [INFO] src.blur.mask_builder: ぼかしマスクを書き出しました: mask.mkv (0.4 MB)
2026-09-16 15:36:17,185 [INFO] src.blur.mask_builder: ぼかす対象が無いためマスクを作りません
2026-09-16 15:36:17,185 [INFO] src.blur.mask_builder: ぼかしマスク: 1200 フレーム / 270x480 / 対象 1 件
2026-09-16 15:36:17,732 [INFO] src.blur.mask_builder: ぼかしマスクを書き出しました: mask.mkv (0.4 MB)
2026-09-16 15:36:39,880 [WARNING] src.modules.blur_overlay: ぼかしマスクが見つからないため、ぼかしを省略します: 
2026-09-16 15:36:39,967 [INFO] src.blur.mask_builder: ぼかしマスク: 1200 フレーム / 480x270 / 対象 1 件
2026-09-16 15:36:40,530 [INFO] src.blur.mask_builder: ぼかしマスクを書き出しました: mask.mkv (0.4 MB)
2026-09-16 15:36:40,535 [INFO] src.blur.mask_builder: ぼかしマスク: 1200 フレーム / 480x270 / 対象 1 件
2026-09-16 15:36:41,099 [INFO] src.blur.mask_builder: ぼかしマスクを書き出しました: mask.mkv (0.4 MB)
2026-09-16 15:36:41,217 [INFO] src.blur.mask_builder: ぼかす対象が無いためマスクを作りません
2026-09-16 15:36:41,217 [INFO] src.blur.mask_builder: ぼかしマスク: 1200 フレーム / 270x480 / 対象 1 件
2026-09-16 15:36:41,794 [INFO] src.blur.mask_builder: ぼかしマスクを書き出しました: mask.mkv (0.4 MB)
2026-09-16 15:36:57,763 [WARNING] src.modules.blur_overlay: ぼかしマスクが見つからないため、ぼかしを省略します: 
2026-09-16 15:36:57,843 [INFO] src.blur.mask_builder: ぼかしマスク: 1200 フレーム / 480x270 / 対象 1 件
2026-09-16 15:36:58,419 [INFO] src.blur.mask_builder: ぼかしマスクを書き出しました: mask.mkv (0.4 MB)
2026-09-16 15:36:58,419 [INFO] src.blur.mask_builder: ぼかしマスク: 1200 フレーム / 480x270 / 対象 1 件
2026-09-16 15:36:58,986 [INFO] src.blur.mask_builder: ぼかしマスクを書き出しました: mask.mkv (0.4 MB)
2026-09-16 15:36:59,075 [INFO] src.blur.mask_builder: ぼかす対象が無いためマスクを作りません
2026-09-16 15:36:59,092 [INFO] src.blur.mask_builder: ぼかしマスク: 1200 フレーム / 270x480 / 対象 1 件
2026-09-16 15:36:59,689 [INFO] src.blur.mask_builder: ぼかしマスクを書き出しました: mask.mkv (0.4 MB)
2026-09-16 15:37:06,640 [INFO] src.archive.timeline_builder: アーカイブ Timeline 構築: 2 クリップ / V1 2 本 / S1 0 件 / 全長 60.0s
2026-09-16 15:37:06,640 [INFO] src.archive.timeline_builder: アーカイブ Timeline 構築: 2 クリップ / V1 2 本 / S1 0 件 / 全長 60.0s
2026-09-16 15:37:06,640 [WARNING] src.archive.marker_source: VOD 外のマーカーを 2 件除外しました (尺 7200.0s)
2026-09-16 15:37:06,650 [INFO] src.archive.clip_writer: clip1 prepare 完了 (字幕 2 件)
2026-09-16 15:37:06,652 [INFO] src.archive.clip_writer: clip1 prepare 完了 (字幕 2 件)
2026-09-16 15:37:06,654 [INFO] src.archive.clip_writer: 編集点準備: 残す区間 2 件 / 想定尺 10.00s (素材 30.00s)
2026-09-16 15:37:06,654 [INFO] src.archive.clip_writer: clip1 prepare 完了 (字幕 2 件 / 実カットなし)
2026-09-16 15:37:06,654 [INFO] src.archive.clip_writer: 編集点準備: 残す区間 2 件 / 想定尺 10.00s (素材 30.00s)
2026-09-16 15:37:06,654 [INFO] src.archive.clip_writer: clip1 prepare 完了 (字幕 2 件 / 実カットなし)
2026-09-16 15:37:06,658 [INFO] src.archive.clip_writer: 編集点準備: 残す区間 2 件 / 想定尺 10.00s (素材 30.00s)
2026-09-16 15:37:06,658 [INFO] src.archive.clip_writer: clip1 prepare 完了 (字幕 2 件 / 実カットなし)
2026-09-16 15:37:06,658 [INFO] src.archive.clip_writer: 編集点準備: 残す区間 2 件 / 想定尺 10.00s (素材 30.00s)
2026-09-16 15:37:06,658 [INFO] src.archive.clip_writer: clip1 prepare 完了 (字幕 2 件 / 実カットなし)
2026-09-16 15:37:06,658 [INFO] src.archive.clip_writer: 編集点準備: 残す区間 2 件 / 想定尺 10.00s (素材 30.00s)
2026-09-16 15:37:06,658 [INFO] src.archive.clip_writer: clip1 prepare 完了 (字幕 2 件 / 実カットなし)
2026-09-16 15:37:06,658 [INFO] src.archive.clip_writer: 編集点準備: 残す区間 2 件 / 想定尺 10.00s (素材 30.00s)
2026-09-16 15:37:06,663 [INFO] src.archive.clip_writer: clip1 prepare 完了 (字幕 2 件 / 実カットなし)
2026-09-16 15:37:06,663 [INFO] src.archive.clip_writer: 編集点準備: 残す区間 2 件 / 想定尺 10.00s (素材 30.00s)
2026-09-16 15:37:06,663 [INFO] src.archive.clip_writer: clip1 prepare 完了 (字幕 0 件 / 実カットなし)
2026-09-16 15:37:06,665 [INFO] src.archive.clip_writer: 編集点準備: 残す区間 2 件 / 想定尺 10.00s (素材 30.00s)
2026-09-16 15:37:06,665 [INFO] src.timeline.project_io: プロジェクト保存: C:\Users\evolu\AppData\Local\Temp\archive_resume_k_3c018a\vod.archive.timeline.json
2026-09-16 15:37:06,672 [INFO] src.timeline.project_io: プロジェクト読込: C:\Users\evolu\AppData\Local\Temp\archive_resume_k_3c018a\vod.archive.timeline.json
2026-09-16 15:37:06,688 [INFO] src.timeline.project_io: プロジェクト保存: C:\Users\evolu\AppData\Local\Temp\archive_resume_2_434fyo\vod.archive.timeline.json
2026-09-16 15:37:06,690 [INFO] src.timeline.project_io: プロジェクト保存: C:\Users\evolu\AppData\Local\Temp\archive_resume_2_434fyo\clip.timeline.json
2026-09-16 15:37:06,690 [INFO] src.archive.project_resume: ==================================================
2026-09-16 15:37:06,690 [INFO] src.archive.project_resume: 保存済みアーカイブプロジェクトから再開: C:\Users\evolu\AppData\Local\Temp\archive_resume_2_434fyo\clip.timeline.json
2026-09-16 15:37:06,711 [INFO] src.timeline.project_io: プロジェクト読込: C:\Users\evolu\AppData\Local\Temp\archive_resume_2_434fyo\clip.timeline.json
2026-09-16 15:37:06,716 [INFO] src.timeline.project_io: プロジェクト保存: C:\Users\evolu\AppData\Local\Temp\archive_resume_gnsksst0\vod.archive.timeline.json
2026-09-16 15:37:06,720 [INFO] src.timeline.project_io: プロジェクト読込: C:\Users\evolu\AppData\Local\Temp\archive_resume_gnsksst0\vod.archive.timeline.json
2026-09-16 15:37:06,732 [INFO] src.archive.project_resume: 音声サイドカーが無いため clip1 の正規化をやり直します
2026-09-16 15:37:06,734 [INFO] src.archive.project_resume: 音声サイドカーが無いため clip2 の正規化をやり直します
2026-09-16 15:37:06,734 [INFO] src.timeline.project_io: プロジェクト保存: C:\Users\evolu\AppData\Local\Temp\archive_resume_f0h7tscq\vod.archive.timeline.json
2026-09-16 15:37:06,748 [INFO] src.timeline.project_io: プロジェクト読込: C:\Users\evolu\AppData\Local\Temp\archive_resume_f0h7tscq\vod.archive.timeline.json
2026-09-16 15:37:06,748 [INFO] src.archive.project_resume: 音声サイドカーが無いため clip1 の正規化をやり直します
2026-09-16 15:37:06,748 [INFO] src.archive.project_resume: 音声サイドカーが無いため clip2 の正規化をやり直します
2026-09-16 15:37:06,748 [INFO] src.timeline.project_io: プロジェクト保存: C:\Users\evolu\AppData\Local\Temp\archive_resume_8k2kghzx\vod.archive.timeline.json
2026-09-16 15:37:06,748 [INFO] src.archive.project_resume: ==================================================
2026-09-16 15:37:06,748 [INFO] src.archive.project_resume: 保存済みアーカイブプロジェクトから再開: C:\Users\evolu\AppData\Local\Temp\archive_resume_8k2kghzx\no_such.timeline.json
2026-09-16 15:37:06,748 [INFO] src.timeline.project_io: プロジェクト保存: C:\Users\evolu\AppData\Local\Temp\archive_resume_q9v6mdwj\vod.archive.timeline.json
2026-09-16 15:37:06,766 [INFO] src.timeline.project_io: プロジェクト読込: C:\Users\evolu\AppData\Local\Temp\archive_resume_q9v6mdwj\vod.archive.timeline.json
2026-09-16 15:37:06,779 [INFO] src.timeline.project_io: プロジェクト保存: C:\Users\evolu\AppData\Local\Temp\archive_resume_vfrx09te\vod.archive.timeline.json
2026-09-16 15:37:06,785 [INFO] src.timeline.project_io: プロジェクト読込: C:\Users\evolu\AppData\Local\Temp\archive_resume_vfrx09te\vod.archive.timeline.json
2026-09-16 15:37:06,795 [INFO] src.archive.project_resume: 設定に従い切り出したままの音量で使います: clip1
2026-09-16 15:37:06,796 [INFO] src.archive.project_resume: 設定に従い切り出したままの音量で使います: clip2
2026-09-16 15:37:06,797 [WARNING] src.timeline.media_sidecar: 音声サイドカーの尺が保存値と合いません (100.00s / 期待 103.00s) → 使いません
2026-09-16 15:37:06,797 [INFO] src.archive.timeline_builder: アーカイブ Timeline 構築: 2 クリップ / V1 2 本 / S1 0 件 / 全長 200.0s
2026-09-16 15:37:06,797 [INFO] src.archive.timeline_builder: セクション追加: clip3 を 200.00s へ挿入 (VOD 900.0-950.0 / 尺 50.00s)
2026-09-16 15:37:06,798 [INFO] src.archive.timeline_builder: アーカイブ Timeline 構築: 2 クリップ / V1 2 本 / S1 0 件 / 全長 200.0s
2026-09-16 15:37:06,798 [INFO] src.timeline.commands: 貼り付けの割り込み: V1 の 0.000s へ 50.00s を確保 / 移動 2 件・分割 0 件・切詰 0 件
2026-09-16 15:37:06,798 [INFO] src.timeline.commands: 貼り付けの割り込み: S1 の 0.000s へ 50.00s を確保 / 移動 0 件・分割 0 件・切詰 0 件
2026-09-16 15:37:06,798 [INFO] src.archive.timeline_builder: セクション追加: clip3 を 0.00s へ挿入 (VOD 0.0-50.0 / 尺 50.00s)
2026-09-16 15:37:06,798 [INFO] src.archive.timeline_builder: アーカイブ Timeline 構築: 2 クリップ / V1 2 本 / S1 0 件 / 全長 200.0s
2026-09-16 15:37:06,798 [INFO] src.timeline.commands: 貼り付けの割り込み: V1 の 100.000s へ 50.00s を確保 / 移動 1 件・分割 0 件・切詰 0 件
2026-09-16 15:37:06,798 [INFO] src.timeline.commands: 貼り付けの割り込み: S1 の 100.000s へ 50.00s を確保 / 移動 0 件・分割 0 件・切詰 0 件
2026-09-16 15:37:06,798 [INFO] src.archive.timeline_builder: セクション追加: clip3 を 100.00s へ挿入 (VOD 250.0-300.0 / 尺 50.00s)
2026-09-16 15:37:06,798 [INFO] src.archive.timeline_builder: アーカイブ Timeline 構築: 3 クリップ / V1 3 本 / S1 0 件 / 全長 300.0s
2026-09-16 15:37:06,798 [INFO] src.timeline.commands: 貼り付けの割り込み: V1 の 100.000s へ 50.00s を確保 / 移動 2 件・分割 0 件・切詰 0 件
2026-09-16 15:37:06,798 [INFO] src.timeline.commands: 貼り付けの割り込み: S1 の 100.000s へ 50.00s を確保 / 移動 0 件・分割 0 件・切詰 0 件
2026-09-16 15:37:06,798 [INFO] src.archive.timeline_builder: セクション追加: clip4 を 100.00s へ挿入 (VOD 250.0-300.0 / 尺 50.00s)
2026-09-16 15:37:06,799 [INFO] src.timeline.commands: 貼り付けの割り込み: V1 の 0.000s へ 50.00s を確保 / 移動 4 件・分割 0 件・切詰 0 件
2026-09-16 15:37:06,799 [INFO] src.timeline.commands: 貼り付けの割り込み: S1 の 0.000s へ 50.00s を確保 / 移動 0 件・分割 0 件・切詰 0 件
2026-09-16 15:37:06,799 [INFO] src.archive.timeline_builder: セクション追加: clip5 を 0.00s へ挿入 (VOD 0.0-50.0 / 尺 50.00s)
2026-09-16 15:37:06,799 [INFO] src.archive.timeline_builder: セクション追加: clip6 を 400.00s へ挿入 (VOD 900.0-950.0 / 尺 50.00s)
2026-09-16 15:37:06,799 [INFO] src.archive.timeline_builder: アーカイブ Timeline 構築: 1 クリップ / V1 1 本 / S1 0 件 / 全長 100.0s
2026-09-16 15:37:06,799 [INFO] src.archive.timeline_builder: セクション追加: clip2 を 100.00s へ挿入 (VOD 300.0-400.0 / 尺 100.00s)
2026-09-16 15:37:06,799 [INFO] src.archive.timeline_builder: アーカイブ Timeline 構築: 3 クリップ / V1 3 本 / S1 0 件 / 全長 300.0s
2026-09-16 15:37:06,799 [INFO] src.timeline.commands: 貼り付けの割り込み: V1 の 100.000s へ 50.00s を確保 / 移動 2 件・分割 0 件・切詰 0 件
2026-09-16 15:37:06,799 [INFO] src.timeline.commands: 貼り付けの割り込み: S1 の 100.000s へ 50.00s を確保 / 移動 0 件・分割 0 件・切詰 0 件
2026-09-16 15:37:06,799 [INFO] src.archive.timeline_builder: セクション追加: clip4 を 100.00s へ挿入 (VOD 250.0-300.0 / 尺 50.00s)
2026-09-16 15:37:06,800 [INFO] src.archive.timeline_builder: アーカイブ Timeline 構築: 2 クリップ / V1 2 本 / S1 0 件 / 全長 200.0s
2026-09-16 15:37:06,800 [INFO] src.archive.timeline_builder: セクション追加: clip3 を 200.00s へ挿入 (VOD 900.0-950.0 / 尺 50.00s)
2026-09-16 15:37:06,800 [INFO] src.archive.timeline_builder: アーカイブ Timeline 構築: 2 クリップ / V1 2 本 / S1 0 件 / 全長 200.0s
2026-09-16 15:37:06,800 [INFO] src.archive.timeline_builder: アーカイブ Timeline 構築: 1 クリップ / V1 1 本 / S1 0 件 / 全長 100.0s
2026-09-16 15:37:06,800 [INFO] src.archive.timeline_builder: セクション追加: clip2 を 100.00s へ挿入 (VOD 450.0-600.0 / 尺 150.00s)
2026-09-16 15:37:06,800 [INFO] src.archive.timeline_builder: アーカイブ Timeline 構築: 2 クリップ / V1 2 本 / S1 0 件 / 全長 200.0s
2026-09-16 15:37:06,800 [INFO] src.archive.timeline_builder: セクション追加: clip3 を 200.00s へ挿入 (VOD 500.0-600.0 / 尺 100.00s)
2026-09-16 15:37:06,800 [INFO] src.archive.timeline_builder: セクション統合: clip2 へ 1 件を畳み込み (VOD 400.0-600.0)
2026-09-16 15:37:06,801 [INFO] src.archive.timeline_builder: アーカイブ Timeline 構築: 2 クリップ / V1 2 本 / S1 0 件 / 全長 200.0s
2026-09-16 15:37:06,801 [INFO] src.archive.timeline_builder: セクション追加: clip3 を 200.00s へ挿入 (VOD 500.0-600.0 / 尺 100.00s)
2026-09-16 15:37:06,801 [INFO] src.archive.timeline_builder: セクション統合: clip2 へ 1 件を畳み込み (VOD 400.0-600.0)
2026-09-16 15:37:06,801 [INFO] src.archive.timeline_builder: アーカイブ Timeline 構築: 3 クリップ / V1 3 本 / S1 0 件 / 全長 300.0s
2026-09-16 15:37:06,801 [INFO] src.timeline.commands: 貼り付けの割り込み: V1 の 200.000s へ 100.00s を確保 / 移動 1 件・分割 0 件・切詰 0 件
2026-09-16 15:37:06,801 [INFO] src.timeline.commands: 貼り付けの割り込み: S1 の 200.000s へ 100.00s を確保 / 移動 0 件・分割 0 件・切詰 0 件
2026-09-16 15:37:06,801 [INFO] src.archive.timeline_builder: セクション追加: clip4 を 200.00s へ挿入 (VOD 500.0-600.0 / 尺 100.00s)
2026-09-16 15:37:06,801 [INFO] src.archive.timeline_builder: セクション統合: clip2 へ 1 件を畳み込み (VOD 400.0-600.0)
2026-09-16 15:37:06,801 [INFO] src.archive.timeline_builder: アーカイブ Timeline 構築: 3 クリップ / V1 3 本 / S1 0 件 / 全長 300.0s
2026-09-16 15:37:06,801 [INFO] src.timeline.commands: 貼り付けの割り込み: V1 の 100.000s へ 200.00s を確保 / 移動 2 件・分割 0 件・切詰 0 件
2026-09-16 15:37:06,801 [INFO] src.timeline.commands: 貼り付けの割り込み: S1 の 100.000s へ 200.00s を確保 / 移動 0 件・分割 0 件・切詰 0 件
2026-09-16 15:37:06,801 [INFO] src.archive.timeline_builder: セクション追加: clip4 を 100.00s へ挿入 (VOD 200.0-400.0 / 尺 200.00s)
2026-09-16 15:37:06,801 [INFO] src.timeline.commands: 貼り付けの割り込み: V1 の 400.000s へ 200.00s を確保 / 移動 1 件・分割 0 件・切詰 0 件
2026-09-16 15:37:06,801 [INFO] src.timeline.commands: 貼り付けの割り込み: S1 の 400.000s へ 200.00s を確保 / 移動 0 件・分割 0 件・切詰 0 件
2026-09-16 15:37:06,801 [INFO] src.archive.timeline_builder: セクション追加: clip5 を 400.00s へ挿入 (VOD 500.0-700.0 / 尺 200.00s)
2026-09-16 15:37:06,802 [INFO] src.archive.timeline_builder: セクション統合: clip1 へ 4 件を畳み込み (VOD 100.0-800.0)
2026-09-16 15:37:06,802 [INFO] src.archive.timeline_builder: アーカイブ Timeline 構築: 1 クリップ / V1 1 本 / S1 0 件 / 全長 100.0s
2026-09-16 15:37:06,802 [INFO] src.archive.timeline_builder: セクション追加: clip2 を 100.00s へ挿入 (VOD 200.0-300.0 / 尺 100.00s)
2026-09-16 15:37:06,802 [INFO] src.archive.timeline_builder: セクション統合: clip1 へ 1 件を畳み込み (VOD 100.0-300.0)
2026-09-16 15:37:06,802 [INFO] src.archive.timeline_builder: アーカイブ Timeline 構築: 2 クリップ / V1 2 本 / S1 0 件 / 全長 200.0s
2026-09-16 15:37:06,802 [INFO] src.timeline.commands: 貼り付けの割り込み: V1 の 100.000s へ 50.00s を確保 / 移動 1 件・分割 0 件・切詰 0 件
2026-09-16 15:37:06,802 [INFO] src.timeline.commands: 貼り付けの割り込み: S1 の 100.000s へ 50.00s を確保 / 移動 0 件・分割 0 件・切詰 0 件
2026-09-16 15:37:06,802 [INFO] src.archive.timeline_builder: セクション追加: clip3 を 100.00s へ挿入 (VOD 250.0-300.0 / 尺 50.00s)
2026-09-16 15:37:06,802 [INFO] src.archive.timeline_builder: アーカイブ Timeline 構築: 2 クリップ / V1 2 本 / S1 0 件 / 全長 200.0s
2026-09-16 15:37:06,803 [INFO] src.archive.timeline_builder: セクション追加: clip3 を 200.00s へ挿入 (VOD 500.0-600.0 / 尺 100.00s)
2026-09-16 15:37:06,803 [INFO] src.archive.timeline_builder: セクション統合: clip2 へ 1 件を畳み込み (VOD 400.0-600.0)
2026-09-16 15:37:06,803 [INFO] src.archive.timeline_builder: アーカイブ Timeline 構築: 3 クリップ / V1 3 本 / S1 0 件 / 全長 300.0s
2026-09-16 15:37:06,803 [INFO] src.timeline.commands: 貼り付けの割り込み: V1 の 100.000s へ 50.00s を確保 / 移動 2 件・分割 0 件・切詰 0 件
2026-09-16 15:37:06,803 [INFO] src.timeline.commands: 貼り付けの割り込み: S1 の 100.000s へ 50.00s を確保 / 移動 0 件・分割 0 件・切詰 0 件
2026-09-16 15:37:06,803 [INFO] src.archive.timeline_builder: セクション追加: clip4 を 100.00s へ挿入 (VOD 250.0-300.0 / 尺 50.00s)
2026-09-16 15:37:06,803 [INFO] src.archive.timeline_builder: アーカイブ Timeline 構築: 1 クリップ / V1 1 本 / S1 0 件 / 全長 30.0s
2026-09-16 15:37:06,803 [INFO] src.archive.timeline_builder: アーカイブ Timeline 構築: 1 クリップ / V1 1 本 / S1 0 件 / 全長 30.0s
2026-09-16 15:37:06,803 [INFO] src.archive.timeline_builder: アーカイブ Timeline 構築: 1 クリップ / V1 1 本 / S1 0 件 / 全長 30.0s
2026-09-16 15:37:06,804 [INFO] src.archive.timeline_builder: アーカイブ Timeline 構築: 1 クリップ / V1 1 本 / S1 0 件 / 全長 30.0s
2026-09-16 15:37:06,804 [INFO] src.archive.timeline_builder: アーカイブ Timeline 構築: 1 クリップ / V1 1 本 / S1 0 件 / 全長 30.0s
2026-09-16 15:37:06,804 [INFO] src.archive.timeline_builder: アーカイブ Timeline 構築: 3 クリップ / V1 6 本 / S1 6 件 / 全長 30.0s
2026-09-16 15:37:06,804 [INFO] src.archive.timeline_builder: アーカイブ Timeline 構築: 3 クリップ / V1 6 本 / S1 6 件 / 全長 30.0s
2026-09-16 15:37:06,804 [INFO] src.archive.timeline_builder: アーカイブ Timeline 構築: 3 クリップ / V1 6 本 / S1 6 件 / 全長 30.0s
2026-09-16 15:37:06,804 [INFO] src.archive.timeline_builder: アーカイブ Timeline 構築: 3 クリップ / V1 6 本 / S1 6 件 / 全長 30.0s
2026-09-16 15:37:06,805 [INFO] src.archive.timeline_builder: アーカイブ Timeline 構築: 3 クリップ / V1 6 本 / S1 6 件 / 全長 30.0s
2026-09-16 15:37:06,805 [INFO] src.archive.timeline_builder: アーカイブ Timeline 構築: 3 クリップ / V1 6 本 / S1 6 件 / 全長 30.0s
2026-09-16 15:37:06,805 [INFO] src.archive.timeline_builder: アーカイブ Timeline 構築: 3 クリップ / V1 6 本 / S1 6 件 / 全長 30.0s
2026-09-16 15:37:06,805 [INFO] src.archive.timeline_builder: アーカイブ Timeline 構築: 3 クリップ / V1 6 本 / S1 6 件 / 全長 30.0s
2026-09-16 15:37:06,805 [INFO] src.archive.timeline_builder: アーカイブ Timeline 構築: 3 クリップ / V1 6 本 / S1 6 件 / 全長 30.0s
2026-09-16 15:37:06,806 [INFO] src.archive.timeline_builder: アーカイブ Timeline 構築: 1 クリップ / V1 1 本 / S1 2 件 / 全長 30.0s
2026-09-16 15:37:06,806 [INFO] src.archive.timeline_builder: clip1: クリップ終端で打ち切った字幕 1 件 / 載せなかった字幕 0 件
2026-09-16 15:37:06,806 [INFO] src.archive.timeline_builder: clip2: クリップ終端で打ち切った字幕 1 件 / 載せなかった字幕 0 件
2026-09-16 15:37:06,806 [INFO] src.archive.timeline_builder: clip3: クリップ終端で打ち切った字幕 1 件 / 載せなかった字幕 0 件
2026-09-16 15:37:06,806 [INFO] src.archive.timeline_builder: アーカイブ Timeline 構築: 3 クリップ / V1 6 本 / S1 3 件 / 全長 30.0s
2026-09-16 15:37:06,806 [INFO] src.archive.timeline_builder: clip1: クリップ終端で打ち切った字幕 1 件 / 載せなかった字幕 0 件
2026-09-16 15:37:06,806 [INFO] src.archive.timeline_builder: アーカイブ Timeline 構築: 2 クリップ / V1 4 本 / S1 3 件 / 全長 20.0s
2026-09-16 15:37:06,806 [INFO] src.archive.timeline_builder: clip1: クリップ終端で打ち切った字幕 1 件 / 載せなかった字幕 1 件
2026-09-16 15:37:06,806 [INFO] src.archive.timeline_builder: アーカイブ Timeline 構築: 2 クリップ / V1 4 本 / S1 2 件 / 全長 20.0s
2026-09-16 15:37:06,806 [INFO] src.archive.timeline_builder: clip1: クリップ終端で打ち切った字幕 1 件 / 載せなかった字幕 0 件
2026-09-16 15:37:06,807 [INFO] src.archive.timeline_builder: clip2: クリップ終端で打ち切った字幕 1 件 / 載せなかった字幕 0 件
2026-09-16 15:37:06,807 [INFO] src.archive.timeline_builder: アーカイブ Timeline 構築: 2 クリップ / V1 4 本 / S1 2 件 / 全長 20.0s
2026-09-16 15:37:06,807 [INFO] src.archive.timeline_builder: アーカイブ Timeline 構築: 3 クリップ / V1 6 本 / S1 6 件 / 全長 30.0s
2026-09-16 15:37:06,807 [INFO] src.archive.timeline_builder: アーカイブ Timeline 構築: 3 クリップ / V1 6 本 / S1 6 件 / 全長 30.0s
2026-09-16 15:37:06,807 [INFO] src.archive.timeline_builder: アーカイブ Timeline 構築: 3 クリップ / V1 6 本 / S1 6 件 / 全長 30.0s
2026-09-16 15:37:06,808 [INFO] src.archive.timeline_builder: アーカイブ Timeline 構築: 3 クリップ / V1 6 本 / S1 6 件 / 全長 30.0s
2026-09-16 15:37:06,808 [INFO] src.archive.timeline_builder: アーカイブ Timeline 構築: 3 クリップ / V1 6 本 / S1 6 件 / 全長 30.0s
2026-09-16 15:37:06,808 [INFO] src.archive.timeline_builder: アーカイブ Timeline 構築: 3 クリップ / V1 6 本 / S1 6 件 / 全長 30.0s
2026-09-16 15:37:06,809 [INFO] src.archive.timeline_builder: アーカイブ Timeline 構築: 3 クリップ / V1 6 本 / S1 6 件 / 全長 30.0s
2026-09-16 15:37:06,809 [INFO] src.archive.timeline_builder: clip2 は使用しないため書き出しから除外します
2026-09-16 15:37:06,809 [INFO] src.archive.timeline_builder: アーカイブ Timeline 構築: 3 クリップ / V1 6 本 / S1 6 件 / 全長 30.0s
2026-09-16 15:37:06,809 [INFO] src.archive.timeline_builder: アーカイブ Timeline 構築: 3 クリップ / V1 6 本 / S1 6 件 / 全長 30.0s
2026-09-16 15:37:06,809 [INFO] src.archive.timeline_builder: アーカイブ Timeline 構築: 3 クリップ / V1 6 本 / S1 6 件 / 全長 30.0s
2026-09-16 15:37:06,810 [INFO] src.archive.timeline_builder: アーカイブ Timeline 構築: 3 クリップ / V1 6 本 / S1 6 件 / 全長 30.0s
2026-09-16 15:37:06,810 [INFO] src.archive.timeline_builder: アーカイブ Timeline 構築: 3 クリップ / V1 6 本 / S1 6 件 / 全長 30.0s
2026-09-16 15:37:06,811 [INFO] src.archive.timeline_builder: アーカイブ Timeline 構築: 3 クリップ / V1 6 本 / S1 6 件 / 全長 30.0s
2026-09-16 15:37:06,811 [WARNING] src.blur.config: 未知の blur.default_policy のため既定を使用します: なにか変な値
2026-09-16 15:37:06,811 [WARNING] src.blur.config: 未知の blur.render.mode のため既定を使用します: unknown
2026-09-16 15:37:06,812 [INFO] src.blur.tracker: 人物クラスタリング: tracklet 2 本 → 人物 2 人 (主役 p1)
2026-09-16 15:37:06,814 [INFO] src.blur.tracker: 人物クラスタリング: tracklet 2 本 → 人物 1 人 (主役 p1)
2026-09-16 15:37:06,814 [INFO] src.blur.tracker: 人物クラスタリング: tracklet 2 本 → 人物 2 人 (主役 p1)
2026-09-16 15:37:06,817 [WARNING] src.modules.blur_overlay: ぼかしマスクが見つからないため、ぼかしを省略します: 
2026-09-16 15:37:06,824 [INFO] src.blur.mask_builder: ぼかしマスク: 1200 フレーム / 480x270 / 対象 1 件
2026-09-16 15:37:07,404 [INFO] src.blur.mask_builder: ぼかしマスクを書き出しました: mask.mkv (0.4 MB)
2026-09-16 15:37:07,414 [INFO] src.blur.mask_builder: ぼかしマスク: 1200 フレーム / 480x270 / 対象 1 件
2026-09-16 15:37:07,965 [INFO] src.blur.mask_builder: ぼかしマスクを書き出しました: mask.mkv (0.4 MB)
2026-09-16 15:37:08,092 [INFO] src.blur.mask_builder: ぼかす対象が無いためマスクを作りません
2026-09-16 15:37:08,092 [INFO] src.blur.mask_builder: ぼかしマスク: 1200 フレーム / 270x480 / 対象 1 件
2026-09-16 15:37:08,674 [INFO] src.blur.mask_builder: ぼかしマスクを書き出しました: mask.mkv (0.4 MB)
2026-09-16 15:37:09,733 [INFO] src.modules.subtitle_generator: 縦動画のため字幕設定を縦用へ上書き (font/改行/配置/余白)
2026-09-16 15:37:09,733 [WARNING] src.modules.comment_decor: コメント背景がキャンバスに収まらないため詰めました (推定幅 1181px / 使える幅 1080px)。font_size か max_line_length を下げると解消します
2026-09-16 15:37:09,733 [INFO] src.modules.comment_decor: コメントアイコン: 2 件 / 位置 2 種類
2026-09-16 15:37:09,733 [INFO] src.modules.comment_decor: コメントアイコン: 2 件 / 位置 1 種類
2026-09-16 15:37:09,733 [INFO] src.modules.comment_decor: コメントアイコン: 1 件 / 位置 1 種類
2026-09-16 15:37:09,733 [INFO] src.modules.subtitle_generator: 縦動画のため字幕設定を縦用へ上書き (font/改行/配置/余白)
2026-09-16 15:37:09,733 [WARNING] src.modules.comment_decor: コメントアイコンがキャンバスに収まらないため位置を詰めました (要求 x=-190.0 y=465.0 → x=0.0 y=465.0)。subtitle.comment_margin_l を大きくすると解消します
2026-09-16 15:37:09,733 [INFO] src.modules.subtitle_generator: コメント背景: 1 件
2026-09-16 15:37:09,746 [WARNING] src.modules.subtitle_generator: コメントの Layer が逆転しているため本文を 6 へ引き上げます (背景=5 / 本文=1)
2026-09-16 15:37:09,746 [INFO] src.modules.subtitle_generator: コメント背景: 1 件
2026-09-16 15:37:09,751 [WARNING] src.modules.subtitle_generator: コメントの配置は左寄せ (1/4/7) のみ対応のため 4 を使用します: 2
2026-09-16 15:37:09,751 [INFO] src.modules.subtitle_generator: 縦動画のため字幕設定を縦用へ上書き (font/改行/配置/余白)
2026-09-16 15:37:09,751 [WARNING] src.export.fcpxml_builder: タイムライン終端を超える字幕をクリップ末尾へクランプしました (丸め誤差の端数など)。
2026-09-16 15:37:09,765 [INFO] src.modules.loudness_normalizer: 入力ラウドネス: I=-9.2 LUFS / TP=-0.3 dBTP / LRA=5.1 LU → 目標 I=-14.0 LUFS / TP=-1.0 dBTP (offset 0.4 dB)
2026-09-16 15:37:09,770 [ERROR] src.modules.loudness_normalizer: ラウドネス正規化の適用に失敗 (元音声のまま継続): in.mp4
Traceback (most recent call last):
  File "D:\develop\autoedit\src\modules\loudness_normalizer.py", line 219, in normalize_file
    ffmpeg_runner.execute(
  File "C:\Users\evolu\AppData\Local\Programs\Python\Python312\Lib\unittest\mock.py", line 1139, in __call__
    return self._mock_call(*args, **kwargs)
           ^^^^^^^^^^^^^^^^^^^^^^^^^^^^^^^^
  File "C:\Users\evolu\AppData\Local\Programs\Python\Python312\Lib\unittest\mock.py", line 1143, in _mock_call
    return self._execute_mock_call(*args, **kwargs)
           ^^^^^^^^^^^^^^^^^^^^^^^^^^^^^^^^^^^^^^^^
  File "C:\Users\evolu\AppData\Local\Programs\Python\Python312\Lib\unittest\mock.py", line 1198, in _execute_mock_call
    raise effect
src.exceptions.FFmpegError: 失敗
2026-09-16 15:37:09,771 [INFO] src.modules.loudness_normalizer: ラウドネス正規化は無効のためスキップ
2026-09-16 15:37:09,772 [WARNING] src.modules.loudness_normalizer: ラウドネス測定に失敗したため正規化をスキップ (元音声のまま継続): in.mp4
2026-09-16 15:37:09,772 [INFO] src.modules.loudness_normalizer: 音声ストリームが無いためラウドネス正規化をスキップ: in.mp4
2026-09-16 15:37:09,777 [INFO] src.modules.loudness_normalizer: ラウドネス正規化 完了: out.mp4
2026-09-16 15:37:09,777 [INFO] src.modules.loudness_normalizer: 入力ラウドネス: I=-9.2 LUFS / TP=-0.3 dBTP / LRA=5.1 LU → 目標 I=-14.0 LUFS / TP=-1.0 dBTP (offset 0.4 dB)
2026-09-16 15:37:09,794 [INFO] src.modules.loudness_normalizer: ラウドネス正規化 完了: out.mp4
2026-09-16 15:37:09,799 [INFO] src.timeline.media_recovery: 本編素材を元動画から作り直します: C:\Users\evolu\AppData\Local\Temp\media_recovery_test_4kg5l7fw\sample.mp4
2026-09-16 15:37:09,805 [WARNING] src.timeline.media_recovery: 素材が見つかりません: m2 (C:\Users\evolu\AppData\Local\Temp\media_recovery_test_cfptv3uq\gone.png)
2026-09-16 15:37:09,816 [INFO] src.timeline.media_recovery: 素材を差し替え済みのフォルダで見つけました: m3 → C:\Users\evolu\AppData\Local\Temp\media_recovery_test_rng5462b\moved\logo2.png
2026-09-16 15:37:09,823 [INFO] src.timeline.media_recovery: 本編素材を元動画から作り直します: C:\Users\evolu\AppData\Local\Temp\media_recovery_test_bqqj8_rw\sample.mp4
2026-09-16 15:37:09,826 [WARNING] src.timeline.media_recovery: 元動画が見つからないため本編素材を復旧できません: C:\Users\evolu\AppData\Local\Temp\media_recovery_test_vzl2ppqt\no_such_input.mp4
2026-09-16 15:37:09,826 [WARNING] src.timeline.media_recovery: 素材が見つかりません: m1 (C:\Users\evolu\AppData\Local\Temp\media_recovery_test_vzl2ppqt\work\loudness_normalized.mp4)
2026-09-16 15:37:09,826 [INFO] src.timeline.media_recovery: 本編素材は元動画そのものだったため、そのまま使います: C:\Users\evolu\AppData\Local\Temp\media_recovery_test_oni5mlry\sample.mp4
2026-09-16 15:37:09,839 [INFO] src.timeline.media_recovery: 素材を相対パスで見つけました: m2 → C:\Users\evolu\AppData\Local\Temp\media_recovery_test_u523_vvf\assets\logo.png
2026-09-16 15:37:09,846 [INFO] src.timeline.media_recovery: 設定に従い元動画をそのまま使います (音量は正規化前): C:\Users\evolu\AppData\Local\Temp\media_recovery_test_3gll1jhz\sample.mp4
2026-09-16 15:37:09,846 [INFO] src.services.points: ポイントを予約しました: clip/video 25pt (watermark=False)
2026-09-16 15:37:09,846 [WARNING] src.services.points: ポイント残高を取得できませんでした: 断
2026-09-16 15:37:09,858 [INFO] src.services.points: ポイントを予約しました: clip/video 25pt (watermark=False)
2026-09-16 15:37:09,858 [WARNING] src.services.points: ポイントのcommitを送信できませんでした (再送します): 接続できません
2026-09-16 15:37:09,877 [INFO] src.services.points: ポイントを予約しました: clip/video 25pt (watermark=False)
2026-09-16 15:37:09,883 [WARNING] src.services.points: ポイントのcommitを送信できませんでした (再送します): 断
2026-09-16 15:37:09,889 [INFO] src.services.points: 保留していたポイント処理を 2 件送信しました。
2026-09-16 15:37:09,895 [WARNING] src.services.points: ポイントを予約できませんでした: 再ログインが必要です。
2026-09-16 15:37:09,899 [INFO] src.services.points: ポイントを予約しました: clip/video 25pt (watermark=False)
2026-09-16 15:37:09,899 [WARNING] src.services.points: ポイントのcancelが拒否されました: 確定済み
2026-09-16 15:37:09,902 [INFO] src.services.points: 保留していたポイント処理を 1 件送信しました。
2026-09-16 15:37:09,902 [INFO] src.services.points: ポイントを予約しました: clip/video 25pt (watermark=False)
2026-09-16 15:37:09,920 [INFO] src.services.points: サブスク判定のキャッシュが古いため watermark を入れます。
2026-09-16 15:37:09,920 [WARNING] src.services.points: ポイントを予約できませんでした (オフライン): 接続できません
2026-09-16 15:37:09,934 [WARNING] src.services.points: ポイントを予約できませんでした (オフライン): 接続できません
2026-09-16 15:37:09,936 [WARNING] src.services.points: ポイントを予約できませんでした (オフライン): 接続できません
2026-09-16 15:37:09,938 [WARNING] src.services.points: ポイントを予約できませんでした: 想定外
2026-09-16 15:37:09,942 [INFO] src.services.points: ポイントを予約しました: clip/resolveProject 0pt (watermark=False)
2026-09-16 15:37:09,956 [INFO] src.services.points: ポイントを予約しました: clip/video 25pt (watermark=False)
2026-09-16 15:37:09,960 [INFO] src.services.points: ポイントを予約しました: archive/video 0pt (watermark=True)
2026-09-16 15:37:10,040 [WARNING] src.timeline.builder: フレーム間引きの設定が不正なため none を使用します: 'all'
2026-09-16 15:37:10,073 [INFO] src.timeline.project_io: プロジェクト保存: C:\Users\evolu\AppData\Local\Temp\library_summary_a_yyjeds\vod.archive.timeline.json
2026-09-16 15:37:10,100 [WARNING] src.timeline.project_io: プロジェクトの概要を読めませんでした: C:\Users\evolu\AppData\Local\Temp\library_summary_kzo6xuwr\broken.timeline.json
2026-09-16 15:37:10,109 [INFO] src.timeline.project_io: プロジェクト保存: C:\Users\evolu\AppData\Local\Temp\library_summary_vxh6yzjf\sample.timeline.json
2026-09-16 15:37:10,134 [INFO] src.timeline.project_io: プロジェクト保存: C:\Users\evolu\AppData\Local\Temp\library_summary_cpnurv4e\sample.timeline.json
2026-09-16 15:37:10,158 [INFO] src.timeline.project_io: プロジェクト保存: C:\Users\evolu\AppData\Local\Temp\library_rename_p6p_ltcq\old.timeline.json
2026-09-16 15:37:10,171 [INFO] src.timeline.project_io: プロジェクト保存: C:\Users\evolu\AppData\Local\Temp\library_rename__qwzxwuw\old.timeline.json
2026-09-16 15:37:10,183 [INFO] src.timeline.project_io: プロジェクト保存: C:\Users\evolu\AppData\Local\Temp\library_rename__viol3in\old.timeline.json
2026-09-16 15:37:10,202 [INFO] src.timeline.project_io: プロジェクトを改名しました: old.timeline.json → new.timeline.json
2026-09-16 15:37:10,226 [INFO] src.timeline.project_io: プロジェクト保存: C:\Users\evolu\AppData\Local\Temp\library_rename_6reif3gc\old.timeline.json
2026-09-16 15:37:10,247 [INFO] src.timeline.project_io: プロジェクトを改名しました: old.timeline.json → new.timeline.json
2026-09-16 15:37:10,258 [INFO] src.timeline.project_io: プロジェクト保存: C:\Users\evolu\AppData\Local\Temp\library_rename_35ctwu6b\old.timeline.json
2026-09-16 15:37:10,286 [INFO] src.timeline.project_io: プロジェクトが 5 件見つかりました (新しい 2 件を表示します)
2026-09-16 15:37:10,347 [WARNING] src.export.resolve_export: ソース総尺の取得に失敗 (タイムライン全長で代用): C:\Users\evolu\AppData\Local\Temp\resolve_export_test_qajzadav\sample.mp4
2026-09-16 15:37:10,373 [WARNING] src.export.resolve_export: ソース総尺の取得に失敗 (タイムライン全長で代用): C:\Users\evolu\AppData\Local\Temp\resolve_export_test_8i8jrg8m\sample.mp4
2026-09-16 15:37:10,420 [WARNING] src.export.resolve_export: ソース総尺の取得に失敗 (タイムライン全長で代用): C:\Users\evolu\AppData\Local\Temp\resolve_export_test_dm1u_6ii\sample.mp4
2026-09-16 15:37:10,451 [WARNING] src.export.resolve_export: ソース総尺の取得に失敗 (タイムライン全長で代用): C:\Users\evolu\AppData\Local\Temp\resolve_export_test_bdgzamwg\sample.mp4
2026-09-16 15:37:10,451 [WARNING] src.export.resolve_export: テーマ演出はテキストと区間のみを出力します (ブラー・黒帯などの映像エフェクトは FCPXML で表現できません)。
2026-09-16 15:37:10,451 [WARNING] src.export.resolve_export: 字幕位置は配置(alignment)＋余白からの近似です。Resolve 取り込み時に位置が中央へ戻る場合があります (フォント/サイズ/色は保持)。
2026-09-16 15:37:10,488 [WARNING] src.export.resolve_export: ソース総尺の取得に失敗 (タイムライン全長で代用): C:\Users\evolu\AppData\Local\Temp\resolve_export_test_40zfkqvt\sample.mp4
2026-09-16 15:37:10,514 [WARNING] src.export.resolve_export: ソース総尺の取得に失敗 (タイムライン全長で代用): C:\Users\evolu\AppData\Local\Temp\resolve_export_test_m83f4ud7\sample.mp4
2026-09-16 15:37:10,560 [WARNING] src.export.resolve_export: ソース総尺の取得に失敗 (タイムライン全長で代用): C:\Users\evolu\AppData\Local\Temp\resolve_export_test_gzvlb9tn\sample.mp4
2026-09-16 15:37:10,592 [WARNING] src.export.resolve_export: ソース総尺の取得に失敗 (タイムライン全長で代用): C:\Users\evolu\AppData\Local\Temp\resolve_export_test_gzvlb9tn\sample.mp4
2026-09-16 15:37:10,624 [WARNING] src.export.resolve_export: ソース総尺の取得に失敗 (タイムライン全長で代用): C:\Users\evolu\AppData\Local\Temp\resolve_export_test_62abmel9\sample.mp4
2026-09-16 15:37:10,624 [WARNING] src.export.resolve_export: 未対応の字幕出力方式 export.resolve.subtitle.mode=bogus のため caption で出力します
2026-09-16 15:37:10,654 [WARNING] src.export.resolve_export: ソース総尺の取得に失敗 (タイムライン全長で代用): C:\Users\evolu\AppData\Local\Temp\resolve_export_test_cbt846ru\sample.mp4
2026-09-16 15:37:10,687 [WARNING] src.export.resolve_export: ソース総尺の取得に失敗 (タイムライン全長で代用): C:\Users\evolu\AppData\Local\Temp\resolve_export_test_7rasv475\sample.mp4
2026-09-16 15:37:10,717 [WARNING] src.export.resolve_export: ソース総尺の取得に失敗 (タイムライン全長で代用): C:\Users\evolu\AppData\Local\Temp\resolve_export_test_xibus8v6\sample.mp4
2026-09-16 15:37:10,762 [WARNING] src.export.resolve_export: ソース総尺の取得に失敗 (タイムライン全長で代用): C:\Users\evolu\AppData\Local\Temp\resolve_export_test__vaep399\sample.mp4
2026-09-16 15:37:10,794 [WARNING] src.export.resolve_export: ソース総尺の取得に失敗 (タイムライン全長で代用): C:\Users\evolu\AppData\Local\Temp\resolve_export_test_lwpu_ipc\sample.mp4
2026-09-16 15:37:10,833 [WARNING] src.export.resolve_export: ソース総尺の取得に失敗 (タイムライン全長で代用): C:\Users\evolu\AppData\Local\Temp\resolve_export_test_3nwag4qm\sample.mp4
2026-09-16 15:37:10,867 [WARNING] src.export.resolve_export: ソース総尺の取得に失敗 (タイムライン全長で代用): C:\Users\evolu\AppData\Local\Temp\resolve_export_test_fdubk5_w\sample.mp4
2026-09-16 15:37:10,892 [WARNING] src.export.resolve_export: ソース総尺の取得に失敗 (タイムライン全長で代用): C:\Users\evolu\AppData\Local\Temp\resolve_export_test_af39kfsg\sample.mp4
2026-09-16 15:37:10,936 [WARNING] src.export.resolve_export: ソース総尺の取得に失敗 (タイムライン全長で代用): C:\Users\evolu\AppData\Local\Temp\resolve_export_test_dtrc5y6j\sample.mp4
2026-09-16 15:37:10,936 [INFO] src.export.resolve_export: 編集点が無いため全長 1 クリップとして出力します
2026-09-16 15:37:10,974 [WARNING] src.export.resolve_export: ソース総尺の取得に失敗 (タイムライン全長で代用): C:\Users\evolu\AppData\Local\Temp\resolve_export_test_52vquvl8\sample.mp4
2026-09-16 15:37:10,974 [INFO] src.export.resolve_export: Resolve 出力開始: C:\Users\evolu\AppData\Local\Temp\resolve_export_test_52vquvl8\out2.fcpxml (クリップ 1 件 / 字幕 caption 1 件 / title・テーマ 0 件 / 1920x1080 60fps)
2026-09-16 15:37:10,977 [INFO] src.export.resolve_export: 字幕トラックのスタイルは Resolve の字幕トラックヘッダー選択 → インスペクタ → Track Style で一括設定できます (Resolve 19 以降は Text+ スタイルも指定可)。
2026-09-16 15:37:10,978 [INFO] src.export.resolve_export: Resolve 出力完了: C:\Users\evolu\AppData\Local\Temp\resolve_export_test_52vquvl8\out2.fcpxml (タイムライン尺 5.00s)
2026-09-16 15:37:11,015 [WARNING] src.export.resolve_export: ソース総尺の取得に失敗 (タイムライン全長で代用): C:\Users\evolu\AppData\Local\Temp\resolve_export_test_32h8_ctk\sample.mp4
2026-09-16 15:37:11,015 [INFO] src.export.resolve_export: Resolve 出力開始: C:\Users\evolu\AppData\Local\Temp\resolve_export_test_32h8_ctk\out3.fcpxml (クリップ 1 件 / 字幕 caption 0 件 / title・テーマ 0 件 / 1920x1080 60fps)
2026-09-16 15:37:11,019 [INFO] src.export.resolve_export: Resolve 出力完了: C:\Users\evolu\AppData\Local\Temp\resolve_export_test_32h8_ctk\out3.fcpxml (タイムライン尺 5.00s)
2026-09-16 15:37:11,049 [WARNING] src.export.resolve_export: ソース総尺の取得に失敗 (タイムライン全長で代用): C:\Users\evolu\AppData\Local\Temp\resolve_export_test_7fngtin7\sample.mp4
2026-09-16 15:37:11,049 [INFO] src.export.resolve_export: Resolve 出力開始: C:\Users\evolu\AppData\Local\Temp\resolve_export_test_7fngtin7\out.fcpxml (クリップ 1 件 / 字幕 caption 1 件 / title・テーマ 0 件 / 1920x1080 60fps)
2026-09-16 15:37:11,059 [INFO] src.export.resolve_export: SRT サイドカー出力: C:\Users\evolu\AppData\Local\Temp\resolve_export_test_7fngtin7\out.srt (1 件)
2026-09-16 15:37:11,059 [INFO] src.export.resolve_export: Resolve 出力完了: C:\Users\evolu\AppData\Local\Temp\resolve_export_test_7fngtin7\out.fcpxml / C:\Users\evolu\AppData\Local\Temp\resolve_export_test_7fngtin7\out.srt (タイムライン尺 5.00s)
2026-09-16 15:37:11,063 [INFO] src.export.resolve_export: Resolve 出力を中止 (上書きしない): C:\Users\evolu\AppData\Local\Temp\resolve_export_test_7fngtin7\out.fcpxml
2026-09-16 15:37:11,063 [INFO] src.modules.subtitle_generator: 縦動画のため字幕設定を縦用へ上書き (font/改行/配置/余白)
2026-09-16 15:37:11,088 [WARNING] src.services.stretheus_auth: API の日時を解釈できませんでした。
2026-09-16 15:37:11,122 [INFO] src.services.stretheus_auth: Stretheus のログインページを開きます (ポート52913)
2026-09-16 15:37:11,138 [INFO] src.services.stretheus_auth: Stretheus へログインしました。
2026-09-16 15:37:12,216 [INFO] src.services.stretheus_auth: Stretheus のログインページを開きます (ポート52921)
2026-09-16 15:37:12,232 [INFO] src.services.stretheus_auth: Stretheus へログインしました。
2026-09-16 15:37:13,276 [INFO] src.services.stretheus_auth: Stretheus のログインページを開きます (ポート52929)
2026-09-16 15:37:13,278 [INFO] src.services.stretheus_auth: Stretheus へログインしました。
2026-09-16 15:37:13,790 [INFO] src.services.stretheus_auth: Stretheus のログインページを開きます (ポート52934)
2026-09-16 15:37:13,796 [INFO] src.services.stretheus_auth: Stretheus へログインしました。
2026-09-16 15:37:14,319 [INFO] src.services.stretheus_auth: Stretheus のログインページを開きます (ポート52940)
2026-09-16 15:37:14,346 [INFO] src.services.stretheus_auth: Stretheus へログインしました。
2026-09-16 15:37:14,885 [INFO] src.services.stretheus_auth: Stretheus のログインページを開きます (ポート52947)
2026-09-16 15:37:14,892 [INFO] src.services.stretheus_auth: Stretheus へログインしました。
2026-09-16 15:37:15,407 [INFO] src.modules.subtitle_generator: テロップ個別指定 フォント 0 件 / サイズ 0 件 / 文字色 1 件 / 縁の色 0 件
2026-09-16 15:37:15,415 [INFO] src.modules.subtitle_generator: テロップ個別指定 フォント 0 件 / サイズ 0 件 / 文字色 1 件 / 縁の色 0 件
2026-09-16 15:37:15,444 [INFO] src.modules.subtitle_generator: テロップ個別指定 フォント 0 件 / サイズ 0 件 / 文字色 0 件 / 縁の色 1 件
2026-09-16 15:37:15,448 [INFO] src.modules.subtitle_generator: テロップ個別指定 フォント 0 件 / サイズ 0 件 / 文字色 0 件 / 縁の色 1 件
2026-09-16 15:37:15,453 [INFO] src.modules.subtitle_generator: テロップ個別指定 フォント 1 件 / サイズ 1 件 / 文字色 1 件 / 縁の色 1 件
2026-09-16 15:37:15,462 [INFO] src.timeline.commands: コメント用の字幕トラックを作成しました: S2
2026-09-16 15:37:15,464 [INFO] src.timeline.commands: 移動先 S2 が空いていないため役割だけ変更しました: s1
2026-09-16 15:37:15,464 [INFO] src.timeline.commands: コメント用の字幕トラックを作成しました: S2
2026-09-16 15:37:15,465 [INFO] src.timeline.commands: コメント用の字幕トラックを作成しました: S2
2026-09-16 15:37:15,466 [INFO] src.timeline.commands: コメント用の字幕トラックを作成しました: S2
2026-09-16 15:37:15,466 [INFO] src.timeline.project_io: プロジェクト保存: C:\Users\evolu\AppData\Local\Temp\tmpy2ap70cv\sample.timeline.json
2026-09-16 15:37:15,484 [INFO] src.modules.subtitle_generator: VAD フィルタ有効 (min_silence=500ms, speech_pad=100ms, condition_on_previous_text=False)
2026-09-16 15:37:15,484 [WARNING] src.modules.subtitle_generator: VAD 付き認識に失敗したため VAD 無しで再試行します: VAD の初期化に失敗しました (テスト)
2026-09-16 15:37:15,484 [INFO] src.modules.subtitle_generator: VAD フィルタ有効 (min_silence=800ms, speech_pad=100ms, condition_on_previous_text=False)
2026-09-16 15:37:15,484 [INFO] src.modules.subtitle_generator: VAD フィルタ有効 (min_silence=500ms, speech_pad=100ms, condition_on_previous_text=False)
2026-09-16 15:37:15,514 [INFO] src.timeline.commands: 貼り付けの割り込み: V1 の 5.000s へ 10.00s を確保 / 移動 2 件・分割 1 件・切詰 0 件
2026-09-16 15:37:15,514 [INFO] src.timeline.commands: 貼り付けの割り込み: V2 の 5.000s へ 10.00s を確保 / 移動 2 件・分割 0 件・切詰 0 件
2026-09-16 15:37:15,514 [INFO] src.timeline.commands: 貼り付けの割り込み: S1 の 5.000s へ 10.00s を確保 / 移動 1 件・分割 0 件・切詰 0 件
2026-09-16 15:37:15,514 [INFO] src.timeline.commands: 貼り付けの割り込み: V1 の 5.000s へ 10.00s を確保 / 移動 2 件・分割 1 件・切詰 0 件
2026-09-16 15:37:15,514 [INFO] src.timeline.commands: 貼り付けの割り込み: V2 の 5.000s へ 10.00s を確保 / 移動 2 件・分割 0 件・切詰 0 件
2026-09-16 15:37:15,514 [INFO] src.timeline.commands: 貼り付けの割り込み: S1 の 5.000s へ 10.00s を確保 / 移動 1 件・分割 0 件・切詰 0 件
2026-09-16 15:37:15,514 [INFO] src.timeline.commands: 貼り付けの割り込み: V1 の 5.000s へ 10.00s を確保 / 移動 2 件・分割 1 件・切詰 0 件
2026-09-16 15:37:15,514 [INFO] src.timeline.commands: 貼り付けの割り込み: V2 の 5.000s へ 10.00s を確保 / 移動 2 件・分割 0 件・切詰 0 件
2026-09-16 15:37:15,514 [INFO] src.timeline.commands: 貼り付けの割り込み: S1 の 5.000s へ 10.00s を確保 / 移動 1 件・分割 0 件・切詰 0 件
2026-09-16 15:37:15,514 [INFO] src.timeline.commands: 貼り付けの割り込み: V1 の 5.000s へ 15.00s を確保 / 移動 3 件・分割 0 件・切詰 0 件
2026-09-16 15:37:15,514 [INFO] src.timeline.commands: 貼り付けの割り込み: V2 の 5.000s へ 15.00s を確保 / 移動 2 件・分割 0 件・切詰 0 件
2026-09-16 15:37:15,514 [INFO] src.timeline.commands: 貼り付けの割り込み: S1 の 5.000s へ 15.00s を確保 / 移動 1 件・分割 0 件・切詰 0 件
2026-09-16 15:37:15,514 [INFO] src.timeline.commands: 貼り付けの割り込み: V1 の 10.020s へ 10.02s を確保 / 移動 2 件・分割 0 件・切詰 0 件
2026-09-16 15:37:15,514 [INFO] src.timeline.commands: 貼り付けの割り込み: V2 の 10.020s へ 10.02s を確保 / 移動 1 件・分割 0 件・切詰 0 件
2026-09-16 15:37:15,514 [INFO] src.timeline.commands: 貼り付けの割り込み: S1 の 10.020s へ 10.02s を確保 / 移動 1 件・分割 0 件・切詰 0 件
2026-09-16 15:37:15,514 [INFO] src.timeline.commands: 貼り付けの割り込み: V1 の 19.980s へ 9.98s を確保 / 移動 1 件・分割 0 件・切詰 1 件
2026-09-16 15:37:15,514 [INFO] src.timeline.commands: 貼り付けの割り込み: V2 の 19.980s へ 9.98s を確保 / 移動 1 件・分割 0 件・切詰 0 件
2026-09-16 15:37:15,514 [INFO] src.timeline.commands: 貼り付けの割り込み: S1 の 19.980s へ 9.98s を確保 / 移動 0 件・分割 0 件・切詰 0 件
2026-09-16 15:37:15,514 [WARNING] src.timeline.commands: 素材が見つからないため貼り付けません: D:\develop\autoedit\tests\存在しない素材.mp4
2026-09-16 15:37:15,514 [INFO] src.timeline.commands: 貼り付けの割り込み: V1 の 5.000s へ 10.00s を確保 / 移動 2 件・分割 1 件・切詰 0 件
2026-09-16 15:37:15,514 [INFO] src.timeline.commands: 貼り付けの割り込み: V2 の 5.000s へ 10.00s を確保 / 移動 2 件・分割 0 件・切詰 0 件
2026-09-16 15:37:15,514 [INFO] src.timeline.commands: 貼り付けの割り込み: S1 の 5.000s へ 10.00s を確保 / 移動 1 件・分割 0 件・切詰 0 件
2026-09-16 15:37:15,530 [INFO] src.timeline.commands: 貼り付けの割り込み: V1 の 5.000s へ 10.00s を確保 / 移動 2 件・分割 1 件・切詰 0 件
2026-09-16 15:37:15,530 [INFO] src.timeline.commands: 貼り付けの割り込み: V2 の 5.000s へ 10.00s を確保 / 移動 2 件・分割 0 件・切詰 0 件
2026-09-16 15:37:15,530 [INFO] src.timeline.commands: 貼り付けの割り込み: S1 の 5.000s へ 10.00s を確保 / 移動 1 件・分割 0 件・切詰 0 件
2026-09-16 15:37:15,530 [INFO] src.timeline.commands: 貼り付けの割り込み: V1 の 5.000s へ 10.00s を確保 / 移動 2 件・分割 1 件・切詰 0 件
2026-09-16 15:37:15,530 [INFO] src.timeline.commands: 貼り付けの割り込み: V2 の 5.000s へ 10.00s を確保 / 移動 2 件・分割 0 件・切詰 0 件
2026-09-16 15:37:15,530 [INFO] src.timeline.commands: 貼り付けの割り込み: S1 の 5.000s へ 10.00s を確保 / 移動 1 件・分割 0 件・切詰 0 件
2026-09-16 15:37:15,530 [INFO] src.timeline.commands: 貼り付けの割り込み: V1 の 5.000s へ 10.00s を確保 / 移動 2 件・分割 1 件・切詰 0 件
2026-09-16 15:37:15,530 [INFO] src.timeline.commands: 貼り付けの割り込み: V2 の 5.000s へ 10.00s を確保 / 移動 2 件・分割 0 件・切詰 0 件
2026-09-16 15:37:15,530 [INFO] src.timeline.commands: 貼り付けの割り込み: S1 の 5.000s へ 10.00s を確保 / 移動 1 件・分割 0 件・切詰 0 件
2026-09-16 15:37:15,530 [INFO] src.timeline.commands: 貼り付けの割り込み: V1 の 5.000s へ 10.00s を確保 / 移動 2 件・分割 1 件・切詰 0 件
2026-09-16 15:37:15,530 [INFO] src.timeline.commands: 貼り付けの割り込み: V2 の 5.000s へ 10.00s を確保 / 移動 2 件・分割 0 件・切詰 0 件
2026-09-16 15:37:15,530 [INFO] src.timeline.commands: 貼り付けの割り込み: S1 の 5.000s へ 10.00s を確保 / 移動 1 件・分割 0 件・切詰 0 件
2026-09-16 15:37:15,530 [INFO] src.timeline.commands: 貼り付けの割り込み: V2 の 4.000s へ 2.00s を確保 / 移動 2 件・分割 0 件・切詰 0 件
2026-09-16 15:37:15,530 [INFO] src.timeline.commands: 貼り付けの割り込み: V2 の 4.000s へ 2.00s を確保 / 移動 2 件・分割 0 件・切詰 0 件
2026-09-16 15:37:15,530 [INFO] src.timeline.commands: 貼り付けの割り込み: V2 の 4.000s へ 2.00s を確保 / 移動 2 件・分割 0 件・切詰 0 件
2026-09-16 15:37:15,530 [INFO] src.timeline.clipboard: Timeline のノードをコピーしました: 1 件
2026-09-16 15:37:15,530 [INFO] src.timeline.clipboard: Timeline のノードをコピーしました: 1 件
2026-09-16 15:37:15,530 [INFO] src.timeline.commands: 貼り付けの割り込み: V1 の 4.000s へ 2.00s を確保 / 移動 2 件・分割 1 件・切詰 0 件
2026-09-16 15:37:15,530 [INFO] src.timeline.commands: 貼り付けの割り込み: V2 の 4.000s へ 2.00s を確保 / 移動 2 件・分割 0 件・切詰 0 件
2026-09-16 15:37:15,530 [INFO] src.timeline.commands: 貼り付けの割り込み: S1 の 4.000s へ 2.00s を確保 / 移動 1 件・分割 0 件・切詰 0 件
2026-09-16 15:37:15,530 [INFO] src.timeline.commands: 貼り付けの割り込み: V2 の 4.000s へ 2.00s を確保 / 移動 2 件・分割 0 件・切詰 0 件
2026-09-16 15:37:15,530 [INFO] src.timeline.commands: 貼り付けの割り込み: V1 の 5.000s へ 10.00s を確保 / 移動 2 件・分割 1 件・切詰 0 件
2026-09-16 15:37:15,530 [INFO] src.timeline.commands: 貼り付けの割り込み: V2 の 5.000s へ 10.00s を確保 / 移動 2 件・分割 0 件・切詰 0 件
2026-09-16 15:37:15,530 [INFO] src.timeline.commands: 貼り付けの割り込み: V1 の 5.000s へ 10.00s を確保 / 移動 2 件・分割 1 件・切詰 0 件
2026-09-16 15:37:15,530 [WARNING] src.timeline.builder: 貼り付けの設定が不正なため既定 base_syncs_all を使用します: 'なにか'
2026-09-16 15:37:15,530 [WARNING] src.timeline.builder: 貼り付けの設定が不正なため既定 split を使用します: 123
2026-09-16 15:37:15,530 [INFO] src.timeline.commands: 貼り付けの割り込み: V1 の 5.000s へ 10.00s を確保 / 移動 2 件・分割 1 件・切詰 0 件
2026-09-16 15:37:15,530 [INFO] src.timeline.commands: 貼り付けの割り込み: V2 の 5.000s へ 10.00s を確保 / 移動 2 件・分割 0 件・切詰 0 件
2026-09-16 15:37:15,530 [INFO] src.timeline.commands: 貼り付けの割り込み: S1 の 5.000s へ 10.00s を確保 / 移動 1 件・分割 0 件・切詰 0 件
2026-09-16 15:37:15,530 [WARNING] src.timeline.commands: 映像トラックの上限 (3) に達しているため追加できません
2026-09-16 15:37:15,546 [INFO] src.timeline.commands: 字幕を追加できる空きがありません (2.000 秒)
2026-09-16 15:37:15,546 [INFO] src.timeline.commands: 字幕を追加できる空きがありません (0.990 秒)
2026-09-16 15:37:15,546 [INFO] src.timeline.commands: リップル: 10.000〜20.000s (10.00s) を除去 / 削除 1 件・短縮 0 件・移動 1 件
2026-09-16 15:37:15,546 [INFO] src.timeline.commands: リップル: 10.000〜20.000s (10.00s) を除去 / 削除 1 件・短縮 0 件・移動 1 件
2026-09-16 15:37:15,546 [INFO] src.timeline.commands: リップル: 10.000〜20.000s (10.00s) を除去 / 削除 1 件・短縮 0 件・移動 1 件
2026-09-16 15:37:15,546 [INFO] src.timeline.commands: リップル: 0.000〜10.000s (10.00s) を除去 / 削除 2 件・短縮 0 件・移動 1 件
2026-09-16 15:37:15,546 [INFO] src.timeline.commands: リップル: 10.000〜20.000s (10.00s) を除去 / 削除 1 件・短縮 0 件・移動 1 件
2026-09-16 15:37:15,546 [INFO] src.timeline.commands: リップル: 10.000〜20.000s (10.00s) を除去 / 削除 2 件・短縮 1 件・移動 2 件
2026-09-16 15:37:15,546 [INFO] src.timeline.commands: リップル: 10.000〜20.000s (10.00s) を除去 / 削除 2 件・短縮 1 件・移動 2 件
2026-09-16 15:37:15,546 [INFO] src.timeline.commands: リップル: 10.000〜20.000s (10.00s) を除去 / 削除 2 件・短縮 1 件・移動 2 件
2026-09-16 15:37:15,546 [INFO] src.timeline.commands: リップル: 10.000〜20.000s (10.00s) を除去 / 削除 2 件・短縮 1 件・移動 2 件
2026-09-16 15:37:15,546 [INFO] src.timeline.commands: リップル: 10.000〜20.000s (10.00s) を除去 / 削除 2 件・短縮 1 件・移動 2 件
2026-09-16 15:37:15,546 [INFO] src.timeline.commands: リップル: 10.000〜20.000s (10.00s) を除去 / 削除 2 件・短縮 1 件・移動 2 件
2026-09-16 15:37:15,546 [INFO] src.timeline.commands: リップル: 10.000〜20.000s (10.00s) を除去 / 削除 2 件・短縮 0 件・移動 3 件
2026-09-16 15:37:15,546 [INFO] src.timeline.commands: リップル: 10.000〜20.000s (10.00s) を除去 / 削除 1 件・短縮 0 件・移動 1 件
2026-09-16 15:37:15,546 [INFO] src.timeline.commands: リップル: 10.000〜20.000s (10.00s) を除去 / 削除 2 件・短縮 1 件・移動 2 件
2026-09-16 15:37:15,546 [INFO] src.timeline.commands: 残り尺が下限を割るためクリップごとリップル削除しました: c2
2026-09-16 15:37:15,546 [INFO] src.timeline.commands: リップル: 10.000〜20.000s (10.00s) を除去 / 削除 1 件・短縮 0 件・移動 2 件
2026-09-16 15:37:15,562 [INFO] src.timeline.commands: リップル: 15.000〜20.000s (5.00s) を除去 / 削除 0 件・短縮 1 件・移動 2 件
2026-09-16 15:37:15,562 [INFO] src.timeline.commands: リップル: 10.000〜15.000s (5.00s) を除去 / 削除 0 件・短縮 1 件・移動 2 件
2026-09-16 15:37:15,562 [INFO] src.timeline.commands: リップル: 15.000〜20.000s (5.00s) を除去 / 削除 0 件・短縮 1 件・移動 2 件
2026-09-16 15:37:15,562 [INFO] src.timeline.commands: リップル: 15.000〜20.000s (5.00s) を除去 / 削除 0 件・短縮 1 件・移動 2 件
2026-09-16 15:37:15,562 [INFO] src.timeline.commands: リップル: 26.000〜27.000s (1.00s) を除去 / 削除 0 件・短縮 2 件・移動 0 件
2026-09-16 15:37:15,562 [INFO] src.timeline.commands: リップル: 10.000〜20.000s (10.00s) を除去 / 削除 1 件・短縮 0 件・移動 1 件
2026-09-16 15:37:15,562 [INFO] src.timeline.commands: リップル: 10.000〜20.000s (10.00s) を除去 / 削除 1 件・短縮 0 件・移動 1 件
2026-09-16 15:37:15,562 [INFO] src.timeline.commands: リップル: 10.000〜20.000s (10.00s) を除去 / 削除 1 件・短縮 0 件・移動 1 件
2026-09-16 15:37:15,577 [INFO] src.timeline.project_io: プロジェクト保存: C:\Users\evolu\AppData\Local\Temp\timeline_io_test_cesro8pu\sample.timeline.json
2026-09-16 15:37:15,593 [INFO] src.timeline.project_io: プロジェクト読込: C:\Users\evolu\AppData\Local\Temp\timeline_io_test_cesro8pu\sample.timeline.json
2026-09-16 15:37:15,606 [INFO] src.timeline.project_io: プロジェクト保存: C:\Users\evolu\AppData\Local\Temp\timeline_io_test_cesro8pu\sample.timeline.json
2026-09-16 15:37:15,609 [INFO] src.timeline.project_io: プロジェクト読込: C:\Users\evolu\AppData\Local\Temp\timeline_io_test_cesro8pu\sample.timeline.json
2026-09-16 15:37:15,609 [INFO] src.timeline.project_io: プロジェクト保存: C:\Users\evolu\AppData\Local\Temp\timeline_io_test_6rhymrfc\sample.timeline.json
2026-09-16 15:37:15,625 [INFO] src.timeline.project_io: プロジェクト読込: C:\Users\evolu\AppData\Local\Temp\timeline_io_test_6rhymrfc\sample.timeline.json
2026-09-16 15:37:15,641 [INFO] src.timeline.project_io: プロジェクト保存: C:\Users\evolu\AppData\Local\Temp\timeline_io_test_glw8unul\sample.timeline.json
2026-09-16 15:37:15,667 [WARNING] src.timeline.project_io: メディアの実体が見つかりません (1 件)。該当クリップを無効化します: m1
2026-09-16 15:37:15,682 [INFO] src.timeline.project_io: プロジェクト保存: C:\Users\evolu\AppData\Local\Temp\timeline_io_test__wse3zni\sample.timeline.json
2026-09-16 15:37:15,701 [INFO] src.timeline.project_io: プロジェクト保存: C:\Users\evolu\AppData\Local\Temp\timeline_io_test_5zbq6ljg\sample.timeline.json
2026-09-16 15:37:15,717 [WARNING] src.timeline.project_io: 編集点の区間が不正なため無視します: 20.000→15.000
2026-09-16 15:37:15,732 [WARNING] src.timeline.project_io: メディアの実体が見つかりません (1 件)。該当クリップを無効化します: m1
2026-09-16 15:37:15,732 [WARNING] src.timeline.project_io: 音声クリップ a1 のリンク先 no_such_clip が存在しないため除外します (該当区間は無音になります)
2026-09-16 15:37:15,732 [WARNING] src.timeline.project_io: トラック V1 でクリップ c2 が重複しているため 12.480 へ移動します
2026-09-16 15:37:15,748 [WARNING] src.timeline.project_io: クリップ c2 の尺 (0.001s) が下限 (0.050s) 未満のため除外します
2026-09-16 15:37:15,748 [WARNING] src.timeline.project_io: 音声クリップ a2 のリンク先 c2 が存在しないため除外します (該当区間は無音になります)
2026-09-16 15:37:15,950 [INFO] src.utils.trash: ゴミ箱へ移動しました (2 件)
2026-09-16 15:37:15,966 [WARNING] src.timeline.builder: 寸法の設定が不正なため既定 8000 を使用します: 0
2026-09-16 15:39:40,377 [INFO] src.timeline.renderer: ベース映像構築: 1 クリップ / ギャップ 0 件 / 合計 5.0s
2026-09-16 15:39:40,379 [INFO] src.timeline.renderer: ベース映像の尺: モデル 5.000s / 実測 5.000s (差 +0.000s / 1 部品)
2026-09-16 15:39:40,381 [INFO] src.timeline.renderer: 字幕焼き込み: 1 件
2026-09-16 15:39:40,387 [INFO] src.timeline.renderer: ベース映像構築: 1 クリップ / ギャップ 0 件 / 合計 5.0s
2026-09-16 15:39:40,387 [INFO] src.timeline.renderer: ベース映像の尺: モデル 5.000s / 実測 5.000s (差 +0.000s / 1 部品)
2026-09-16 15:39:40,387 [INFO] src.timeline.renderer: 字幕焼き込み: 1 件
2026-09-16 15:39:40,395 [INFO] src.timeline.renderer: ベース映像構築: 1 クリップ / ギャップ 0 件 / 合計 5.0s
2026-09-16 15:39:40,398 [INFO] src.timeline.renderer: ベース映像の尺: モデル 5.000s / 実測 5.000s (差 +0.000s / 1 部品)
2026-09-16 15:39:40,398 [INFO] src.timeline.renderer: オーバーレイ・字幕が無いため合成をスキップします
2026-09-16 15:39:40,403 [INFO] src.modules.blur_overlay: ぼかしを焼き込みます: blur_applied.mp4
2026-09-16 15:39:40,403 [INFO] src.timeline.renderer: ベース映像構築: 1 クリップ / ギャップ 0 件 / 合計 5.0s
2026-09-16 15:39:40,403 [INFO] src.timeline.renderer: ベース映像の尺: モデル 5.000s / 実測 5.000s (差 +0.000s / 1 部品)
2026-09-16 15:39:40,403 [INFO] src.timeline.renderer: オーバーレイ・字幕が無いため合成をスキップします
2026-09-16 15:39:40,411 [INFO] src.modules.blur_overlay: ぼかしを焼き込みます: blur_applied.mp4
2026-09-16 15:39:40,412 [INFO] src.timeline.renderer: ベース映像構築: 1 クリップ / ギャップ 0 件 / 合計 5.0s
2026-09-16 15:39:40,415 [INFO] src.timeline.renderer: ベース映像の尺: モデル 5.000s / 実測 5.000s (差 +0.000s / 1 部品)
2026-09-16 15:39:40,415 [INFO] src.timeline.renderer: 字幕焼き込み: 1 件
2026-09-16 15:39:47,169 [INFO] src.archive.timeline_builder: アーカイブ Timeline 構築: 2 クリップ / V1 2 本 / S1 0 件 / 全長 60.0s
2026-09-16 15:39:47,169 [INFO] src.archive.timeline_builder: アーカイブ Timeline 構築: 2 クリップ / V1 2 本 / S1 0 件 / 全長 60.0s
2026-09-16 15:39:47,169 [WARNING] src.archive.marker_source: VOD 外のマーカーを 2 件除外しました (尺 7200.0s)
2026-09-16 15:39:47,186 [INFO] src.archive.clip_writer: clip1 prepare 完了 (字幕 2 件)
2026-09-16 15:39:47,186 [INFO] src.archive.clip_writer: clip1 prepare 完了 (字幕 2 件)
2026-09-16 15:39:47,186 [INFO] src.archive.clip_writer: 編集点準備: 残す区間 2 件 / 想定尺 10.00s (素材 30.00s)
2026-09-16 15:39:47,186 [INFO] src.archive.clip_writer: clip1 prepare 完了 (字幕 2 件 / 実カットなし)
2026-09-16 15:39:47,190 [INFO] src.archive.clip_writer: 編集点準備: 残す区間 2 件 / 想定尺 10.00s (素材 30.00s)
2026-09-16 15:39:47,190 [INFO] src.archive.clip_writer: clip1 prepare 完了 (字幕 2 件 / 実カットなし)
2026-09-16 15:39:47,192 [INFO] src.archive.clip_writer: 編集点準備: 残す区間 2 件 / 想定尺 10.00s (素材 30.00s)
2026-09-16 15:39:47,192 [INFO] src.archive.clip_writer: clip1 prepare 完了 (字幕 2 件 / 実カットなし)
2026-09-16 15:39:47,192 [INFO] src.archive.clip_writer: 編集点準備: 残す区間 2 件 / 想定尺 10.00s (素材 30.00s)
2026-09-16 15:39:47,192 [INFO] src.archive.clip_writer: clip1 prepare 完了 (字幕 2 件 / 実カットなし)
2026-09-16 15:39:47,192 [INFO] src.archive.clip_writer: 編集点準備: 残す区間 2 件 / 想定尺 10.00s (素材 30.00s)
2026-09-16 15:39:47,192 [INFO] src.archive.clip_writer: clip1 prepare 完了 (字幕 2 件 / 実カットなし)
2026-09-16 15:39:47,192 [INFO] src.archive.clip_writer: 編集点準備: 残す区間 2 件 / 想定尺 10.00s (素材 30.00s)
2026-09-16 15:39:47,192 [INFO] src.archive.clip_writer: clip1 prepare 完了 (字幕 2 件 / 実カットなし)
2026-09-16 15:39:47,192 [INFO] src.archive.clip_writer: 編集点準備: 残す区間 2 件 / 想定尺 10.00s (素材 30.00s)
2026-09-16 15:39:47,192 [INFO] src.archive.clip_writer: clip1 prepare 完了 (字幕 0 件 / 実カットなし)
2026-09-16 15:39:47,192 [INFO] src.archive.clip_writer: 編集点準備: 残す区間 2 件 / 想定尺 10.00s (素材 30.00s)
2026-09-16 15:39:47,204 [INFO] src.timeline.project_io: プロジェクト保存: C:\Users\evolu\AppData\Local\Temp\archive_resume_4eesd469\vod.archive.timeline.json
2026-09-16 15:39:47,216 [INFO] src.timeline.project_io: プロジェクト読込: C:\Users\evolu\AppData\Local\Temp\archive_resume_4eesd469\vod.archive.timeline.json
2026-09-16 15:39:47,228 [INFO] src.timeline.project_io: プロジェクト保存: C:\Users\evolu\AppData\Local\Temp\archive_resume_lwfm2ecg\vod.archive.timeline.json
2026-09-16 15:39:47,230 [INFO] src.timeline.project_io: プロジェクト保存: C:\Users\evolu\AppData\Local\Temp\archive_resume_lwfm2ecg\clip.timeline.json
2026-09-16 15:39:47,230 [INFO] src.archive.project_resume: ==================================================
2026-09-16 15:39:47,230 [INFO] src.archive.project_resume: 保存済みアーカイブプロジェクトから再開: C:\Users\evolu\AppData\Local\Temp\archive_resume_lwfm2ecg\clip.timeline.json
2026-09-16 15:39:47,247 [INFO] src.timeline.project_io: プロジェクト読込: C:\Users\evolu\AppData\Local\Temp\archive_resume_lwfm2ecg\clip.timeline.json
2026-09-16 15:39:47,251 [INFO] src.timeline.project_io: プロジェクト保存: C:\Users\evolu\AppData\Local\Temp\archive_resume_b0fwnmoz\vod.archive.timeline.json
2026-09-16 15:39:47,263 [INFO] src.timeline.project_io: プロジェクト読込: C:\Users\evolu\AppData\Local\Temp\archive_resume_b0fwnmoz\vod.archive.timeline.json
2026-09-16 15:39:47,263 [INFO] src.archive.project_resume: 音声サイドカーが無いため clip1 の正規化をやり直します
2026-09-16 15:39:47,263 [INFO] src.archive.project_resume: 音声サイドカーが無いため clip2 の正規化をやり直します
2026-09-16 15:39:47,263 [INFO] src.timeline.project_io: プロジェクト保存: C:\Users\evolu\AppData\Local\Temp\archive_resume_7ipimsu2\vod.archive.timeline.json
2026-09-16 15:39:47,281 [INFO] src.timeline.project_io: プロジェクト読込: C:\Users\evolu\AppData\Local\Temp\archive_resume_7ipimsu2\vod.archive.timeline.json
2026-09-16 15:39:47,281 [INFO] src.archive.project_resume: 音声サイドカーが無いため clip1 の正規化をやり直します
2026-09-16 15:39:47,281 [INFO] src.archive.project_resume: 音声サイドカーが無いため clip2 の正規化をやり直します
2026-09-16 15:39:47,289 [INFO] src.timeline.project_io: プロジェクト保存: C:\Users\evolu\AppData\Local\Temp\archive_resume_8gwb0d6f\vod.archive.timeline.json
2026-09-16 15:39:47,289 [INFO] src.archive.project_resume: ==================================================
2026-09-16 15:39:47,289 [INFO] src.archive.project_resume: 保存済みアーカイブプロジェクトから再開: C:\Users\evolu\AppData\Local\Temp\archive_resume_8gwb0d6f\no_such.timeline.json
2026-09-16 15:39:47,291 [INFO] src.timeline.project_io: プロジェクト保存: C:\Users\evolu\AppData\Local\Temp\archive_resume_6unyf48a\vod.archive.timeline.json
2026-09-16 15:39:47,305 [INFO] src.timeline.project_io: プロジェクト読込: C:\Users\evolu\AppData\Local\Temp\archive_resume_6unyf48a\vod.archive.timeline.json
2026-09-16 15:39:47,310 [INFO] src.timeline.project_io: プロジェクト保存: C:\Users\evolu\AppData\Local\Temp\archive_resume_vr1xy_nk\vod.archive.timeline.json
2026-09-16 15:39:47,329 [INFO] src.timeline.project_io: プロジェクト読込: C:\Users\evolu\AppData\Local\Temp\archive_resume_vr1xy_nk\vod.archive.timeline.json
2026-09-16 15:39:47,330 [INFO] src.archive.project_resume: 設定に従い切り出したままの音量で使います: clip1
2026-09-16 15:39:47,331 [INFO] src.archive.project_resume: 設定に従い切り出したままの音量で使います: clip2
2026-09-16 15:39:47,332 [WARNING] src.timeline.media_sidecar: 音声サイドカーの尺が保存値と合いません (100.00s / 期待 103.00s) → 使いません
2026-09-16 15:39:47,332 [INFO] src.archive.timeline_builder: アーカイブ Timeline 構築: 2 クリップ / V1 2 本 / S1 0 件 / 全長 200.0s
2026-09-16 15:39:47,332 [INFO] src.archive.timeline_builder: セクション追加: clip3 を 200.00s へ挿入 (VOD 900.0-950.0 / 尺 50.00s)
2026-09-16 15:39:47,332 [INFO] src.archive.timeline_builder: アーカイブ Timeline 構築: 2 クリップ / V1 2 本 / S1 0 件 / 全長 200.0s
2026-09-16 15:39:47,333 [INFO] src.timeline.commands: 貼り付けの割り込み: V1 の 0.000s へ 50.00s を確保 / 移動 2 件・分割 0 件・切詰 0 件
2026-09-16 15:39:47,333 [INFO] src.timeline.commands: 貼り付けの割り込み: S1 の 0.000s へ 50.00s を確保 / 移動 0 件・分割 0 件・切詰 0 件
2026-09-16 15:39:47,333 [INFO] src.archive.timeline_builder: セクション追加: clip3 を 0.00s へ挿入 (VOD 0.0-50.0 / 尺 50.00s)
2026-09-16 15:39:47,333 [INFO] src.archive.timeline_builder: アーカイブ Timeline 構築: 2 クリップ / V1 2 本 / S1 0 件 / 全長 200.0s
2026-09-16 15:39:47,333 [INFO] src.timeline.commands: 貼り付けの割り込み: V1 の 100.000s へ 50.00s を確保 / 移動 1 件・分割 0 件・切詰 0 件
2026-09-16 15:39:47,333 [INFO] src.timeline.commands: 貼り付けの割り込み: S1 の 100.000s へ 50.00s を確保 / 移動 0 件・分割 0 件・切詰 0 件
2026-09-16 15:39:47,333 [INFO] src.archive.timeline_builder: セクション追加: clip3 を 100.00s へ挿入 (VOD 250.0-300.0 / 尺 50.00s)
2026-09-16 15:39:47,333 [INFO] src.archive.timeline_builder: アーカイブ Timeline 構築: 3 クリップ / V1 3 本 / S1 0 件 / 全長 300.0s
2026-09-16 15:39:47,333 [INFO] src.timeline.commands: 貼り付けの割り込み: V1 の 100.000s へ 50.00s を確保 / 移動 2 件・分割 0 件・切詰 0 件
2026-09-16 15:39:47,333 [INFO] src.timeline.commands: 貼り付けの割り込み: S1 の 100.000s へ 50.00s を確保 / 移動 0 件・分割 0 件・切詰 0 件
2026-09-16 15:39:47,333 [INFO] src.archive.timeline_builder: セクション追加: clip4 を 100.00s へ挿入 (VOD 250.0-300.0 / 尺 50.00s)
2026-09-16 15:39:47,333 [INFO] src.timeline.commands: 貼り付けの割り込み: V1 の 0.000s へ 50.00s を確保 / 移動 4 件・分割 0 件・切詰 0 件
2026-09-16 15:39:47,333 [INFO] src.timeline.commands: 貼り付けの割り込み: S1 の 0.000s へ 50.00s を確保 / 移動 0 件・分割 0 件・切詰 0 件
2026-09-16 15:39:47,333 [INFO] src.archive.timeline_builder: セクション追加: clip5 を 0.00s へ挿入 (VOD 0.0-50.0 / 尺 50.00s)
2026-09-16 15:39:47,334 [INFO] src.archive.timeline_builder: セクション追加: clip6 を 400.00s へ挿入 (VOD 900.0-950.0 / 尺 50.00s)
2026-09-16 15:39:47,334 [INFO] src.archive.timeline_builder: アーカイブ Timeline 構築: 1 クリップ / V1 1 本 / S1 0 件 / 全長 100.0s
2026-09-16 15:39:47,334 [INFO] src.archive.timeline_builder: セクション追加: clip2 を 100.00s へ挿入 (VOD 300.0-400.0 / 尺 100.00s)
2026-09-16 15:39:47,334 [INFO] src.archive.timeline_builder: アーカイブ Timeline 構築: 3 クリップ / V1 3 本 / S1 0 件 / 全長 300.0s
2026-09-16 15:39:47,334 [INFO] src.timeline.commands: 貼り付けの割り込み: V1 の 100.000s へ 50.00s を確保 / 移動 2 件・分割 0 件・切詰 0 件
2026-09-16 15:39:47,334 [INFO] src.timeline.commands: 貼り付けの割り込み: S1 の 100.000s へ 50.00s を確保 / 移動 0 件・分割 0 件・切詰 0 件
2026-09-16 15:39:47,334 [INFO] src.archive.timeline_builder: セクション追加: clip4 を 100.00s へ挿入 (VOD 250.0-300.0 / 尺 50.00s)
2026-09-16 15:39:47,334 [INFO] src.archive.timeline_builder: アーカイブ Timeline 構築: 2 クリップ / V1 2 本 / S1 0 件 / 全長 200.0s
2026-09-16 15:39:47,335 [INFO] src.archive.timeline_builder: セクション追加: clip3 を 200.00s へ挿入 (VOD 900.0-950.0 / 尺 50.00s)
2026-09-16 15:39:47,335 [INFO] src.archive.timeline_builder: アーカイブ Timeline 構築: 2 クリップ / V1 2 本 / S1 0 件 / 全長 200.0s
2026-09-16 15:39:47,335 [INFO] src.archive.timeline_builder: アーカイブ Timeline 構築: 1 クリップ / V1 1 本 / S1 0 件 / 全長 100.0s
2026-09-16 15:39:47,335 [INFO] src.archive.timeline_builder: セクション追加: clip2 を 100.00s へ挿入 (VOD 450.0-600.0 / 尺 150.00s)
2026-09-16 15:39:47,335 [INFO] src.archive.timeline_builder: アーカイブ Timeline 構築: 2 クリップ / V1 2 本 / S1 0 件 / 全長 200.0s
2026-09-16 15:39:47,335 [INFO] src.archive.timeline_builder: セクション追加: clip3 を 200.00s へ挿入 (VOD 500.0-600.0 / 尺 100.00s)
2026-09-16 15:39:47,335 [INFO] src.archive.timeline_builder: セクション統合: clip2 へ 1 件を畳み込み (VOD 400.0-600.0)
2026-09-16 15:39:47,335 [INFO] src.archive.timeline_builder: アーカイブ Timeline 構築: 2 クリップ / V1 2 本 / S1 0 件 / 全長 200.0s
2026-09-16 15:39:47,335 [INFO] src.archive.timeline_builder: セクション追加: clip3 を 200.00s へ挿入 (VOD 500.0-600.0 / 尺 100.00s)
2026-09-16 15:39:47,335 [INFO] src.archive.timeline_builder: セクション統合: clip2 へ 1 件を畳み込み (VOD 400.0-600.0)
2026-09-16 15:39:47,336 [INFO] src.archive.timeline_builder: アーカイブ Timeline 構築: 3 クリップ / V1 3 本 / S1 0 件 / 全長 300.0s
2026-09-16 15:39:47,336 [INFO] src.timeline.commands: 貼り付けの割り込み: V1 の 200.000s へ 100.00s を確保 / 移動 1 件・分割 0 件・切詰 0 件
2026-09-16 15:39:47,336 [INFO] src.timeline.commands: 貼り付けの割り込み: S1 の 200.000s へ 100.00s を確保 / 移動 0 件・分割 0 件・切詰 0 件
2026-09-16 15:39:47,336 [INFO] src.archive.timeline_builder: セクション追加: clip4 を 200.00s へ挿入 (VOD 500.0-600.0 / 尺 100.00s)
2026-09-16 15:39:47,336 [INFO] src.archive.timeline_builder: セクション統合: clip2 へ 1 件を畳み込み (VOD 400.0-600.0)
2026-09-16 15:39:47,336 [INFO] src.archive.timeline_builder: アーカイブ Timeline 構築: 3 クリップ / V1 3 本 / S1 0 件 / 全長 300.0s
2026-09-16 15:39:47,336 [INFO] src.timeline.commands: 貼り付けの割り込み: V1 の 100.000s へ 200.00s を確保 / 移動 2 件・分割 0 件・切詰 0 件
2026-09-16 15:39:47,336 [INFO] src.timeline.commands: 貼り付けの割り込み: S1 の 100.000s へ 200.00s を確保 / 移動 0 件・分割 0 件・切詰 0 件
2026-09-16 15:39:47,336 [INFO] src.archive.timeline_builder: セクション追加: clip4 を 100.00s へ挿入 (VOD 200.0-400.0 / 尺 200.00s)
2026-09-16 15:39:47,336 [INFO] src.timeline.commands: 貼り付けの割り込み: V1 の 400.000s へ 200.00s を確保 / 移動 1 件・分割 0 件・切詰 0 件
2026-09-16 15:39:47,336 [INFO] src.timeline.commands: 貼り付けの割り込み: S1 の 400.000s へ 200.00s を確保 / 移動 0 件・分割 0 件・切詰 0 件
2026-09-16 15:39:47,336 [INFO] src.archive.timeline_builder: セクション追加: clip5 を 400.00s へ挿入 (VOD 500.0-700.0 / 尺 200.00s)
2026-09-16 15:39:47,336 [INFO] src.archive.timeline_builder: セクション統合: clip1 へ 4 件を畳み込み (VOD 100.0-800.0)
2026-09-16 15:39:47,336 [INFO] src.archive.timeline_builder: アーカイブ Timeline 構築: 1 クリップ / V1 1 本 / S1 0 件 / 全長 100.0s
2026-09-16 15:39:47,336 [INFO] src.archive.timeline_builder: セクション追加: clip2 を 100.00s へ挿入 (VOD 200.0-300.0 / 尺 100.00s)
2026-09-16 15:39:47,336 [INFO] src.archive.timeline_builder: セクション統合: clip1 へ 1 件を畳み込み (VOD 100.0-300.0)
2026-09-16 15:39:47,336 [INFO] src.archive.timeline_builder: アーカイブ Timeline 構築: 2 クリップ / V1 2 本 / S1 0 件 / 全長 200.0s
2026-09-16 15:39:47,336 [INFO] src.timeline.commands: 貼り付けの割り込み: V1 の 100.000s へ 50.00s を確保 / 移動 1 件・分割 0 件・切詰 0 件
2026-09-16 15:39:47,336 [INFO] src.timeline.commands: 貼り付けの割り込み: S1 の 100.000s へ 50.00s を確保 / 移動 0 件・分割 0 件・切詰 0 件
2026-09-16 15:39:47,336 [INFO] src.archive.timeline_builder: セクション追加: clip3 を 100.00s へ挿入 (VOD 250.0-300.0 / 尺 50.00s)
2026-09-16 15:39:47,337 [INFO] src.archive.timeline_builder: アーカイブ Timeline 構築: 2 クリップ / V1 2 本 / S1 0 件 / 全長 200.0s
2026-09-16 15:39:47,337 [INFO] src.archive.timeline_builder: セクション追加: clip3 を 200.00s へ挿入 (VOD 500.0-600.0 / 尺 100.00s)
2026-09-16 15:39:47,337 [INFO] src.archive.timeline_builder: セクション統合: clip2 へ 1 件を畳み込み (VOD 400.0-600.0)
2026-09-16 15:39:47,337 [INFO] src.archive.timeline_builder: アーカイブ Timeline 構築: 3 クリップ / V1 3 本 / S1 0 件 / 全長 300.0s
2026-09-16 15:39:47,337 [INFO] src.timeline.commands: 貼り付けの割り込み: V1 の 100.000s へ 50.00s を確保 / 移動 2 件・分割 0 件・切詰 0 件
2026-09-16 15:39:47,337 [INFO] src.timeline.commands: 貼り付けの割り込み: S1 の 100.000s へ 50.00s を確保 / 移動 0 件・分割 0 件・切詰 0 件
2026-09-16 15:39:47,337 [INFO] src.archive.timeline_builder: セクション追加: clip4 を 100.00s へ挿入 (VOD 250.0-300.0 / 尺 50.00s)
2026-09-16 15:39:47,337 [INFO] src.archive.timeline_builder: アーカイブ Timeline 構築: 1 クリップ / V1 1 本 / S1 0 件 / 全長 30.0s
2026-09-16 15:39:47,338 [INFO] src.archive.timeline_builder: アーカイブ Timeline 構築: 1 クリップ / V1 1 本 / S1 0 件 / 全長 30.0s
2026-09-16 15:39:47,338 [INFO] src.archive.timeline_builder: アーカイブ Timeline 構築: 1 クリップ / V1 1 本 / S1 0 件 / 全長 30.0s
2026-09-16 15:39:47,338 [INFO] src.archive.timeline_builder: アーカイブ Timeline 構築: 1 クリップ / V1 1 本 / S1 0 件 / 全長 30.0s
2026-09-16 15:39:47,338 [INFO] src.archive.timeline_builder: アーカイブ Timeline 構築: 1 クリップ / V1 1 本 / S1 0 件 / 全長 30.0s
2026-09-16 15:39:47,338 [INFO] src.archive.timeline_builder: アーカイブ Timeline 構築: 3 クリップ / V1 6 本 / S1 6 件 / 全長 30.0s
2026-09-16 15:39:47,338 [INFO] src.archive.timeline_builder: アーカイブ Timeline 構築: 3 クリップ / V1 6 本 / S1 6 件 / 全長 30.0s
2026-09-16 15:39:47,338 [INFO] src.archive.timeline_builder: アーカイブ Timeline 構築: 3 クリップ / V1 6 本 / S1 6 件 / 全長 30.0s
2026-09-16 15:39:47,339 [INFO] src.archive.timeline_builder: アーカイブ Timeline 構築: 3 クリップ / V1 6 本 / S1 6 件 / 全長 30.0s
2026-09-16 15:39:47,339 [INFO] src.archive.timeline_builder: アーカイブ Timeline 構築: 3 クリップ / V1 6 本 / S1 6 件 / 全長 30.0s
2026-09-16 15:39:47,339 [INFO] src.archive.timeline_builder: アーカイブ Timeline 構築: 3 クリップ / V1 6 本 / S1 6 件 / 全長 30.0s
2026-09-16 15:39:47,339 [INFO] src.archive.timeline_builder: アーカイブ Timeline 構築: 3 クリップ / V1 6 本 / S1 6 件 / 全長 30.0s
2026-09-16 15:39:47,339 [INFO] src.archive.timeline_builder: アーカイブ Timeline 構築: 3 クリップ / V1 6 本 / S1 6 件 / 全長 30.0s
2026-09-16 15:39:47,340 [INFO] src.archive.timeline_builder: アーカイブ Timeline 構築: 3 クリップ / V1 6 本 / S1 6 件 / 全長 30.0s
2026-09-16 15:39:47,340 [INFO] src.archive.timeline_builder: アーカイブ Timeline 構築: 1 クリップ / V1 1 本 / S1 2 件 / 全長 30.0s
2026-09-16 15:39:47,340 [INFO] src.archive.timeline_builder: clip1: クリップ終端で打ち切った字幕 1 件 / 載せなかった字幕 0 件
2026-09-16 15:39:47,340 [INFO] src.archive.timeline_builder: clip2: クリップ終端で打ち切った字幕 1 件 / 載せなかった字幕 0 件
2026-09-16 15:39:47,340 [INFO] src.archive.timeline_builder: clip3: クリップ終端で打ち切った字幕 1 件 / 載せなかった字幕 0 件
2026-09-16 15:39:47,340 [INFO] src.archive.timeline_builder: アーカイブ Timeline 構築: 3 クリップ / V1 6 本 / S1 3 件 / 全長 30.0s
2026-09-16 15:39:47,340 [INFO] src.archive.timeline_builder: clip1: クリップ終端で打ち切った字幕 1 件 / 載せなかった字幕 0 件
2026-09-16 15:39:47,340 [INFO] src.archive.timeline_builder: アーカイブ Timeline 構築: 2 クリップ / V1 4 本 / S1 3 件 / 全長 20.0s
2026-09-16 15:39:47,340 [INFO] src.archive.timeline_builder: clip1: クリップ終端で打ち切った字幕 1 件 / 載せなかった字幕 1 件
2026-09-16 15:39:47,340 [INFO] src.archive.timeline_builder: アーカイブ Timeline 構築: 2 クリップ / V1 4 本 / S1 2 件 / 全長 20.0s
2026-09-16 15:39:47,340 [INFO] src.archive.timeline_builder: clip1: クリップ終端で打ち切った字幕 1 件 / 載せなかった字幕 0 件
2026-09-16 15:39:47,340 [INFO] src.archive.timeline_builder: clip2: クリップ終端で打ち切った字幕 1 件 / 載せなかった字幕 0 件
2026-09-16 15:39:47,340 [INFO] src.archive.timeline_builder: アーカイブ Timeline 構築: 2 クリップ / V1 4 本 / S1 2 件 / 全長 20.0s
2026-09-16 15:39:47,340 [INFO] src.archive.timeline_builder: アーカイブ Timeline 構築: 3 クリップ / V1 6 本 / S1 6 件 / 全長 30.0s
2026-09-16 15:39:47,340 [INFO] src.archive.timeline_builder: アーカイブ Timeline 構築: 3 クリップ / V1 6 本 / S1 6 件 / 全長 30.0s
2026-09-16 15:39:47,340 [INFO] src.archive.timeline_builder: アーカイブ Timeline 構築: 3 クリップ / V1 6 本 / S1 6 件 / 全長 30.0s
2026-09-16 15:39:47,340 [INFO] src.archive.timeline_builder: アーカイブ Timeline 構築: 3 クリップ / V1 6 本 / S1 6 件 / 全長 30.0s
2026-09-16 15:39:47,340 [INFO] src.archive.timeline_builder: アーカイブ Timeline 構築: 3 クリップ / V1 6 本 / S1 6 件 / 全長 30.0s
2026-09-16 15:39:47,340 [INFO] src.archive.timeline_builder: アーカイブ Timeline 構築: 3 クリップ / V1 6 本 / S1 6 件 / 全長 30.0s
2026-09-16 15:39:47,340 [INFO] src.archive.timeline_builder: アーカイブ Timeline 構築: 3 クリップ / V1 6 本 / S1 6 件 / 全長 30.0s
2026-09-16 15:39:47,340 [INFO] src.archive.timeline_builder: clip2 は使用しないため書き出しから除外します
2026-09-16 15:39:47,340 [INFO] src.archive.timeline_builder: アーカイブ Timeline 構築: 3 クリップ / V1 6 本 / S1 6 件 / 全長 30.0s
2026-09-16 15:39:47,340 [INFO] src.archive.timeline_builder: アーカイブ Timeline 構築: 3 クリップ / V1 6 本 / S1 6 件 / 全長 30.0s
2026-09-16 15:39:47,340 [INFO] src.archive.timeline_builder: アーカイブ Timeline 構築: 3 クリップ / V1 6 本 / S1 6 件 / 全長 30.0s
2026-09-16 15:39:47,340 [INFO] src.archive.timeline_builder: アーカイブ Timeline 構築: 3 クリップ / V1 6 本 / S1 6 件 / 全長 30.0s
2026-09-16 15:39:47,340 [INFO] src.archive.timeline_builder: アーカイブ Timeline 構築: 3 クリップ / V1 6 本 / S1 6 件 / 全長 30.0s
2026-09-16 15:39:47,340 [INFO] src.archive.timeline_builder: アーカイブ Timeline 構築: 3 クリップ / V1 6 本 / S1 6 件 / 全長 30.0s
2026-09-16 15:39:47,340 [WARNING] src.blur.config: 未知の blur.default_policy のため既定を使用します: なにか変な値
2026-09-16 15:39:47,340 [WARNING] src.blur.config: 未知の blur.render.mode のため既定を使用します: unknown
2026-09-16 15:39:47,340 [INFO] src.blur.tracker: 人物クラスタリング: tracklet 2 本 → 人物 2 人 (主役 p1)
2026-09-16 15:39:47,340 [INFO] src.blur.tracker: 人物クラスタリング: tracklet 2 本 → 人物 1 人 (主役 p1)
2026-09-16 15:39:47,340 [INFO] src.blur.tracker: 人物クラスタリング: tracklet 2 本 → 人物 2 人 (主役 p1)
2026-09-16 15:39:47,340 [WARNING] src.modules.blur_overlay: ぼかしマスクが見つからないため、ぼかしを省略します: 
2026-09-16 15:39:47,358 [INFO] src.blur.mask_builder: ぼかしマスク: 1200 フレーム / 480x270 / 対象 1 件
2026-09-16 15:39:47,951 [INFO] src.blur.mask_builder: ぼかしマスクを書き出しました: mask.mkv (0.4 MB)
2026-09-16 15:39:47,954 [INFO] src.blur.mask_builder: ぼかしマスク: 1200 フレーム / 480x270 / 対象 1 件
2026-09-16 15:39:48,518 [INFO] src.blur.mask_builder: ぼかしマスクを書き出しました: mask.mkv (0.4 MB)
2026-09-16 15:39:48,621 [INFO] src.blur.mask_builder: ぼかす対象が無いためマスクを作りません
2026-09-16 15:39:48,621 [INFO] src.blur.mask_builder: ぼかしマスク: 1200 フレーム / 270x480 / 対象 1 件
2026-09-16 15:39:49,195 [INFO] src.blur.mask_builder: ぼかしマスクを書き出しました: mask.mkv (0.4 MB)
2026-09-16 15:39:49,199 [INFO] src.timeline.renderer: ベース映像構築: 1 クリップ / ギャップ 0 件 / 合計 5.0s
2026-09-16 15:39:49,218 [INFO] src.timeline.renderer: ベース映像の尺: モデル 5.000s / 実測 5.000s (差 +0.000s / 1 部品)
2026-09-16 15:39:49,219 [INFO] src.timeline.renderer: 字幕焼き込み: 1 件
2026-09-16 15:39:49,223 [INFO] src.timeline.renderer: ベース映像構築: 1 クリップ / ギャップ 0 件 / 合計 5.0s
2026-09-16 15:39:49,226 [INFO] src.timeline.renderer: ベース映像の尺: モデル 5.000s / 実測 5.000s (差 +0.000s / 1 部品)
2026-09-16 15:39:49,226 [INFO] src.timeline.renderer: 字幕焼き込み: 1 件
2026-09-16 15:39:49,230 [INFO] src.timeline.renderer: ベース映像構築: 1 クリップ / ギャップ 0 件 / 合計 5.0s
2026-09-16 15:39:49,231 [INFO] src.timeline.renderer: ベース映像の尺: モデル 5.000s / 実測 5.000s (差 +0.000s / 1 部品)
2026-09-16 15:39:49,231 [INFO] src.timeline.renderer: オーバーレイ・字幕が無いため合成をスキップします
2026-09-16 15:39:49,237 [INFO] src.modules.blur_overlay: ぼかしを焼き込みます: blur_applied.mp4
2026-09-16 15:39:49,237 [INFO] src.timeline.renderer: ベース映像構築: 1 クリップ / ギャップ 0 件 / 合計 5.0s
2026-09-16 15:39:49,240 [INFO] src.timeline.renderer: ベース映像の尺: モデル 5.000s / 実測 5.000s (差 +0.000s / 1 部品)
2026-09-16 15:39:49,240 [INFO] src.timeline.renderer: オーバーレイ・字幕が無いため合成をスキップします
2026-09-16 15:39:49,243 [INFO] src.modules.blur_overlay: ぼかしを焼き込みます: blur_applied.mp4
2026-09-16 15:39:49,245 [INFO] src.timeline.renderer: ベース映像構築: 1 クリップ / ギャップ 0 件 / 合計 5.0s
2026-09-16 15:39:49,249 [INFO] src.timeline.renderer: ベース映像の尺: モデル 5.000s / 実測 5.000s (差 +0.000s / 1 部品)
2026-09-16 15:39:49,249 [INFO] src.timeline.renderer: 字幕焼き込み: 1 件
2026-09-16 15:39:50,405 [INFO] src.modules.subtitle_generator: 縦動画のため字幕設定を縦用へ上書き (font/改行/配置/余白)
2026-09-16 15:39:50,405 [WARNING] src.modules.comment_decor: コメント背景がキャンバスに収まらないため詰めました (推定幅 1181px / 使える幅 1080px)。font_size か max_line_length を下げると解消します
2026-09-16 15:39:50,405 [INFO] src.modules.comment_decor: コメントアイコン: 2 件 / 位置 2 種類
2026-09-16 15:39:50,405 [INFO] src.modules.comment_decor: コメントアイコン: 2 件 / 位置 1 種類
2026-09-16 15:39:50,405 [INFO] src.modules.comment_decor: コメントアイコン: 1 件 / 位置 1 種類
2026-09-16 15:39:50,405 [INFO] src.modules.subtitle_generator: 縦動画のため字幕設定を縦用へ上書き (font/改行/配置/余白)
2026-09-16 15:39:50,405 [WARNING] src.modules.comment_decor: コメントアイコンがキャンバスに収まらないため位置を詰めました (要求 x=-190.0 y=465.0 → x=0.0 y=465.0)。subtitle.comment_margin_l を大きくすると解消します
2026-09-16 15:39:50,405 [INFO] src.modules.subtitle_generator: コメント背景: 1 件
2026-09-16 15:39:50,405 [WARNING] src.modules.subtitle_generator: コメントの Layer が逆転しているため本文を 6 へ引き上げます (背景=5 / 本文=1)
2026-09-16 15:39:50,405 [INFO] src.modules.subtitle_generator: コメント背景: 1 件
2026-09-16 15:39:50,422 [WARNING] src.modules.subtitle_generator: コメントの配置は左寄せ (1/4/7) のみ対応のため 4 を使用します: 2
2026-09-16 15:39:50,425 [INFO] src.modules.subtitle_generator: 縦動画のため字幕設定を縦用へ上書き (font/改行/配置/余白)
2026-09-16 15:39:50,427 [WARNING] src.export.fcpxml_builder: タイムライン終端を超える字幕をクリップ末尾へクランプしました (丸め誤差の端数など)。
2026-09-16 15:39:50,431 [INFO] src.modules.loudness_normalizer: 入力ラウドネス: I=-9.2 LUFS / TP=-0.3 dBTP / LRA=5.1 LU → 目標 I=-14.0 LUFS / TP=-1.0 dBTP (offset 0.4 dB)
2026-09-16 15:39:50,436 [ERROR] src.modules.loudness_normalizer: ラウドネス正規化の適用に失敗 (元音声のまま継続): in.mp4
Traceback (most recent call last):
  File "D:\develop\autoedit\src\modules\loudness_normalizer.py", line 219, in normalize_file
    ffmpeg_runner.execute(
  File "C:\Users\evolu\AppData\Local\Programs\Python\Python312\Lib\unittest\mock.py", line 1139, in __call__
    return self._mock_call(*args, **kwargs)
           ^^^^^^^^^^^^^^^^^^^^^^^^^^^^^^^^
  File "C:\Users\evolu\AppData\Local\Programs\Python\Python312\Lib\unittest\mock.py", line 1143, in _mock_call
    return self._execute_mock_call(*args, **kwargs)
           ^^^^^^^^^^^^^^^^^^^^^^^^^^^^^^^^^^^^^^^^
  File "C:\Users\evolu\AppData\Local\Programs\Python\Python312\Lib\unittest\mock.py", line 1198, in _execute_mock_call
    raise effect
src.exceptions.FFmpegError: 失敗
2026-09-16 15:39:50,437 [INFO] src.modules.loudness_normalizer: ラウドネス正規化は無効のためスキップ
2026-09-16 15:39:50,437 [WARNING] src.modules.loudness_normalizer: ラウドネス測定に失敗したため正規化をスキップ (元音声のまま継続): in.mp4
2026-09-16 15:39:50,438 [INFO] src.modules.loudness_normalizer: 音声ストリームが無いためラウドネス正規化をスキップ: in.mp4
2026-09-16 15:39:50,447 [INFO] src.modules.loudness_normalizer: ラウドネス正規化 完了: out.mp4
2026-09-16 15:39:50,448 [INFO] src.modules.loudness_normalizer: 入力ラウドネス: I=-9.2 LUFS / TP=-0.3 dBTP / LRA=5.1 LU → 目標 I=-14.0 LUFS / TP=-1.0 dBTP (offset 0.4 dB)
2026-09-16 15:39:50,469 [INFO] src.modules.loudness_normalizer: ラウドネス正規化 完了: out.mp4
2026-09-16 15:39:50,473 [INFO] src.timeline.media_recovery: 本編素材を元動画から作り直します: C:\Users\evolu\AppData\Local\Temp\media_recovery_test_y__i0i3w\sample.mp4
2026-09-16 15:39:50,478 [WARNING] src.timeline.media_recovery: 素材が見つかりません: m2 (C:\Users\evolu\AppData\Local\Temp\media_recovery_test_h7paam45\gone.png)
2026-09-16 15:39:50,489 [INFO] src.timeline.media_recovery: 素材を差し替え済みのフォルダで見つけました: m3 → C:\Users\evolu\AppData\Local\Temp\media_recovery_test_cavbvqq3\moved\logo2.png
2026-09-16 15:39:50,495 [INFO] src.timeline.media_recovery: 本編素材を元動画から作り直します: C:\Users\evolu\AppData\Local\Temp\media_recovery_test_g2rt5577\sample.mp4
2026-09-16 15:39:50,499 [WARNING] src.timeline.media_recovery: 元動画が見つからないため本編素材を復旧できません: C:\Users\evolu\AppData\Local\Temp\media_recovery_test_rn_m68kl\no_such_input.mp4
2026-09-16 15:39:50,500 [WARNING] src.timeline.media_recovery: 素材が見つかりません: m1 (C:\Users\evolu\AppData\Local\Temp\media_recovery_test_rn_m68kl\work\loudness_normalized.mp4)
2026-09-16 15:39:50,504 [INFO] src.timeline.media_recovery: 本編素材は元動画そのものだったため、そのまま使います: C:\Users\evolu\AppData\Local\Temp\media_recovery_test_2x5b8ieb\sample.mp4
2026-09-16 15:39:50,511 [INFO] src.timeline.media_recovery: 素材を相対パスで見つけました: m2 → C:\Users\evolu\AppData\Local\Temp\media_recovery_test_rkxantx2\assets\logo.png
2026-09-16 15:39:50,520 [INFO] src.timeline.media_recovery: 設定に従い元動画をそのまま使います (音量は正規化前): C:\Users\evolu\AppData\Local\Temp\media_recovery_test_7x64ip8w\sample.mp4
2026-09-16 15:39:50,525 [INFO] src.services.points: ポイントを予約しました: clip/video 25pt (watermark=False)
2026-09-16 15:39:50,527 [WARNING] src.services.points: ポイント残高を取得できませんでした: 断
2026-09-16 15:39:50,532 [INFO] src.services.points: ポイントを予約しました: clip/video 25pt (watermark=False)
2026-09-16 15:39:50,533 [WARNING] src.services.points: ポイントのcommitを送信できませんでした (再送します): 接続できません
2026-09-16 15:39:50,551 [INFO] src.services.points: ポイントを予約しました: clip/video 25pt (watermark=False)
2026-09-16 15:39:50,562 [WARNING] src.services.points: ポイントのcommitを送信できませんでした (再送します): 断
2026-09-16 15:39:50,562 [INFO] src.services.points: 保留していたポイント処理を 2 件送信しました。
2026-09-16 15:39:50,562 [WARNING] src.services.points: ポイントを予約できませんでした: 再ログインが必要です。
2026-09-16 15:39:50,578 [INFO] src.services.points: ポイントを予約しました: clip/video 25pt (watermark=False)
2026-09-16 15:39:50,578 [WARNING] src.services.points: ポイントのcancelが拒否されました: 確定済み
2026-09-16 15:39:50,586 [INFO] src.services.points: 保留していたポイント処理を 1 件送信しました。
2026-09-16 15:39:50,586 [INFO] src.services.points: ポイントを予約しました: clip/video 25pt (watermark=False)
2026-09-16 15:39:50,603 [INFO] src.services.points: サブスク判定のキャッシュが古いため watermark を入れます。
2026-09-16 15:39:50,603 [WARNING] src.services.points: ポイントを予約できませんでした (オフライン): 接続できません
2026-09-16 15:39:50,609 [WARNING] src.services.points: ポイントを予約できませんでした (オフライン): 接続できません
2026-09-16 15:39:50,621 [WARNING] src.services.points: ポイントを予約できませんでした (オフライン): 接続できません
2026-09-16 15:39:50,623 [WARNING] src.services.points: ポイントを予約できませんでした: 想定外
2026-09-16 15:39:50,625 [INFO] src.services.points: ポイントを予約しました: clip/resolveProject 0pt (watermark=False)
2026-09-16 15:39:50,643 [INFO] src.services.points: ポイントを予約しました: clip/video 25pt (watermark=False)
2026-09-16 15:39:50,646 [INFO] src.services.points: ポイントを予約しました: archive/video 0pt (watermark=True)
2026-09-16 15:39:50,719 [WARNING] src.timeline.builder: フレーム間引きの設定が不正なため none を使用します: 'all'
2026-09-16 15:39:50,754 [INFO] src.timeline.project_io: プロジェクト保存: C:\Users\evolu\AppData\Local\Temp\library_summary_sksxs9b8\vod.archive.timeline.json
2026-09-16 15:39:50,770 [WARNING] src.timeline.project_io: プロジェクトの概要を読めませんでした: C:\Users\evolu\AppData\Local\Temp\library_summary_fnc_re9x\broken.timeline.json
2026-09-16 15:39:50,779 [INFO] src.timeline.project_io: プロジェクト保存: C:\Users\evolu\AppData\Local\Temp\library_summary_8b1vn9jc\sample.timeline.json
2026-09-16 15:39:50,804 [INFO] src.timeline.project_io: プロジェクト保存: C:\Users\evolu\AppData\Local\Temp\library_summary_pk6nft15\sample.timeline.json
2026-09-16 15:39:50,831 [INFO] src.timeline.project_io: プロジェクト保存: C:\Users\evolu\AppData\Local\Temp\library_rename_w1hspder\old.timeline.json
2026-09-16 15:39:50,850 [INFO] src.timeline.project_io: プロジェクト保存: C:\Users\evolu\AppData\Local\Temp\library_rename_fcks_i88\old.timeline.json
2026-09-16 15:39:50,863 [INFO] src.timeline.project_io: プロジェクト保存: C:\Users\evolu\AppData\Local\Temp\library_rename_gmr7yo60\old.timeline.json
2026-09-16 15:39:50,882 [INFO] src.timeline.project_io: プロジェクトを改名しました: old.timeline.json → new.timeline.json
2026-09-16 15:39:50,903 [INFO] src.timeline.project_io: プロジェクト保存: C:\Users\evolu\AppData\Local\Temp\library_rename_zw4f26hw\old.timeline.json
2026-09-16 15:39:50,929 [INFO] src.timeline.project_io: プロジェクトを改名しました: old.timeline.json → new.timeline.json
2026-09-16 15:39:50,935 [INFO] src.timeline.project_io: プロジェクト保存: C:\Users\evolu\AppData\Local\Temp\library_rename_p0orx3hp\old.timeline.json
2026-09-16 15:39:50,969 [INFO] src.timeline.project_io: プロジェクトが 5 件見つかりました (新しい 2 件を表示します)
2026-09-16 15:39:51,032 [WARNING] src.export.resolve_export: ソース総尺の取得に失敗 (タイムライン全長で代用): C:\Users\evolu\AppData\Local\Temp\resolve_export_test_thuko6wl\sample.mp4
2026-09-16 15:39:51,069 [WARNING] src.export.resolve_export: ソース総尺の取得に失敗 (タイムライン全長で代用): C:\Users\evolu\AppData\Local\Temp\resolve_export_test_ztjld05v\sample.mp4
2026-09-16 15:39:51,090 [WARNING] src.export.resolve_export: ソース総尺の取得に失敗 (タイムライン全長で代用): C:\Users\evolu\AppData\Local\Temp\resolve_export_test_z3xjoc6r\sample.mp4
2026-09-16 15:39:51,121 [WARNING] src.export.resolve_export: ソース総尺の取得に失敗 (タイムライン全長で代用): C:\Users\evolu\AppData\Local\Temp\resolve_export_test_1q83q4q3\sample.mp4
2026-09-16 15:39:51,121 [WARNING] src.export.resolve_export: テーマ演出はテキストと区間のみを出力します (ブラー・黒帯などの映像エフェクトは FCPXML で表現できません)。
2026-09-16 15:39:51,121 [WARNING] src.export.resolve_export: 字幕位置は配置(alignment)＋余白からの近似です。Resolve 取り込み時に位置が中央へ戻る場合があります (フォント/サイズ/色は保持)。
2026-09-16 15:39:51,171 [WARNING] src.export.resolve_export: ソース総尺の取得に失敗 (タイムライン全長で代用): C:\Users\evolu\AppData\Local\Temp\resolve_export_test_ai7ou579\sample.mp4
2026-09-16 15:39:51,205 [WARNING] src.export.resolve_export: ソース総尺の取得に失敗 (タイムライン全長で代用): C:\Users\evolu\AppData\Local\Temp\resolve_export_test_8s3awur7\sample.mp4
2026-09-16 15:39:51,242 [WARNING] src.export.resolve_export: ソース総尺の取得に失敗 (タイムライン全長で代用): C:\Users\evolu\AppData\Local\Temp\resolve_export_test_g9ezs25z\sample.mp4
2026-09-16 15:39:51,272 [WARNING] src.export.resolve_export: ソース総尺の取得に失敗 (タイムライン全長で代用): C:\Users\evolu\AppData\Local\Temp\resolve_export_test_g9ezs25z\sample.mp4
2026-09-16 15:39:51,310 [WARNING] src.export.resolve_export: ソース総尺の取得に失敗 (タイムライン全長で代用): C:\Users\evolu\AppData\Local\Temp\resolve_export_test_hmzzjtl0\sample.mp4
2026-09-16 15:39:51,310 [WARNING] src.export.resolve_export: 未対応の字幕出力方式 export.resolve.subtitle.mode=bogus のため caption で出力します
2026-09-16 15:39:51,349 [WARNING] src.export.resolve_export: ソース総尺の取得に失敗 (タイムライン全長で代用): C:\Users\evolu\AppData\Local\Temp\resolve_export_test_fhb2kk7h\sample.mp4
2026-09-16 15:39:51,373 [WARNING] src.export.resolve_export: ソース総尺の取得に失敗 (タイムライン全長で代用): C:\Users\evolu\AppData\Local\Temp\resolve_export_test_or6dqawp\sample.mp4
2026-09-16 15:39:51,418 [WARNING] src.export.resolve_export: ソース総尺の取得に失敗 (タイムライン全長で代用): C:\Users\evolu\AppData\Local\Temp\resolve_export_test_6vke5j48\sample.mp4
2026-09-16 15:39:51,451 [WARNING] src.export.resolve_export: ソース総尺の取得に失敗 (タイムライン全長で代用): C:\Users\evolu\AppData\Local\Temp\resolve_export_test_dz_qh762\sample.mp4
2026-09-16 15:39:51,482 [WARNING] src.export.resolve_export: ソース総尺の取得に失敗 (タイムライン全長で代用): C:\Users\evolu\AppData\Local\Temp\resolve_export_test_4t66qdm9\sample.mp4
2026-09-16 15:39:51,518 [WARNING] src.export.resolve_export: ソース総尺の取得に失敗 (タイムライン全長で代用): C:\Users\evolu\AppData\Local\Temp\resolve_export_test_cedtqc58\sample.mp4
2026-09-16 15:39:51,548 [WARNING] src.export.resolve_export: ソース総尺の取得に失敗 (タイムライン全長で代用): C:\Users\evolu\AppData\Local\Temp\resolve_export_test_i19nkv91\sample.mp4
2026-09-16 15:39:51,576 [WARNING] src.export.resolve_export: ソース総尺の取得に失敗 (タイムライン全長で代用): C:\Users\evolu\AppData\Local\Temp\resolve_export_test_aigexwc7\sample.mp4
2026-09-16 15:39:51,623 [WARNING] src.export.resolve_export: ソース総尺の取得に失敗 (タイムライン全長で代用): C:\Users\evolu\AppData\Local\Temp\resolve_export_test_jloq4585\sample.mp4
2026-09-16 15:39:51,623 [INFO] src.export.resolve_export: 編集点が無いため全長 1 クリップとして出力します
2026-09-16 15:39:51,652 [WARNING] src.export.resolve_export: ソース総尺の取得に失敗 (タイムライン全長で代用): C:\Users\evolu\AppData\Local\Temp\resolve_export_test_5typ4t5v\sample.mp4
2026-09-16 15:39:51,652 [INFO] src.export.resolve_export: Resolve 出力開始: C:\Users\evolu\AppData\Local\Temp\resolve_export_test_5typ4t5v\out2.fcpxml (クリップ 1 件 / 字幕 caption 1 件 / title・テーマ 0 件 / 1920x1080 60fps)
2026-09-16 15:39:51,652 [INFO] src.export.resolve_export: 字幕トラックのスタイルは Resolve の字幕トラックヘッダー選択 → インスペクタ → Track Style で一括設定できます (Resolve 19 以降は Text+ スタイルも指定可)。
2026-09-16 15:39:51,652 [INFO] src.export.resolve_export: Resolve 出力完了: C:\Users\evolu\AppData\Local\Temp\resolve_export_test_5typ4t5v\out2.fcpxml (タイムライン尺 5.00s)
2026-09-16 15:39:51,700 [WARNING] src.export.resolve_export: ソース総尺の取得に失敗 (タイムライン全長で代用): C:\Users\evolu\AppData\Local\Temp\resolve_export_test_j_41zxn_\sample.mp4
2026-09-16 15:39:51,700 [INFO] src.export.resolve_export: Resolve 出力開始: C:\Users\evolu\AppData\Local\Temp\resolve_export_test_j_41zxn_\out3.fcpxml (クリップ 1 件 / 字幕 caption 0 件 / title・テーマ 0 件 / 1920x1080 60fps)
2026-09-16 15:39:51,700 [INFO] src.export.resolve_export: Resolve 出力完了: C:\Users\evolu\AppData\Local\Temp\resolve_export_test_j_41zxn_\out3.fcpxml (タイムライン尺 5.00s)
2026-09-16 15:39:51,743 [WARNING] src.export.resolve_export: ソース総尺の取得に失敗 (タイムライン全長で代用): C:\Users\evolu\AppData\Local\Temp\resolve_export_test_c_w3f71q\sample.mp4
2026-09-16 15:39:51,744 [INFO] src.export.resolve_export: Resolve 出力開始: C:\Users\evolu\AppData\Local\Temp\resolve_export_test_c_w3f71q\out.fcpxml (クリップ 1 件 / 字幕 caption 1 件 / title・テーマ 0 件 / 1920x1080 60fps)
2026-09-16 15:39:51,748 [INFO] src.export.resolve_export: SRT サイドカー出力: C:\Users\evolu\AppData\Local\Temp\resolve_export_test_c_w3f71q\out.srt (1 件)
2026-09-16 15:39:51,754 [INFO] src.export.resolve_export: Resolve 出力完了: C:\Users\evolu\AppData\Local\Temp\resolve_export_test_c_w3f71q\out.fcpxml / C:\Users\evolu\AppData\Local\Temp\resolve_export_test_c_w3f71q\out.srt (タイムライン尺 5.00s)
2026-09-16 15:39:51,757 [INFO] src.export.resolve_export: Resolve 出力を中止 (上書きしない): C:\Users\evolu\AppData\Local\Temp\resolve_export_test_c_w3f71q\out.fcpxml
2026-09-16 15:39:51,764 [INFO] src.modules.subtitle_generator: 縦動画のため字幕設定を縦用へ上書き (font/改行/配置/余白)
2026-09-16 15:39:51,783 [WARNING] src.services.stretheus_auth: API の日時を解釈できませんでした。
2026-09-16 15:39:51,795 [INFO] src.services.stretheus_auth: Stretheus のログインページを開きます (ポート52955)
2026-09-16 15:39:51,814 [INFO] src.services.stretheus_auth: Stretheus へログインしました。
2026-09-16 15:39:52,876 [INFO] src.services.stretheus_auth: Stretheus のログインページを開きます (ポート52963)
2026-09-16 15:39:52,895 [INFO] src.services.stretheus_auth: Stretheus へログインしました。
2026-09-16 15:39:53,907 [INFO] src.services.stretheus_auth: Stretheus のログインページを開きます (ポート52971)
2026-09-16 15:39:53,926 [INFO] src.services.stretheus_auth: Stretheus へログインしました。
2026-09-16 15:39:54,441 [INFO] src.services.stretheus_auth: Stretheus のログインページを開きます (ポート52976)
2026-09-16 15:39:54,471 [INFO] src.services.stretheus_auth: Stretheus へログインしました。
2026-09-16 15:39:55,018 [INFO] src.services.stretheus_auth: Stretheus のログインページを開きます (ポート52982)
2026-09-16 15:39:55,025 [INFO] src.services.stretheus_auth: Stretheus へログインしました。
2026-09-16 15:39:55,579 [INFO] src.services.stretheus_auth: Stretheus のログインページを開きます (ポート52988)
2026-09-16 15:39:55,591 [INFO] src.services.stretheus_auth: Stretheus へログインしました。
2026-09-16 15:39:56,094 [INFO] src.modules.subtitle_generator: テロップ個別指定 フォント 0 件 / サイズ 0 件 / 文字色 1 件 / 縁の色 0 件
2026-09-16 15:39:56,096 [INFO] src.modules.subtitle_generator: テロップ個別指定 フォント 0 件 / サイズ 0 件 / 文字色 1 件 / 縁の色 0 件
2026-09-16 15:39:56,120 [INFO] src.modules.subtitle_generator: テロップ個別指定 フォント 0 件 / サイズ 0 件 / 文字色 0 件 / 縁の色 1 件
2026-09-16 15:39:56,123 [INFO] src.modules.subtitle_generator: テロップ個別指定 フォント 0 件 / サイズ 0 件 / 文字色 0 件 / 縁の色 1 件
2026-09-16 15:39:56,127 [INFO] src.modules.subtitle_generator: テロップ個別指定 フォント 1 件 / サイズ 1 件 / 文字色 1 件 / 縁の色 1 件
2026-09-16 15:39:56,129 [INFO] src.timeline.commands: コメント用の字幕トラックを作成しました: S2
2026-09-16 15:39:56,129 [INFO] src.timeline.commands: 移動先 S2 が空いていないため役割だけ変更しました: s1
2026-09-16 15:39:56,129 [INFO] src.timeline.commands: コメント用の字幕トラックを作成しました: S2
2026-09-16 15:39:56,129 [INFO] src.timeline.commands: コメント用の字幕トラックを作成しました: S2
2026-09-16 15:39:56,129 [INFO] src.timeline.commands: コメント用の字幕トラックを作成しました: S2
2026-09-16 15:39:56,129 [INFO] src.timeline.project_io: プロジェクト保存: C:\Users\evolu\AppData\Local\Temp\tmp_8hcav1y\sample.timeline.json
2026-09-16 15:39:56,139 [INFO] src.modules.subtitle_generator: VAD フィルタ有効 (min_silence=500ms, speech_pad=100ms, condition_on_previous_text=False)
2026-09-16 15:39:56,139 [WARNING] src.modules.subtitle_generator: VAD 付き認識に失敗したため VAD 無しで再試行します: VAD の初期化に失敗しました (テスト)
2026-09-16 15:39:56,139 [INFO] src.modules.subtitle_generator: VAD フィルタ有効 (min_silence=800ms, speech_pad=100ms, condition_on_previous_text=False)
2026-09-16 15:39:56,155 [INFO] src.modules.subtitle_generator: VAD フィルタ有効 (min_silence=500ms, speech_pad=100ms, condition_on_previous_text=False)
2026-09-16 15:39:56,187 [INFO] src.timeline.commands: 貼り付けの割り込み: V1 の 5.000s へ 10.00s を確保 / 移動 2 件・分割 1 件・切詰 0 件
2026-09-16 15:39:56,187 [INFO] src.timeline.commands: 貼り付けの割り込み: V2 の 5.000s へ 10.00s を確保 / 移動 2 件・分割 0 件・切詰 0 件
2026-09-16 15:39:56,187 [INFO] src.timeline.commands: 貼り付けの割り込み: S1 の 5.000s へ 10.00s を確保 / 移動 1 件・分割 0 件・切詰 0 件
2026-09-16 15:39:56,187 [INFO] src.timeline.commands: 貼り付けの割り込み: V1 の 5.000s へ 10.00s を確保 / 移動 2 件・分割 1 件・切詰 0 件
2026-09-16 15:39:56,187 [INFO] src.timeline.commands: 貼り付けの割り込み: V2 の 5.000s へ 10.00s を確保 / 移動 2 件・分割 0 件・切詰 0 件
2026-09-16 15:39:56,187 [INFO] src.timeline.commands: 貼り付けの割り込み: S1 の 5.000s へ 10.00s を確保 / 移動 1 件・分割 0 件・切詰 0 件
2026-09-16 15:39:56,187 [INFO] src.timeline.commands: 貼り付けの割り込み: V1 の 5.000s へ 10.00s を確保 / 移動 2 件・分割 1 件・切詰 0 件
2026-09-16 15:39:56,187 [INFO] src.timeline.commands: 貼り付けの割り込み: V2 の 5.000s へ 10.00s を確保 / 移動 2 件・分割 0 件・切詰 0 件
2026-09-16 15:39:56,187 [INFO] src.timeline.commands: 貼り付けの割り込み: S1 の 5.000s へ 10.00s を確保 / 移動 1 件・分割 0 件・切詰 0 件
2026-09-16 15:39:56,187 [INFO] src.timeline.commands: 貼り付けの割り込み: V1 の 5.000s へ 15.00s を確保 / 移動 3 件・分割 0 件・切詰 0 件
2026-09-16 15:39:56,187 [INFO] src.timeline.commands: 貼り付けの割り込み: V2 の 5.000s へ 15.00s を確保 / 移動 2 件・分割 0 件・切詰 0 件
2026-09-16 15:39:56,187 [INFO] src.timeline.commands: 貼り付けの割り込み: S1 の 5.000s へ 15.00s を確保 / 移動 1 件・分割 0 件・切詰 0 件
2026-09-16 15:39:56,187 [INFO] src.timeline.commands: 貼り付けの割り込み: V1 の 10.020s へ 10.02s を確保 / 移動 2 件・分割 0 件・切詰 0 件
2026-09-16 15:39:56,187 [INFO] src.timeline.commands: 貼り付けの割り込み: V2 の 10.020s へ 10.02s を確保 / 移動 1 件・分割 0 件・切詰 0 件
2026-09-16 15:39:56,187 [INFO] src.timeline.commands: 貼り付けの割り込み: S1 の 10.020s へ 10.02s を確保 / 移動 1 件・分割 0 件・切詰 0 件
2026-09-16 15:39:56,187 [INFO] src.timeline.commands: 貼り付けの割り込み: V1 の 19.980s へ 9.98s を確保 / 移動 1 件・分割 0 件・切詰 1 件
2026-09-16 15:39:56,187 [INFO] src.timeline.commands: 貼り付けの割り込み: V2 の 19.980s へ 9.98s を確保 / 移動 1 件・分割 0 件・切詰 0 件
2026-09-16 15:39:56,187 [INFO] src.timeline.commands: 貼り付けの割り込み: S1 の 19.980s へ 9.98s を確保 / 移動 0 件・分割 0 件・切詰 0 件
2026-09-16 15:39:56,187 [WARNING] src.timeline.commands: 素材が見つからないため貼り付けません: D:\develop\autoedit\tests\存在しない素材.mp4
2026-09-16 15:39:56,187 [INFO] src.timeline.commands: 貼り付けの割り込み: V1 の 5.000s へ 10.00s を確保 / 移動 2 件・分割 1 件・切詰 0 件
2026-09-16 15:39:56,187 [INFO] src.timeline.commands: 貼り付けの割り込み: V2 の 5.000s へ 10.00s を確保 / 移動 2 件・分割 0 件・切詰 0 件
2026-09-16 15:39:56,187 [INFO] src.timeline.commands: 貼り付けの割り込み: S1 の 5.000s へ 10.00s を確保 / 移動 1 件・分割 0 件・切詰 0 件
2026-09-16 15:39:56,187 [INFO] src.timeline.commands: 貼り付けの割り込み: V1 の 5.000s へ 10.00s を確保 / 移動 2 件・分割 1 件・切詰 0 件
2026-09-16 15:39:56,187 [INFO] src.timeline.commands: 貼り付けの割り込み: V2 の 5.000s へ 10.00s を確保 / 移動 2 件・分割 0 件・切詰 0 件
2026-09-16 15:39:56,187 [INFO] src.timeline.commands: 貼り付けの割り込み: S1 の 5.000s へ 10.00s を確保 / 移動 1 件・分割 0 件・切詰 0 件
2026-09-16 15:39:56,187 [INFO] src.timeline.commands: 貼り付けの割り込み: V1 の 5.000s へ 10.00s を確保 / 移動 2 件・分割 1 件・切詰 0 件
2026-09-16 15:39:56,187 [INFO] src.timeline.commands: 貼り付けの割り込み: V2 の 5.000s へ 10.00s を確保 / 移動 2 件・分割 0 件・切詰 0 件
2026-09-16 15:39:56,187 [INFO] src.timeline.commands: 貼り付けの割り込み: S1 の 5.000s へ 10.00s を確保 / 移動 1 件・分割 0 件・切詰 0 件
2026-09-16 15:39:56,187 [INFO] src.timeline.commands: 貼り付けの割り込み: V1 の 5.000s へ 10.00s を確保 / 移動 2 件・分割 1 件・切詰 0 件
2026-09-16 15:39:56,203 [INFO] src.timeline.commands: 貼り付けの割り込み: V2 の 5.000s へ 10.00s を確保 / 移動 2 件・分割 0 件・切詰 0 件
2026-09-16 15:39:56,203 [INFO] src.timeline.commands: 貼り付けの割り込み: S1 の 5.000s へ 10.00s を確保 / 移動 1 件・分割 0 件・切詰 0 件
2026-09-16 15:39:56,203 [INFO] src.timeline.commands: 貼り付けの割り込み: V1 の 5.000s へ 10.00s を確保 / 移動 2 件・分割 1 件・切詰 0 件
2026-09-16 15:39:56,203 [INFO] src.timeline.commands: 貼り付けの割り込み: V2 の 5.000s へ 10.00s を確保 / 移動 2 件・分割 0 件・切詰 0 件
2026-09-16 15:39:56,203 [INFO] src.timeline.commands: 貼り付けの割り込み: S1 の 5.000s へ 10.00s を確保 / 移動 1 件・分割 0 件・切詰 0 件
2026-09-16 15:39:56,203 [INFO] src.timeline.commands: 貼り付けの割り込み: V2 の 4.000s へ 2.00s を確保 / 移動 2 件・分割 0 件・切詰 0 件
2026-09-16 15:39:56,203 [INFO] src.timeline.commands: 貼り付けの割り込み: V2 の 4.000s へ 2.00s を確保 / 移動 2 件・分割 0 件・切詰 0 件
2026-09-16 15:39:56,203 [INFO] src.timeline.commands: 貼り付けの割り込み: V2 の 4.000s へ 2.00s を確保 / 移動 2 件・分割 0 件・切詰 0 件
2026-09-16 15:39:56,203 [INFO] src.timeline.clipboard: Timeline のノードをコピーしました: 1 件
2026-09-16 15:39:56,203 [INFO] src.timeline.clipboard: Timeline のノードをコピーしました: 1 件
2026-09-16 15:39:56,203 [INFO] src.timeline.commands: 貼り付けの割り込み: V1 の 4.000s へ 2.00s を確保 / 移動 2 件・分割 1 件・切詰 0 件
2026-09-16 15:39:56,203 [INFO] src.timeline.commands: 貼り付けの割り込み: V2 の 4.000s へ 2.00s を確保 / 移動 2 件・分割 0 件・切詰 0 件
2026-09-16 15:39:56,203 [INFO] src.timeline.commands: 貼り付けの割り込み: S1 の 4.000s へ 2.00s を確保 / 移動 1 件・分割 0 件・切詰 0 件
2026-09-16 15:39:56,203 [INFO] src.timeline.commands: 貼り付けの割り込み: V2 の 4.000s へ 2.00s を確保 / 移動 2 件・分割 0 件・切詰 0 件
2026-09-16 15:39:56,203 [INFO] src.timeline.commands: 貼り付けの割り込み: V1 の 5.000s へ 10.00s を確保 / 移動 2 件・分割 1 件・切詰 0 件
2026-09-16 15:39:56,203 [INFO] src.timeline.commands: 貼り付けの割り込み: V2 の 5.000s へ 10.00s を確保 / 移動 2 件・分割 0 件・切詰 0 件
2026-09-16 15:39:56,203 [INFO] src.timeline.commands: 貼り付けの割り込み: V1 の 5.000s へ 10.00s を確保 / 移動 2 件・分割 1 件・切詰 0 件
2026-09-16 15:39:56,203 [WARNING] src.timeline.builder: 貼り付けの設定が不正なため既定 base_syncs_all を使用します: 'なにか'
2026-09-16 15:39:56,203 [WARNING] src.timeline.builder: 貼り付けの設定が不正なため既定 split を使用します: 123
2026-09-16 15:39:56,203 [INFO] src.timeline.commands: 貼り付けの割り込み: V1 の 5.000s へ 10.00s を確保 / 移動 2 件・分割 1 件・切詰 0 件
2026-09-16 15:39:56,203 [INFO] src.timeline.commands: 貼り付けの割り込み: V2 の 5.000s へ 10.00s を確保 / 移動 2 件・分割 0 件・切詰 0 件
2026-09-16 15:39:56,203 [INFO] src.timeline.commands: 貼り付けの割り込み: S1 の 5.000s へ 10.00s を確保 / 移動 1 件・分割 0 件・切詰 0 件
2026-09-16 15:39:56,203 [WARNING] src.timeline.commands: 映像トラックの上限 (3) に達しているため追加できません
2026-09-16 15:39:56,203 [INFO] src.timeline.commands: 字幕を追加できる空きがありません (2.000 秒)
2026-09-16 15:39:56,203 [INFO] src.timeline.commands: 字幕を追加できる空きがありません (0.990 秒)
2026-09-16 15:39:56,223 [INFO] src.timeline.commands: リップル: 10.000〜20.000s (10.00s) を除去 / 削除 1 件・短縮 0 件・移動 1 件
2026-09-16 15:39:56,223 [INFO] src.timeline.commands: リップル: 10.000〜20.000s (10.00s) を除去 / 削除 1 件・短縮 0 件・移動 1 件
2026-09-16 15:39:56,223 [INFO] src.timeline.commands: リップル: 10.000〜20.000s (10.00s) を除去 / 削除 1 件・短縮 0 件・移動 1 件
2026-09-16 15:39:56,224 [INFO] src.timeline.commands: リップル: 0.000〜10.000s (10.00s) を除去 / 削除 2 件・短縮 0 件・移動 1 件
2026-09-16 15:39:56,224 [INFO] src.timeline.commands: リップル: 10.000〜20.000s (10.00s) を除去 / 削除 1 件・短縮 0 件・移動 1 件
2026-09-16 15:39:56,229 [INFO] src.timeline.commands: リップル: 10.000〜20.000s (10.00s) を除去 / 削除 2 件・短縮 1 件・移動 2 件
2026-09-16 15:39:56,230 [INFO] src.timeline.commands: リップル: 10.000〜20.000s (10.00s) を除去 / 削除 2 件・短縮 1 件・移動 2 件
2026-09-16 15:39:56,230 [INFO] src.timeline.commands: リップル: 10.000〜20.000s (10.00s) を除去 / 削除 2 件・短縮 1 件・移動 2 件
2026-09-16 15:39:56,231 [INFO] src.timeline.commands: リップル: 10.000〜20.000s (10.00s) を除去 / 削除 2 件・短縮 1 件・移動 2 件
2026-09-16 15:39:56,231 [INFO] src.timeline.commands: リップル: 10.000〜20.000s (10.00s) を除去 / 削除 2 件・短縮 1 件・移動 2 件
2026-09-16 15:39:56,231 [INFO] src.timeline.commands: リップル: 10.000〜20.000s (10.00s) を除去 / 削除 2 件・短縮 1 件・移動 2 件
2026-09-16 15:39:56,232 [INFO] src.timeline.commands: リップル: 10.000〜20.000s (10.00s) を除去 / 削除 2 件・短縮 0 件・移動 3 件
2026-09-16 15:39:56,232 [INFO] src.timeline.commands: リップル: 10.000〜20.000s (10.00s) を除去 / 削除 1 件・短縮 0 件・移動 1 件
2026-09-16 15:39:56,232 [INFO] src.timeline.commands: リップル: 10.000〜20.000s (10.00s) を除去 / 削除 2 件・短縮 1 件・移動 2 件
2026-09-16 15:39:56,233 [INFO] src.timeline.commands: 残り尺が下限を割るためクリップごとリップル削除しました: c2
2026-09-16 15:39:56,233 [INFO] src.timeline.commands: リップル: 10.000〜20.000s (10.00s) を除去 / 削除 1 件・短縮 0 件・移動 2 件
2026-09-16 15:39:56,233 [INFO] src.timeline.commands: リップル: 15.000〜20.000s (5.00s) を除去 / 削除 0 件・短縮 1 件・移動 2 件
2026-09-16 15:39:56,233 [INFO] src.timeline.commands: リップル: 10.000〜15.000s (5.00s) を除去 / 削除 0 件・短縮 1 件・移動 2 件
2026-09-16 15:39:56,233 [INFO] src.timeline.commands: リップル: 15.000〜20.000s (5.00s) を除去 / 削除 0 件・短縮 1 件・移動 2 件
2026-09-16 15:39:56,233 [INFO] src.timeline.commands: リップル: 15.000〜20.000s (5.00s) を除去 / 削除 0 件・短縮 1 件・移動 2 件
2026-09-16 15:39:56,233 [INFO] src.timeline.commands: リップル: 26.000〜27.000s (1.00s) を除去 / 削除 0 件・短縮 2 件・移動 0 件
2026-09-16 15:39:56,233 [INFO] src.timeline.commands: リップル: 10.000〜20.000s (10.00s) を除去 / 削除 1 件・短縮 0 件・移動 1 件
2026-09-16 15:39:56,233 [INFO] src.timeline.commands: リップル: 10.000〜20.000s (10.00s) を除去 / 削除 1 件・短縮 0 件・移動 1 件
2026-09-16 15:39:56,233 [INFO] src.timeline.commands: リップル: 10.000〜20.000s (10.00s) を除去 / 削除 1 件・短縮 0 件・移動 1 件
2026-09-16 15:39:56,248 [INFO] src.timeline.project_io: プロジェクト保存: C:\Users\evolu\AppData\Local\Temp\timeline_io_test_5ymrxdrj\sample.timeline.json
2026-09-16 15:39:56,264 [INFO] src.timeline.project_io: プロジェクト読込: C:\Users\evolu\AppData\Local\Temp\timeline_io_test_5ymrxdrj\sample.timeline.json
2026-09-16 15:39:56,272 [INFO] src.timeline.project_io: プロジェクト保存: C:\Users\evolu\AppData\Local\Temp\timeline_io_test_5ymrxdrj\sample.timeline.json
2026-09-16 15:39:56,278 [INFO] src.timeline.project_io: プロジェクト読込: C:\Users\evolu\AppData\Local\Temp\timeline_io_test_5ymrxdrj\sample.timeline.json
2026-09-16 15:39:56,280 [INFO] src.timeline.project_io: プロジェクト保存: C:\Users\evolu\AppData\Local\Temp\timeline_io_test_d81_sd95\sample.timeline.json
2026-09-16 15:39:56,296 [INFO] src.timeline.project_io: プロジェクト読込: C:\Users\evolu\AppData\Local\Temp\timeline_io_test_d81_sd95\sample.timeline.json
2026-09-16 15:39:56,317 [INFO] src.timeline.project_io: プロジェクト保存: C:\Users\evolu\AppData\Local\Temp\timeline_io_test_p7ebit49\sample.timeline.json
2026-09-16 15:39:56,339 [WARNING] src.timeline.project_io: メディアの実体が見つかりません (1 件)。該当クリップを無効化します: m1
2026-09-16 15:39:56,340 [INFO] src.timeline.project_io: プロジェクト保存: C:\Users\evolu\AppData\Local\Temp\timeline_io_test_uyepq158\sample.timeline.json
2026-09-16 15:39:56,372 [INFO] src.timeline.project_io: プロジェクト保存: C:\Users\evolu\AppData\Local\Temp\timeline_io_test_ys5ejxuh\sample.timeline.json
2026-09-16 15:39:56,388 [WARNING] src.timeline.project_io: 編集点の区間が不正なため無視します: 20.000→15.000
2026-09-16 15:39:56,388 [WARNING] src.timeline.project_io: メディアの実体が見つかりません (1 件)。該当クリップを無効化します: m1
2026-09-16 15:39:56,404 [WARNING] src.timeline.project_io: 音声クリップ a1 のリンク先 no_such_clip が存在しないため除外します (該当区間は無音になります)
2026-09-16 15:39:56,404 [WARNING] src.timeline.project_io: トラック V1 でクリップ c2 が重複しているため 12.480 へ移動します
2026-09-16 15:39:56,420 [WARNING] src.timeline.project_io: クリップ c2 の尺 (0.001s) が下限 (0.050s) 未満のため除外します
2026-09-16 15:39:56,420 [WARNING] src.timeline.project_io: 音声クリップ a2 のリンク先 c2 が存在しないため除外します (該当区間は無音になります)
2026-09-16 15:39:56,606 [INFO] src.utils.trash: ゴミ箱へ移動しました (2 件)
2026-09-16 15:39:56,621 [WARNING] src.timeline.builder: 寸法の設定が不正なため既定 8000 を使用します: 0
2026-09-16 15:40:54,987 [WARNING] src.timeline.frame_source: 素材を開けませんでした: <stdin> (Invalid argument: '<stdin>' returned 22)
2026-09-16 15:41:53,234 [INFO] src.modules.subtitle_generator: 縦動画のため字幕設定を縦用へ上書き (font/改行/配置/余白)
2026-09-16 15:42:00,337 [INFO] src.archive.timeline_builder: アーカイブ Timeline 構築: 2 クリップ / V1 2 本 / S1 0 件 / 全長 60.0s
2026-09-16 15:42:00,337 [INFO] src.archive.timeline_builder: アーカイブ Timeline 構築: 2 クリップ / V1 2 本 / S1 0 件 / 全長 60.0s
2026-09-16 15:42:00,337 [WARNING] src.archive.marker_source: VOD 外のマーカーを 2 件除外しました (尺 7200.0s)
2026-09-16 15:42:00,340 [INFO] src.archive.clip_writer: clip1 prepare 完了 (字幕 2 件)
2026-09-16 15:42:00,342 [INFO] src.archive.clip_writer: clip1 prepare 完了 (字幕 2 件)
2026-09-16 15:42:00,343 [INFO] src.archive.clip_writer: 編集点準備: 残す区間 2 件 / 想定尺 10.00s (素材 30.00s)
2026-09-16 15:42:00,343 [INFO] src.archive.clip_writer: clip1 prepare 完了 (字幕 2 件 / 実カットなし)
2026-09-16 15:42:00,345 [INFO] src.archive.clip_writer: 編集点準備: 残す区間 2 件 / 想定尺 10.00s (素材 30.00s)
2026-09-16 15:42:00,345 [INFO] src.archive.clip_writer: clip1 prepare 完了 (字幕 2 件 / 実カットなし)
2026-09-16 15:42:00,346 [INFO] src.archive.clip_writer: 編集点準備: 残す区間 2 件 / 想定尺 10.00s (素材 30.00s)
2026-09-16 15:42:00,346 [INFO] src.archive.clip_writer: clip1 prepare 完了 (字幕 2 件 / 実カットなし)
2026-09-16 15:42:00,349 [INFO] src.archive.clip_writer: 編集点準備: 残す区間 2 件 / 想定尺 10.00s (素材 30.00s)
2026-09-16 15:42:00,349 [INFO] src.archive.clip_writer: clip1 prepare 完了 (字幕 2 件 / 実カットなし)
2026-09-16 15:42:00,350 [INFO] src.archive.clip_writer: 編集点準備: 残す区間 2 件 / 想定尺 10.00s (素材 30.00s)
2026-09-16 15:42:00,350 [INFO] src.archive.clip_writer: clip1 prepare 完了 (字幕 2 件 / 実カットなし)
2026-09-16 15:42:00,351 [INFO] src.archive.clip_writer: 編集点準備: 残す区間 2 件 / 想定尺 10.00s (素材 30.00s)
2026-09-16 15:42:00,351 [INFO] src.archive.clip_writer: clip1 prepare 完了 (字幕 2 件 / 実カットなし)
2026-09-16 15:42:00,353 [INFO] src.archive.clip_writer: 編集点準備: 残す区間 2 件 / 想定尺 10.00s (素材 30.00s)
2026-09-16 15:42:00,353 [INFO] src.archive.clip_writer: clip1 prepare 完了 (字幕 0 件 / 実カットなし)
2026-09-16 15:42:00,354 [INFO] src.archive.clip_writer: 編集点準備: 残す区間 2 件 / 想定尺 10.00s (素材 30.00s)
2026-09-16 15:42:00,356 [INFO] src.timeline.project_io: プロジェクト保存: C:\Users\evolu\AppData\Local\Temp\archive_resume_zyq1zrwo\vod.archive.timeline.json
2026-09-16 15:42:00,378 [INFO] src.timeline.project_io: プロジェクト読込: C:\Users\evolu\AppData\Local\Temp\archive_resume_zyq1zrwo\vod.archive.timeline.json
2026-09-16 15:42:00,387 [INFO] src.timeline.project_io: プロジェクト保存: C:\Users\evolu\AppData\Local\Temp\archive_resume_3vq1w1be\vod.archive.timeline.json
2026-09-16 15:42:00,389 [INFO] src.timeline.project_io: プロジェクト保存: C:\Users\evolu\AppData\Local\Temp\archive_resume_3vq1w1be\clip.timeline.json
2026-09-16 15:42:00,389 [INFO] src.archive.project_resume: ==================================================
2026-09-16 15:42:00,389 [INFO] src.archive.project_resume: 保存済みアーカイブプロジェクトから再開: C:\Users\evolu\AppData\Local\Temp\archive_resume_3vq1w1be\clip.timeline.json
2026-09-16 15:42:00,410 [INFO] src.timeline.project_io: プロジェクト読込: C:\Users\evolu\AppData\Local\Temp\archive_resume_3vq1w1be\clip.timeline.json
2026-09-16 15:42:00,414 [INFO] src.timeline.project_io: プロジェクト保存: C:\Users\evolu\AppData\Local\Temp\archive_resume_fl_0645i\vod.archive.timeline.json
2026-09-16 15:42:00,429 [INFO] src.timeline.project_io: プロジェクト読込: C:\Users\evolu\AppData\Local\Temp\archive_resume_fl_0645i\vod.archive.timeline.json
2026-09-16 15:42:00,431 [INFO] src.archive.project_resume: 音声サイドカーが無いため clip1 の正規化をやり直します
2026-09-16 15:42:00,431 [INFO] src.archive.project_resume: 音声サイドカーが無いため clip2 の正規化をやり直します
2026-09-16 15:42:00,435 [INFO] src.timeline.project_io: プロジェクト保存: C:\Users\evolu\AppData\Local\Temp\archive_resume_3u5c6oxb\vod.archive.timeline.json
2026-09-16 15:42:00,450 [INFO] src.timeline.project_io: プロジェクト読込: C:\Users\evolu\AppData\Local\Temp\archive_resume_3u5c6oxb\vod.archive.timeline.json
2026-09-16 15:42:00,450 [INFO] src.archive.project_resume: 音声サイドカーが無いため clip1 の正規化をやり直します
2026-09-16 15:42:00,450 [INFO] src.archive.project_resume: 音声サイドカーが無いため clip2 の正規化をやり直します
2026-09-16 15:42:00,456 [INFO] src.timeline.project_io: プロジェクト保存: C:\Users\evolu\AppData\Local\Temp\archive_resume_hy4h0v12\vod.archive.timeline.json
2026-09-16 15:42:00,456 [INFO] src.archive.project_resume: ==================================================
2026-09-16 15:42:00,456 [INFO] src.archive.project_resume: 保存済みアーカイブプロジェクトから再開: C:\Users\evolu\AppData\Local\Temp\archive_resume_hy4h0v12\no_such.timeline.json
2026-09-16 15:42:00,463 [INFO] src.timeline.project_io: プロジェクト保存: C:\Users\evolu\AppData\Local\Temp\archive_resume_o6o_3i3h\vod.archive.timeline.json
2026-09-16 15:42:00,470 [INFO] src.timeline.project_io: プロジェクト読込: C:\Users\evolu\AppData\Local\Temp\archive_resume_o6o_3i3h\vod.archive.timeline.json
2026-09-16 15:42:00,483 [INFO] src.timeline.project_io: プロジェクト保存: C:\Users\evolu\AppData\Local\Temp\archive_resume_k2tuqwpq\vod.archive.timeline.json
2026-09-16 15:42:00,495 [INFO] src.timeline.project_io: プロジェクト読込: C:\Users\evolu\AppData\Local\Temp\archive_resume_k2tuqwpq\vod.archive.timeline.json
2026-09-16 15:42:00,498 [INFO] src.archive.project_resume: 設定に従い切り出したままの音量で使います: clip1
2026-09-16 15:42:00,498 [INFO] src.archive.project_resume: 設定に従い切り出したままの音量で使います: clip2
2026-09-16 15:42:00,498 [WARNING] src.timeline.media_sidecar: 音声サイドカーの尺が保存値と合いません (100.00s / 期待 103.00s) → 使いません
2026-09-16 15:42:00,498 [INFO] src.archive.timeline_builder: アーカイブ Timeline 構築: 2 クリップ / V1 2 本 / S1 0 件 / 全長 200.0s
2026-09-16 15:42:00,498 [INFO] src.archive.timeline_builder: セクション追加: clip3 を 200.00s へ挿入 (VOD 900.0-950.0 / 尺 50.00s)
2026-09-16 15:42:00,498 [INFO] src.archive.timeline_builder: アーカイブ Timeline 構築: 2 クリップ / V1 2 本 / S1 0 件 / 全長 200.0s
2026-09-16 15:42:00,498 [INFO] src.timeline.commands: 貼り付けの割り込み: V1 の 0.000s へ 50.00s を確保 / 移動 2 件・分割 0 件・切詰 0 件
2026-09-16 15:42:00,498 [INFO] src.timeline.commands: 貼り付けの割り込み: S1 の 0.000s へ 50.00s を確保 / 移動 0 件・分割 0 件・切詰 0 件
2026-09-16 15:42:00,498 [INFO] src.archive.timeline_builder: セクション追加: clip3 を 0.00s へ挿入 (VOD 0.0-50.0 / 尺 50.00s)
2026-09-16 15:42:00,498 [INFO] src.archive.timeline_builder: アーカイブ Timeline 構築: 2 クリップ / V1 2 本 / S1 0 件 / 全長 200.0s
2026-09-16 15:42:00,498 [INFO] src.timeline.commands: 貼り付けの割り込み: V1 の 100.000s へ 50.00s を確保 / 移動 1 件・分割 0 件・切詰 0 件
2026-09-16 15:42:00,498 [INFO] src.timeline.commands: 貼り付けの割り込み: S1 の 100.000s へ 50.00s を確保 / 移動 0 件・分割 0 件・切詰 0 件
2026-09-16 15:42:00,498 [INFO] src.archive.timeline_builder: セクション追加: clip3 を 100.00s へ挿入 (VOD 250.0-300.0 / 尺 50.00s)
2026-09-16 15:42:00,498 [INFO] src.archive.timeline_builder: アーカイブ Timeline 構築: 3 クリップ / V1 3 本 / S1 0 件 / 全長 300.0s
2026-09-16 15:42:00,498 [INFO] src.timeline.commands: 貼り付けの割り込み: V1 の 100.000s へ 50.00s を確保 / 移動 2 件・分割 0 件・切詰 0 件
2026-09-16 15:42:00,498 [INFO] src.timeline.commands: 貼り付けの割り込み: S1 の 100.000s へ 50.00s を確保 / 移動 0 件・分割 0 件・切詰 0 件
2026-09-16 15:42:00,498 [INFO] src.archive.timeline_builder: セクション追加: clip4 を 100.00s へ挿入 (VOD 250.0-300.0 / 尺 50.00s)
2026-09-16 15:42:00,498 [INFO] src.timeline.commands: 貼り付けの割り込み: V1 の 0.000s へ 50.00s を確保 / 移動 4 件・分割 0 件・切詰 0 件
2026-09-16 15:42:00,498 [INFO] src.timeline.commands: 貼り付けの割り込み: S1 の 0.000s へ 50.00s を確保 / 移動 0 件・分割 0 件・切詰 0 件
2026-09-16 15:42:00,498 [INFO] src.archive.timeline_builder: セクション追加: clip5 を 0.00s へ挿入 (VOD 0.0-50.0 / 尺 50.00s)
2026-09-16 15:42:00,498 [INFO] src.archive.timeline_builder: セクション追加: clip6 を 400.00s へ挿入 (VOD 900.0-950.0 / 尺 50.00s)
2026-09-16 15:42:00,498 [INFO] src.archive.timeline_builder: アーカイブ Timeline 構築: 1 クリップ / V1 1 本 / S1 0 件 / 全長 100.0s
2026-09-16 15:42:00,498 [INFO] src.archive.timeline_builder: セクション追加: clip2 を 100.00s へ挿入 (VOD 300.0-400.0 / 尺 100.00s)
2026-09-16 15:42:00,498 [INFO] src.archive.timeline_builder: アーカイブ Timeline 構築: 3 クリップ / V1 3 本 / S1 0 件 / 全長 300.0s
2026-09-16 15:42:00,498 [INFO] src.timeline.commands: 貼り付けの割り込み: V1 の 100.000s へ 50.00s を確保 / 移動 2 件・分割 0 件・切詰 0 件
2026-09-16 15:42:00,498 [INFO] src.timeline.commands: 貼り付けの割り込み: S1 の 100.000s へ 50.00s を確保 / 移動 0 件・分割 0 件・切詰 0 件
2026-09-16 15:42:00,498 [INFO] src.archive.timeline_builder: セクション追加: clip4 を 100.00s へ挿入 (VOD 250.0-300.0 / 尺 50.00s)
2026-09-16 15:42:00,498 [INFO] src.archive.timeline_builder: アーカイブ Timeline 構築: 2 クリップ / V1 2 本 / S1 0 件 / 全長 200.0s
2026-09-16 15:42:00,498 [INFO] src.archive.timeline_builder: セクション追加: clip3 を 200.00s へ挿入 (VOD 900.0-950.0 / 尺 50.00s)
2026-09-16 15:42:00,498 [INFO] src.archive.timeline_builder: アーカイブ Timeline 構築: 2 クリップ / V1 2 本 / S1 0 件 / 全長 200.0s
2026-09-16 15:42:00,498 [INFO] src.archive.timeline_builder: アーカイブ Timeline 構築: 1 クリップ / V1 1 本 / S1 0 件 / 全長 100.0s
2026-09-16 15:42:00,498 [INFO] src.archive.timeline_builder: セクション追加: clip2 を 100.00s へ挿入 (VOD 450.0-600.0 / 尺 150.00s)
2026-09-16 15:42:00,498 [INFO] src.archive.timeline_builder: アーカイブ Timeline 構築: 2 クリップ / V1 2 本 / S1 0 件 / 全長 200.0s
2026-09-16 15:42:00,498 [INFO] src.archive.timeline_builder: セクション追加: clip3 を 200.00s へ挿入 (VOD 500.0-600.0 / 尺 100.00s)
2026-09-16 15:42:00,498 [INFO] src.archive.timeline_builder: セクション統合: clip2 へ 1 件を畳み込み (VOD 400.0-600.0)
2026-09-16 15:42:00,498 [INFO] src.archive.timeline_builder: アーカイブ Timeline 構築: 2 クリップ / V1 2 本 / S1 0 件 / 全長 200.0s
2026-09-16 15:42:00,498 [INFO] src.archive.timeline_builder: セクション追加: clip3 を 200.00s へ挿入 (VOD 500.0-600.0 / 尺 100.00s)
2026-09-16 15:42:00,498 [INFO] src.archive.timeline_builder: セクション統合: clip2 へ 1 件を畳み込み (VOD 400.0-600.0)
2026-09-16 15:42:00,498 [INFO] src.archive.timeline_builder: アーカイブ Timeline 構築: 3 クリップ / V1 3 本 / S1 0 件 / 全長 300.0s
2026-09-16 15:42:00,498 [INFO] src.timeline.commands: 貼り付けの割り込み: V1 の 200.000s へ 100.00s を確保 / 移動 1 件・分割 0 件・切詰 0 件
2026-09-16 15:42:00,498 [INFO] src.timeline.commands: 貼り付けの割り込み: S1 の 200.000s へ 100.00s を確保 / 移動 0 件・分割 0 件・切詰 0 件
2026-09-16 15:42:00,498 [INFO] src.archive.timeline_builder: セクション追加: clip4 を 200.00s へ挿入 (VOD 500.0-600.0 / 尺 100.00s)
2026-09-16 15:42:00,498 [INFO] src.archive.timeline_builder: セクション統合: clip2 へ 1 件を畳み込み (VOD 400.0-600.0)
2026-09-16 15:42:00,498 [INFO] src.archive.timeline_builder: アーカイブ Timeline 構築: 3 クリップ / V1 3 本 / S1 0 件 / 全長 300.0s
2026-09-16 15:42:00,498 [INFO] src.timeline.commands: 貼り付けの割り込み: V1 の 100.000s へ 200.00s を確保 / 移動 2 件・分割 0 件・切詰 0 件
2026-09-16 15:42:00,498 [INFO] src.timeline.commands: 貼り付けの割り込み: S1 の 100.000s へ 200.00s を確保 / 移動 0 件・分割 0 件・切詰 0 件
2026-09-16 15:42:00,498 [INFO] src.archive.timeline_builder: セクション追加: clip4 を 100.00s へ挿入 (VOD 200.0-400.0 / 尺 200.00s)
2026-09-16 15:42:00,498 [INFO] src.timeline.commands: 貼り付けの割り込み: V1 の 400.000s へ 200.00s を確保 / 移動 1 件・分割 0 件・切詰 0 件
2026-09-16 15:42:00,498 [INFO] src.timeline.commands: 貼り付けの割り込み: S1 の 400.000s へ 200.00s を確保 / 移動 0 件・分割 0 件・切詰 0 件
2026-09-16 15:42:00,498 [INFO] src.archive.timeline_builder: セクション追加: clip5 を 400.00s へ挿入 (VOD 500.0-700.0 / 尺 200.00s)
2026-09-16 15:42:00,498 [INFO] src.archive.timeline_builder: セクション統合: clip1 へ 4 件を畳み込み (VOD 100.0-800.0)
2026-09-16 15:42:00,498 [INFO] src.archive.timeline_builder: アーカイブ Timeline 構築: 1 クリップ / V1 1 本 / S1 0 件 / 全長 100.0s
2026-09-16 15:42:00,498 [INFO] src.archive.timeline_builder: セクション追加: clip2 を 100.00s へ挿入 (VOD 200.0-300.0 / 尺 100.00s)
2026-09-16 15:42:00,498 [INFO] src.archive.timeline_builder: セクション統合: clip1 へ 1 件を畳み込み (VOD 100.0-300.0)
2026-09-16 15:42:00,498 [INFO] src.archive.timeline_builder: アーカイブ Timeline 構築: 2 クリップ / V1 2 本 / S1 0 件 / 全長 200.0s
2026-09-16 15:42:00,498 [INFO] src.timeline.commands: 貼り付けの割り込み: V1 の 100.000s へ 50.00s を確保 / 移動 1 件・分割 0 件・切詰 0 件
2026-09-16 15:42:00,498 [INFO] src.timeline.commands: 貼り付けの割り込み: S1 の 100.000s へ 50.00s を確保 / 移動 0 件・分割 0 件・切詰 0 件
2026-09-16 15:42:00,498 [INFO] src.archive.timeline_builder: セクション追加: clip3 を 100.00s へ挿入 (VOD 250.0-300.0 / 尺 50.00s)
2026-09-16 15:42:00,498 [INFO] src.archive.timeline_builder: アーカイブ Timeline 構築: 2 クリップ / V1 2 本 / S1 0 件 / 全長 200.0s
2026-09-16 15:42:00,498 [INFO] src.archive.timeline_builder: セクション追加: clip3 を 200.00s へ挿入 (VOD 500.0-600.0 / 尺 100.00s)
2026-09-16 15:42:00,498 [INFO] src.archive.timeline_builder: セクション統合: clip2 へ 1 件を畳み込み (VOD 400.0-600.0)
2026-09-16 15:42:00,498 [INFO] src.archive.timeline_builder: アーカイブ Timeline 構築: 3 クリップ / V1 3 本 / S1 0 件 / 全長 300.0s
2026-09-16 15:42:00,498 [INFO] src.timeline.commands: 貼り付けの割り込み: V1 の 100.000s へ 50.00s を確保 / 移動 2 件・分割 0 件・切詰 0 件
2026-09-16 15:42:00,498 [INFO] src.timeline.commands: 貼り付けの割り込み: S1 の 100.000s へ 50.00s を確保 / 移動 0 件・分割 0 件・切詰 0 件
2026-09-16 15:42:00,498 [INFO] src.archive.timeline_builder: セクション追加: clip4 を 100.00s へ挿入 (VOD 250.0-300.0 / 尺 50.00s)
2026-09-16 15:42:00,498 [INFO] src.archive.timeline_builder: アーカイブ Timeline 構築: 1 クリップ / V1 1 本 / S1 0 件 / 全長 30.0s
2026-09-16 15:42:00,498 [INFO] src.archive.timeline_builder: アーカイブ Timeline 構築: 1 クリップ / V1 1 本 / S1 0 件 / 全長 30.0s
2026-09-16 15:42:00,498 [INFO] src.archive.timeline_builder: アーカイブ Timeline 構築: 1 クリップ / V1 1 本 / S1 0 件 / 全長 30.0s
2026-09-16 15:42:00,498 [INFO] src.archive.timeline_builder: アーカイブ Timeline 構築: 1 クリップ / V1 1 本 / S1 0 件 / 全長 30.0s
2026-09-16 15:42:00,498 [INFO] src.archive.timeline_builder: アーカイブ Timeline 構築: 1 クリップ / V1 1 本 / S1 0 件 / 全長 30.0s
2026-09-16 15:42:00,498 [INFO] src.archive.timeline_builder: アーカイブ Timeline 構築: 3 クリップ / V1 6 本 / S1 6 件 / 全長 30.0s
2026-09-16 15:42:00,498 [INFO] src.archive.timeline_builder: アーカイブ Timeline 構築: 3 クリップ / V1 6 本 / S1 6 件 / 全長 30.0s
2026-09-16 15:42:00,498 [INFO] src.archive.timeline_builder: アーカイブ Timeline 構築: 3 クリップ / V1 6 本 / S1 6 件 / 全長 30.0s
2026-09-16 15:42:00,498 [INFO] src.archive.timeline_builder: アーカイブ Timeline 構築: 3 クリップ / V1 6 本 / S1 6 件 / 全長 30.0s
2026-09-16 15:42:00,498 [INFO] src.archive.timeline_builder: アーカイブ Timeline 構築: 3 クリップ / V1 6 本 / S1 6 件 / 全長 30.0s
2026-09-16 15:42:00,498 [INFO] src.archive.timeline_builder: アーカイブ Timeline 構築: 3 クリップ / V1 6 本 / S1 6 件 / 全長 30.0s
2026-09-16 15:42:00,498 [INFO] src.archive.timeline_builder: アーカイブ Timeline 構築: 3 クリップ / V1 6 本 / S1 6 件 / 全長 30.0s
2026-09-16 15:42:00,498 [INFO] src.archive.timeline_builder: アーカイブ Timeline 構築: 3 クリップ / V1 6 本 / S1 6 件 / 全長 30.0s
2026-09-16 15:42:00,498 [INFO] src.archive.timeline_builder: アーカイブ Timeline 構築: 3 クリップ / V1 6 本 / S1 6 件 / 全長 30.0s
2026-09-16 15:42:00,498 [INFO] src.archive.timeline_builder: アーカイブ Timeline 構築: 1 クリップ / V1 1 本 / S1 2 件 / 全長 30.0s
2026-09-16 15:42:00,498 [INFO] src.archive.timeline_builder: clip1: クリップ終端で打ち切った字幕 1 件 / 載せなかった字幕 0 件
2026-09-16 15:42:00,498 [INFO] src.archive.timeline_builder: clip2: クリップ終端で打ち切った字幕 1 件 / 載せなかった字幕 0 件
2026-09-16 15:42:00,498 [INFO] src.archive.timeline_builder: clip3: クリップ終端で打ち切った字幕 1 件 / 載せなかった字幕 0 件
2026-09-16 15:42:00,498 [INFO] src.archive.timeline_builder: アーカイブ Timeline 構築: 3 クリップ / V1 6 本 / S1 3 件 / 全長 30.0s
2026-09-16 15:42:00,498 [INFO] src.archive.timeline_builder: clip1: クリップ終端で打ち切った字幕 1 件 / 載せなかった字幕 0 件
2026-09-16 15:42:00,498 [INFO] src.archive.timeline_builder: アーカイブ Timeline 構築: 2 クリップ / V1 4 本 / S1 3 件 / 全長 20.0s
2026-09-16 15:42:00,498 [INFO] src.archive.timeline_builder: clip1: クリップ終端で打ち切った字幕 1 件 / 載せなかった字幕 1 件
2026-09-16 15:42:00,498 [INFO] src.archive.timeline_builder: アーカイブ Timeline 構築: 2 クリップ / V1 4 本 / S1 2 件 / 全長 20.0s
2026-09-16 15:42:00,498 [INFO] src.archive.timeline_builder: clip1: クリップ終端で打ち切った字幕 1 件 / 載せなかった字幕 0 件
2026-09-16 15:42:00,498 [INFO] src.archive.timeline_builder: clip2: クリップ終端で打ち切った字幕 1 件 / 載せなかった字幕 0 件
2026-09-16 15:42:00,498 [INFO] src.archive.timeline_builder: アーカイブ Timeline 構築: 2 クリップ / V1 4 本 / S1 2 件 / 全長 20.0s
2026-09-16 15:42:00,498 [INFO] src.archive.timeline_builder: アーカイブ Timeline 構築: 3 クリップ / V1 6 本 / S1 6 件 / 全長 30.0s
2026-09-16 15:42:00,498 [INFO] src.archive.timeline_builder: アーカイブ Timeline 構築: 3 クリップ / V1 6 本 / S1 6 件 / 全長 30.0s
2026-09-16 15:42:00,498 [INFO] src.archive.timeline_builder: アーカイブ Timeline 構築: 3 クリップ / V1 6 本 / S1 6 件 / 全長 30.0s
2026-09-16 15:42:00,498 [INFO] src.archive.timeline_builder: アーカイブ Timeline 構築: 3 クリップ / V1 6 本 / S1 6 件 / 全長 30.0s
2026-09-16 15:42:00,498 [INFO] src.archive.timeline_builder: アーカイブ Timeline 構築: 3 クリップ / V1 6 本 / S1 6 件 / 全長 30.0s
2026-09-16 15:42:00,498 [INFO] src.archive.timeline_builder: アーカイブ Timeline 構築: 3 クリップ / V1 6 本 / S1 6 件 / 全長 30.0s
2026-09-16 15:42:00,498 [INFO] src.archive.timeline_builder: アーカイブ Timeline 構築: 3 クリップ / V1 6 本 / S1 6 件 / 全長 30.0s
2026-09-16 15:42:00,498 [INFO] src.archive.timeline_builder: clip2 は使用しないため書き出しから除外します
2026-09-16 15:42:00,498 [INFO] src.archive.timeline_builder: アーカイブ Timeline 構築: 3 クリップ / V1 6 本 / S1 6 件 / 全長 30.0s
2026-09-16 15:42:00,498 [INFO] src.archive.timeline_builder: アーカイブ Timeline 構築: 3 クリップ / V1 6 本 / S1 6 件 / 全長 30.0s
2026-09-16 15:42:00,498 [INFO] src.archive.timeline_builder: アーカイブ Timeline 構築: 3 クリップ / V1 6 本 / S1 6 件 / 全長 30.0s
2026-09-16 15:42:00,498 [INFO] src.archive.timeline_builder: アーカイブ Timeline 構築: 3 クリップ / V1 6 本 / S1 6 件 / 全長 30.0s
2026-09-16 15:42:00,498 [INFO] src.archive.timeline_builder: アーカイブ Timeline 構築: 3 クリップ / V1 6 本 / S1 6 件 / 全長 30.0s
2026-09-16 15:42:00,498 [INFO] src.archive.timeline_builder: アーカイブ Timeline 構築: 3 クリップ / V1 6 本 / S1 6 件 / 全長 30.0s
2026-09-16 15:42:00,498 [WARNING] src.blur.config: 未知の blur.default_policy のため既定を使用します: なにか変な値
2026-09-16 15:42:00,498 [WARNING] src.blur.config: 未知の blur.render.mode のため既定を使用します: unknown
2026-09-16 15:42:00,515 [INFO] src.blur.tracker: 人物クラスタリング: tracklet 2 本 → 人物 2 人 (主役 p1)
2026-09-16 15:42:00,515 [INFO] src.blur.tracker: 人物クラスタリング: tracklet 2 本 → 人物 1 人 (主役 p1)
2026-09-16 15:42:00,515 [INFO] src.blur.tracker: 人物クラスタリング: tracklet 2 本 → 人物 2 人 (主役 p1)
2026-09-16 15:42:00,520 [WARNING] src.modules.blur_overlay: ぼかしマスクが見つからないため、ぼかしを省略します: 
2026-09-16 15:42:00,527 [INFO] src.blur.mask_builder: ぼかしマスク: 1200 フレーム / 480x270 / 対象 1 件
2026-09-16 15:42:01,121 [INFO] src.blur.mask_builder: ぼかしマスクを書き出しました: mask.mkv (0.4 MB)
2026-09-16 15:42:01,121 [INFO] src.blur.mask_builder: ぼかしマスク: 1200 フレーム / 480x270 / 対象 1 件
2026-09-16 15:42:01,688 [INFO] src.blur.mask_builder: ぼかしマスクを書き出しました: mask.mkv (0.4 MB)
2026-09-16 15:42:01,798 [INFO] src.blur.mask_builder: ぼかす対象が無いためマスクを作りません
2026-09-16 15:42:01,799 [INFO] src.blur.mask_builder: ぼかしマスク: 1200 フレーム / 270x480 / 対象 1 件
2026-09-16 15:42:02,372 [INFO] src.blur.mask_builder: ぼかしマスクを書き出しました: mask.mkv (0.4 MB)
2026-09-16 15:42:02,398 [INFO] src.timeline.renderer: ベース映像構築: 1 クリップ / ギャップ 0 件 / 合計 5.0s
2026-09-16 15:42:02,401 [INFO] src.timeline.renderer: ベース映像の尺: モデル 5.000s / 実測 5.000s (差 +0.000s / 1 部品)
2026-09-16 15:42:02,402 [INFO] src.timeline.renderer: 字幕焼き込み: 1 件
2026-09-16 15:42:02,406 [INFO] src.timeline.renderer: ベース映像構築: 1 クリップ / ギャップ 0 件 / 合計 5.0s
2026-09-16 15:42:02,406 [INFO] src.timeline.renderer: ベース映像の尺: モデル 5.000s / 実測 5.000s (差 +0.000s / 1 部品)
2026-09-16 15:42:02,406 [INFO] src.timeline.renderer: 字幕焼き込み: 1 件
2026-09-16 15:42:02,406 [INFO] src.timeline.renderer: ベース映像構築: 1 クリップ / ギャップ 0 件 / 合計 5.0s
2026-09-16 15:42:02,406 [INFO] src.timeline.renderer: ベース映像の尺: モデル 5.000s / 実測 5.000s (差 +0.000s / 1 部品)
2026-09-16 15:42:02,406 [INFO] src.timeline.renderer: オーバーレイ・字幕が無いため合成をスキップします
2026-09-16 15:42:02,421 [INFO] src.modules.blur_overlay: ぼかしを焼き込みます: blur_applied.mp4
2026-09-16 15:42:02,421 [INFO] src.timeline.renderer: ベース映像構築: 1 クリップ / ギャップ 0 件 / 合計 5.0s
2026-09-16 15:42:02,425 [INFO] src.timeline.renderer: ベース映像の尺: モデル 5.000s / 実測 5.000s (差 +0.000s / 1 部品)
2026-09-16 15:42:02,425 [INFO] src.timeline.renderer: オーバーレイ・字幕が無いため合成をスキップします
2026-09-16 15:42:02,427 [INFO] src.modules.blur_overlay: ぼかしを焼き込みます: blur_applied.mp4
2026-09-16 15:42:02,427 [INFO] src.timeline.renderer: ベース映像構築: 1 クリップ / ギャップ 0 件 / 合計 5.0s
2026-09-16 15:42:02,427 [INFO] src.timeline.renderer: ベース映像の尺: モデル 5.000s / 実測 5.000s (差 +0.000s / 1 部品)
2026-09-16 15:42:02,435 [INFO] src.timeline.renderer: 字幕焼き込み: 1 件
2026-09-16 15:42:03,701 [INFO] src.modules.subtitle_generator: 縦動画のため字幕設定を縦用へ上書き (font/改行/配置/余白)
2026-09-16 15:42:03,701 [WARNING] src.modules.comment_decor: コメント背景がキャンバスに収まらないため詰めました (推定幅 1181px / 使える幅 1080px)。font_size か max_line_length を下げると解消します
2026-09-16 15:42:03,701 [INFO] src.modules.comment_decor: コメントアイコン: 2 件 / 位置 2 種類
2026-09-16 15:42:03,701 [INFO] src.modules.comment_decor: コメントアイコン: 2 件 / 位置 1 種類
2026-09-16 15:42:03,701 [INFO] src.modules.comment_decor: コメントアイコン: 1 件 / 位置 1 種類
2026-09-16 15:42:03,701 [INFO] src.modules.subtitle_generator: 縦動画のため字幕設定を縦用へ上書き (font/改行/配置/余白)
2026-09-16 15:42:03,701 [WARNING] src.modules.comment_decor: コメントアイコンがキャンバスに収まらないため位置を詰めました (要求 x=-190.0 y=465.0 → x=0.0 y=465.0)。subtitle.comment_margin_l を大きくすると解消します
2026-09-16 15:42:03,701 [INFO] src.modules.subtitle_generator: コメント背景: 1 件
2026-09-16 15:42:03,712 [WARNING] src.modules.subtitle_generator: コメントの Layer が逆転しているため本文を 6 へ引き上げます (背景=5 / 本文=1)
2026-09-16 15:42:03,712 [INFO] src.modules.subtitle_generator: コメント背景: 1 件
2026-09-16 15:42:03,723 [WARNING] src.modules.subtitle_generator: コメントの配置は左寄せ (1/4/7) のみ対応のため 4 を使用します: 2
2026-09-16 15:42:03,726 [INFO] src.modules.subtitle_generator: 縦動画のため字幕設定を縦用へ上書き (font/改行/配置/余白)
2026-09-16 15:42:03,728 [WARNING] src.export.fcpxml_builder: タイムライン終端を超える字幕をクリップ末尾へクランプしました (丸め誤差の端数など)。
2026-09-16 15:42:03,730 [INFO] src.modules.loudness_normalizer: 入力ラウドネス: I=-9.2 LUFS / TP=-0.3 dBTP / LRA=5.1 LU → 目標 I=-14.0 LUFS / TP=-1.0 dBTP (offset 0.4 dB)
2026-09-16 15:42:03,730 [ERROR] src.modules.loudness_normalizer: ラウドネス正規化の適用に失敗 (元音声のまま継続): in.mp4
Traceback (most recent call last):
  File "D:\develop\autoedit\src\modules\loudness_normalizer.py", line 219, in normalize_file
    ffmpeg_runner.execute(
  File "C:\Users\evolu\AppData\Local\Programs\Python\Python312\Lib\unittest\mock.py", line 1139, in __call__
    return self._mock_call(*args, **kwargs)
           ^^^^^^^^^^^^^^^^^^^^^^^^^^^^^^^^
  File "C:\Users\evolu\AppData\Local\Programs\Python\Python312\Lib\unittest\mock.py", line 1143, in _mock_call
    return self._execute_mock_call(*args, **kwargs)
           ^^^^^^^^^^^^^^^^^^^^^^^^^^^^^^^^^^^^^^^^
  File "C:\Users\evolu\AppData\Local\Programs\Python\Python312\Lib\unittest\mock.py", line 1198, in _execute_mock_call
    raise effect
src.exceptions.FFmpegError: 失敗
2026-09-16 15:42:03,730 [INFO] src.modules.loudness_normalizer: ラウドネス正規化は無効のためスキップ
2026-09-16 15:42:03,730 [WARNING] src.modules.loudness_normalizer: ラウドネス測定に失敗したため正規化をスキップ (元音声のまま継続): in.mp4
2026-09-16 15:42:03,730 [INFO] src.modules.loudness_normalizer: 音声ストリームが無いためラウドネス正規化をスキップ: in.mp4
2026-09-16 15:42:03,746 [INFO] src.modules.loudness_normalizer: ラウドネス正規化 完了: out.mp4
2026-09-16 15:42:03,746 [INFO] src.modules.loudness_normalizer: 入力ラウドネス: I=-9.2 LUFS / TP=-0.3 dBTP / LRA=5.1 LU → 目標 I=-14.0 LUFS / TP=-1.0 dBTP (offset 0.4 dB)
2026-09-16 15:42:03,762 [INFO] src.modules.loudness_normalizer: ラウドネス正規化 完了: out.mp4
2026-09-16 15:42:03,762 [INFO] src.timeline.media_recovery: 本編素材を元動画から作り直します: C:\Users\evolu\AppData\Local\Temp\media_recovery_test_uw50cpvn\sample.mp4
2026-09-16 15:42:03,778 [WARNING] src.timeline.media_recovery: 素材が見つかりません: m2 (C:\Users\evolu\AppData\Local\Temp\media_recovery_test_qe29o3yd\gone.png)
2026-09-16 15:42:03,778 [INFO] src.timeline.media_recovery: 素材を差し替え済みのフォルダで見つけました: m3 → C:\Users\evolu\AppData\Local\Temp\media_recovery_test_mnwcln5k\moved\logo2.png
2026-09-16 15:42:03,798 [INFO] src.timeline.media_recovery: 本編素材を元動画から作り直します: C:\Users\evolu\AppData\Local\Temp\media_recovery_test_z5xu_mzr\sample.mp4
2026-09-16 15:42:03,804 [WARNING] src.timeline.media_recovery: 元動画が見つからないため本編素材を復旧できません: C:\Users\evolu\AppData\Local\Temp\media_recovery_test_j1p1mpq6\no_such_input.mp4
2026-09-16 15:42:03,804 [WARNING] src.timeline.media_recovery: 素材が見つかりません: m1 (C:\Users\evolu\AppData\Local\Temp\media_recovery_test_j1p1mpq6\work\loudness_normalized.mp4)
2026-09-16 15:42:03,807 [INFO] src.timeline.media_recovery: 本編素材は元動画そのものだったため、そのまま使います: C:\Users\evolu\AppData\Local\Temp\media_recovery_test_kftmm_tn\sample.mp4
2026-09-16 15:42:03,813 [INFO] src.timeline.media_recovery: 素材を相対パスで見つけました: m2 → C:\Users\evolu\AppData\Local\Temp\media_recovery_test_4168wjge\assets\logo.png
2026-09-16 15:42:03,824 [INFO] src.timeline.media_recovery: 設定に従い元動画をそのまま使います (音量は正規化前): C:\Users\evolu\AppData\Local\Temp\media_recovery_test_76dmdmu6\sample.mp4
2026-09-16 15:42:03,829 [INFO] src.services.points: ポイントを予約しました: clip/video 25pt (watermark=False)
2026-09-16 15:42:03,831 [WARNING] src.services.points: ポイント残高を取得できませんでした: 断
2026-09-16 15:42:03,835 [INFO] src.services.points: ポイントを予約しました: clip/video 25pt (watermark=False)
2026-09-16 15:42:03,836 [WARNING] src.services.points: ポイントのcommitを送信できませんでした (再送します): 接続できません
2026-09-16 15:42:03,856 [INFO] src.services.points: ポイントを予約しました: clip/video 25pt (watermark=False)
2026-09-16 15:42:03,856 [WARNING] src.services.points: ポイントのcommitを送信できませんでした (再送します): 断
2026-09-16 15:42:03,871 [INFO] src.services.points: 保留していたポイント処理を 2 件送信しました。
2026-09-16 15:42:03,871 [WARNING] src.services.points: ポイントを予約できませんでした: 再ログインが必要です。
2026-09-16 15:42:03,871 [INFO] src.services.points: ポイントを予約しました: clip/video 25pt (watermark=False)
2026-09-16 15:42:03,871 [WARNING] src.services.points: ポイントのcancelが拒否されました: 確定済み
2026-09-16 15:42:03,871 [INFO] src.services.points: 保留していたポイント処理を 1 件送信しました。
2026-09-16 15:42:03,887 [INFO] src.services.points: ポイントを予約しました: clip/video 25pt (watermark=False)
2026-09-16 15:42:03,894 [INFO] src.services.points: サブスク判定のキャッシュが古いため watermark を入れます。
2026-09-16 15:42:03,894 [WARNING] src.services.points: ポイントを予約できませんでした (オフライン): 接続できません
2026-09-16 15:42:03,918 [WARNING] src.services.points: ポイントを予約できませんでした (オフライン): 接続できません
2026-09-16 15:42:03,920 [WARNING] src.services.points: ポイントを予約できませんでした (オフライン): 接続できません
2026-09-16 15:42:03,922 [WARNING] src.services.points: ポイントを予約できませんでした: 想定外
2026-09-16 15:42:03,925 [INFO] src.services.points: ポイントを予約しました: clip/resolveProject 0pt (watermark=False)
2026-09-16 15:42:03,944 [INFO] src.services.points: ポイントを予約しました: clip/video 25pt (watermark=False)
2026-09-16 15:42:03,948 [INFO] src.services.points: ポイントを予約しました: archive/video 0pt (watermark=True)
2026-09-16 15:42:04,013 [WARNING] src.timeline.builder: フレーム間引きの設定が不正なため none を使用します: 'all'
2026-09-16 15:42:04,059 [INFO] src.timeline.project_io: プロジェクト保存: C:\Users\evolu\AppData\Local\Temp\library_summary_n_rfg_fh\vod.archive.timeline.json
2026-09-16 15:42:04,075 [WARNING] src.timeline.project_io: プロジェクトの概要を読めませんでした: C:\Users\evolu\AppData\Local\Temp\library_summary_b51uj6df\broken.timeline.json
2026-09-16 15:42:04,091 [INFO] src.timeline.project_io: プロジェクト保存: C:\Users\evolu\AppData\Local\Temp\library_summary_4pzchxp7\sample.timeline.json
2026-09-16 15:42:04,107 [INFO] src.timeline.project_io: プロジェクト保存: C:\Users\evolu\AppData\Local\Temp\library_summary_c4k6vaxc\sample.timeline.json
2026-09-16 15:42:04,128 [INFO] src.timeline.project_io: プロジェクト保存: C:\Users\evolu\AppData\Local\Temp\library_rename_vd3snyng\old.timeline.json
2026-09-16 15:42:04,142 [INFO] src.timeline.project_io: プロジェクト保存: C:\Users\evolu\AppData\Local\Temp\library_rename_os0758mz\old.timeline.json
2026-09-16 15:42:04,162 [INFO] src.timeline.project_io: プロジェクト保存: C:\Users\evolu\AppData\Local\Temp\library_rename_z68c_nc5\old.timeline.json
2026-09-16 15:42:04,184 [INFO] src.timeline.project_io: プロジェクトを改名しました: old.timeline.json → new.timeline.json
2026-09-16 15:42:04,215 [INFO] src.timeline.project_io: プロジェクト保存: C:\Users\evolu\AppData\Local\Temp\library_rename_e0_fkx1n\old.timeline.json
2026-09-16 15:42:04,231 [INFO] src.timeline.project_io: プロジェクトを改名しました: old.timeline.json → new.timeline.json
2026-09-16 15:42:04,231 [INFO] src.timeline.project_io: プロジェクト保存: C:\Users\evolu\AppData\Local\Temp\library_rename_007idk4u\old.timeline.json
2026-09-16 15:42:04,275 [INFO] src.timeline.project_io: プロジェクトが 5 件見つかりました (新しい 2 件を表示します)
2026-09-16 15:42:04,343 [WARNING] src.export.resolve_export: ソース総尺の取得に失敗 (タイムライン全長で代用): C:\Users\evolu\AppData\Local\Temp\resolve_export_test_obxup5hv\sample.mp4
2026-09-16 15:42:04,373 [WARNING] src.export.resolve_export: ソース総尺の取得に失敗 (タイムライン全長で代用): C:\Users\evolu\AppData\Local\Temp\resolve_export_test_nbaq1d2c\sample.mp4
2026-09-16 15:42:04,408 [WARNING] src.export.resolve_export: ソース総尺の取得に失敗 (タイムライン全長で代用): C:\Users\evolu\AppData\Local\Temp\resolve_export_test_6h6wha5l\sample.mp4
2026-09-16 15:42:04,434 [WARNING] src.export.resolve_export: ソース総尺の取得に失敗 (タイムライン全長で代用): C:\Users\evolu\AppData\Local\Temp\resolve_export_test_i0e3xzgu\sample.mp4
2026-09-16 15:42:04,434 [WARNING] src.export.resolve_export: テーマ演出はテキストと区間のみを出力します (ブラー・黒帯などの映像エフェクトは FCPXML で表現できません)。
2026-09-16 15:42:04,434 [WARNING] src.export.resolve_export: 字幕位置は配置(alignment)＋余白からの近似です。Resolve 取り込み時に位置が中央へ戻る場合があります (フォント/サイズ/色は保持)。
2026-09-16 15:42:04,466 [WARNING] src.export.resolve_export: ソース総尺の取得に失敗 (タイムライン全長で代用): C:\Users\evolu\AppData\Local\Temp\resolve_export_test_8osprfx7\sample.mp4
2026-09-16 15:42:04,513 [WARNING] src.export.resolve_export: ソース総尺の取得に失敗 (タイムライン全長で代用): C:\Users\evolu\AppData\Local\Temp\resolve_export_test_h3987w81\sample.mp4
2026-09-16 15:42:04,551 [WARNING] src.export.resolve_export: ソース総尺の取得に失敗 (タイムライン全長で代用): C:\Users\evolu\AppData\Local\Temp\resolve_export_test_70x90nwy\sample.mp4
2026-09-16 15:42:04,576 [WARNING] src.export.resolve_export: ソース総尺の取得に失敗 (タイムライン全長で代用): C:\Users\evolu\AppData\Local\Temp\resolve_export_test_70x90nwy\sample.mp4
2026-09-16 15:42:04,605 [WARNING] src.export.resolve_export: ソース総尺の取得に失敗 (タイムライン全長で代用): C:\Users\evolu\AppData\Local\Temp\resolve_export_test_5c7quybg\sample.mp4
2026-09-16 15:42:04,605 [WARNING] src.export.resolve_export: 未対応の字幕出力方式 export.resolve.subtitle.mode=bogus のため caption で出力します
2026-09-16 15:42:04,638 [WARNING] src.export.resolve_export: ソース総尺の取得に失敗 (タイムライン全長で代用): C:\Users\evolu\AppData\Local\Temp\resolve_export_test_881gc4fm\sample.mp4
2026-09-16 15:42:04,686 [WARNING] src.export.resolve_export: ソース総尺の取得に失敗 (タイムライン全長で代用): C:\Users\evolu\AppData\Local\Temp\resolve_export_test_5_wli3bj\sample.mp4
2026-09-16 15:42:04,715 [WARNING] src.export.resolve_export: ソース総尺の取得に失敗 (タイムライン全長で代用): C:\Users\evolu\AppData\Local\Temp\resolve_export_test_pi9ndx4p\sample.mp4
2026-09-16 15:42:04,747 [WARNING] src.export.resolve_export: ソース総尺の取得に失敗 (タイムライン全長で代用): C:\Users\evolu\AppData\Local\Temp\resolve_export_test_1yvdl4jt\sample.mp4
2026-09-16 15:42:04,779 [WARNING] src.export.resolve_export: ソース総尺の取得に失敗 (タイムライン全長で代用): C:\Users\evolu\AppData\Local\Temp\resolve_export_test_xv2mdfak\sample.mp4
2026-09-16 15:42:04,839 [WARNING] src.export.resolve_export: ソース総尺の取得に失敗 (タイムライン全長で代用): C:\Users\evolu\AppData\Local\Temp\resolve_export_test_9djtmojq\sample.mp4
2026-09-16 15:42:04,879 [WARNING] src.export.resolve_export: ソース総尺の取得に失敗 (タイムライン全長で代用): C:\Users\evolu\AppData\Local\Temp\resolve_export_test_yb3fjsri\sample.mp4
2026-09-16 15:42:04,906 [WARNING] src.export.resolve_export: ソース総尺の取得に失敗 (タイムライン全長で代用): C:\Users\evolu\AppData\Local\Temp\resolve_export_test_ovseg3ds\sample.mp4
2026-09-16 15:42:04,949 [WARNING] src.export.resolve_export: ソース総尺の取得に失敗 (タイムライン全長で代用): C:\Users\evolu\AppData\Local\Temp\resolve_export_test_d2yaa_h8\sample.mp4
2026-09-16 15:42:04,949 [INFO] src.export.resolve_export: 編集点が無いため全長 1 クリップとして出力します
2026-09-16 15:42:04,983 [WARNING] src.export.resolve_export: ソース総尺の取得に失敗 (タイムライン全長で代用): C:\Users\evolu\AppData\Local\Temp\resolve_export_test_72jxp71d\sample.mp4
2026-09-16 15:42:04,983 [INFO] src.export.resolve_export: Resolve 出力開始: C:\Users\evolu\AppData\Local\Temp\resolve_export_test_72jxp71d\out2.fcpxml (クリップ 1 件 / 字幕 caption 1 件 / title・テーマ 0 件 / 1920x1080 60fps)
2026-09-16 15:42:04,983 [INFO] src.export.resolve_export: 字幕トラックのスタイルは Resolve の字幕トラックヘッダー選択 → インスペクタ → Track Style で一括設定できます (Resolve 19 以降は Text+ スタイルも指定可)。
2026-09-16 15:42:04,983 [INFO] src.export.resolve_export: Resolve 出力完了: C:\Users\evolu\AppData\Local\Temp\resolve_export_test_72jxp71d\out2.fcpxml (タイムライン尺 5.00s)
2026-09-16 15:42:05,029 [WARNING] src.export.resolve_export: ソース総尺の取得に失敗 (タイムライン全長で代用): C:\Users\evolu\AppData\Local\Temp\resolve_export_test_ee2buo1v\sample.mp4
2026-09-16 15:42:05,029 [INFO] src.export.resolve_export: Resolve 出力開始: C:\Users\evolu\AppData\Local\Temp\resolve_export_test_ee2buo1v\out3.fcpxml (クリップ 1 件 / 字幕 caption 0 件 / title・テーマ 0 件 / 1920x1080 60fps)
2026-09-16 15:42:05,033 [INFO] src.export.resolve_export: Resolve 出力完了: C:\Users\evolu\AppData\Local\Temp\resolve_export_test_ee2buo1v\out3.fcpxml (タイムライン尺 5.00s)
2026-09-16 15:42:05,060 [WARNING] src.export.resolve_export: ソース総尺の取得に失敗 (タイムライン全長で代用): C:\Users\evolu\AppData\Local\Temp\resolve_export_test__jc7ti81\sample.mp4
2026-09-16 15:42:05,060 [INFO] src.export.resolve_export: Resolve 出力開始: C:\Users\evolu\AppData\Local\Temp\resolve_export_test__jc7ti81\out.fcpxml (クリップ 1 件 / 字幕 caption 1 件 / title・テーマ 0 件 / 1920x1080 60fps)
2026-09-16 15:42:05,076 [INFO] src.export.resolve_export: SRT サイドカー出力: C:\Users\evolu\AppData\Local\Temp\resolve_export_test__jc7ti81\out.srt (1 件)
2026-09-16 15:42:05,076 [INFO] src.export.resolve_export: Resolve 出力完了: C:\Users\evolu\AppData\Local\Temp\resolve_export_test__jc7ti81\out.fcpxml / C:\Users\evolu\AppData\Local\Temp\resolve_export_test__jc7ti81\out.srt (タイムライン尺 5.00s)
2026-09-16 15:42:05,076 [INFO] src.export.resolve_export: Resolve 出力を中止 (上書きしない): C:\Users\evolu\AppData\Local\Temp\resolve_export_test__jc7ti81\out.fcpxml
2026-09-16 15:42:05,140 [INFO] src.modules.subtitle_generator: 縦動画のため字幕設定を縦用へ上書き (font/改行/配置/余白)
2026-09-16 15:42:05,152 [WARNING] src.services.stretheus_auth: API の日時を解釈できませんでした。
2026-09-16 15:42:05,154 [INFO] src.services.stretheus_auth: Stretheus のログインページを開きます (ポート61796)
2026-09-16 15:42:05,171 [INFO] src.services.stretheus_auth: Stretheus へログインしました。
2026-09-16 15:42:06,227 [INFO] src.services.stretheus_auth: Stretheus のログインページを開きます (ポート61804)
2026-09-16 15:42:06,233 [INFO] src.services.stretheus_auth: Stretheus へログインしました。
2026-09-16 15:42:07,262 [INFO] src.services.stretheus_auth: Stretheus のログインページを開きます (ポート61812)
2026-09-16 15:42:07,278 [INFO] src.services.stretheus_auth: Stretheus へログインしました。
2026-09-16 15:42:07,797 [INFO] src.services.stretheus_auth: Stretheus のログインページを開きます (ポート61817)
2026-09-16 15:42:07,829 [INFO] src.services.stretheus_auth: Stretheus へログインしました。
2026-09-16 15:42:08,361 [INFO] src.services.stretheus_auth: Stretheus のログインページを開きます (ポート61823)
2026-09-16 15:42:08,373 [INFO] src.services.stretheus_auth: Stretheus へログインしました。
2026-09-16 15:42:08,886 [INFO] src.services.stretheus_auth: Stretheus のログインページを開きます (ポート61829)
2026-09-16 15:42:08,902 [INFO] src.services.stretheus_auth: Stretheus へログインしました。
2026-09-16 15:42:09,390 [INFO] src.modules.subtitle_generator: テロップ個別指定 フォント 0 件 / サイズ 0 件 / 文字色 1 件 / 縁の色 0 件
2026-09-16 15:42:09,397 [INFO] src.modules.subtitle_generator: テロップ個別指定 フォント 0 件 / サイズ 0 件 / 文字色 1 件 / 縁の色 0 件
2026-09-16 15:42:09,419 [INFO] src.modules.subtitle_generator: テロップ個別指定 フォント 0 件 / サイズ 0 件 / 文字色 0 件 / 縁の色 1 件
2026-09-16 15:42:09,435 [INFO] src.modules.subtitle_generator: テロップ個別指定 フォント 0 件 / サイズ 0 件 / 文字色 0 件 / 縁の色 1 件
2026-09-16 15:42:09,435 [INFO] src.modules.subtitle_generator: テロップ個別指定 フォント 1 件 / サイズ 1 件 / 文字色 1 件 / 縁の色 1 件
2026-09-16 15:42:09,435 [INFO] src.timeline.commands: コメント用の字幕トラックを作成しました: S2
2026-09-16 15:42:09,435 [INFO] src.timeline.commands: 移動先 S2 が空いていないため役割だけ変更しました: s1
2026-09-16 15:42:09,435 [INFO] src.timeline.commands: コメント用の字幕トラックを作成しました: S2
2026-09-16 15:42:09,451 [INFO] src.timeline.commands: コメント用の字幕トラックを作成しました: S2
2026-09-16 15:42:09,451 [INFO] src.timeline.commands: コメント用の字幕トラックを作成しました: S2
2026-09-16 15:42:09,451 [INFO] src.timeline.project_io: プロジェクト保存: C:\Users\evolu\AppData\Local\Temp\tmppum1bs9i\sample.timeline.json
2026-09-16 15:42:09,471 [INFO] src.modules.subtitle_generator: VAD フィルタ有効 (min_silence=500ms, speech_pad=100ms, condition_on_previous_text=False)
2026-09-16 15:42:09,472 [WARNING] src.modules.subtitle_generator: VAD 付き認識に失敗したため VAD 無しで再試行します: VAD の初期化に失敗しました (テスト)
2026-09-16 15:42:09,472 [INFO] src.modules.subtitle_generator: VAD フィルタ有効 (min_silence=800ms, speech_pad=100ms, condition_on_previous_text=False)
2026-09-16 15:42:09,472 [INFO] src.modules.subtitle_generator: VAD フィルタ有効 (min_silence=500ms, speech_pad=100ms, condition_on_previous_text=False)
2026-09-16 15:42:09,496 [INFO] src.timeline.commands: 貼り付けの割り込み: V1 の 5.000s へ 10.00s を確保 / 移動 2 件・分割 1 件・切詰 0 件
2026-09-16 15:42:09,496 [INFO] src.timeline.commands: 貼り付けの割り込み: V2 の 5.000s へ 10.00s を確保 / 移動 2 件・分割 0 件・切詰 0 件
2026-09-16 15:42:09,496 [INFO] src.timeline.commands: 貼り付けの割り込み: S1 の 5.000s へ 10.00s を確保 / 移動 1 件・分割 0 件・切詰 0 件
2026-09-16 15:42:09,496 [INFO] src.timeline.commands: 貼り付けの割り込み: V1 の 5.000s へ 10.00s を確保 / 移動 2 件・分割 1 件・切詰 0 件
2026-09-16 15:42:09,496 [INFO] src.timeline.commands: 貼り付けの割り込み: V2 の 5.000s へ 10.00s を確保 / 移動 2 件・分割 0 件・切詰 0 件
2026-09-16 15:42:09,496 [INFO] src.timeline.commands: 貼り付けの割り込み: S1 の 5.000s へ 10.00s を確保 / 移動 1 件・分割 0 件・切詰 0 件
2026-09-16 15:42:09,496 [INFO] src.timeline.commands: 貼り付けの割り込み: V1 の 5.000s へ 10.00s を確保 / 移動 2 件・分割 1 件・切詰 0 件
2026-09-16 15:42:09,496 [INFO] src.timeline.commands: 貼り付けの割り込み: V2 の 5.000s へ 10.00s を確保 / 移動 2 件・分割 0 件・切詰 0 件
2026-09-16 15:42:09,496 [INFO] src.timeline.commands: 貼り付けの割り込み: S1 の 5.000s へ 10.00s を確保 / 移動 1 件・分割 0 件・切詰 0 件
2026-09-16 15:42:09,496 [INFO] src.timeline.commands: 貼り付けの割り込み: V1 の 5.000s へ 15.00s を確保 / 移動 3 件・分割 0 件・切詰 0 件
2026-09-16 15:42:09,496 [INFO] src.timeline.commands: 貼り付けの割り込み: V2 の 5.000s へ 15.00s を確保 / 移動 2 件・分割 0 件・切詰 0 件
2026-09-16 15:42:09,512 [INFO] src.timeline.commands: 貼り付けの割り込み: S1 の 5.000s へ 15.00s を確保 / 移動 1 件・分割 0 件・切詰 0 件
2026-09-16 15:42:09,512 [INFO] src.timeline.commands: 貼り付けの割り込み: V1 の 10.020s へ 10.02s を確保 / 移動 2 件・分割 0 件・切詰 0 件
2026-09-16 15:42:09,512 [INFO] src.timeline.commands: 貼り付けの割り込み: V2 の 10.020s へ 10.02s を確保 / 移動 1 件・分割 0 件・切詰 0 件
2026-09-16 15:42:09,512 [INFO] src.timeline.commands: 貼り付けの割り込み: S1 の 10.020s へ 10.02s を確保 / 移動 1 件・分割 0 件・切詰 0 件
2026-09-16 15:42:09,512 [INFO] src.timeline.commands: 貼り付けの割り込み: V1 の 19.980s へ 9.98s を確保 / 移動 1 件・分割 0 件・切詰 1 件
2026-09-16 15:42:09,512 [INFO] src.timeline.commands: 貼り付けの割り込み: V2 の 19.980s へ 9.98s を確保 / 移動 1 件・分割 0 件・切詰 0 件
2026-09-16 15:42:09,512 [INFO] src.timeline.commands: 貼り付けの割り込み: S1 の 19.980s へ 9.98s を確保 / 移動 0 件・分割 0 件・切詰 0 件
2026-09-16 15:42:09,512 [WARNING] src.timeline.commands: 素材が見つからないため貼り付けません: D:\develop\autoedit\tests\存在しない素材.mp4
2026-09-16 15:42:09,512 [INFO] src.timeline.commands: 貼り付けの割り込み: V1 の 5.000s へ 10.00s を確保 / 移動 2 件・分割 1 件・切詰 0 件
2026-09-16 15:42:09,512 [INFO] src.timeline.commands: 貼り付けの割り込み: V2 の 5.000s へ 10.00s を確保 / 移動 2 件・分割 0 件・切詰 0 件
2026-09-16 15:42:09,512 [INFO] src.timeline.commands: 貼り付けの割り込み: S1 の 5.000s へ 10.00s を確保 / 移動 1 件・分割 0 件・切詰 0 件
2026-09-16 15:42:09,512 [INFO] src.timeline.commands: 貼り付けの割り込み: V1 の 5.000s へ 10.00s を確保 / 移動 2 件・分割 1 件・切詰 0 件
2026-09-16 15:42:09,512 [INFO] src.timeline.commands: 貼り付けの割り込み: V2 の 5.000s へ 10.00s を確保 / 移動 2 件・分割 0 件・切詰 0 件
2026-09-16 15:42:09,512 [INFO] src.timeline.commands: 貼り付けの割り込み: S1 の 5.000s へ 10.00s を確保 / 移動 1 件・分割 0 件・切詰 0 件
2026-09-16 15:42:09,512 [INFO] src.timeline.commands: 貼り付けの割り込み: V1 の 5.000s へ 10.00s を確保 / 移動 2 件・分割 1 件・切詰 0 件
2026-09-16 15:42:09,512 [INFO] src.timeline.commands: 貼り付けの割り込み: V2 の 5.000s へ 10.00s を確保 / 移動 2 件・分割 0 件・切詰 0 件
2026-09-16 15:42:09,512 [INFO] src.timeline.commands: 貼り付けの割り込み: S1 の 5.000s へ 10.00s を確保 / 移動 1 件・分割 0 件・切詰 0 件
2026-09-16 15:42:09,512 [INFO] src.timeline.commands: 貼り付けの割り込み: V1 の 5.000s へ 10.00s を確保 / 移動 2 件・分割 1 件・切詰 0 件
2026-09-16 15:42:09,512 [INFO] src.timeline.commands: 貼り付けの割り込み: V2 の 5.000s へ 10.00s を確保 / 移動 2 件・分割 0 件・切詰 0 件
2026-09-16 15:42:09,512 [INFO] src.timeline.commands: 貼り付けの割り込み: S1 の 5.000s へ 10.00s を確保 / 移動 1 件・分割 0 件・切詰 0 件
2026-09-16 15:42:09,512 [INFO] src.timeline.commands: 貼り付けの割り込み: V1 の 5.000s へ 10.00s を確保 / 移動 2 件・分割 1 件・切詰 0 件
2026-09-16 15:42:09,512 [INFO] src.timeline.commands: 貼り付けの割り込み: V2 の 5.000s へ 10.00s を確保 / 移動 2 件・分割 0 件・切詰 0 件
2026-09-16 15:42:09,512 [INFO] src.timeline.commands: 貼り付けの割り込み: S1 の 5.000s へ 10.00s を確保 / 移動 1 件・分割 0 件・切詰 0 件
2026-09-16 15:42:09,512 [INFO] src.timeline.commands: 貼り付けの割り込み: V2 の 4.000s へ 2.00s を確保 / 移動 2 件・分割 0 件・切詰 0 件
2026-09-16 15:42:09,512 [INFO] src.timeline.commands: 貼り付けの割り込み: V2 の 4.000s へ 2.00s を確保 / 移動 2 件・分割 0 件・切詰 0 件
2026-09-16 15:42:09,512 [INFO] src.timeline.commands: 貼り付けの割り込み: V2 の 4.000s へ 2.00s を確保 / 移動 2 件・分割 0 件・切詰 0 件
2026-09-16 15:42:09,512 [INFO] src.timeline.clipboard: Timeline のノードをコピーしました: 1 件
2026-09-16 15:42:09,512 [INFO] src.timeline.clipboard: Timeline のノードをコピーしました: 1 件
2026-09-16 15:42:09,512 [INFO] src.timeline.commands: 貼り付けの割り込み: V1 の 4.000s へ 2.00s を確保 / 移動 2 件・分割 1 件・切詰 0 件
2026-09-16 15:42:09,512 [INFO] src.timeline.commands: 貼り付けの割り込み: V2 の 4.000s へ 2.00s を確保 / 移動 2 件・分割 0 件・切詰 0 件
2026-09-16 15:42:09,512 [INFO] src.timeline.commands: 貼り付けの割り込み: S1 の 4.000s へ 2.00s を確保 / 移動 1 件・分割 0 件・切詰 0 件
2026-09-16 15:42:09,512 [INFO] src.timeline.commands: 貼り付けの割り込み: V2 の 4.000s へ 2.00s を確保 / 移動 2 件・分割 0 件・切詰 0 件
2026-09-16 15:42:09,512 [INFO] src.timeline.commands: 貼り付けの割り込み: V1 の 5.000s へ 10.00s を確保 / 移動 2 件・分割 1 件・切詰 0 件
2026-09-16 15:42:09,512 [INFO] src.timeline.commands: 貼り付けの割り込み: V2 の 5.000s へ 10.00s を確保 / 移動 2 件・分割 0 件・切詰 0 件
2026-09-16 15:42:09,512 [INFO] src.timeline.commands: 貼り付けの割り込み: V1 の 5.000s へ 10.00s を確保 / 移動 2 件・分割 1 件・切詰 0 件
2026-09-16 15:42:09,512 [WARNING] src.timeline.builder: 貼り付けの設定が不正なため既定 base_syncs_all を使用します: 'なにか'
2026-09-16 15:42:09,512 [WARNING] src.timeline.builder: 貼り付けの設定が不正なため既定 split を使用します: 123
2026-09-16 15:42:09,512 [INFO] src.timeline.commands: 貼り付けの割り込み: V1 の 5.000s へ 10.00s を確保 / 移動 2 件・分割 1 件・切詰 0 件
2026-09-16 15:42:09,512 [INFO] src.timeline.commands: 貼り付けの割り込み: V2 の 5.000s へ 10.00s を確保 / 移動 2 件・分割 0 件・切詰 0 件
2026-09-16 15:42:09,512 [INFO] src.timeline.commands: 貼り付けの割り込み: S1 の 5.000s へ 10.00s を確保 / 移動 1 件・分割 0 件・切詰 0 件
2026-09-16 15:42:09,528 [WARNING] src.timeline.commands: 映像トラックの上限 (3) に達しているため追加できません
2026-09-16 15:42:09,528 [INFO] src.timeline.commands: 字幕を追加できる空きがありません (2.000 秒)
2026-09-16 15:42:09,528 [INFO] src.timeline.commands: 字幕を追加できる空きがありません (0.990 秒)
2026-09-16 15:42:09,528 [INFO] src.timeline.commands: リップル: 10.000〜20.000s (10.00s) を除去 / 削除 1 件・短縮 0 件・移動 1 件
2026-09-16 15:42:09,528 [INFO] src.timeline.commands: リップル: 10.000〜20.000s (10.00s) を除去 / 削除 1 件・短縮 0 件・移動 1 件
2026-09-16 15:42:09,528 [INFO] src.timeline.commands: リップル: 10.000〜20.000s (10.00s) を除去 / 削除 1 件・短縮 0 件・移動 1 件
2026-09-16 15:42:09,528 [INFO] src.timeline.commands: リップル: 0.000〜10.000s (10.00s) を除去 / 削除 2 件・短縮 0 件・移動 1 件
2026-09-16 15:42:09,528 [INFO] src.timeline.commands: リップル: 10.000〜20.000s (10.00s) を除去 / 削除 1 件・短縮 0 件・移動 1 件
2026-09-16 15:42:09,528 [INFO] src.timeline.commands: リップル: 10.000〜20.000s (10.00s) を除去 / 削除 2 件・短縮 1 件・移動 2 件
2026-09-16 15:42:09,528 [INFO] src.timeline.commands: リップル: 10.000〜20.000s (10.00s) を除去 / 削除 2 件・短縮 1 件・移動 2 件
2026-09-16 15:42:09,528 [INFO] src.timeline.commands: リップル: 10.000〜20.000s (10.00s) を除去 / 削除 2 件・短縮 1 件・移動 2 件
2026-09-16 15:42:09,528 [INFO] src.timeline.commands: リップル: 10.000〜20.000s (10.00s) を除去 / 削除 2 件・短縮 1 件・移動 2 件
2026-09-16 15:42:09,528 [INFO] src.timeline.commands: リップル: 10.000〜20.000s (10.00s) を除去 / 削除 2 件・短縮 1 件・移動 2 件
2026-09-16 15:42:09,528 [INFO] src.timeline.commands: リップル: 10.000〜20.000s (10.00s) を除去 / 削除 2 件・短縮 1 件・移動 2 件
2026-09-16 15:42:09,544 [INFO] src.timeline.commands: リップル: 10.000〜20.000s (10.00s) を除去 / 削除 2 件・短縮 0 件・移動 3 件
2026-09-16 15:42:09,544 [INFO] src.timeline.commands: リップル: 10.000〜20.000s (10.00s) を除去 / 削除 1 件・短縮 0 件・移動 1 件
2026-09-16 15:42:09,544 [INFO] src.timeline.commands: リップル: 10.000〜20.000s (10.00s) を除去 / 削除 2 件・短縮 1 件・移動 2 件
2026-09-16 15:42:09,544 [INFO] src.timeline.commands: 残り尺が下限を割るためクリップごとリップル削除しました: c2
2026-09-16 15:42:09,544 [INFO] src.timeline.commands: リップル: 10.000〜20.000s (10.00s) を除去 / 削除 1 件・短縮 0 件・移動 2 件
2026-09-16 15:42:09,544 [INFO] src.timeline.commands: リップル: 15.000〜20.000s (5.00s) を除去 / 削除 0 件・短縮 1 件・移動 2 件
2026-09-16 15:42:09,544 [INFO] src.timeline.commands: リップル: 10.000〜15.000s (5.00s) を除去 / 削除 0 件・短縮 1 件・移動 2 件
2026-09-16 15:42:09,544 [INFO] src.timeline.commands: リップル: 15.000〜20.000s (5.00s) を除去 / 削除 0 件・短縮 1 件・移動 2 件
2026-09-16 15:42:09,544 [INFO] src.timeline.commands: リップル: 15.000〜20.000s (5.00s) を除去 / 削除 0 件・短縮 1 件・移動 2 件
2026-09-16 15:42:09,544 [INFO] src.timeline.commands: リップル: 26.000〜27.000s (1.00s) を除去 / 削除 0 件・短縮 2 件・移動 0 件
2026-09-16 15:42:09,550 [INFO] src.timeline.commands: リップル: 10.000〜20.000s (10.00s) を除去 / 削除 1 件・短縮 0 件・移動 1 件
2026-09-16 15:42:09,550 [INFO] src.timeline.commands: リップル: 10.000〜20.000s (10.00s) を除去 / 削除 1 件・短縮 0 件・移動 1 件
2026-09-16 15:42:09,550 [INFO] src.timeline.commands: リップル: 10.000〜20.000s (10.00s) を除去 / 削除 1 件・短縮 0 件・移動 1 件
2026-09-16 15:42:09,563 [INFO] src.timeline.project_io: プロジェクト保存: C:\Users\evolu\AppData\Local\Temp\timeline_io_test_e7gqsmgh\sample.timeline.json
2026-09-16 15:42:09,578 [INFO] src.timeline.project_io: プロジェクト読込: C:\Users\evolu\AppData\Local\Temp\timeline_io_test_e7gqsmgh\sample.timeline.json
2026-09-16 15:42:09,578 [INFO] src.timeline.project_io: プロジェクト保存: C:\Users\evolu\AppData\Local\Temp\timeline_io_test_e7gqsmgh\sample.timeline.json
2026-09-16 15:42:09,592 [INFO] src.timeline.project_io: プロジェクト読込: C:\Users\evolu\AppData\Local\Temp\timeline_io_test_e7gqsmgh\sample.timeline.json
2026-09-16 15:42:09,592 [INFO] src.timeline.project_io: プロジェクト保存: C:\Users\evolu\AppData\Local\Temp\timeline_io_test_ynuzyfh4\sample.timeline.json
2026-09-16 15:42:09,607 [INFO] src.timeline.project_io: プロジェクト読込: C:\Users\evolu\AppData\Local\Temp\timeline_io_test_ynuzyfh4\sample.timeline.json
2026-09-16 15:42:09,627 [INFO] src.timeline.project_io: プロジェクト保存: C:\Users\evolu\AppData\Local\Temp\timeline_io_test_bezlcp6s\sample.timeline.json
2026-09-16 15:42:09,639 [WARNING] src.timeline.project_io: メディアの実体が見つかりません (1 件)。該当クリップを無効化します: m1
2026-09-16 15:42:09,654 [INFO] src.timeline.project_io: プロジェクト保存: C:\Users\evolu\AppData\Local\Temp\timeline_io_test_rrjndjku\sample.timeline.json
2026-09-16 15:42:09,677 [INFO] src.timeline.project_io: プロジェクト保存: C:\Users\evolu\AppData\Local\Temp\timeline_io_test_f6w45ubn\sample.timeline.json
2026-09-16 15:42:09,702 [WARNING] src.timeline.project_io: 編集点の区間が不正なため無視します: 20.000→15.000
2026-09-16 15:42:09,702 [WARNING] src.timeline.project_io: メディアの実体が見つかりません (1 件)。該当クリップを無効化します: m1
2026-09-16 15:42:09,702 [WARNING] src.timeline.project_io: 音声クリップ a1 のリンク先 no_such_clip が存在しないため除外します (該当区間は無音になります)
2026-09-16 15:42:09,718 [WARNING] src.timeline.project_io: トラック V1 でクリップ c2 が重複しているため 12.480 へ移動します
2026-09-16 15:42:09,718 [WARNING] src.timeline.project_io: クリップ c2 の尺 (0.001s) が下限 (0.050s) 未満のため除外します
2026-09-16 15:42:09,734 [WARNING] src.timeline.project_io: 音声クリップ a2 のリンク先 c2 が存在しないため除外します (該当区間は無音になります)
2026-09-16 15:42:09,939 [INFO] src.utils.trash: ゴミ箱へ移動しました (2 件)
2026-09-16 15:42:09,951 [WARNING] src.timeline.builder: 寸法の設定が不正なため既定 8000 を使用します: 0
2026-09-16 15:42:40,902 [WARNING] src.blur.config: 未知の blur.default_policy のため既定を使用します: なにか変な値
2026-09-16 15:42:40,902 [WARNING] src.blur.config: 未知の blur.render.mode のため既定を使用します: unknown
2026-09-16 15:42:40,906 [INFO] src.blur.tracker: 人物クラスタリング: tracklet 2 本 → 人物 2 人 (主役 p1)
2026-09-16 15:42:40,906 [INFO] src.blur.tracker: 人物クラスタリング: tracklet 2 本 → 人物 1 人 (主役 p1)
2026-09-16 15:42:40,906 [INFO] src.blur.tracker: 人物クラスタリング: tracklet 2 本 → 人物 2 人 (主役 p1)
2026-09-16 15:46:18,413 [INFO] src.archive.timeline_builder: アーカイブ Timeline 構築: 2 クリップ / V1 2 本 / S1 0 件 / 全長 60.0s
2026-09-16 15:46:18,413 [INFO] src.archive.timeline_builder: アーカイブ Timeline 構築: 2 クリップ / V1 2 本 / S1 0 件 / 全長 60.0s
2026-09-16 15:46:18,413 [WARNING] src.archive.marker_source: VOD 外のマーカーを 2 件除外しました (尺 7200.0s)
2026-09-16 15:46:18,417 [INFO] src.archive.clip_writer: clip1 prepare 完了 (字幕 2 件)
2026-09-16 15:46:18,418 [INFO] src.archive.clip_writer: clip1 prepare 完了 (字幕 2 件)
2026-09-16 15:46:18,419 [INFO] src.archive.clip_writer: 編集点準備: 残す区間 2 件 / 想定尺 10.00s (素材 30.00s)
2026-09-16 15:46:18,419 [INFO] src.archive.clip_writer: clip1 prepare 完了 (字幕 2 件 / 実カットなし)
2026-09-16 15:46:18,421 [INFO] src.archive.clip_writer: 編集点準備: 残す区間 2 件 / 想定尺 10.00s (素材 30.00s)
2026-09-16 15:46:18,421 [INFO] src.archive.clip_writer: clip1 prepare 完了 (字幕 2 件 / 実カットなし)
2026-09-16 15:46:18,423 [INFO] src.archive.clip_writer: 編集点準備: 残す区間 2 件 / 想定尺 10.00s (素材 30.00s)
2026-09-16 15:46:18,423 [INFO] src.archive.clip_writer: clip1 prepare 完了 (字幕 2 件 / 実カットなし)
2026-09-16 15:46:18,425 [INFO] src.archive.clip_writer: 編集点準備: 残す区間 2 件 / 想定尺 10.00s (素材 30.00s)
2026-09-16 15:46:18,425 [INFO] src.archive.clip_writer: clip1 prepare 完了 (字幕 2 件 / 実カットなし)
2026-09-16 15:46:18,426 [INFO] src.archive.clip_writer: 編集点準備: 残す区間 2 件 / 想定尺 10.00s (素材 30.00s)
2026-09-16 15:46:18,426 [INFO] src.archive.clip_writer: clip1 prepare 完了 (字幕 2 件 / 実カットなし)
2026-09-16 15:46:18,428 [INFO] src.archive.clip_writer: 編集点準備: 残す区間 2 件 / 想定尺 10.00s (素材 30.00s)
2026-09-16 15:46:18,428 [INFO] src.archive.clip_writer: clip1 prepare 完了 (字幕 2 件 / 実カットなし)
2026-09-16 15:46:18,429 [INFO] src.archive.clip_writer: 編集点準備: 残す区間 2 件 / 想定尺 10.00s (素材 30.00s)
2026-09-16 15:46:18,429 [INFO] src.archive.clip_writer: clip1 prepare 完了 (字幕 0 件 / 実カットなし)
2026-09-16 15:46:18,430 [INFO] src.archive.clip_writer: 編集点準備: 残す区間 2 件 / 想定尺 10.00s (素材 30.00s)
2026-09-16 15:46:18,433 [INFO] src.timeline.project_io: プロジェクト保存: C:\Users\evolu\AppData\Local\Temp\archive_resume_uaq5je6r\vod.archive.timeline.json
2026-09-16 15:46:18,451 [INFO] src.timeline.project_io: プロジェクト読込: C:\Users\evolu\AppData\Local\Temp\archive_resume_uaq5je6r\vod.archive.timeline.json
2026-09-16 15:46:18,459 [INFO] src.timeline.project_io: プロジェクト保存: C:\Users\evolu\AppData\Local\Temp\archive_resume_j9uuyyke\vod.archive.timeline.json
2026-09-16 15:46:18,460 [INFO] src.timeline.project_io: プロジェクト保存: C:\Users\evolu\AppData\Local\Temp\archive_resume_j9uuyyke\clip.timeline.json
2026-09-16 15:46:18,462 [INFO] src.archive.project_resume: ==================================================
2026-09-16 15:46:18,462 [INFO] src.archive.project_resume: 保存済みアーカイブプロジェクトから再開: C:\Users\evolu\AppData\Local\Temp\archive_resume_j9uuyyke\clip.timeline.json
2026-09-16 15:46:18,481 [INFO] src.timeline.project_io: プロジェクト読込: C:\Users\evolu\AppData\Local\Temp\archive_resume_j9uuyyke\clip.timeline.json
2026-09-16 15:46:18,487 [INFO] src.timeline.project_io: プロジェクト保存: C:\Users\evolu\AppData\Local\Temp\archive_resume_xbj6yeti\vod.archive.timeline.json
2026-09-16 15:46:18,499 [INFO] src.timeline.project_io: プロジェクト読込: C:\Users\evolu\AppData\Local\Temp\archive_resume_xbj6yeti\vod.archive.timeline.json
2026-09-16 15:46:18,499 [INFO] src.archive.project_resume: 音声サイドカーが無いため clip1 の正規化をやり直します
2026-09-16 15:46:18,499 [INFO] src.archive.project_resume: 音声サイドカーが無いため clip2 の正規化をやり直します
2026-09-16 15:46:18,504 [INFO] src.timeline.project_io: プロジェクト保存: C:\Users\evolu\AppData\Local\Temp\archive_resume_if67_p30\vod.archive.timeline.json
2026-09-16 15:46:18,521 [INFO] src.timeline.project_io: プロジェクト読込: C:\Users\evolu\AppData\Local\Temp\archive_resume_if67_p30\vod.archive.timeline.json
2026-09-16 15:46:18,521 [INFO] src.archive.project_resume: 音声サイドカーが無いため clip1 の正規化をやり直します
2026-09-16 15:46:18,521 [INFO] src.archive.project_resume: 音声サイドカーが無いため clip2 の正規化をやり直します
2026-09-16 15:46:18,531 [INFO] src.timeline.project_io: プロジェクト保存: C:\Users\evolu\AppData\Local\Temp\archive_resume_netx_tc7\vod.archive.timeline.json
2026-09-16 15:46:18,532 [INFO] src.archive.project_resume: ==================================================
2026-09-16 15:46:18,532 [INFO] src.archive.project_resume: 保存済みアーカイブプロジェクトから再開: C:\Users\evolu\AppData\Local\Temp\archive_resume_netx_tc7\no_such.timeline.json
2026-09-16 15:46:18,535 [INFO] src.timeline.project_io: プロジェクト保存: C:\Users\evolu\AppData\Local\Temp\archive_resume_5cqyvfex\vod.archive.timeline.json
2026-09-16 15:46:18,543 [INFO] src.timeline.project_io: プロジェクト読込: C:\Users\evolu\AppData\Local\Temp\archive_resume_5cqyvfex\vod.archive.timeline.json
2026-09-16 15:46:18,554 [INFO] src.timeline.project_io: プロジェクト保存: C:\Users\evolu\AppData\Local\Temp\archive_resume_xna139pl\vod.archive.timeline.json
2026-09-16 15:46:18,568 [INFO] src.timeline.project_io: プロジェクト読込: C:\Users\evolu\AppData\Local\Temp\archive_resume_xna139pl\vod.archive.timeline.json
2026-09-16 15:46:18,568 [INFO] src.archive.project_resume: 設定に従い切り出したままの音量で使います: clip1
2026-09-16 15:46:18,568 [INFO] src.archive.project_resume: 設定に従い切り出したままの音量で使います: clip2
2026-09-16 15:46:18,568 [WARNING] src.timeline.media_sidecar: 音声サイドカーの尺が保存値と合いません (100.00s / 期待 103.00s) → 使いません
2026-09-16 15:46:18,568 [INFO] src.archive.timeline_builder: アーカイブ Timeline 構築: 2 クリップ / V1 2 本 / S1 0 件 / 全長 200.0s
2026-09-16 15:46:18,568 [INFO] src.archive.timeline_builder: セクション追加: clip3 を 200.00s へ挿入 (VOD 900.0-950.0 / 尺 50.00s)
2026-09-16 15:46:18,568 [INFO] src.archive.timeline_builder: アーカイブ Timeline 構築: 2 クリップ / V1 2 本 / S1 0 件 / 全長 200.0s
2026-09-16 15:46:18,568 [INFO] src.timeline.commands: 貼り付けの割り込み: V1 の 0.000s へ 50.00s を確保 / 移動 2 件・分割 0 件・切詰 0 件
2026-09-16 15:46:18,568 [INFO] src.timeline.commands: 貼り付けの割り込み: S1 の 0.000s へ 50.00s を確保 / 移動 0 件・分割 0 件・切詰 0 件
2026-09-16 15:46:18,568 [INFO] src.archive.timeline_builder: セクション追加: clip3 を 0.00s へ挿入 (VOD 0.0-50.0 / 尺 50.00s)
2026-09-16 15:46:18,568 [INFO] src.archive.timeline_builder: アーカイブ Timeline 構築: 2 クリップ / V1 2 本 / S1 0 件 / 全長 200.0s
2026-09-16 15:46:18,574 [INFO] src.timeline.commands: 貼り付けの割り込み: V1 の 100.000s へ 50.00s を確保 / 移動 1 件・分割 0 件・切詰 0 件
2026-09-16 15:46:18,574 [INFO] src.timeline.commands: 貼り付けの割り込み: S1 の 100.000s へ 50.00s を確保 / 移動 0 件・分割 0 件・切詰 0 件
2026-09-16 15:46:18,574 [INFO] src.archive.timeline_builder: セクション追加: clip3 を 100.00s へ挿入 (VOD 250.0-300.0 / 尺 50.00s)
2026-09-16 15:46:18,574 [INFO] src.archive.timeline_builder: アーカイブ Timeline 構築: 3 クリップ / V1 3 本 / S1 0 件 / 全長 300.0s
2026-09-16 15:46:18,574 [INFO] src.timeline.commands: 貼り付けの割り込み: V1 の 100.000s へ 50.00s を確保 / 移動 2 件・分割 0 件・切詰 0 件
2026-09-16 15:46:18,574 [INFO] src.timeline.commands: 貼り付けの割り込み: S1 の 100.000s へ 50.00s を確保 / 移動 0 件・分割 0 件・切詰 0 件
2026-09-16 15:46:18,574 [INFO] src.archive.timeline_builder: セクション追加: clip4 を 100.00s へ挿入 (VOD 250.0-300.0 / 尺 50.00s)
2026-09-16 15:46:18,574 [INFO] src.timeline.commands: 貼り付けの割り込み: V1 の 0.000s へ 50.00s を確保 / 移動 4 件・分割 0 件・切詰 0 件
2026-09-16 15:46:18,574 [INFO] src.timeline.commands: 貼り付けの割り込み: S1 の 0.000s へ 50.00s を確保 / 移動 0 件・分割 0 件・切詰 0 件
2026-09-16 15:46:18,574 [INFO] src.archive.timeline_builder: セクション追加: clip5 を 0.00s へ挿入 (VOD 0.0-50.0 / 尺 50.00s)
2026-09-16 15:46:18,574 [INFO] src.archive.timeline_builder: セクション追加: clip6 を 400.00s へ挿入 (VOD 900.0-950.0 / 尺 50.00s)
2026-09-16 15:46:18,574 [INFO] src.archive.timeline_builder: アーカイブ Timeline 構築: 1 クリップ / V1 1 本 / S1 0 件 / 全長 100.0s
2026-09-16 15:46:18,574 [INFO] src.archive.timeline_builder: セクション追加: clip2 を 100.00s へ挿入 (VOD 300.0-400.0 / 尺 100.00s)
2026-09-16 15:46:18,574 [INFO] src.archive.timeline_builder: アーカイブ Timeline 構築: 3 クリップ / V1 3 本 / S1 0 件 / 全長 300.0s
2026-09-16 15:46:18,574 [INFO] src.timeline.commands: 貼り付けの割り込み: V1 の 100.000s へ 50.00s を確保 / 移動 2 件・分割 0 件・切詰 0 件
2026-09-16 15:46:18,574 [INFO] src.timeline.commands: 貼り付けの割り込み: S1 の 100.000s へ 50.00s を確保 / 移動 0 件・分割 0 件・切詰 0 件
2026-09-16 15:46:18,574 [INFO] src.archive.timeline_builder: セクション追加: clip4 を 100.00s へ挿入 (VOD 250.0-300.0 / 尺 50.00s)
2026-09-16 15:46:18,575 [INFO] src.archive.timeline_builder: アーカイブ Timeline 構築: 2 クリップ / V1 2 本 / S1 0 件 / 全長 200.0s
2026-09-16 15:46:18,575 [INFO] src.archive.timeline_builder: セクション追加: clip3 を 200.00s へ挿入 (VOD 900.0-950.0 / 尺 50.00s)
2026-09-16 15:46:18,575 [INFO] src.archive.timeline_builder: アーカイブ Timeline 構築: 2 クリップ / V1 2 本 / S1 0 件 / 全長 200.0s
2026-09-16 15:46:18,575 [INFO] src.archive.timeline_builder: アーカイブ Timeline 構築: 1 クリップ / V1 1 本 / S1 0 件 / 全長 100.0s
2026-09-16 15:46:18,575 [INFO] src.archive.timeline_builder: セクション追加: clip2 を 100.00s へ挿入 (VOD 450.0-600.0 / 尺 150.00s)
2026-09-16 15:46:18,575 [INFO] src.archive.timeline_builder: アーカイブ Timeline 構築: 2 クリップ / V1 2 本 / S1 0 件 / 全長 200.0s
2026-09-16 15:46:18,575 [INFO] src.archive.timeline_builder: セクション追加: clip3 を 200.00s へ挿入 (VOD 500.0-600.0 / 尺 100.00s)
2026-09-16 15:46:18,575 [INFO] src.archive.timeline_builder: セクション統合: clip2 へ 1 件を畳み込み (VOD 400.0-600.0)
2026-09-16 15:46:18,575 [INFO] src.archive.timeline_builder: アーカイブ Timeline 構築: 2 クリップ / V1 2 本 / S1 0 件 / 全長 200.0s
2026-09-16 15:46:18,575 [INFO] src.archive.timeline_builder: セクション追加: clip3 を 200.00s へ挿入 (VOD 500.0-600.0 / 尺 100.00s)
2026-09-16 15:46:18,575 [INFO] src.archive.timeline_builder: セクション統合: clip2 へ 1 件を畳み込み (VOD 400.0-600.0)
2026-09-16 15:46:18,575 [INFO] src.archive.timeline_builder: アーカイブ Timeline 構築: 3 クリップ / V1 3 本 / S1 0 件 / 全長 300.0s
2026-09-16 15:46:18,575 [INFO] src.timeline.commands: 貼り付けの割り込み: V1 の 200.000s へ 100.00s を確保 / 移動 1 件・分割 0 件・切詰 0 件
2026-09-16 15:46:18,575 [INFO] src.timeline.commands: 貼り付けの割り込み: S1 の 200.000s へ 100.00s を確保 / 移動 0 件・分割 0 件・切詰 0 件
2026-09-16 15:46:18,575 [INFO] src.archive.timeline_builder: セクション追加: clip4 を 200.00s へ挿入 (VOD 500.0-600.0 / 尺 100.00s)
2026-09-16 15:46:18,575 [INFO] src.archive.timeline_builder: セクション統合: clip2 へ 1 件を畳み込み (VOD 400.0-600.0)
2026-09-16 15:46:18,575 [INFO] src.archive.timeline_builder: アーカイブ Timeline 構築: 3 クリップ / V1 3 本 / S1 0 件 / 全長 300.0s
2026-09-16 15:46:18,575 [INFO] src.timeline.commands: 貼り付けの割り込み: V1 の 100.000s へ 200.00s を確保 / 移動 2 件・分割 0 件・切詰 0 件
2026-09-16 15:46:18,575 [INFO] src.timeline.commands: 貼り付けの割り込み: S1 の 100.000s へ 200.00s を確保 / 移動 0 件・分割 0 件・切詰 0 件
2026-09-16 15:46:18,575 [INFO] src.archive.timeline_builder: セクション追加: clip4 を 100.00s へ挿入 (VOD 200.0-400.0 / 尺 200.00s)
2026-09-16 15:46:18,575 [INFO] src.timeline.commands: 貼り付けの割り込み: V1 の 400.000s へ 200.00s を確保 / 移動 1 件・分割 0 件・切詰 0 件
2026-09-16 15:46:18,575 [INFO] src.timeline.commands: 貼り付けの割り込み: S1 の 400.000s へ 200.00s を確保 / 移動 0 件・分割 0 件・切詰 0 件
2026-09-16 15:46:18,575 [INFO] src.archive.timeline_builder: セクション追加: clip5 を 400.00s へ挿入 (VOD 500.0-700.0 / 尺 200.00s)
2026-09-16 15:46:18,575 [INFO] src.archive.timeline_builder: セクション統合: clip1 へ 4 件を畳み込み (VOD 100.0-800.0)
2026-09-16 15:46:18,575 [INFO] src.archive.timeline_builder: アーカイブ Timeline 構築: 1 クリップ / V1 1 本 / S1 0 件 / 全長 100.0s
2026-09-16 15:46:18,575 [INFO] src.archive.timeline_builder: セクション追加: clip2 を 100.00s へ挿入 (VOD 200.0-300.0 / 尺 100.00s)
2026-09-16 15:46:18,575 [INFO] src.archive.timeline_builder: セクション統合: clip1 へ 1 件を畳み込み (VOD 100.0-300.0)
2026-09-16 15:46:18,575 [INFO] src.archive.timeline_builder: アーカイブ Timeline 構築: 2 クリップ / V1 2 本 / S1 0 件 / 全長 200.0s
2026-09-16 15:46:18,575 [INFO] src.timeline.commands: 貼り付けの割り込み: V1 の 100.000s へ 50.00s を確保 / 移動 1 件・分割 0 件・切詰 0 件
2026-09-16 15:46:18,575 [INFO] src.timeline.commands: 貼り付けの割り込み: S1 の 100.000s へ 50.00s を確保 / 移動 0 件・分割 0 件・切詰 0 件
2026-09-16 15:46:18,575 [INFO] src.archive.timeline_builder: セクション追加: clip3 を 100.00s へ挿入 (VOD 250.0-300.0 / 尺 50.00s)
2026-09-16 15:46:18,575 [INFO] src.archive.timeline_builder: アーカイブ Timeline 構築: 2 クリップ / V1 2 本 / S1 0 件 / 全長 200.0s
2026-09-16 15:46:18,575 [INFO] src.archive.timeline_builder: セクション追加: clip3 を 200.00s へ挿入 (VOD 500.0-600.0 / 尺 100.00s)
2026-09-16 15:46:18,575 [INFO] src.archive.timeline_builder: セクション統合: clip2 へ 1 件を畳み込み (VOD 400.0-600.0)
2026-09-16 15:46:18,575 [INFO] src.archive.timeline_builder: アーカイブ Timeline 構築: 3 クリップ / V1 3 本 / S1 0 件 / 全長 300.0s
2026-09-16 15:46:18,575 [INFO] src.timeline.commands: 貼り付けの割り込み: V1 の 100.000s へ 50.00s を確保 / 移動 2 件・分割 0 件・切詰 0 件
2026-09-16 15:46:18,575 [INFO] src.timeline.commands: 貼り付けの割り込み: S1 の 100.000s へ 50.00s を確保 / 移動 0 件・分割 0 件・切詰 0 件
2026-09-16 15:46:18,575 [INFO] src.archive.timeline_builder: セクション追加: clip4 を 100.00s へ挿入 (VOD 250.0-300.0 / 尺 50.00s)
2026-09-16 15:46:18,575 [INFO] src.archive.timeline_builder: アーカイブ Timeline 構築: 1 クリップ / V1 1 本 / S1 0 件 / 全長 30.0s
2026-09-16 15:46:18,575 [INFO] src.archive.timeline_builder: アーカイブ Timeline 構築: 1 クリップ / V1 1 本 / S1 0 件 / 全長 30.0s
2026-09-16 15:46:18,575 [INFO] src.archive.timeline_builder: アーカイブ Timeline 構築: 1 クリップ / V1 1 本 / S1 0 件 / 全長 30.0s
2026-09-16 15:46:18,575 [INFO] src.archive.timeline_builder: アーカイブ Timeline 構築: 1 クリップ / V1 1 本 / S1 0 件 / 全長 30.0s
2026-09-16 15:46:18,575 [INFO] src.archive.timeline_builder: アーカイブ Timeline 構築: 1 クリップ / V1 1 本 / S1 0 件 / 全長 30.0s
2026-09-16 15:46:18,575 [INFO] src.archive.timeline_builder: アーカイブ Timeline 構築: 3 クリップ / V1 6 本 / S1 6 件 / 全長 30.0s
2026-09-16 15:46:18,575 [INFO] src.archive.timeline_builder: アーカイブ Timeline 構築: 3 クリップ / V1 6 本 / S1 6 件 / 全長 30.0s
2026-09-16 15:46:18,575 [INFO] src.archive.timeline_builder: アーカイブ Timeline 構築: 3 クリップ / V1 6 本 / S1 6 件 / 全長 30.0s
2026-09-16 15:46:18,575 [INFO] src.archive.timeline_builder: アーカイブ Timeline 構築: 3 クリップ / V1 6 本 / S1 6 件 / 全長 30.0s
2026-09-16 15:46:18,575 [INFO] src.archive.timeline_builder: アーカイブ Timeline 構築: 3 クリップ / V1 6 本 / S1 6 件 / 全長 30.0s
2026-09-16 15:46:18,575 [INFO] src.archive.timeline_builder: アーカイブ Timeline 構築: 3 クリップ / V1 6 本 / S1 6 件 / 全長 30.0s
2026-09-16 15:46:18,575 [INFO] src.archive.timeline_builder: アーカイブ Timeline 構築: 3 クリップ / V1 6 本 / S1 6 件 / 全長 30.0s
2026-09-16 15:46:18,575 [INFO] src.archive.timeline_builder: アーカイブ Timeline 構築: 3 クリップ / V1 6 本 / S1 6 件 / 全長 30.0s
2026-09-16 15:46:18,575 [INFO] src.archive.timeline_builder: アーカイブ Timeline 構築: 3 クリップ / V1 6 本 / S1 6 件 / 全長 30.0s
2026-09-16 15:46:18,575 [INFO] src.archive.timeline_builder: アーカイブ Timeline 構築: 1 クリップ / V1 1 本 / S1 2 件 / 全長 30.0s
2026-09-16 15:46:18,575 [INFO] src.archive.timeline_builder: clip1: クリップ終端で打ち切った字幕 1 件 / 載せなかった字幕 0 件
2026-09-16 15:46:18,575 [INFO] src.archive.timeline_builder: clip2: クリップ終端で打ち切った字幕 1 件 / 載せなかった字幕 0 件
2026-09-16 15:46:18,575 [INFO] src.archive.timeline_builder: clip3: クリップ終端で打ち切った字幕 1 件 / 載せなかった字幕 0 件
2026-09-16 15:46:18,575 [INFO] src.archive.timeline_builder: アーカイブ Timeline 構築: 3 クリップ / V1 6 本 / S1 3 件 / 全長 30.0s
2026-09-16 15:46:18,575 [INFO] src.archive.timeline_builder: clip1: クリップ終端で打ち切った字幕 1 件 / 載せなかった字幕 0 件
2026-09-16 15:46:18,575 [INFO] src.archive.timeline_builder: アーカイブ Timeline 構築: 2 クリップ / V1 4 本 / S1 3 件 / 全長 20.0s
2026-09-16 15:46:18,575 [INFO] src.archive.timeline_builder: clip1: クリップ終端で打ち切った字幕 1 件 / 載せなかった字幕 1 件
2026-09-16 15:46:18,575 [INFO] src.archive.timeline_builder: アーカイブ Timeline 構築: 2 クリップ / V1 4 本 / S1 2 件 / 全長 20.0s
2026-09-16 15:46:18,575 [INFO] src.archive.timeline_builder: clip1: クリップ終端で打ち切った字幕 1 件 / 載せなかった字幕 0 件
2026-09-16 15:46:18,575 [INFO] src.archive.timeline_builder: clip2: クリップ終端で打ち切った字幕 1 件 / 載せなかった字幕 0 件
2026-09-16 15:46:18,575 [INFO] src.archive.timeline_builder: アーカイブ Timeline 構築: 2 クリップ / V1 4 本 / S1 2 件 / 全長 20.0s
2026-09-16 15:46:18,575 [INFO] src.archive.timeline_builder: アーカイブ Timeline 構築: 3 クリップ / V1 6 本 / S1 6 件 / 全長 30.0s
2026-09-16 15:46:18,575 [INFO] src.archive.timeline_builder: アーカイブ Timeline 構築: 3 クリップ / V1 6 本 / S1 6 件 / 全長 30.0s
2026-09-16 15:46:18,575 [INFO] src.archive.timeline_builder: アーカイブ Timeline 構築: 3 クリップ / V1 6 本 / S1 6 件 / 全長 30.0s
2026-09-16 15:46:18,575 [INFO] src.archive.timeline_builder: アーカイブ Timeline 構築: 3 クリップ / V1 6 本 / S1 6 件 / 全長 30.0s
2026-09-16 15:46:18,575 [INFO] src.archive.timeline_builder: アーカイブ Timeline 構築: 3 クリップ / V1 6 本 / S1 6 件 / 全長 30.0s
2026-09-16 15:46:18,575 [INFO] src.archive.timeline_builder: アーカイブ Timeline 構築: 3 クリップ / V1 6 本 / S1 6 件 / 全長 30.0s
2026-09-16 15:46:18,575 [INFO] src.archive.timeline_builder: アーカイブ Timeline 構築: 3 クリップ / V1 6 本 / S1 6 件 / 全長 30.0s
2026-09-16 15:46:18,575 [INFO] src.archive.timeline_builder: clip2 は使用しないため書き出しから除外します
2026-09-16 15:46:18,575 [INFO] src.archive.timeline_builder: アーカイブ Timeline 構築: 3 クリップ / V1 6 本 / S1 6 件 / 全長 30.0s
2026-09-16 15:46:18,575 [INFO] src.archive.timeline_builder: アーカイブ Timeline 構築: 3 クリップ / V1 6 本 / S1 6 件 / 全長 30.0s
2026-09-16 15:46:18,575 [INFO] src.archive.timeline_builder: アーカイブ Timeline 構築: 3 クリップ / V1 6 本 / S1 6 件 / 全長 30.0s
2026-09-16 15:46:18,575 [INFO] src.archive.timeline_builder: アーカイブ Timeline 構築: 3 クリップ / V1 6 本 / S1 6 件 / 全長 30.0s
2026-09-16 15:46:18,575 [INFO] src.archive.timeline_builder: アーカイブ Timeline 構築: 3 クリップ / V1 6 本 / S1 6 件 / 全長 30.0s
2026-09-16 15:46:18,575 [INFO] src.archive.timeline_builder: アーカイブ Timeline 構築: 3 クリップ / V1 6 本 / S1 6 件 / 全長 30.0s
2026-09-16 15:46:18,575 [WARNING] src.blur.config: 未知の blur.default_policy のため既定を使用します: なにか変な値
2026-09-16 15:46:18,575 [WARNING] src.blur.config: 未知の blur.render.mode のため既定を使用します: unknown
2026-09-16 15:46:18,575 [INFO] src.blur.tracker: 人物クラスタリング: tracklet 2 本 → 人物 2 人 (主役 p1)
2026-09-16 15:46:18,575 [INFO] src.blur.tracker: 人物クラスタリング: tracklet 2 本 → 人物 1 人 (主役 p1)
2026-09-16 15:46:18,575 [INFO] src.blur.tracker: 人物クラスタリング: tracklet 2 本 → 人物 2 人 (主役 p1)
2026-09-16 15:46:18,593 [WARNING] src.modules.blur_overlay: ぼかしマスクが見つからないため、ぼかしを省略します: 
2026-09-16 15:46:18,596 [INFO] src.blur.mask_builder: ぼかしマスク: 1200 フレーム / 480x270 / 対象 1 件
2026-09-16 15:46:19,210 [INFO] src.blur.mask_builder: ぼかしマスクを書き出しました: mask.mkv (0.4 MB)
2026-09-16 15:46:19,212 [INFO] src.blur.mask_builder: ぼかしマスク: 1200 フレーム / 480x270 / 対象 1 件
2026-09-16 15:46:19,765 [INFO] src.blur.mask_builder: ぼかしマスクを書き出しました: mask.mkv (0.4 MB)
2026-09-16 15:46:19,875 [INFO] src.blur.mask_builder: ぼかす対象が無いためマスクを作りません
2026-09-16 15:46:19,876 [INFO] src.blur.mask_builder: ぼかしマスク: 1200 フレーム / 270x480 / 対象 1 件
2026-09-16 15:46:20,452 [INFO] src.blur.mask_builder: ぼかしマスクを書き出しました: mask.mkv (0.4 MB)
2026-09-16 15:46:20,464 [INFO] src.timeline.renderer: ベース映像構築: 1 クリップ / ギャップ 0 件 / 合計 5.0s
2026-09-16 15:46:20,464 [INFO] src.timeline.renderer: ベース映像の尺: モデル 5.000s / 実測 5.000s (差 +0.000s / 1 部品)
2026-09-16 15:46:20,464 [INFO] src.timeline.renderer: 字幕焼き込み: 1 件
2026-09-16 15:46:20,484 [INFO] src.timeline.renderer: ベース映像構築: 1 クリップ / ギャップ 0 件 / 合計 5.0s
2026-09-16 15:46:20,487 [INFO] src.timeline.renderer: ベース映像の尺: モデル 5.000s / 実測 5.000s (差 +0.000s / 1 部品)
2026-09-16 15:46:20,487 [INFO] src.timeline.renderer: 字幕焼き込み: 1 件
2026-09-16 15:46:20,491 [INFO] src.timeline.renderer: ベース映像構築: 1 クリップ / ギャップ 0 件 / 合計 5.0s
2026-09-16 15:46:20,495 [INFO] src.timeline.renderer: ベース映像の尺: モデル 5.000s / 実測 5.000s (差 +0.000s / 1 部品)
2026-09-16 15:46:20,496 [INFO] src.timeline.renderer: オーバーレイ・字幕が無いため合成をスキップします
2026-09-16 15:46:20,498 [INFO] src.modules.blur_overlay: ぼかしを焼き込みます: blur_applied.mp4
2026-09-16 15:46:20,499 [INFO] src.timeline.renderer: ベース映像構築: 1 クリップ / ギャップ 0 件 / 合計 5.0s
2026-09-16 15:46:20,503 [INFO] src.timeline.renderer: ベース映像の尺: モデル 5.000s / 実測 5.000s (差 +0.000s / 1 部品)
2026-09-16 15:46:20,503 [INFO] src.timeline.renderer: オーバーレイ・字幕が無いため合成をスキップします
2026-09-16 15:46:20,506 [INFO] src.modules.blur_overlay: ぼかしを焼き込みます: blur_applied.mp4
2026-09-16 15:46:20,507 [INFO] src.timeline.renderer: ベース映像構築: 1 クリップ / ギャップ 0 件 / 合計 5.0s
2026-09-16 15:46:20,511 [INFO] src.timeline.renderer: ベース映像の尺: モデル 5.000s / 実測 5.000s (差 +0.000s / 1 部品)
2026-09-16 15:46:20,511 [INFO] src.timeline.renderer: 字幕焼き込み: 1 件
2026-09-16 15:46:21,565 [INFO] src.modules.subtitle_generator: 縦動画のため字幕設定を縦用へ上書き (font/改行/配置/余白)
2026-09-16 15:46:21,565 [WARNING] src.modules.comment_decor: コメント背景がキャンバスに収まらないため詰めました (推定幅 1181px / 使える幅 1080px)。font_size か max_line_length を下げると解消します
2026-09-16 15:46:21,565 [INFO] src.modules.comment_decor: コメントアイコン: 2 件 / 位置 2 種類
2026-09-16 15:46:21,565 [INFO] src.modules.comment_decor: コメントアイコン: 2 件 / 位置 1 種類
2026-09-16 15:46:21,565 [INFO] src.modules.comment_decor: コメントアイコン: 1 件 / 位置 1 種類
2026-09-16 15:46:21,565 [INFO] src.modules.subtitle_generator: 縦動画のため字幕設定を縦用へ上書き (font/改行/配置/余白)
2026-09-16 15:46:21,565 [WARNING] src.modules.comment_decor: コメントアイコンがキャンバスに収まらないため位置を詰めました (要求 x=-190.0 y=465.0 → x=0.0 y=465.0)。subtitle.comment_margin_l を大きくすると解消します
2026-09-16 15:46:21,565 [INFO] src.modules.subtitle_generator: コメント背景: 1 件
2026-09-16 15:46:21,568 [WARNING] src.modules.subtitle_generator: コメントの Layer が逆転しているため本文を 6 へ引き上げます (背景=5 / 本文=1)
2026-09-16 15:46:21,568 [INFO] src.modules.subtitle_generator: コメント背景: 1 件
2026-09-16 15:46:21,581 [WARNING] src.modules.subtitle_generator: コメントの配置は左寄せ (1/4/7) のみ対応のため 4 を使用します: 2
2026-09-16 15:46:21,585 [INFO] src.modules.subtitle_generator: 縦動画のため字幕設定を縦用へ上書き (font/改行/配置/余白)
2026-09-16 15:46:21,587 [WARNING] src.export.fcpxml_builder: タイムライン終端を超える字幕をクリップ末尾へクランプしました (丸め誤差の端数など)。
2026-09-16 15:46:21,592 [INFO] src.modules.loudness_normalizer: 入力ラウドネス: I=-9.2 LUFS / TP=-0.3 dBTP / LRA=5.1 LU → 目標 I=-14.0 LUFS / TP=-1.0 dBTP (offset 0.4 dB)
2026-09-16 15:46:21,597 [ERROR] src.modules.loudness_normalizer: ラウドネス正規化の適用に失敗 (元音声のまま継続): in.mp4
Traceback (most recent call last):
  File "D:\develop\autoedit\src\modules\loudness_normalizer.py", line 219, in normalize_file
    ffmpeg_runner.execute(
  File "C:\Users\evolu\AppData\Local\Programs\Python\Python312\Lib\unittest\mock.py", line 1139, in __call__
    return self._mock_call(*args, **kwargs)
           ^^^^^^^^^^^^^^^^^^^^^^^^^^^^^^^^
  File "C:\Users\evolu\AppData\Local\Programs\Python\Python312\Lib\unittest\mock.py", line 1143, in _mock_call
    return self._execute_mock_call(*args, **kwargs)
           ^^^^^^^^^^^^^^^^^^^^^^^^^^^^^^^^^^^^^^^^
  File "C:\Users\evolu\AppData\Local\Programs\Python\Python312\Lib\unittest\mock.py", line 1198, in _execute_mock_call
    raise effect
src.exceptions.FFmpegError: 失敗
2026-09-16 15:46:21,598 [INFO] src.modules.loudness_normalizer: ラウドネス正規化は無効のためスキップ
2026-09-16 15:46:21,598 [WARNING] src.modules.loudness_normalizer: ラウドネス測定に失敗したため正規化をスキップ (元音声のまま継続): in.mp4
2026-09-16 15:46:21,598 [INFO] src.modules.loudness_normalizer: 音声ストリームが無いためラウドネス正規化をスキップ: in.mp4
2026-09-16 15:46:21,608 [INFO] src.modules.loudness_normalizer: ラウドネス正規化 完了: out.mp4
2026-09-16 15:46:21,608 [INFO] src.modules.loudness_normalizer: 入力ラウドネス: I=-9.2 LUFS / TP=-0.3 dBTP / LRA=5.1 LU → 目標 I=-14.0 LUFS / TP=-1.0 dBTP (offset 0.4 dB)
2026-09-16 15:46:21,632 [INFO] src.modules.loudness_normalizer: ラウドネス正規化 完了: out.mp4
2026-09-16 15:46:21,638 [INFO] src.timeline.media_recovery: 本編素材を元動画から作り直します: C:\Users\evolu\AppData\Local\Temp\media_recovery_test_jvuxofc1\sample.mp4
2026-09-16 15:46:21,643 [WARNING] src.timeline.media_recovery: 素材が見つかりません: m2 (C:\Users\evolu\AppData\Local\Temp\media_recovery_test_gqzgapeq\gone.png)
2026-09-16 15:46:21,652 [INFO] src.timeline.media_recovery: 素材を差し替え済みのフォルダで見つけました: m3 → C:\Users\evolu\AppData\Local\Temp\media_recovery_test_xi2xpye9\moved\logo2.png
2026-09-16 15:46:21,656 [INFO] src.timeline.media_recovery: 本編素材を元動画から作り直します: C:\Users\evolu\AppData\Local\Temp\media_recovery_test_swh1664y\sample.mp4
2026-09-16 15:46:21,656 [WARNING] src.timeline.media_recovery: 元動画が見つからないため本編素材を復旧できません: C:\Users\evolu\AppData\Local\Temp\media_recovery_test_fwgxvq61\no_such_input.mp4
2026-09-16 15:46:21,656 [WARNING] src.timeline.media_recovery: 素材が見つかりません: m1 (C:\Users\evolu\AppData\Local\Temp\media_recovery_test_fwgxvq61\work\loudness_normalized.mp4)
2026-09-16 15:46:21,668 [INFO] src.timeline.media_recovery: 本編素材は元動画そのものだったため、そのまま使います: C:\Users\evolu\AppData\Local\Temp\media_recovery_test_mpnkmf89\sample.mp4
2026-09-16 15:46:21,668 [INFO] src.timeline.media_recovery: 素材を相対パスで見つけました: m2 → C:\Users\evolu\AppData\Local\Temp\media_recovery_test_s4zsqcsv\assets\logo.png
2026-09-16 15:46:21,684 [INFO] src.timeline.media_recovery: 設定に従い元動画をそのまま使います (音量は正規化前): C:\Users\evolu\AppData\Local\Temp\media_recovery_test_5us5wczs\sample.mp4
2026-09-16 15:46:21,684 [INFO] src.services.points: ポイントを予約しました: clip/video 25pt (watermark=False)
2026-09-16 15:46:21,684 [WARNING] src.services.points: ポイント残高を取得できませんでした: 断
2026-09-16 15:46:21,684 [INFO] src.services.points: ポイントを予約しました: clip/video 25pt (watermark=False)
2026-09-16 15:46:21,684 [WARNING] src.services.points: ポイントのcommitを送信できませんでした (再送します): 接続できません
2026-09-16 15:46:21,717 [INFO] src.services.points: ポイントを予約しました: clip/video 25pt (watermark=False)
2026-09-16 15:46:21,717 [WARNING] src.services.points: ポイントのcommitを送信できませんでした (再送します): 断
2026-09-16 15:46:21,717 [INFO] src.services.points: 保留していたポイント処理を 2 件送信しました。
2026-09-16 15:46:21,717 [WARNING] src.services.points: ポイントを予約できませんでした: 再ログインが必要です。
2026-09-16 15:46:21,733 [INFO] src.services.points: ポイントを予約しました: clip/video 25pt (watermark=False)
2026-09-16 15:46:21,733 [WARNING] src.services.points: ポイントのcancelが拒否されました: 確定済み
2026-09-16 15:46:21,733 [INFO] src.services.points: 保留していたポイント処理を 1 件送信しました。
2026-09-16 15:46:21,733 [INFO] src.services.points: ポイントを予約しました: clip/video 25pt (watermark=False)
2026-09-16 15:46:21,756 [INFO] src.services.points: サブスク判定のキャッシュが古いため watermark を入れます。
2026-09-16 15:46:21,756 [WARNING] src.services.points: ポイントを予約できませんでした (オフライン): 接続できません
2026-09-16 15:46:21,769 [WARNING] src.services.points: ポイントを予約できませんでした (オフライン): 接続できません
2026-09-16 15:46:21,769 [WARNING] src.services.points: ポイントを予約できませんでした (オフライン): 接続できません
2026-09-16 15:46:21,769 [WARNING] src.services.points: ポイントを予約できませんでした: 想定外
2026-09-16 15:46:21,769 [INFO] src.services.points: ポイントを予約しました: clip/resolveProject 0pt (watermark=False)
2026-09-16 15:46:21,796 [INFO] src.services.points: ポイントを予約しました: clip/video 25pt (watermark=False)
2026-09-16 15:46:21,801 [INFO] src.services.points: ポイントを予約しました: archive/video 0pt (watermark=True)
2026-09-16 15:46:21,871 [WARNING] src.timeline.builder: フレーム間引きの設定が不正なため none を使用します: 'all'
2026-09-16 15:46:21,902 [INFO] src.timeline.project_io: プロジェクト保存: C:\Users\evolu\AppData\Local\Temp\library_summary_d_msdh31\vod.archive.timeline.json
2026-09-16 15:46:21,933 [WARNING] src.timeline.project_io: プロジェクトの概要を読めませんでした: C:\Users\evolu\AppData\Local\Temp\library_summary_bxvs9j0c\broken.timeline.json
2026-09-16 15:46:21,933 [INFO] src.timeline.project_io: プロジェクト保存: C:\Users\evolu\AppData\Local\Temp\library_summary_8503f1q_\sample.timeline.json
2026-09-16 15:46:21,964 [INFO] src.timeline.project_io: プロジェクト保存: C:\Users\evolu\AppData\Local\Temp\library_summary_n1169zgw\sample.timeline.json
2026-09-16 15:46:21,992 [INFO] src.timeline.project_io: プロジェクト保存: C:\Users\evolu\AppData\Local\Temp\library_rename_5hfh897u\old.timeline.json
2026-09-16 15:46:21,996 [INFO] src.timeline.project_io: プロジェクト保存: C:\Users\evolu\AppData\Local\Temp\library_rename_4fdn9n7q\old.timeline.json
2026-09-16 15:46:22,021 [INFO] src.timeline.project_io: プロジェクト保存: C:\Users\evolu\AppData\Local\Temp\library_rename_l3owb0c6\old.timeline.json
2026-09-16 15:46:22,042 [INFO] src.timeline.project_io: プロジェクトを改名しました: old.timeline.json → new.timeline.json
2026-09-16 15:46:22,062 [INFO] src.timeline.project_io: プロジェクト保存: C:\Users\evolu\AppData\Local\Temp\library_rename_f6kkqq1x\old.timeline.json
2026-09-16 15:46:22,094 [INFO] src.timeline.project_io: プロジェクトを改名しました: old.timeline.json → new.timeline.json
2026-09-16 15:46:22,105 [INFO] src.timeline.project_io: プロジェクト保存: C:\Users\evolu\AppData\Local\Temp\library_rename_u1fgqlr1\old.timeline.json
2026-09-16 15:46:22,133 [INFO] src.timeline.project_io: プロジェクトが 5 件見つかりました (新しい 2 件を表示します)
2026-09-16 15:46:22,183 [WARNING] src.export.resolve_export: ソース総尺の取得に失敗 (タイムライン全長で代用): C:\Users\evolu\AppData\Local\Temp\resolve_export_test_jgqf5kg_\sample.mp4
2026-09-16 15:46:22,214 [WARNING] src.export.resolve_export: ソース総尺の取得に失敗 (タイムライン全長で代用): C:\Users\evolu\AppData\Local\Temp\resolve_export_test_g5_2m94d\sample.mp4
2026-09-16 15:46:22,261 [WARNING] src.export.resolve_export: ソース総尺の取得に失敗 (タイムライン全長で代用): C:\Users\evolu\AppData\Local\Temp\resolve_export_test_bdf749nn\sample.mp4
2026-09-16 15:46:22,294 [WARNING] src.export.resolve_export: ソース総尺の取得に失敗 (タイムライン全長で代用): C:\Users\evolu\AppData\Local\Temp\resolve_export_test_raref2vi\sample.mp4
2026-09-16 15:46:22,294 [WARNING] src.export.resolve_export: テーマ演出はテキストと区間のみを出力します (ブラー・黒帯などの映像エフェクトは FCPXML で表現できません)。
2026-09-16 15:46:22,294 [WARNING] src.export.resolve_export: 字幕位置は配置(alignment)＋余白からの近似です。Resolve 取り込み時に位置が中央へ戻る場合があります (フォント/サイズ/色は保持)。
2026-09-16 15:46:22,325 [WARNING] src.export.resolve_export: ソース総尺の取得に失敗 (タイムライン全長で代用): C:\Users\evolu\AppData\Local\Temp\resolve_export_test_j7bmmvuk\sample.mp4
2026-09-16 15:46:22,365 [WARNING] src.export.resolve_export: ソース総尺の取得に失敗 (タイムライン全長で代用): C:\Users\evolu\AppData\Local\Temp\resolve_export_test_8aw74712\sample.mp4
2026-09-16 15:46:22,400 [WARNING] src.export.resolve_export: ソース総尺の取得に失敗 (タイムライン全長で代用): C:\Users\evolu\AppData\Local\Temp\resolve_export_test__4hxa86w\sample.mp4
2026-09-16 15:46:22,431 [WARNING] src.export.resolve_export: ソース総尺の取得に失敗 (タイムライン全長で代用): C:\Users\evolu\AppData\Local\Temp\resolve_export_test__4hxa86w\sample.mp4
2026-09-16 15:46:22,468 [WARNING] src.export.resolve_export: ソース総尺の取得に失敗 (タイムライン全長で代用): C:\Users\evolu\AppData\Local\Temp\resolve_export_test_rzgil4f3\sample.mp4
2026-09-16 15:46:22,468 [WARNING] src.export.resolve_export: 未対応の字幕出力方式 export.resolve.subtitle.mode=bogus のため caption で出力します
2026-09-16 15:46:22,498 [WARNING] src.export.resolve_export: ソース総尺の取得に失敗 (タイムライン全長で代用): C:\Users\evolu\AppData\Local\Temp\resolve_export_test_2n9x5z8x\sample.mp4
2026-09-16 15:46:22,543 [WARNING] src.export.resolve_export: ソース総尺の取得に失敗 (タイムライン全長で代用): C:\Users\evolu\AppData\Local\Temp\resolve_export_test_1w8psjqe\sample.mp4
2026-09-16 15:46:22,581 [WARNING] src.export.resolve_export: ソース総尺の取得に失敗 (タイムライン全長で代用): C:\Users\evolu\AppData\Local\Temp\resolve_export_test_2nyddjmh\sample.mp4
2026-09-16 15:46:22,612 [WARNING] src.export.resolve_export: ソース総尺の取得に失敗 (タイムライン全長で代用): C:\Users\evolu\AppData\Local\Temp\resolve_export_test_wbbvqhoy\sample.mp4
2026-09-16 15:46:22,637 [WARNING] src.export.resolve_export: ソース総尺の取得に失敗 (タイムライン全長で代用): C:\Users\evolu\AppData\Local\Temp\resolve_export_test_o68jbq5a\sample.mp4
2026-09-16 15:46:22,668 [WARNING] src.export.resolve_export: ソース総尺の取得に失敗 (タイムライン全長で代用): C:\Users\evolu\AppData\Local\Temp\resolve_export_test_7tedr9lw\sample.mp4
2026-09-16 15:46:22,700 [WARNING] src.export.resolve_export: ソース総尺の取得に失敗 (タイムライン全長で代用): C:\Users\evolu\AppData\Local\Temp\resolve_export_test_30qjelnn\sample.mp4
2026-09-16 15:46:22,747 [WARNING] src.export.resolve_export: ソース総尺の取得に失敗 (タイムライン全長で代用): C:\Users\evolu\AppData\Local\Temp\resolve_export_test_1z1baaxw\sample.mp4
2026-09-16 15:46:22,779 [WARNING] src.export.resolve_export: ソース総尺の取得に失敗 (タイムライン全長で代用): C:\Users\evolu\AppData\Local\Temp\resolve_export_test_8ub1d6g9\sample.mp4
2026-09-16 15:46:22,779 [INFO] src.export.resolve_export: 編集点が無いため全長 1 クリップとして出力します
2026-09-16 15:46:22,808 [WARNING] src.export.resolve_export: ソース総尺の取得に失敗 (タイムライン全長で代用): C:\Users\evolu\AppData\Local\Temp\resolve_export_test_e8_x7wky\sample.mp4
2026-09-16 15:46:22,808 [INFO] src.export.resolve_export: Resolve 出力開始: C:\Users\evolu\AppData\Local\Temp\resolve_export_test_e8_x7wky\out2.fcpxml (クリップ 1 件 / 字幕 caption 1 件 / title・テーマ 0 件 / 1920x1080 60fps)
2026-09-16 15:46:22,808 [INFO] src.export.resolve_export: 字幕トラックのスタイルは Resolve の字幕トラックヘッダー選択 → インスペクタ → Track Style で一括設定できます (Resolve 19 以降は Text+ スタイルも指定可)。
2026-09-16 15:46:22,808 [INFO] src.export.resolve_export: Resolve 出力完了: C:\Users\evolu\AppData\Local\Temp\resolve_export_test_e8_x7wky\out2.fcpxml (タイムライン尺 5.00s)
2026-09-16 15:46:22,856 [WARNING] src.export.resolve_export: ソース総尺の取得に失敗 (タイムライン全長で代用): C:\Users\evolu\AppData\Local\Temp\resolve_export_test_0vemhzkl\sample.mp4
2026-09-16 15:46:22,856 [INFO] src.export.resolve_export: Resolve 出力開始: C:\Users\evolu\AppData\Local\Temp\resolve_export_test_0vemhzkl\out3.fcpxml (クリップ 1 件 / 字幕 caption 0 件 / title・テーマ 0 件 / 1920x1080 60fps)
2026-09-16 15:46:22,859 [INFO] src.export.resolve_export: Resolve 出力完了: C:\Users\evolu\AppData\Local\Temp\resolve_export_test_0vemhzkl\out3.fcpxml (タイムライン尺 5.00s)
2026-09-16 15:46:22,888 [WARNING] src.export.resolve_export: ソース総尺の取得に失敗 (タイムライン全長で代用): C:\Users\evolu\AppData\Local\Temp\resolve_export_test_2ylhy257\sample.mp4
2026-09-16 15:46:22,888 [INFO] src.export.resolve_export: Resolve 出力開始: C:\Users\evolu\AppData\Local\Temp\resolve_export_test_2ylhy257\out.fcpxml (クリップ 1 件 / 字幕 caption 1 件 / title・テーマ 0 件 / 1920x1080 60fps)
2026-09-16 15:46:22,904 [INFO] src.export.resolve_export: SRT サイドカー出力: C:\Users\evolu\AppData\Local\Temp\resolve_export_test_2ylhy257\out.srt (1 件)
2026-09-16 15:46:22,904 [INFO] src.export.resolve_export: Resolve 出力完了: C:\Users\evolu\AppData\Local\Temp\resolve_export_test_2ylhy257\out.fcpxml / C:\Users\evolu\AppData\Local\Temp\resolve_export_test_2ylhy257\out.srt (タイムライン尺 5.00s)
2026-09-16 15:46:22,907 [INFO] src.export.resolve_export: Resolve 出力を中止 (上書きしない): C:\Users\evolu\AppData\Local\Temp\resolve_export_test_2ylhy257\out.fcpxml
2026-09-16 15:46:22,965 [INFO] src.modules.subtitle_generator: 縦動画のため字幕設定を縦用へ上書き (font/改行/配置/余白)
2026-09-16 15:46:22,981 [WARNING] src.services.stretheus_auth: API の日時を解釈できませんでした。
2026-09-16 15:46:23,001 [INFO] src.services.stretheus_auth: Stretheus のログインページを開きます (ポート61843)
2026-09-16 15:46:23,036 [INFO] src.services.stretheus_auth: Stretheus へログインしました。
2026-09-16 15:46:24,117 [INFO] src.services.stretheus_auth: Stretheus のログインページを開きます (ポート61851)
2026-09-16 15:46:24,137 [INFO] src.services.stretheus_auth: Stretheus へログインしました。
2026-09-16 15:46:25,171 [INFO] src.services.stretheus_auth: Stretheus のログインページを開きます (ポート61859)
2026-09-16 15:46:25,171 [INFO] src.services.stretheus_auth: Stretheus へログインしました。
2026-09-16 15:46:25,687 [INFO] src.services.stretheus_auth: Stretheus のログインページを開きます (ポート61864)
2026-09-16 15:46:25,719 [INFO] src.services.stretheus_auth: Stretheus へログインしました。
2026-09-16 15:46:26,232 [INFO] src.services.stretheus_auth: Stretheus のログインページを開きます (ポート61870)
2026-09-16 15:46:26,263 [INFO] src.services.stretheus_auth: Stretheus へログインしました。
2026-09-16 15:46:26,796 [INFO] src.services.stretheus_auth: Stretheus のログインページを開きます (ポート61876)
2026-09-16 15:46:26,812 [INFO] src.services.stretheus_auth: Stretheus へログインしました。
2026-09-16 15:46:27,324 [INFO] src.modules.subtitle_generator: テロップ個別指定 フォント 0 件 / サイズ 0 件 / 文字色 1 件 / 縁の色 0 件
2026-09-16 15:46:27,331 [INFO] src.modules.subtitle_generator: テロップ個別指定 フォント 0 件 / サイズ 0 件 / 文字色 1 件 / 縁の色 0 件
2026-09-16 15:46:27,367 [INFO] src.modules.subtitle_generator: テロップ個別指定 フォント 0 件 / サイズ 0 件 / 文字色 0 件 / 縁の色 1 件
2026-09-16 15:46:27,377 [INFO] src.modules.subtitle_generator: テロップ個別指定 フォント 0 件 / サイズ 0 件 / 文字色 0 件 / 縁の色 1 件
2026-09-16 15:46:27,382 [INFO] src.modules.subtitle_generator: テロップ個別指定 フォント 1 件 / サイズ 1 件 / 文字色 1 件 / 縁の色 1 件
2026-09-16 15:46:27,390 [INFO] src.timeline.commands: コメント用の字幕トラックを作成しました: S2
2026-09-16 15:46:27,391 [INFO] src.timeline.commands: 移動先 S2 が空いていないため役割だけ変更しました: s1
2026-09-16 15:46:27,391 [INFO] src.timeline.commands: コメント用の字幕トラックを作成しました: S2
2026-09-16 15:46:27,392 [INFO] src.timeline.commands: コメント用の字幕トラックを作成しました: S2
2026-09-16 15:46:27,393 [INFO] src.timeline.commands: コメント用の字幕トラックを作成しました: S2
2026-09-16 15:46:27,397 [INFO] src.timeline.project_io: プロジェクト保存: C:\Users\evolu\AppData\Local\Temp\tmpzghtbnb_\sample.timeline.json
2026-09-16 15:46:27,414 [INFO] src.modules.subtitle_generator: VAD フィルタ有効 (min_silence=500ms, speech_pad=100ms, condition_on_previous_text=False)
2026-09-16 15:46:27,414 [WARNING] src.modules.subtitle_generator: VAD 付き認識に失敗したため VAD 無しで再試行します: VAD の初期化に失敗しました (テスト)
2026-09-16 15:46:27,414 [INFO] src.modules.subtitle_generator: VAD フィルタ有効 (min_silence=800ms, speech_pad=100ms, condition_on_previous_text=False)
2026-09-16 15:46:27,414 [INFO] src.modules.subtitle_generator: VAD フィルタ有効 (min_silence=500ms, speech_pad=100ms, condition_on_previous_text=False)
2026-09-16 15:46:27,452 [INFO] src.timeline.commands: 貼り付けの割り込み: V1 の 5.000s へ 10.00s を確保 / 移動 2 件・分割 1 件・切詰 0 件
2026-09-16 15:46:27,453 [INFO] src.timeline.commands: 貼り付けの割り込み: V2 の 5.000s へ 10.00s を確保 / 移動 2 件・分割 0 件・切詰 0 件
2026-09-16 15:46:27,453 [INFO] src.timeline.commands: 貼り付けの割り込み: S1 の 5.000s へ 10.00s を確保 / 移動 1 件・分割 0 件・切詰 0 件
2026-09-16 15:46:27,453 [INFO] src.timeline.commands: 貼り付けの割り込み: V1 の 5.000s へ 10.00s を確保 / 移動 2 件・分割 1 件・切詰 0 件
2026-09-16 15:46:27,454 [INFO] src.timeline.commands: 貼り付けの割り込み: V2 の 5.000s へ 10.00s を確保 / 移動 2 件・分割 0 件・切詰 0 件
2026-09-16 15:46:27,454 [INFO] src.timeline.commands: 貼り付けの割り込み: S1 の 5.000s へ 10.00s を確保 / 移動 1 件・分割 0 件・切詰 0 件
2026-09-16 15:46:27,454 [INFO] src.timeline.commands: 貼り付けの割り込み: V1 の 5.000s へ 10.00s を確保 / 移動 2 件・分割 1 件・切詰 0 件
2026-09-16 15:46:27,455 [INFO] src.timeline.commands: 貼り付けの割り込み: V2 の 5.000s へ 10.00s を確保 / 移動 2 件・分割 0 件・切詰 0 件
2026-09-16 15:46:27,455 [INFO] src.timeline.commands: 貼り付けの割り込み: S1 の 5.000s へ 10.00s を確保 / 移動 1 件・分割 0 件・切詰 0 件
2026-09-16 15:46:27,455 [INFO] src.timeline.commands: 貼り付けの割り込み: V1 の 5.000s へ 15.00s を確保 / 移動 3 件・分割 0 件・切詰 0 件
2026-09-16 15:46:27,455 [INFO] src.timeline.commands: 貼り付けの割り込み: V2 の 5.000s へ 15.00s を確保 / 移動 2 件・分割 0 件・切詰 0 件
2026-09-16 15:46:27,456 [INFO] src.timeline.commands: 貼り付けの割り込み: S1 の 5.000s へ 15.00s を確保 / 移動 1 件・分割 0 件・切詰 0 件
2026-09-16 15:46:27,456 [INFO] src.timeline.commands: 貼り付けの割り込み: V1 の 10.020s へ 10.02s を確保 / 移動 2 件・分割 0 件・切詰 0 件
2026-09-16 15:46:27,456 [INFO] src.timeline.commands: 貼り付けの割り込み: V2 の 10.020s へ 10.02s を確保 / 移動 1 件・分割 0 件・切詰 0 件
2026-09-16 15:46:27,456 [INFO] src.timeline.commands: 貼り付けの割り込み: S1 の 10.020s へ 10.02s を確保 / 移動 1 件・分割 0 件・切詰 0 件
2026-09-16 15:46:27,457 [INFO] src.timeline.commands: 貼り付けの割り込み: V1 の 19.980s へ 9.98s を確保 / 移動 1 件・分割 0 件・切詰 1 件
2026-09-16 15:46:27,457 [INFO] src.timeline.commands: 貼り付けの割り込み: V2 の 19.980s へ 9.98s を確保 / 移動 1 件・分割 0 件・切詰 0 件
2026-09-16 15:46:27,457 [INFO] src.timeline.commands: 貼り付けの割り込み: S1 の 19.980s へ 9.98s を確保 / 移動 0 件・分割 0 件・切詰 0 件
2026-09-16 15:46:27,459 [WARNING] src.timeline.commands: 素材が見つからないため貼り付けません: D:\develop\autoedit\tests\存在しない素材.mp4
2026-09-16 15:46:27,459 [INFO] src.timeline.commands: 貼り付けの割り込み: V1 の 5.000s へ 10.00s を確保 / 移動 2 件・分割 1 件・切詰 0 件
2026-09-16 15:46:27,459 [INFO] src.timeline.commands: 貼り付けの割り込み: V2 の 5.000s へ 10.00s を確保 / 移動 2 件・分割 0 件・切詰 0 件
2026-09-16 15:46:27,460 [INFO] src.timeline.commands: 貼り付けの割り込み: S1 の 5.000s へ 10.00s を確保 / 移動 1 件・分割 0 件・切詰 0 件
2026-09-16 15:46:27,461 [INFO] src.timeline.commands: 貼り付けの割り込み: V1 の 5.000s へ 10.00s を確保 / 移動 2 件・分割 1 件・切詰 0 件
2026-09-16 15:46:27,461 [INFO] src.timeline.commands: 貼り付けの割り込み: V2 の 5.000s へ 10.00s を確保 / 移動 2 件・分割 0 件・切詰 0 件
2026-09-16 15:46:27,461 [INFO] src.timeline.commands: 貼り付けの割り込み: S1 の 5.000s へ 10.00s を確保 / 移動 1 件・分割 0 件・切詰 0 件
2026-09-16 15:46:27,462 [INFO] src.timeline.commands: 貼り付けの割り込み: V1 の 5.000s へ 10.00s を確保 / 移動 2 件・分割 1 件・切詰 0 件
2026-09-16 15:46:27,462 [INFO] src.timeline.commands: 貼り付けの割り込み: V2 の 5.000s へ 10.00s を確保 / 移動 2 件・分割 0 件・切詰 0 件
2026-09-16 15:46:27,462 [INFO] src.timeline.commands: 貼り付けの割り込み: S1 の 5.000s へ 10.00s を確保 / 移動 1 件・分割 0 件・切詰 0 件
2026-09-16 15:46:27,462 [INFO] src.timeline.commands: 貼り付けの割り込み: V1 の 5.000s へ 10.00s を確保 / 移動 2 件・分割 1 件・切詰 0 件
2026-09-16 15:46:27,463 [INFO] src.timeline.commands: 貼り付けの割り込み: V2 の 5.000s へ 10.00s を確保 / 移動 2 件・分割 0 件・切詰 0 件
2026-09-16 15:46:27,463 [INFO] src.timeline.commands: 貼り付けの割り込み: S1 の 5.000s へ 10.00s を確保 / 移動 1 件・分割 0 件・切詰 0 件
2026-09-16 15:46:27,463 [INFO] src.timeline.commands: 貼り付けの割り込み: V1 の 5.000s へ 10.00s を確保 / 移動 2 件・分割 1 件・切詰 0 件
2026-09-16 15:46:27,463 [INFO] src.timeline.commands: 貼り付けの割り込み: V2 の 5.000s へ 10.00s を確保 / 移動 2 件・分割 0 件・切詰 0 件
2026-09-16 15:46:27,464 [INFO] src.timeline.commands: 貼り付けの割り込み: S1 の 5.000s へ 10.00s を確保 / 移動 1 件・分割 0 件・切詰 0 件
2026-09-16 15:46:27,464 [INFO] src.timeline.commands: 貼り付けの割り込み: V2 の 4.000s へ 2.00s を確保 / 移動 2 件・分割 0 件・切詰 0 件
2026-09-16 15:46:27,465 [INFO] src.timeline.commands: 貼り付けの割り込み: V2 の 4.000s へ 2.00s を確保 / 移動 2 件・分割 0 件・切詰 0 件
2026-09-16 15:46:27,465 [INFO] src.timeline.commands: 貼り付けの割り込み: V2 の 4.000s へ 2.00s を確保 / 移動 2 件・分割 0 件・切詰 0 件
2026-09-16 15:46:27,465 [INFO] src.timeline.clipboard: Timeline のノードをコピーしました: 1 件
2026-09-16 15:46:27,465 [INFO] src.timeline.clipboard: Timeline のノードをコピーしました: 1 件
2026-09-16 15:46:27,465 [INFO] src.timeline.commands: 貼り付けの割り込み: V1 の 4.000s へ 2.00s を確保 / 移動 2 件・分割 1 件・切詰 0 件
2026-09-16 15:46:27,465 [INFO] src.timeline.commands: 貼り付けの割り込み: V2 の 4.000s へ 2.00s を確保 / 移動 2 件・分割 0 件・切詰 0 件
2026-09-16 15:46:27,465 [INFO] src.timeline.commands: 貼り付けの割り込み: S1 の 4.000s へ 2.00s を確保 / 移動 1 件・分割 0 件・切詰 0 件
2026-09-16 15:46:27,465 [INFO] src.timeline.commands: 貼り付けの割り込み: V2 の 4.000s へ 2.00s を確保 / 移動 2 件・分割 0 件・切詰 0 件
2026-09-16 15:46:27,465 [INFO] src.timeline.commands: 貼り付けの割り込み: V1 の 5.000s へ 10.00s を確保 / 移動 2 件・分割 1 件・切詰 0 件
2026-09-16 15:46:27,465 [INFO] src.timeline.commands: 貼り付けの割り込み: V2 の 5.000s へ 10.00s を確保 / 移動 2 件・分割 0 件・切詰 0 件
2026-09-16 15:46:27,465 [INFO] src.timeline.commands: 貼り付けの割り込み: V1 の 5.000s へ 10.00s を確保 / 移動 2 件・分割 1 件・切詰 0 件
2026-09-16 15:46:27,465 [WARNING] src.timeline.builder: 貼り付けの設定が不正なため既定 base_syncs_all を使用します: 'なにか'
2026-09-16 15:46:27,465 [WARNING] src.timeline.builder: 貼り付けの設定が不正なため既定 split を使用します: 123
2026-09-16 15:46:27,465 [INFO] src.timeline.commands: 貼り付けの割り込み: V1 の 5.000s へ 10.00s を確保 / 移動 2 件・分割 1 件・切詰 0 件
2026-09-16 15:46:27,465 [INFO] src.timeline.commands: 貼り付けの割り込み: V2 の 5.000s へ 10.00s を確保 / 移動 2 件・分割 0 件・切詰 0 件
2026-09-16 15:46:27,465 [INFO] src.timeline.commands: 貼り付けの割り込み: S1 の 5.000s へ 10.00s を確保 / 移動 1 件・分割 0 件・切詰 0 件
2026-09-16 15:46:27,465 [WARNING] src.timeline.commands: 映像トラックの上限 (3) に達しているため追加できません
2026-09-16 15:46:27,465 [INFO] src.timeline.commands: 字幕を追加できる空きがありません (2.000 秒)
2026-09-16 15:46:27,465 [INFO] src.timeline.commands: 字幕を追加できる空きがありません (0.990 秒)
2026-09-16 15:46:27,465 [INFO] src.timeline.commands: リップル: 10.000〜20.000s (10.00s) を除去 / 削除 1 件・短縮 0 件・移動 1 件
2026-09-16 15:46:27,465 [INFO] src.timeline.commands: リップル: 10.000〜20.000s (10.00s) を除去 / 削除 1 件・短縮 0 件・移動 1 件
2026-09-16 15:46:27,480 [INFO] src.timeline.commands: リップル: 10.000〜20.000s (10.00s) を除去 / 削除 1 件・短縮 0 件・移動 1 件
2026-09-16 15:46:27,480 [INFO] src.timeline.commands: リップル: 0.000〜10.000s (10.00s) を除去 / 削除 2 件・短縮 0 件・移動 1 件
2026-09-16 15:46:27,480 [INFO] src.timeline.commands: リップル: 10.000〜20.000s (10.00s) を除去 / 削除 1 件・短縮 0 件・移動 1 件
2026-09-16 15:46:27,480 [INFO] src.timeline.commands: リップル: 10.000〜20.000s (10.00s) を除去 / 削除 2 件・短縮 1 件・移動 2 件
2026-09-16 15:46:27,480 [INFO] src.timeline.commands: リップル: 10.000〜20.000s (10.00s) を除去 / 削除 2 件・短縮 1 件・移動 2 件
2026-09-16 15:46:27,480 [INFO] src.timeline.commands: リップル: 10.000〜20.000s (10.00s) を除去 / 削除 2 件・短縮 1 件・移動 2 件
2026-09-16 15:46:27,480 [INFO] src.timeline.commands: リップル: 10.000〜20.000s (10.00s) を除去 / 削除 2 件・短縮 1 件・移動 2 件
2026-09-16 15:46:27,480 [INFO] src.timeline.commands: リップル: 10.000〜20.000s (10.00s) を除去 / 削除 2 件・短縮 1 件・移動 2 件
2026-09-16 15:46:27,480 [INFO] src.timeline.commands: リップル: 10.000〜20.000s (10.00s) を除去 / 削除 2 件・短縮 1 件・移動 2 件
2026-09-16 15:46:27,480 [INFO] src.timeline.commands: リップル: 10.000〜20.000s (10.00s) を除去 / 削除 2 件・短縮 0 件・移動 3 件
2026-09-16 15:46:27,480 [INFO] src.timeline.commands: リップル: 10.000〜20.000s (10.00s) を除去 / 削除 1 件・短縮 0 件・移動 1 件
2026-09-16 15:46:27,480 [INFO] src.timeline.commands: リップル: 10.000〜20.000s (10.00s) を除去 / 削除 2 件・短縮 1 件・移動 2 件
2026-09-16 15:46:27,480 [INFO] src.timeline.commands: 残り尺が下限を割るためクリップごとリップル削除しました: c2
2026-09-16 15:46:27,480 [INFO] src.timeline.commands: リップル: 10.000〜20.000s (10.00s) を除去 / 削除 1 件・短縮 0 件・移動 2 件
2026-09-16 15:46:27,480 [INFO] src.timeline.commands: リップル: 15.000〜20.000s (5.00s) を除去 / 削除 0 件・短縮 1 件・移動 2 件
2026-09-16 15:46:27,480 [INFO] src.timeline.commands: リップル: 10.000〜15.000s (5.00s) を除去 / 削除 0 件・短縮 1 件・移動 2 件
2026-09-16 15:46:27,480 [INFO] src.timeline.commands: リップル: 15.000〜20.000s (5.00s) を除去 / 削除 0 件・短縮 1 件・移動 2 件
2026-09-16 15:46:27,491 [INFO] src.timeline.commands: リップル: 15.000〜20.000s (5.00s) を除去 / 削除 0 件・短縮 1 件・移動 2 件
2026-09-16 15:46:27,491 [INFO] src.timeline.commands: リップル: 26.000〜27.000s (1.00s) を除去 / 削除 0 件・短縮 2 件・移動 0 件
2026-09-16 15:46:27,491 [INFO] src.timeline.commands: リップル: 10.000〜20.000s (10.00s) を除去 / 削除 1 件・短縮 0 件・移動 1 件
2026-09-16 15:46:27,491 [INFO] src.timeline.commands: リップル: 10.000〜20.000s (10.00s) を除去 / 削除 1 件・短縮 0 件・移動 1 件
2026-09-16 15:46:27,495 [INFO] src.timeline.commands: リップル: 10.000〜20.000s (10.00s) を除去 / 削除 1 件・短縮 0 件・移動 1 件
2026-09-16 15:46:27,504 [INFO] src.timeline.project_io: プロジェクト保存: C:\Users\evolu\AppData\Local\Temp\timeline_io_test_tvmgtxy2\sample.timeline.json
2026-09-16 15:46:27,515 [INFO] src.timeline.project_io: プロジェクト読込: C:\Users\evolu\AppData\Local\Temp\timeline_io_test_tvmgtxy2\sample.timeline.json
2026-09-16 15:46:27,528 [INFO] src.timeline.project_io: プロジェクト保存: C:\Users\evolu\AppData\Local\Temp\timeline_io_test_tvmgtxy2\sample.timeline.json
2026-09-16 15:46:27,528 [INFO] src.timeline.project_io: プロジェクト読込: C:\Users\evolu\AppData\Local\Temp\timeline_io_test_tvmgtxy2\sample.timeline.json
2026-09-16 15:46:27,544 [INFO] src.timeline.project_io: プロジェクト保存: C:\Users\evolu\AppData\Local\Temp\timeline_io_test_t8anc34c\sample.timeline.json
2026-09-16 15:46:27,560 [INFO] src.timeline.project_io: プロジェクト読込: C:\Users\evolu\AppData\Local\Temp\timeline_io_test_t8anc34c\sample.timeline.json
2026-09-16 15:46:27,560 [INFO] src.timeline.project_io: プロジェクト保存: C:\Users\evolu\AppData\Local\Temp\timeline_io_test_76ns_pzx\sample.timeline.json
2026-09-16 15:46:27,576 [WARNING] src.timeline.project_io: メディアの実体が見つかりません (1 件)。該当クリップを無効化します: m1
2026-09-16 15:46:27,592 [INFO] src.timeline.project_io: プロジェクト保存: C:\Users\evolu\AppData\Local\Temp\timeline_io_test_ai8mzeip\sample.timeline.json
2026-09-16 15:46:27,621 [INFO] src.timeline.project_io: プロジェクト保存: C:\Users\evolu\AppData\Local\Temp\timeline_io_test_39txyhrl\sample.timeline.json
2026-09-16 15:46:27,652 [WARNING] src.timeline.project_io: 編集点の区間が不正なため無視します: 20.000→15.000
2026-09-16 15:46:27,652 [WARNING] src.timeline.project_io: メディアの実体が見つかりません (1 件)。該当クリップを無効化します: m1
2026-09-16 15:46:27,652 [WARNING] src.timeline.project_io: 音声クリップ a1 のリンク先 no_such_clip が存在しないため除外します (該当区間は無音になります)
2026-09-16 15:46:27,652 [WARNING] src.timeline.project_io: トラック V1 でクリップ c2 が重複しているため 12.480 へ移動します
2026-09-16 15:46:27,668 [WARNING] src.timeline.project_io: クリップ c2 の尺 (0.001s) が下限 (0.050s) 未満のため除外します
2026-09-16 15:46:27,668 [WARNING] src.timeline.project_io: 音声クリップ a2 のリンク先 c2 が存在しないため除外します (該当区間は無音になります)
2026-09-16 15:46:27,886 [INFO] src.utils.trash: ゴミ箱へ移動しました (2 件)
2026-09-16 15:46:27,886 [WARNING] src.timeline.builder: 寸法の設定が不正なため既定 8000 を使用します: 0
2026-09-16 15:46:48,682 [INFO] src.timeline.renderer: ベース映像構築: 1 クリップ / ギャップ 0 件 / 合計 5.0s
2026-09-16 15:46:48,686 [INFO] src.timeline.renderer: ベース映像の尺: モデル 5.000s / 実測 5.000s (差 +0.000s / 1 部品)
2026-09-16 15:46:48,687 [INFO] src.timeline.renderer: 字幕焼き込み: 1 件
2026-09-16 15:46:48,695 [INFO] src.timeline.renderer: ベース映像構築: 1 クリップ / ギャップ 0 件 / 合計 5.0s
2026-09-16 15:46:48,698 [INFO] src.timeline.renderer: ベース映像の尺: モデル 5.000s / 実測 5.000s (差 +0.000s / 1 部品)
2026-09-16 15:46:48,698 [INFO] src.timeline.renderer: 字幕焼き込み: 1 件
2026-09-16 15:46:48,702 [INFO] src.timeline.renderer: ベース映像構築: 1 クリップ / ギャップ 0 件 / 合計 5.0s
2026-09-16 15:46:48,705 [INFO] src.timeline.renderer: ベース映像の尺: モデル 5.000s / 実測 5.000s (差 +0.000s / 1 部品)
2026-09-16 15:46:48,705 [INFO] src.timeline.renderer: オーバーレイ・字幕が無いため合成をスキップします
2026-09-16 15:46:48,708 [INFO] src.modules.blur_overlay: ぼかしを焼き込みます: blur_applied.mp4
2026-09-16 15:46:48,709 [INFO] src.timeline.renderer: ベース映像構築: 1 クリップ / ギャップ 0 件 / 合計 5.0s
2026-09-16 15:46:48,712 [INFO] src.timeline.renderer: ベース映像の尺: モデル 5.000s / 実測 5.000s (差 +0.000s / 1 部品)
2026-09-16 15:46:48,712 [INFO] src.timeline.renderer: オーバーレイ・字幕が無いため合成をスキップします
2026-09-16 15:46:48,715 [INFO] src.modules.blur_overlay: ぼかしを焼き込みます: blur_applied.mp4
2026-09-16 15:46:48,716 [INFO] src.timeline.renderer: ベース映像構築: 1 クリップ / ギャップ 0 件 / 合計 5.0s
2026-09-16 15:46:48,719 [INFO] src.timeline.renderer: ベース映像の尺: モデル 5.000s / 実測 5.000s (差 +0.000s / 1 部品)
2026-09-16 15:46:48,720 [INFO] src.timeline.renderer: 字幕焼き込み: 1 件
2026-09-16 15:46:48,724 [INFO] src.timeline.renderer: ベース映像構築: 1 クリップ / ギャップ 0 件 / 合計 5.0s
2026-09-16 15:46:48,728 [INFO] src.timeline.renderer: ベース映像の尺: モデル 5.000s / 実測 5.000s (差 +0.000s / 1 部品)
2026-09-16 15:46:48,873 [ERROR] src.blur.mask_builder: ぼかしの解析結果が見つからないためマスクを作れません: C:\Users\evolu\AppData\Local\Temp\tmpdnkodu9j\timeline.blur.json
2026-09-16 15:46:48,875 [INFO] src.timeline.renderer: ベース映像構築: 1 クリップ / ギャップ 0 件 / 合計 5.0s
2026-09-16 15:46:48,879 [INFO] src.timeline.renderer: ベース映像の尺: モデル 5.000s / 実測 5.000s (差 +0.000s / 1 部品)
2026-09-16 15:46:48,879 [ERROR] src.blur.mask_builder: ぼかしの解析結果が見つからないためマスクを作れません: C:\Users\evolu\AppData\Local\Temp\tmpjiw2u9h7\timeline.blur.json
2026-09-16 15:46:48,879 [INFO] src.timeline.renderer: ベース映像構築: 1 クリップ / ギャップ 0 件 / 合計 5.0s
2026-09-16 15:46:48,883 [INFO] src.timeline.renderer: ベース映像の尺: モデル 5.000s / 実測 5.000s (差 +0.000s / 1 部品)
2026-09-16 15:46:48,883 [ERROR] src.blur.mask_builder: ぼかしの解析結果が見つからないためマスクを作れません: C:\Users\evolu\AppData\Local\Temp\tmp6ocuf537\timeline.blur.json
2026-09-16 15:46:48,883 [WARNING] src.timeline.renderer: 利用者の指示により、ぼかしを入れずに出力します
2026-09-16 15:46:48,883 [INFO] src.timeline.renderer: オーバーレイ・字幕が無いため合成をスキップします
2026-09-16 15:46:48,886 [INFO] src.timeline.renderer: 中間形式を最終形式へ変換: .mov → mp4 (音声のみ再エンコード)
2026-09-16 15:46:48,887 [INFO] src.timeline.renderer: ベース映像構築: 1 クリップ / ギャップ 0 件 / 合計 5.0s
2026-09-16 15:46:48,890 [INFO] src.timeline.renderer: ベース映像の尺: モデル 5.000s / 実測 5.000s (差 +0.000s / 1 部品)
2026-09-16 15:46:48,891 [INFO] src.timeline.renderer: オーバーレイ・字幕が無いため合成をスキップします
2026-09-16 15:46:48,893 [INFO] src.timeline.renderer: 中間形式を最終形式へ変換: .mov → mp4 (音声のみ再エンコード)
2026-09-16 15:46:59,121 [INFO] src.archive.timeline_builder: アーカイブ Timeline 構築: 2 クリップ / V1 2 本 / S1 0 件 / 全長 60.0s
2026-09-16 15:46:59,121 [INFO] src.archive.timeline_builder: アーカイブ Timeline 構築: 2 クリップ / V1 2 本 / S1 0 件 / 全長 60.0s
2026-09-16 15:46:59,121 [WARNING] src.archive.marker_source: VOD 外のマーカーを 2 件除外しました (尺 7200.0s)
2026-09-16 15:46:59,137 [INFO] src.archive.clip_writer: clip1 prepare 完了 (字幕 2 件)
2026-09-16 15:46:59,137 [INFO] src.archive.clip_writer: clip1 prepare 完了 (字幕 2 件)
2026-09-16 15:46:59,137 [INFO] src.archive.clip_writer: 編集点準備: 残す区間 2 件 / 想定尺 10.00s (素材 30.00s)
2026-09-16 15:46:59,137 [INFO] src.archive.clip_writer: clip1 prepare 完了 (字幕 2 件 / 実カットなし)
2026-09-16 15:46:59,137 [INFO] src.archive.clip_writer: 編集点準備: 残す区間 2 件 / 想定尺 10.00s (素材 30.00s)
2026-09-16 15:46:59,137 [INFO] src.archive.clip_writer: clip1 prepare 完了 (字幕 2 件 / 実カットなし)
2026-09-16 15:46:59,137 [INFO] src.archive.clip_writer: 編集点準備: 残す区間 2 件 / 想定尺 10.00s (素材 30.00s)
2026-09-16 15:46:59,137 [INFO] src.archive.clip_writer: clip1 prepare 完了 (字幕 2 件 / 実カットなし)
2026-09-16 15:46:59,137 [INFO] src.archive.clip_writer: 編集点準備: 残す区間 2 件 / 想定尺 10.00s (素材 30.00s)
2026-09-16 15:46:59,137 [INFO] src.archive.clip_writer: clip1 prepare 完了 (字幕 2 件 / 実カットなし)
2026-09-16 15:46:59,137 [INFO] src.archive.clip_writer: 編集点準備: 残す区間 2 件 / 想定尺 10.00s (素材 30.00s)
2026-09-16 15:46:59,137 [INFO] src.archive.clip_writer: clip1 prepare 完了 (字幕 2 件 / 実カットなし)
2026-09-16 15:46:59,137 [INFO] src.archive.clip_writer: 編集点準備: 残す区間 2 件 / 想定尺 10.00s (素材 30.00s)
2026-09-16 15:46:59,137 [INFO] src.archive.clip_writer: clip1 prepare 完了 (字幕 2 件 / 実カットなし)
2026-09-16 15:46:59,137 [INFO] src.archive.clip_writer: 編集点準備: 残す区間 2 件 / 想定尺 10.00s (素材 30.00s)
2026-09-16 15:46:59,137 [INFO] src.archive.clip_writer: clip1 prepare 完了 (字幕 0 件 / 実カットなし)
2026-09-16 15:46:59,153 [INFO] src.archive.clip_writer: 編集点準備: 残す区間 2 件 / 想定尺 10.00s (素材 30.00s)
2026-09-16 15:46:59,157 [INFO] src.timeline.project_io: プロジェクト保存: C:\Users\evolu\AppData\Local\Temp\archive_resume_93bkx7sm\vod.archive.timeline.json
2026-09-16 15:46:59,177 [INFO] src.timeline.project_io: プロジェクト読込: C:\Users\evolu\AppData\Local\Temp\archive_resume_93bkx7sm\vod.archive.timeline.json
2026-09-16 15:46:59,185 [INFO] src.timeline.project_io: プロジェクト保存: C:\Users\evolu\AppData\Local\Temp\archive_resume_q702n_5u\vod.archive.timeline.json
2026-09-16 15:46:59,185 [INFO] src.timeline.project_io: プロジェクト保存: C:\Users\evolu\AppData\Local\Temp\archive_resume_q702n_5u\clip.timeline.json
2026-09-16 15:46:59,185 [INFO] src.archive.project_resume: ==================================================
2026-09-16 15:46:59,185 [INFO] src.archive.project_resume: 保存済みアーカイブプロジェクトから再開: C:\Users\evolu\AppData\Local\Temp\archive_resume_q702n_5u\clip.timeline.json
2026-09-16 15:46:59,204 [INFO] src.timeline.project_io: プロジェクト読込: C:\Users\evolu\AppData\Local\Temp\archive_resume_q702n_5u\clip.timeline.json
2026-09-16 15:46:59,207 [INFO] src.timeline.project_io: プロジェクト保存: C:\Users\evolu\AppData\Local\Temp\archive_resume_t8349y1r\vod.archive.timeline.json
2026-09-16 15:46:59,220 [INFO] src.timeline.project_io: プロジェクト読込: C:\Users\evolu\AppData\Local\Temp\archive_resume_t8349y1r\vod.archive.timeline.json
2026-09-16 15:46:59,222 [INFO] src.archive.project_resume: 音声サイドカーが無いため clip1 の正規化をやり直します
2026-09-16 15:46:59,223 [INFO] src.archive.project_resume: 音声サイドカーが無いため clip2 の正規化をやり直します
2026-09-16 15:46:59,227 [INFO] src.timeline.project_io: プロジェクト保存: C:\Users\evolu\AppData\Local\Temp\archive_resume_l9w4ot_p\vod.archive.timeline.json
2026-09-16 15:46:59,239 [INFO] src.timeline.project_io: プロジェクト読込: C:\Users\evolu\AppData\Local\Temp\archive_resume_l9w4ot_p\vod.archive.timeline.json
2026-09-16 15:46:59,239 [INFO] src.archive.project_resume: 音声サイドカーが無いため clip1 の正規化をやり直します
2026-09-16 15:46:59,239 [INFO] src.archive.project_resume: 音声サイドカーが無いため clip2 の正規化をやり直します
2026-09-16 15:46:59,246 [INFO] src.timeline.project_io: プロジェクト保存: C:\Users\evolu\AppData\Local\Temp\archive_resume_0lofh3wo\vod.archive.timeline.json
2026-09-16 15:46:59,246 [INFO] src.archive.project_resume: ==================================================
2026-09-16 15:46:59,246 [INFO] src.archive.project_resume: 保存済みアーカイブプロジェクトから再開: C:\Users\evolu\AppData\Local\Temp\archive_resume_0lofh3wo\no_such.timeline.json
2026-09-16 15:46:59,250 [INFO] src.timeline.project_io: プロジェクト保存: C:\Users\evolu\AppData\Local\Temp\archive_resume_wlhhyzhm\vod.archive.timeline.json
2026-09-16 15:46:59,262 [INFO] src.timeline.project_io: プロジェクト読込: C:\Users\evolu\AppData\Local\Temp\archive_resume_wlhhyzhm\vod.archive.timeline.json
2026-09-16 15:46:59,262 [INFO] src.timeline.project_io: プロジェクト保存: C:\Users\evolu\AppData\Local\Temp\archive_resume_oxjivee8\vod.archive.timeline.json
2026-09-16 15:46:59,282 [INFO] src.timeline.project_io: プロジェクト読込: C:\Users\evolu\AppData\Local\Temp\archive_resume_oxjivee8\vod.archive.timeline.json
2026-09-16 15:46:59,284 [INFO] src.archive.project_resume: 設定に従い切り出したままの音量で使います: clip1
2026-09-16 15:46:59,284 [INFO] src.archive.project_resume: 設定に従い切り出したままの音量で使います: clip2
2026-09-16 15:46:59,284 [WARNING] src.timeline.media_sidecar: 音声サイドカーの尺が保存値と合いません (100.00s / 期待 103.00s) → 使いません
2026-09-16 15:46:59,287 [INFO] src.archive.timeline_builder: アーカイブ Timeline 構築: 2 クリップ / V1 2 本 / S1 0 件 / 全長 200.0s
2026-09-16 15:46:59,287 [INFO] src.archive.timeline_builder: セクション追加: clip3 を 200.00s へ挿入 (VOD 900.0-950.0 / 尺 50.00s)
2026-09-16 15:46:59,287 [INFO] src.archive.timeline_builder: アーカイブ Timeline 構築: 2 クリップ / V1 2 本 / S1 0 件 / 全長 200.0s
2026-09-16 15:46:59,287 [INFO] src.timeline.commands: 貼り付けの割り込み: V1 の 0.000s へ 50.00s を確保 / 移動 2 件・分割 0 件・切詰 0 件
2026-09-16 15:46:59,287 [INFO] src.timeline.commands: 貼り付けの割り込み: S1 の 0.000s へ 50.00s を確保 / 移動 0 件・分割 0 件・切詰 0 件
2026-09-16 15:46:59,287 [INFO] src.archive.timeline_builder: セクション追加: clip3 を 0.00s へ挿入 (VOD 0.0-50.0 / 尺 50.00s)
2026-09-16 15:46:59,287 [INFO] src.archive.timeline_builder: アーカイブ Timeline 構築: 2 クリップ / V1 2 本 / S1 0 件 / 全長 200.0s
2026-09-16 15:46:59,287 [INFO] src.timeline.commands: 貼り付けの割り込み: V1 の 100.000s へ 50.00s を確保 / 移動 1 件・分割 0 件・切詰 0 件
2026-09-16 15:46:59,287 [INFO] src.timeline.commands: 貼り付けの割り込み: S1 の 100.000s へ 50.00s を確保 / 移動 0 件・分割 0 件・切詰 0 件
2026-09-16 15:46:59,287 [INFO] src.archive.timeline_builder: セクション追加: clip3 を 100.00s へ挿入 (VOD 250.0-300.0 / 尺 50.00s)
2026-09-16 15:46:59,287 [INFO] src.archive.timeline_builder: アーカイブ Timeline 構築: 3 クリップ / V1 3 本 / S1 0 件 / 全長 300.0s
2026-09-16 15:46:59,287 [INFO] src.timeline.commands: 貼り付けの割り込み: V1 の 100.000s へ 50.00s を確保 / 移動 2 件・分割 0 件・切詰 0 件
2026-09-16 15:46:59,287 [INFO] src.timeline.commands: 貼り付けの割り込み: S1 の 100.000s へ 50.00s を確保 / 移動 0 件・分割 0 件・切詰 0 件
2026-09-16 15:46:59,287 [INFO] src.archive.timeline_builder: セクション追加: clip4 を 100.00s へ挿入 (VOD 250.0-300.0 / 尺 50.00s)
2026-09-16 15:46:59,287 [INFO] src.timeline.commands: 貼り付けの割り込み: V1 の 0.000s へ 50.00s を確保 / 移動 4 件・分割 0 件・切詰 0 件
2026-09-16 15:46:59,287 [INFO] src.timeline.commands: 貼り付けの割り込み: S1 の 0.000s へ 50.00s を確保 / 移動 0 件・分割 0 件・切詰 0 件
2026-09-16 15:46:59,287 [INFO] src.archive.timeline_builder: セクション追加: clip5 を 0.00s へ挿入 (VOD 0.0-50.0 / 尺 50.00s)
2026-09-16 15:46:59,287 [INFO] src.archive.timeline_builder: セクション追加: clip6 を 400.00s へ挿入 (VOD 900.0-950.0 / 尺 50.00s)
2026-09-16 15:46:59,287 [INFO] src.archive.timeline_builder: アーカイブ Timeline 構築: 1 クリップ / V1 1 本 / S1 0 件 / 全長 100.0s
2026-09-16 15:46:59,287 [INFO] src.archive.timeline_builder: セクション追加: clip2 を 100.00s へ挿入 (VOD 300.0-400.0 / 尺 100.00s)
2026-09-16 15:46:59,287 [INFO] src.archive.timeline_builder: アーカイブ Timeline 構築: 3 クリップ / V1 3 本 / S1 0 件 / 全長 300.0s
2026-09-16 15:46:59,289 [INFO] src.timeline.commands: 貼り付けの割り込み: V1 の 100.000s へ 50.00s を確保 / 移動 2 件・分割 0 件・切詰 0 件
2026-09-16 15:46:59,289 [INFO] src.timeline.commands: 貼り付けの割り込み: S1 の 100.000s へ 50.00s を確保 / 移動 0 件・分割 0 件・切詰 0 件
2026-09-16 15:46:59,289 [INFO] src.archive.timeline_builder: セクション追加: clip4 を 100.00s へ挿入 (VOD 250.0-300.0 / 尺 50.00s)
2026-09-16 15:46:59,289 [INFO] src.archive.timeline_builder: アーカイブ Timeline 構築: 2 クリップ / V1 2 本 / S1 0 件 / 全長 200.0s
2026-09-16 15:46:59,289 [INFO] src.archive.timeline_builder: セクション追加: clip3 を 200.00s へ挿入 (VOD 900.0-950.0 / 尺 50.00s)
2026-09-16 15:46:59,289 [INFO] src.archive.timeline_builder: アーカイブ Timeline 構築: 2 クリップ / V1 2 本 / S1 0 件 / 全長 200.0s
2026-09-16 15:46:59,289 [INFO] src.archive.timeline_builder: アーカイブ Timeline 構築: 1 クリップ / V1 1 本 / S1 0 件 / 全長 100.0s
2026-09-16 15:46:59,289 [INFO] src.archive.timeline_builder: セクション追加: clip2 を 100.00s へ挿入 (VOD 450.0-600.0 / 尺 150.00s)
2026-09-16 15:46:59,289 [INFO] src.archive.timeline_builder: アーカイブ Timeline 構築: 2 クリップ / V1 2 本 / S1 0 件 / 全長 200.0s
2026-09-16 15:46:59,289 [INFO] src.archive.timeline_builder: セクション追加: clip3 を 200.00s へ挿入 (VOD 500.0-600.0 / 尺 100.00s)
2026-09-16 15:46:59,289 [INFO] src.archive.timeline_builder: セクション統合: clip2 へ 1 件を畳み込み (VOD 400.0-600.0)
2026-09-16 15:46:59,289 [INFO] src.archive.timeline_builder: アーカイブ Timeline 構築: 2 クリップ / V1 2 本 / S1 0 件 / 全長 200.0s
2026-09-16 15:46:59,289 [INFO] src.archive.timeline_builder: セクション追加: clip3 を 200.00s へ挿入 (VOD 500.0-600.0 / 尺 100.00s)
2026-09-16 15:46:59,289 [INFO] src.archive.timeline_builder: セクション統合: clip2 へ 1 件を畳み込み (VOD 400.0-600.0)
2026-09-16 15:46:59,289 [INFO] src.archive.timeline_builder: アーカイブ Timeline 構築: 3 クリップ / V1 3 本 / S1 0 件 / 全長 300.0s
2026-09-16 15:46:59,289 [INFO] src.timeline.commands: 貼り付けの割り込み: V1 の 200.000s へ 100.00s を確保 / 移動 1 件・分割 0 件・切詰 0 件
2026-09-16 15:46:59,289 [INFO] src.timeline.commands: 貼り付けの割り込み: S1 の 200.000s へ 100.00s を確保 / 移動 0 件・分割 0 件・切詰 0 件
2026-09-16 15:46:59,289 [INFO] src.archive.timeline_builder: セクション追加: clip4 を 200.00s へ挿入 (VOD 500.0-600.0 / 尺 100.00s)
2026-09-16 15:46:59,289 [INFO] src.archive.timeline_builder: セクション統合: clip2 へ 1 件を畳み込み (VOD 400.0-600.0)
2026-09-16 15:46:59,289 [INFO] src.archive.timeline_builder: アーカイブ Timeline 構築: 3 クリップ / V1 3 本 / S1 0 件 / 全長 300.0s
2026-09-16 15:46:59,289 [INFO] src.timeline.commands: 貼り付けの割り込み: V1 の 100.000s へ 200.00s を確保 / 移動 2 件・分割 0 件・切詰 0 件
2026-09-16 15:46:59,289 [INFO] src.timeline.commands: 貼り付けの割り込み: S1 の 100.000s へ 200.00s を確保 / 移動 0 件・分割 0 件・切詰 0 件
2026-09-16 15:46:59,289 [INFO] src.archive.timeline_builder: セクション追加: clip4 を 100.00s へ挿入 (VOD 200.0-400.0 / 尺 200.00s)
2026-09-16 15:46:59,289 [INFO] src.timeline.commands: 貼り付けの割り込み: V1 の 400.000s へ 200.00s を確保 / 移動 1 件・分割 0 件・切詰 0 件
2026-09-16 15:46:59,289 [INFO] src.timeline.commands: 貼り付けの割り込み: S1 の 400.000s へ 200.00s を確保 / 移動 0 件・分割 0 件・切詰 0 件
2026-09-16 15:46:59,289 [INFO] src.archive.timeline_builder: セクション追加: clip5 を 400.00s へ挿入 (VOD 500.0-700.0 / 尺 200.00s)
2026-09-16 15:46:59,289 [INFO] src.archive.timeline_builder: セクション統合: clip1 へ 4 件を畳み込み (VOD 100.0-800.0)
2026-09-16 15:46:59,289 [INFO] src.archive.timeline_builder: アーカイブ Timeline 構築: 1 クリップ / V1 1 本 / S1 0 件 / 全長 100.0s
2026-09-16 15:46:59,289 [INFO] src.archive.timeline_builder: セクション追加: clip2 を 100.00s へ挿入 (VOD 200.0-300.0 / 尺 100.00s)
2026-09-16 15:46:59,289 [INFO] src.archive.timeline_builder: セクション統合: clip1 へ 1 件を畳み込み (VOD 100.0-300.0)
2026-09-16 15:46:59,289 [INFO] src.archive.timeline_builder: アーカイブ Timeline 構築: 2 クリップ / V1 2 本 / S1 0 件 / 全長 200.0s
2026-09-16 15:46:59,289 [INFO] src.timeline.commands: 貼り付けの割り込み: V1 の 100.000s へ 50.00s を確保 / 移動 1 件・分割 0 件・切詰 0 件
2026-09-16 15:46:59,289 [INFO] src.timeline.commands: 貼り付けの割り込み: S1 の 100.000s へ 50.00s を確保 / 移動 0 件・分割 0 件・切詰 0 件
2026-09-16 15:46:59,289 [INFO] src.archive.timeline_builder: セクション追加: clip3 を 100.00s へ挿入 (VOD 250.0-300.0 / 尺 50.00s)
2026-09-16 15:46:59,289 [INFO] src.archive.timeline_builder: アーカイブ Timeline 構築: 2 クリップ / V1 2 本 / S1 0 件 / 全長 200.0s
2026-09-16 15:46:59,289 [INFO] src.archive.timeline_builder: セクション追加: clip3 を 200.00s へ挿入 (VOD 500.0-600.0 / 尺 100.00s)
2026-09-16 15:46:59,289 [INFO] src.archive.timeline_builder: セクション統合: clip2 へ 1 件を畳み込み (VOD 400.0-600.0)
2026-09-16 15:46:59,289 [INFO] src.archive.timeline_builder: アーカイブ Timeline 構築: 3 クリップ / V1 3 本 / S1 0 件 / 全長 300.0s
2026-09-16 15:46:59,289 [INFO] src.timeline.commands: 貼り付けの割り込み: V1 の 100.000s へ 50.00s を確保 / 移動 2 件・分割 0 件・切詰 0 件
2026-09-16 15:46:59,289 [INFO] src.timeline.commands: 貼り付けの割り込み: S1 の 100.000s へ 50.00s を確保 / 移動 0 件・分割 0 件・切詰 0 件
2026-09-16 15:46:59,289 [INFO] src.archive.timeline_builder: セクション追加: clip4 を 100.00s へ挿入 (VOD 250.0-300.0 / 尺 50.00s)
2026-09-16 15:46:59,289 [INFO] src.archive.timeline_builder: アーカイブ Timeline 構築: 1 クリップ / V1 1 本 / S1 0 件 / 全長 30.0s
2026-09-16 15:46:59,289 [INFO] src.archive.timeline_builder: アーカイブ Timeline 構築: 1 クリップ / V1 1 本 / S1 0 件 / 全長 30.0s
2026-09-16 15:46:59,289 [INFO] src.archive.timeline_builder: アーカイブ Timeline 構築: 1 クリップ / V1 1 本 / S1 0 件 / 全長 30.0s
2026-09-16 15:46:59,289 [INFO] src.archive.timeline_builder: アーカイブ Timeline 構築: 1 クリップ / V1 1 本 / S1 0 件 / 全長 30.0s
2026-09-16 15:46:59,289 [INFO] src.archive.timeline_builder: アーカイブ Timeline 構築: 1 クリップ / V1 1 本 / S1 0 件 / 全長 30.0s
2026-09-16 15:46:59,289 [INFO] src.archive.timeline_builder: アーカイブ Timeline 構築: 3 クリップ / V1 6 本 / S1 6 件 / 全長 30.0s
2026-09-16 15:46:59,289 [INFO] src.archive.timeline_builder: アーカイブ Timeline 構築: 3 クリップ / V1 6 本 / S1 6 件 / 全長 30.0s
2026-09-16 15:46:59,289 [INFO] src.archive.timeline_builder: アーカイブ Timeline 構築: 3 クリップ / V1 6 本 / S1 6 件 / 全長 30.0s
2026-09-16 15:46:59,294 [INFO] src.archive.timeline_builder: アーカイブ Timeline 構築: 3 クリップ / V1 6 本 / S1 6 件 / 全長 30.0s
2026-09-16 15:46:59,294 [INFO] src.archive.timeline_builder: アーカイブ Timeline 構築: 3 クリップ / V1 6 本 / S1 6 件 / 全長 30.0s
2026-09-16 15:46:59,294 [INFO] src.archive.timeline_builder: アーカイブ Timeline 構築: 3 クリップ / V1 6 本 / S1 6 件 / 全長 30.0s
2026-09-16 15:46:59,295 [INFO] src.archive.timeline_builder: アーカイブ Timeline 構築: 3 クリップ / V1 6 本 / S1 6 件 / 全長 30.0s
2026-09-16 15:46:59,295 [INFO] src.archive.timeline_builder: アーカイブ Timeline 構築: 3 クリップ / V1 6 本 / S1 6 件 / 全長 30.0s
2026-09-16 15:46:59,295 [INFO] src.archive.timeline_builder: アーカイブ Timeline 構築: 3 クリップ / V1 6 本 / S1 6 件 / 全長 30.0s
2026-09-16 15:46:59,295 [INFO] src.archive.timeline_builder: アーカイブ Timeline 構築: 1 クリップ / V1 1 本 / S1 2 件 / 全長 30.0s
2026-09-16 15:46:59,295 [INFO] src.archive.timeline_builder: clip1: クリップ終端で打ち切った字幕 1 件 / 載せなかった字幕 0 件
2026-09-16 15:46:59,295 [INFO] src.archive.timeline_builder: clip2: クリップ終端で打ち切った字幕 1 件 / 載せなかった字幕 0 件
2026-09-16 15:46:59,295 [INFO] src.archive.timeline_builder: clip3: クリップ終端で打ち切った字幕 1 件 / 載せなかった字幕 0 件
2026-09-16 15:46:59,295 [INFO] src.archive.timeline_builder: アーカイブ Timeline 構築: 3 クリップ / V1 6 本 / S1 3 件 / 全長 30.0s
2026-09-16 15:46:59,295 [INFO] src.archive.timeline_builder: clip1: クリップ終端で打ち切った字幕 1 件 / 載せなかった字幕 0 件
2026-09-16 15:46:59,295 [INFO] src.archive.timeline_builder: アーカイブ Timeline 構築: 2 クリップ / V1 4 本 / S1 3 件 / 全長 20.0s
2026-09-16 15:46:59,295 [INFO] src.archive.timeline_builder: clip1: クリップ終端で打ち切った字幕 1 件 / 載せなかった字幕 1 件
2026-09-16 15:46:59,295 [INFO] src.archive.timeline_builder: アーカイブ Timeline 構築: 2 クリップ / V1 4 本 / S1 2 件 / 全長 20.0s
2026-09-16 15:46:59,295 [INFO] src.archive.timeline_builder: clip1: クリップ終端で打ち切った字幕 1 件 / 載せなかった字幕 0 件
2026-09-16 15:46:59,295 [INFO] src.archive.timeline_builder: clip2: クリップ終端で打ち切った字幕 1 件 / 載せなかった字幕 0 件
2026-09-16 15:46:59,295 [INFO] src.archive.timeline_builder: アーカイブ Timeline 構築: 2 クリップ / V1 4 本 / S1 2 件 / 全長 20.0s
2026-09-16 15:46:59,296 [INFO] src.archive.timeline_builder: アーカイブ Timeline 構築: 3 クリップ / V1 6 本 / S1 6 件 / 全長 30.0s
2026-09-16 15:46:59,296 [INFO] src.archive.timeline_builder: アーカイブ Timeline 構築: 3 クリップ / V1 6 本 / S1 6 件 / 全長 30.0s
2026-09-16 15:46:59,296 [INFO] src.archive.timeline_builder: アーカイブ Timeline 構築: 3 クリップ / V1 6 本 / S1 6 件 / 全長 30.0s
2026-09-16 15:46:59,296 [INFO] src.archive.timeline_builder: アーカイブ Timeline 構築: 3 クリップ / V1 6 本 / S1 6 件 / 全長 30.0s
2026-09-16 15:46:59,296 [INFO] src.archive.timeline_builder: アーカイブ Timeline 構築: 3 クリップ / V1 6 本 / S1 6 件 / 全長 30.0s
2026-09-16 15:46:59,296 [INFO] src.archive.timeline_builder: アーカイブ Timeline 構築: 3 クリップ / V1 6 本 / S1 6 件 / 全長 30.0s
2026-09-16 15:46:59,296 [INFO] src.archive.timeline_builder: アーカイブ Timeline 構築: 3 クリップ / V1 6 本 / S1 6 件 / 全長 30.0s
2026-09-16 15:46:59,296 [INFO] src.archive.timeline_builder: clip2 は使用しないため書き出しから除外します
2026-09-16 15:46:59,296 [INFO] src.archive.timeline_builder: アーカイブ Timeline 構築: 3 クリップ / V1 6 本 / S1 6 件 / 全長 30.0s
2026-09-16 15:46:59,296 [INFO] src.archive.timeline_builder: アーカイブ Timeline 構築: 3 クリップ / V1 6 本 / S1 6 件 / 全長 30.0s
2026-09-16 15:46:59,296 [INFO] src.archive.timeline_builder: アーカイブ Timeline 構築: 3 クリップ / V1 6 本 / S1 6 件 / 全長 30.0s
2026-09-16 15:46:59,296 [INFO] src.archive.timeline_builder: アーカイブ Timeline 構築: 3 クリップ / V1 6 本 / S1 6 件 / 全長 30.0s
2026-09-16 15:46:59,296 [INFO] src.archive.timeline_builder: アーカイブ Timeline 構築: 3 クリップ / V1 6 本 / S1 6 件 / 全長 30.0s
2026-09-16 15:46:59,296 [INFO] src.archive.timeline_builder: アーカイブ Timeline 構築: 3 クリップ / V1 6 本 / S1 6 件 / 全長 30.0s
2026-09-16 15:46:59,296 [WARNING] src.blur.config: 未知の blur.default_policy のため既定を使用します: なにか変な値
2026-09-16 15:46:59,296 [WARNING] src.blur.config: 未知の blur.render.mode のため既定を使用します: unknown
2026-09-16 15:46:59,296 [INFO] src.blur.tracker: 人物クラスタリング: tracklet 2 本 → 人物 2 人 (主役 p1)
2026-09-16 15:46:59,296 [INFO] src.blur.tracker: 人物クラスタリング: tracklet 2 本 → 人物 1 人 (主役 p1)
2026-09-16 15:46:59,296 [INFO] src.blur.tracker: 人物クラスタリング: tracklet 2 本 → 人物 2 人 (主役 p1)
2026-09-16 15:46:59,305 [WARNING] src.modules.blur_overlay: ぼかしマスクが見つからないため、ぼかしを省略します: 
2026-09-16 15:46:59,312 [INFO] src.blur.mask_builder: ぼかしマスク: 1200 フレーム / 480x270 / 対象 1 件
2026-09-16 15:46:59,902 [INFO] src.blur.mask_builder: ぼかしマスクを書き出しました: mask.mkv (0.4 MB)
2026-09-16 15:46:59,902 [INFO] src.blur.mask_builder: ぼかしマスク: 1200 フレーム / 480x270 / 対象 1 件
2026-09-16 15:47:00,475 [INFO] src.blur.mask_builder: ぼかしマスクを書き出しました: mask.mkv (0.4 MB)
2026-09-16 15:47:00,589 [INFO] src.blur.mask_builder: ぼかす対象が無いためマスクを作りません
2026-09-16 15:47:00,589 [INFO] src.blur.mask_builder: ぼかしマスク: 1200 フレーム / 270x480 / 対象 1 件
2026-09-16 15:47:01,201 [INFO] src.blur.mask_builder: ぼかしマスクを書き出しました: mask.mkv (0.4 MB)
2026-09-16 15:47:01,214 [INFO] src.timeline.renderer: ベース映像構築: 1 クリップ / ギャップ 0 件 / 合計 5.0s
2026-09-16 15:47:01,214 [INFO] src.timeline.renderer: ベース映像の尺: モデル 5.000s / 実測 5.000s (差 +0.000s / 1 部品)
2026-09-16 15:47:01,214 [INFO] src.timeline.renderer: 字幕焼き込み: 1 件
2026-09-16 15:47:01,230 [INFO] src.timeline.renderer: ベース映像構築: 1 クリップ / ギャップ 0 件 / 合計 5.0s
2026-09-16 15:47:01,230 [INFO] src.timeline.renderer: ベース映像の尺: モデル 5.000s / 実測 5.000s (差 +0.000s / 1 部品)
2026-09-16 15:47:01,230 [INFO] src.timeline.renderer: 字幕焼き込み: 1 件
2026-09-16 15:47:01,237 [INFO] src.timeline.renderer: ベース映像構築: 1 クリップ / ギャップ 0 件 / 合計 5.0s
2026-09-16 15:47:01,237 [INFO] src.timeline.renderer: ベース映像の尺: モデル 5.000s / 実測 5.000s (差 +0.000s / 1 部品)
2026-09-16 15:47:01,237 [INFO] src.timeline.renderer: オーバーレイ・字幕が無いため合成をスキップします
2026-09-16 15:47:01,246 [INFO] src.modules.blur_overlay: ぼかしを焼き込みます: blur_applied.mp4
2026-09-16 15:47:01,246 [INFO] src.timeline.renderer: ベース映像構築: 1 クリップ / ギャップ 0 件 / 合計 5.0s
2026-09-16 15:47:01,246 [INFO] src.timeline.renderer: ベース映像の尺: モデル 5.000s / 実測 5.000s (差 +0.000s / 1 部品)
2026-09-16 15:47:01,246 [INFO] src.timeline.renderer: オーバーレイ・字幕が無いため合成をスキップします
2026-09-16 15:47:01,254 [INFO] src.modules.blur_overlay: ぼかしを焼き込みます: blur_applied.mp4
2026-09-16 15:47:01,254 [INFO] src.timeline.renderer: ベース映像構築: 1 クリップ / ギャップ 0 件 / 合計 5.0s
2026-09-16 15:47:01,254 [INFO] src.timeline.renderer: ベース映像の尺: モデル 5.000s / 実測 5.000s (差 +0.000s / 1 部品)
2026-09-16 15:47:01,254 [INFO] src.timeline.renderer: 字幕焼き込み: 1 件
2026-09-16 15:47:01,264 [INFO] src.timeline.renderer: ベース映像構築: 1 クリップ / ギャップ 0 件 / 合計 5.0s
2026-09-16 15:47:01,264 [INFO] src.timeline.renderer: ベース映像の尺: モデル 5.000s / 実測 5.000s (差 +0.000s / 1 部品)
2026-09-16 15:47:01,264 [ERROR] src.blur.mask_builder: ぼかしの解析結果が見つからないためマスクを作れません: C:\Users\evolu\AppData\Local\Temp\tmpy5_iawnz\timeline.blur.json
2026-09-16 15:47:01,264 [INFO] src.timeline.renderer: ベース映像構築: 1 クリップ / ギャップ 0 件 / 合計 5.0s
2026-09-16 15:47:01,270 [INFO] src.timeline.renderer: ベース映像の尺: モデル 5.000s / 実測 5.000s (差 +0.000s / 1 部品)
2026-09-16 15:47:01,270 [ERROR] src.blur.mask_builder: ぼかしの解析結果が見つからないためマスクを作れません: C:\Users\evolu\AppData\Local\Temp\tmpsc5ixiqw\timeline.blur.json
2026-09-16 15:47:01,270 [INFO] src.timeline.renderer: ベース映像構築: 1 クリップ / ギャップ 0 件 / 合計 5.0s
2026-09-16 15:47:01,270 [INFO] src.timeline.renderer: ベース映像の尺: モデル 5.000s / 実測 5.000s (差 +0.000s / 1 部品)
2026-09-16 15:47:01,270 [ERROR] src.blur.mask_builder: ぼかしの解析結果が見つからないためマスクを作れません: C:\Users\evolu\AppData\Local\Temp\tmpswr0krx2\timeline.blur.json
2026-09-16 15:47:01,278 [WARNING] src.timeline.renderer: 利用者の指示により、ぼかしを入れずに出力します
2026-09-16 15:47:01,278 [INFO] src.timeline.renderer: オーバーレイ・字幕が無いため合成をスキップします
2026-09-16 15:47:01,278 [INFO] src.timeline.renderer: 中間形式を最終形式へ変換: .mov → mp4 (音声のみ再エンコード)
2026-09-16 15:47:01,278 [INFO] src.timeline.renderer: ベース映像構築: 1 クリップ / ギャップ 0 件 / 合計 5.0s
2026-09-16 15:47:01,278 [INFO] src.timeline.renderer: ベース映像の尺: モデル 5.000s / 実測 5.000s (差 +0.000s / 1 部品)
2026-09-16 15:47:01,278 [INFO] src.timeline.renderer: オーバーレイ・字幕が無いため合成をスキップします
2026-09-16 15:47:01,278 [INFO] src.timeline.renderer: 中間形式を最終形式へ変換: .mov → mp4 (音声のみ再エンコード)
2026-09-16 15:47:02,146 [INFO] src.modules.subtitle_generator: 縦動画のため字幕設定を縦用へ上書き (font/改行/配置/余白)
2026-09-16 15:47:02,146 [WARNING] src.modules.comment_decor: コメント背景がキャンバスに収まらないため詰めました (推定幅 1181px / 使える幅 1080px)。font_size か max_line_length を下げると解消します
2026-09-16 15:47:02,146 [INFO] src.modules.comment_decor: コメントアイコン: 2 件 / 位置 2 種類
2026-09-16 15:47:02,146 [INFO] src.modules.comment_decor: コメントアイコン: 2 件 / 位置 1 種類
2026-09-16 15:47:02,146 [INFO] src.modules.comment_decor: コメントアイコン: 1 件 / 位置 1 種類
2026-09-16 15:47:02,146 [INFO] src.modules.subtitle_generator: 縦動画のため字幕設定を縦用へ上書き (font/改行/配置/余白)
2026-09-16 15:47:02,146 [WARNING] src.modules.comment_decor: コメントアイコンがキャンバスに収まらないため位置を詰めました (要求 x=-190.0 y=465.0 → x=0.0 y=465.0)。subtitle.comment_margin_l を大きくすると解消します
2026-09-16 15:47:02,146 [INFO] src.modules.subtitle_generator: コメント背景: 1 件
2026-09-16 15:47:02,150 [WARNING] src.modules.subtitle_generator: コメントの Layer が逆転しているため本文を 6 へ引き上げます (背景=5 / 本文=1)
2026-09-16 15:47:02,150 [INFO] src.modules.subtitle_generator: コメント背景: 1 件
2026-09-16 15:47:02,163 [WARNING] src.modules.subtitle_generator: コメントの配置は左寄せ (1/4/7) のみ対応のため 4 を使用します: 2
2026-09-16 15:47:02,170 [INFO] src.modules.subtitle_generator: 縦動画のため字幕設定を縦用へ上書き (font/改行/配置/余白)
2026-09-16 15:47:02,170 [WARNING] src.export.fcpxml_builder: タイムライン終端を超える字幕をクリップ末尾へクランプしました (丸め誤差の端数など)。
2026-09-16 15:47:02,170 [INFO] src.modules.loudness_normalizer: 入力ラウドネス: I=-9.2 LUFS / TP=-0.3 dBTP / LRA=5.1 LU → 目標 I=-14.0 LUFS / TP=-1.0 dBTP (offset 0.4 dB)
2026-09-16 15:47:02,170 [ERROR] src.modules.loudness_normalizer: ラウドネス正規化の適用に失敗 (元音声のまま継続): in.mp4
Traceback (most recent call last):
  File "D:\develop\autoedit\src\modules\loudness_normalizer.py", line 219, in normalize_file
    ffmpeg_runner.execute(
  File "C:\Users\evolu\AppData\Local\Programs\Python\Python312\Lib\unittest\mock.py", line 1139, in __call__
    return self._mock_call(*args, **kwargs)
           ^^^^^^^^^^^^^^^^^^^^^^^^^^^^^^^^
  File "C:\Users\evolu\AppData\Local\Programs\Python\Python312\Lib\unittest\mock.py", line 1143, in _mock_call
    return self._execute_mock_call(*args, **kwargs)
           ^^^^^^^^^^^^^^^^^^^^^^^^^^^^^^^^^^^^^^^^
  File "C:\Users\evolu\AppData\Local\Programs\Python\Python312\Lib\unittest\mock.py", line 1198, in _execute_mock_call
    raise effect
src.exceptions.FFmpegError: 失敗
2026-09-16 15:47:02,170 [INFO] src.modules.loudness_normalizer: ラウドネス正規化は無効のためスキップ
2026-09-16 15:47:02,170 [WARNING] src.modules.loudness_normalizer: ラウドネス測定に失敗したため正規化をスキップ (元音声のまま継続): in.mp4
2026-09-16 15:47:02,170 [INFO] src.modules.loudness_normalizer: 音声ストリームが無いためラウドネス正規化をスキップ: in.mp4
2026-09-16 15:47:02,196 [INFO] src.modules.loudness_normalizer: ラウドネス正規化 完了: out.mp4
2026-09-16 15:47:02,197 [INFO] src.modules.loudness_normalizer: 入力ラウドネス: I=-9.2 LUFS / TP=-0.3 dBTP / LRA=5.1 LU → 目標 I=-14.0 LUFS / TP=-1.0 dBTP (offset 0.4 dB)
2026-09-16 15:47:02,216 [INFO] src.modules.loudness_normalizer: ラウドネス正規化 完了: out.mp4
2026-09-16 15:47:02,219 [INFO] src.timeline.media_recovery: 本編素材を元動画から作り直します: C:\Users\evolu\AppData\Local\Temp\media_recovery_test_g865y6od\sample.mp4
2026-09-16 15:47:02,219 [WARNING] src.timeline.media_recovery: 素材が見つかりません: m2 (C:\Users\evolu\AppData\Local\Temp\media_recovery_test_cv5fos9g\gone.png)
2026-09-16 15:47:02,231 [INFO] src.timeline.media_recovery: 素材を差し替え済みのフォルダで見つけました: m3 → C:\Users\evolu\AppData\Local\Temp\media_recovery_test_w1v5kbzo\moved\logo2.png
2026-09-16 15:47:02,246 [INFO] src.timeline.media_recovery: 本編素材を元動画から作り直します: C:\Users\evolu\AppData\Local\Temp\media_recovery_test_tlzwhv1b\sample.mp4
2026-09-16 15:47:02,250 [WARNING] src.timeline.media_recovery: 元動画が見つからないため本編素材を復旧できません: C:\Users\evolu\AppData\Local\Temp\media_recovery_test_6urdfnsw\no_such_input.mp4
2026-09-16 15:47:02,250 [WARNING] src.timeline.media_recovery: 素材が見つかりません: m1 (C:\Users\evolu\AppData\Local\Temp\media_recovery_test_6urdfnsw\work\loudness_normalized.mp4)
2026-09-16 15:47:02,255 [INFO] src.timeline.media_recovery: 本編素材は元動画そのものだったため、そのまま使います: C:\Users\evolu\AppData\Local\Temp\media_recovery_test_9qcyjg4x\sample.mp4
2026-09-16 15:47:02,262 [INFO] src.timeline.media_recovery: 素材を相対パスで見つけました: m2 → C:\Users\evolu\AppData\Local\Temp\media_recovery_test_3aqis291\assets\logo.png
2026-09-16 15:47:02,262 [INFO] src.timeline.media_recovery: 設定に従い元動画をそのまま使います (音量は正規化前): C:\Users\evolu\AppData\Local\Temp\media_recovery_test_rrec1ing\sample.mp4
2026-09-16 15:47:02,262 [INFO] src.services.points: ポイントを予約しました: clip/video 25pt (watermark=False)
2026-09-16 15:47:02,278 [WARNING] src.services.points: ポイント残高を取得できませんでした: 断
2026-09-16 15:47:02,278 [INFO] src.services.points: ポイントを予約しました: clip/video 25pt (watermark=False)
2026-09-16 15:47:02,278 [WARNING] src.services.points: ポイントのcommitを送信できませんでした (再送します): 接続できません
2026-09-16 15:47:02,306 [INFO] src.services.points: ポイントを予約しました: clip/video 25pt (watermark=False)
2026-09-16 15:47:02,308 [WARNING] src.services.points: ポイントのcommitを送信できませんでした (再送します): 断
2026-09-16 15:47:02,308 [INFO] src.services.points: 保留していたポイント処理を 2 件送信しました。
2026-09-16 15:47:02,322 [WARNING] src.services.points: ポイントを予約できませんでした: 再ログインが必要です。
2026-09-16 15:47:02,326 [INFO] src.services.points: ポイントを予約しました: clip/video 25pt (watermark=False)
2026-09-16 15:47:02,327 [WARNING] src.services.points: ポイントのcancelが拒否されました: 確定済み
2026-09-16 15:47:02,328 [INFO] src.services.points: 保留していたポイント処理を 1 件送信しました。
2026-09-16 15:47:02,332 [INFO] src.services.points: ポイントを予約しました: clip/video 25pt (watermark=False)
2026-09-16 15:47:02,340 [INFO] src.services.points: サブスク判定のキャッシュが古いため watermark を入れます。
2026-09-16 15:47:02,340 [WARNING] src.services.points: ポイントを予約できませんでした (オフライン): 接続できません
2026-09-16 15:47:02,355 [WARNING] src.services.points: ポイントを予約できませんでした (オフライン): 接続できません
2026-09-16 15:47:02,355 [WARNING] src.services.points: ポイントを予約できませんでした (オフライン): 接続できません
2026-09-16 15:47:02,355 [WARNING] src.services.points: ポイントを予約できませんでした: 想定外
2026-09-16 15:47:02,355 [INFO] src.services.points: ポイントを予約しました: clip/resolveProject 0pt (watermark=False)
2026-09-16 15:47:02,382 [INFO] src.services.points: ポイントを予約しました: clip/video 25pt (watermark=False)
2026-09-16 15:47:02,384 [INFO] src.services.points: ポイントを予約しました: archive/video 0pt (watermark=True)
2026-09-16 15:47:02,449 [WARNING] src.timeline.builder: フレーム間引きの設定が不正なため none を使用します: 'all'
2026-09-16 15:47:02,496 [INFO] src.timeline.project_io: プロジェクト保存: C:\Users\evolu\AppData\Local\Temp\library_summary_iwglsndj\vod.archive.timeline.json
2026-09-16 15:47:02,516 [WARNING] src.timeline.project_io: プロジェクトの概要を読めませんでした: C:\Users\evolu\AppData\Local\Temp\library_summary_sp86jymc\broken.timeline.json
2026-09-16 15:47:02,524 [INFO] src.timeline.project_io: プロジェクト保存: C:\Users\evolu\AppData\Local\Temp\library_summary_6ysnuemm\sample.timeline.json
2026-09-16 15:47:02,544 [INFO] src.timeline.project_io: プロジェクト保存: C:\Users\evolu\AppData\Local\Temp\library_summary_bag9n_d2\sample.timeline.json
2026-09-16 15:47:02,574 [INFO] src.timeline.project_io: プロジェクト保存: C:\Users\evolu\AppData\Local\Temp\library_rename_yvnnf0ok\old.timeline.json
2026-09-16 15:47:02,590 [INFO] src.timeline.project_io: プロジェクト保存: C:\Users\evolu\AppData\Local\Temp\library_rename_ngas4f5a\old.timeline.json
2026-09-16 15:47:02,604 [INFO] src.timeline.project_io: プロジェクト保存: C:\Users\evolu\AppData\Local\Temp\library_rename_neqeq7tg\old.timeline.json
2026-09-16 15:47:02,625 [INFO] src.timeline.project_io: プロジェクトを改名しました: old.timeline.json → new.timeline.json
2026-09-16 15:47:02,654 [INFO] src.timeline.project_io: プロジェクト保存: C:\Users\evolu\AppData\Local\Temp\library_rename_zfmm4eg9\old.timeline.json
2026-09-16 15:47:02,668 [INFO] src.timeline.project_io: プロジェクトを改名しました: old.timeline.json → new.timeline.json
2026-09-16 15:47:02,684 [INFO] src.timeline.project_io: プロジェクト保存: C:\Users\evolu\AppData\Local\Temp\library_rename__n2lguyf\old.timeline.json
2026-09-16 15:47:02,700 [INFO] src.timeline.project_io: プロジェクトが 5 件見つかりました (新しい 2 件を表示します)
2026-09-16 15:47:02,777 [WARNING] src.export.resolve_export: ソース総尺の取得に失敗 (タイムライン全長で代用): C:\Users\evolu\AppData\Local\Temp\resolve_export_test_6iix2i5x\sample.mp4
2026-09-16 15:47:02,809 [WARNING] src.export.resolve_export: ソース総尺の取得に失敗 (タイムライン全長で代用): C:\Users\evolu\AppData\Local\Temp\resolve_export_test_luref6fw\sample.mp4
2026-09-16 15:47:02,848 [WARNING] src.export.resolve_export: ソース総尺の取得に失敗 (タイムライン全長で代用): C:\Users\evolu\AppData\Local\Temp\resolve_export_test_2dc0c_9m\sample.mp4
2026-09-16 15:47:02,883 [WARNING] src.export.resolve_export: ソース総尺の取得に失敗 (タイムライン全長で代用): C:\Users\evolu\AppData\Local\Temp\resolve_export_test_we4ssvvz\sample.mp4
2026-09-16 15:47:02,883 [WARNING] src.export.resolve_export: テーマ演出はテキストと区間のみを出力します (ブラー・黒帯などの映像エフェクトは FCPXML で表現できません)。
2026-09-16 15:47:02,883 [WARNING] src.export.resolve_export: 字幕位置は配置(alignment)＋余白からの近似です。Resolve 取り込み時に位置が中央へ戻る場合があります (フォント/サイズ/色は保持)。
2026-09-16 15:47:02,920 [WARNING] src.export.resolve_export: ソース総尺の取得に失敗 (タイムライン全長で代用): C:\Users\evolu\AppData\Local\Temp\resolve_export_test_ph5ks478\sample.mp4
2026-09-16 15:47:02,956 [WARNING] src.export.resolve_export: ソース総尺の取得に失敗 (タイムライン全長で代用): C:\Users\evolu\AppData\Local\Temp\resolve_export_test_9dhfp_04\sample.mp4
2026-09-16 15:47:02,981 [WARNING] src.export.resolve_export: ソース総尺の取得に失敗 (タイムライン全長で代用): C:\Users\evolu\AppData\Local\Temp\resolve_export_test_u4ofz04w\sample.mp4
2026-09-16 15:47:03,020 [WARNING] src.export.resolve_export: ソース総尺の取得に失敗 (タイムライン全長で代用): C:\Users\evolu\AppData\Local\Temp\resolve_export_test_u4ofz04w\sample.mp4
2026-09-16 15:47:03,044 [WARNING] src.export.resolve_export: ソース総尺の取得に失敗 (タイムライン全長で代用): C:\Users\evolu\AppData\Local\Temp\resolve_export_test_5chxzwv2\sample.mp4
2026-09-16 15:47:03,044 [WARNING] src.export.resolve_export: 未対応の字幕出力方式 export.resolve.subtitle.mode=bogus のため caption で出力します
2026-09-16 15:47:03,091 [WARNING] src.export.resolve_export: ソース総尺の取得に失敗 (タイムライン全長で代用): C:\Users\evolu\AppData\Local\Temp\resolve_export_test_0c179_yx\sample.mp4
2026-09-16 15:47:03,120 [WARNING] src.export.resolve_export: ソース総尺の取得に失敗 (タイムライン全長で代用): C:\Users\evolu\AppData\Local\Temp\resolve_export_test_5ye4sxyz\sample.mp4
2026-09-16 15:47:03,161 [WARNING] src.export.resolve_export: ソース総尺の取得に失敗 (タイムライン全長で代用): C:\Users\evolu\AppData\Local\Temp\resolve_export_test_yqmkbh5k\sample.mp4
2026-09-16 15:47:03,184 [WARNING] src.export.resolve_export: ソース総尺の取得に失敗 (タイムライン全長で代用): C:\Users\evolu\AppData\Local\Temp\resolve_export_test_z7h34eea\sample.mp4
2026-09-16 15:47:03,232 [WARNING] src.export.resolve_export: ソース総尺の取得に失敗 (タイムライン全長で代用): C:\Users\evolu\AppData\Local\Temp\resolve_export_test_7jgq42l8\sample.mp4
2026-09-16 15:47:03,263 [WARNING] src.export.resolve_export: ソース総尺の取得に失敗 (タイムライン全長で代用): C:\Users\evolu\AppData\Local\Temp\resolve_export_test_tckj333l\sample.mp4
2026-09-16 15:47:03,292 [WARNING] src.export.resolve_export: ソース総尺の取得に失敗 (タイムライン全長で代用): C:\Users\evolu\AppData\Local\Temp\resolve_export_test_ojlx67pt\sample.mp4
2026-09-16 15:47:03,339 [WARNING] src.export.resolve_export: ソース総尺の取得に失敗 (タイムライン全長で代用): C:\Users\evolu\AppData\Local\Temp\resolve_export_test_1by5u6te\sample.mp4
2026-09-16 15:47:03,371 [WARNING] src.export.resolve_export: ソース総尺の取得に失敗 (タイムライン全長で代用): C:\Users\evolu\AppData\Local\Temp\resolve_export_test_eqw3oio9\sample.mp4
2026-09-16 15:47:03,371 [INFO] src.export.resolve_export: 編集点が無いため全長 1 クリップとして出力します
2026-09-16 15:47:03,415 [WARNING] src.export.resolve_export: ソース総尺の取得に失敗 (タイムライン全長で代用): C:\Users\evolu\AppData\Local\Temp\resolve_export_test_j6xkx49x\sample.mp4
2026-09-16 15:47:03,416 [INFO] src.export.resolve_export: Resolve 出力開始: C:\Users\evolu\AppData\Local\Temp\resolve_export_test_j6xkx49x\out2.fcpxml (クリップ 1 件 / 字幕 caption 1 件 / title・テーマ 0 件 / 1920x1080 60fps)
2026-09-16 15:47:03,418 [INFO] src.export.resolve_export: 字幕トラックのスタイルは Resolve の字幕トラックヘッダー選択 → インスペクタ → Track Style で一括設定できます (Resolve 19 以降は Text+ スタイルも指定可)。
2026-09-16 15:47:03,419 [INFO] src.export.resolve_export: Resolve 出力完了: C:\Users\evolu\AppData\Local\Temp\resolve_export_test_j6xkx49x\out2.fcpxml (タイムライン尺 5.00s)
2026-09-16 15:47:03,449 [WARNING] src.export.resolve_export: ソース総尺の取得に失敗 (タイムライン全長で代用): C:\Users\evolu\AppData\Local\Temp\resolve_export_test_s3l6s2v4\sample.mp4
2026-09-16 15:47:03,449 [INFO] src.export.resolve_export: Resolve 出力開始: C:\Users\evolu\AppData\Local\Temp\resolve_export_test_s3l6s2v4\out3.fcpxml (クリップ 1 件 / 字幕 caption 0 件 / title・テーマ 0 件 / 1920x1080 60fps)
2026-09-16 15:47:03,449 [INFO] src.export.resolve_export: Resolve 出力完了: C:\Users\evolu\AppData\Local\Temp\resolve_export_test_s3l6s2v4\out3.fcpxml (タイムライン尺 5.00s)
2026-09-16 15:47:03,494 [WARNING] src.export.resolve_export: ソース総尺の取得に失敗 (タイムライン全長で代用): C:\Users\evolu\AppData\Local\Temp\resolve_export_test_achpt1rh\sample.mp4
2026-09-16 15:47:03,495 [INFO] src.export.resolve_export: Resolve 出力開始: C:\Users\evolu\AppData\Local\Temp\resolve_export_test_achpt1rh\out.fcpxml (クリップ 1 件 / 字幕 caption 1 件 / title・テーマ 0 件 / 1920x1080 60fps)
2026-09-16 15:47:03,504 [INFO] src.export.resolve_export: SRT サイドカー出力: C:\Users\evolu\AppData\Local\Temp\resolve_export_test_achpt1rh\out.srt (1 件)
2026-09-16 15:47:03,504 [INFO] src.export.resolve_export: Resolve 出力完了: C:\Users\evolu\AppData\Local\Temp\resolve_export_test_achpt1rh\out.fcpxml / C:\Users\evolu\AppData\Local\Temp\resolve_export_test_achpt1rh\out.srt (タイムライン尺 5.00s)
2026-09-16 15:47:03,507 [INFO] src.export.resolve_export: Resolve 出力を中止 (上書きしない): C:\Users\evolu\AppData\Local\Temp\resolve_export_test_achpt1rh\out.fcpxml
2026-09-16 15:47:03,559 [INFO] src.modules.subtitle_generator: 縦動画のため字幕設定を縦用へ上書き (font/改行/配置/余白)
2026-09-16 15:47:03,575 [WARNING] src.services.stretheus_auth: API の日時を解釈できませんでした。
2026-09-16 15:47:03,611 [INFO] src.services.stretheus_auth: Stretheus のログインページを開きます (ポート61884)
2026-09-16 15:47:03,620 [INFO] src.services.stretheus_auth: Stretheus へログインしました。
2026-09-16 15:47:04,686 [INFO] src.services.stretheus_auth: Stretheus のログインページを開きます (ポート61892)
2026-09-16 15:47:04,686 [INFO] src.services.stretheus_auth: Stretheus へログインしました。
2026-09-16 15:47:05,715 [INFO] src.services.stretheus_auth: Stretheus のログインページを開きます (ポート61900)
2026-09-16 15:47:05,730 [INFO] src.services.stretheus_auth: Stretheus へログインしました。
2026-09-16 15:47:06,261 [INFO] src.services.stretheus_auth: Stretheus のログインページを開きます (ポート61905)
2026-09-16 15:47:06,271 [INFO] src.services.stretheus_auth: Stretheus へログインしました。
2026-09-16 15:47:06,798 [INFO] src.services.stretheus_auth: Stretheus のログインページを開きます (ポート61911)
2026-09-16 15:47:06,809 [INFO] src.services.stretheus_auth: Stretheus へログインしました。
2026-09-16 15:47:07,337 [INFO] src.services.stretheus_auth: Stretheus のログインページを開きます (ポート61917)
2026-09-16 15:47:07,340 [INFO] src.services.stretheus_auth: Stretheus へログインしました。
2026-09-16 15:47:07,841 [INFO] src.modules.subtitle_generator: テロップ個別指定 フォント 0 件 / サイズ 0 件 / 文字色 1 件 / 縁の色 0 件
2026-09-16 15:47:07,847 [INFO] src.modules.subtitle_generator: テロップ個別指定 フォント 0 件 / サイズ 0 件 / 文字色 1 件 / 縁の色 0 件
2026-09-16 15:47:07,886 [INFO] src.modules.subtitle_generator: テロップ個別指定 フォント 0 件 / サイズ 0 件 / 文字色 0 件 / 縁の色 1 件
2026-09-16 15:47:07,887 [INFO] src.modules.subtitle_generator: テロップ個別指定 フォント 0 件 / サイズ 0 件 / 文字色 0 件 / 縁の色 1 件
2026-09-16 15:47:07,887 [INFO] src.modules.subtitle_generator: テロップ個別指定 フォント 1 件 / サイズ 1 件 / 文字色 1 件 / 縁の色 1 件
2026-09-16 15:47:07,902 [INFO] src.timeline.commands: コメント用の字幕トラックを作成しました: S2
2026-09-16 15:47:07,902 [INFO] src.timeline.commands: 移動先 S2 が空いていないため役割だけ変更しました: s1
2026-09-16 15:47:07,902 [INFO] src.timeline.commands: コメント用の字幕トラックを作成しました: S2
2026-09-16 15:47:07,902 [INFO] src.timeline.commands: コメント用の字幕トラックを作成しました: S2
2026-09-16 15:47:07,902 [INFO] src.timeline.commands: コメント用の字幕トラックを作成しました: S2
2026-09-16 15:47:07,902 [INFO] src.timeline.project_io: プロジェクト保存: C:\Users\evolu\AppData\Local\Temp\tmpwaq6hpzp\sample.timeline.json
2026-09-16 15:47:07,918 [INFO] src.modules.subtitle_generator: VAD フィルタ有効 (min_silence=500ms, speech_pad=100ms, condition_on_previous_text=False)
2026-09-16 15:47:07,918 [WARNING] src.modules.subtitle_generator: VAD 付き認識に失敗したため VAD 無しで再試行します: VAD の初期化に失敗しました (テスト)
2026-09-16 15:47:07,918 [INFO] src.modules.subtitle_generator: VAD フィルタ有効 (min_silence=800ms, speech_pad=100ms, condition_on_previous_text=False)
2026-09-16 15:47:07,918 [INFO] src.modules.subtitle_generator: VAD フィルタ有効 (min_silence=500ms, speech_pad=100ms, condition_on_previous_text=False)
2026-09-16 15:47:07,965 [INFO] src.timeline.commands: 貼り付けの割り込み: V1 の 5.000s へ 10.00s を確保 / 移動 2 件・分割 1 件・切詰 0 件
2026-09-16 15:47:07,965 [INFO] src.timeline.commands: 貼り付けの割り込み: V2 の 5.000s へ 10.00s を確保 / 移動 2 件・分割 0 件・切詰 0 件
2026-09-16 15:47:07,965 [INFO] src.timeline.commands: 貼り付けの割り込み: S1 の 5.000s へ 10.00s を確保 / 移動 1 件・分割 0 件・切詰 0 件
2026-09-16 15:47:07,966 [INFO] src.timeline.commands: 貼り付けの割り込み: V1 の 5.000s へ 10.00s を確保 / 移動 2 件・分割 1 件・切詰 0 件
2026-09-16 15:47:07,966 [INFO] src.timeline.commands: 貼り付けの割り込み: V2 の 5.000s へ 10.00s を確保 / 移動 2 件・分割 0 件・切詰 0 件
2026-09-16 15:47:07,966 [INFO] src.timeline.commands: 貼り付けの割り込み: S1 の 5.000s へ 10.00s を確保 / 移動 1 件・分割 0 件・切詰 0 件
2026-09-16 15:47:07,967 [INFO] src.timeline.commands: 貼り付けの割り込み: V1 の 5.000s へ 10.00s を確保 / 移動 2 件・分割 1 件・切詰 0 件
2026-09-16 15:47:07,967 [INFO] src.timeline.commands: 貼り付けの割り込み: V2 の 5.000s へ 10.00s を確保 / 移動 2 件・分割 0 件・切詰 0 件
2026-09-16 15:47:07,967 [INFO] src.timeline.commands: 貼り付けの割り込み: S1 の 5.000s へ 10.00s を確保 / 移動 1 件・分割 0 件・切詰 0 件
2026-09-16 15:47:07,967 [INFO] src.timeline.commands: 貼り付けの割り込み: V1 の 5.000s へ 15.00s を確保 / 移動 3 件・分割 0 件・切詰 0 件
2026-09-16 15:47:07,968 [INFO] src.timeline.commands: 貼り付けの割り込み: V2 の 5.000s へ 15.00s を確保 / 移動 2 件・分割 0 件・切詰 0 件
2026-09-16 15:47:07,968 [INFO] src.timeline.commands: 貼り付けの割り込み: S1 の 5.000s へ 15.00s を確保 / 移動 1 件・分割 0 件・切詰 0 件
2026-09-16 15:47:07,968 [INFO] src.timeline.commands: 貼り付けの割り込み: V1 の 10.020s へ 10.02s を確保 / 移動 2 件・分割 0 件・切詰 0 件
2026-09-16 15:47:07,968 [INFO] src.timeline.commands: 貼り付けの割り込み: V2 の 10.020s へ 10.02s を確保 / 移動 1 件・分割 0 件・切詰 0 件
2026-09-16 15:47:07,968 [INFO] src.timeline.commands: 貼り付けの割り込み: S1 の 10.020s へ 10.02s を確保 / 移動 1 件・分割 0 件・切詰 0 件
2026-09-16 15:47:07,969 [INFO] src.timeline.commands: 貼り付けの割り込み: V1 の 19.980s へ 9.98s を確保 / 移動 1 件・分割 0 件・切詰 1 件
2026-09-16 15:47:07,969 [INFO] src.timeline.commands: 貼り付けの割り込み: V2 の 19.980s へ 9.98s を確保 / 移動 1 件・分割 0 件・切詰 0 件
2026-09-16 15:47:07,969 [INFO] src.timeline.commands: 貼り付けの割り込み: S1 の 19.980s へ 9.98s を確保 / 移動 0 件・分割 0 件・切詰 0 件
2026-09-16 15:47:07,971 [WARNING] src.timeline.commands: 素材が見つからないため貼り付けません: D:\develop\autoedit\tests\存在しない素材.mp4
2026-09-16 15:47:07,971 [INFO] src.timeline.commands: 貼り付けの割り込み: V1 の 5.000s へ 10.00s を確保 / 移動 2 件・分割 1 件・切詰 0 件
2026-09-16 15:47:07,971 [INFO] src.timeline.commands: 貼り付けの割り込み: V2 の 5.000s へ 10.00s を確保 / 移動 2 件・分割 0 件・切詰 0 件
2026-09-16 15:47:07,971 [INFO] src.timeline.commands: 貼り付けの割り込み: S1 の 5.000s へ 10.00s を確保 / 移動 1 件・分割 0 件・切詰 0 件
2026-09-16 15:47:07,973 [INFO] src.timeline.commands: 貼り付けの割り込み: V1 の 5.000s へ 10.00s を確保 / 移動 2 件・分割 1 件・切詰 0 件
2026-09-16 15:47:07,973 [INFO] src.timeline.commands: 貼り付けの割り込み: V2 の 5.000s へ 10.00s を確保 / 移動 2 件・分割 0 件・切詰 0 件
2026-09-16 15:47:07,973 [INFO] src.timeline.commands: 貼り付けの割り込み: S1 の 5.000s へ 10.00s を確保 / 移動 1 件・分割 0 件・切詰 0 件
2026-09-16 15:47:07,974 [INFO] src.timeline.commands: 貼り付けの割り込み: V1 の 5.000s へ 10.00s を確保 / 移動 2 件・分割 1 件・切詰 0 件
2026-09-16 15:47:07,976 [INFO] src.timeline.commands: 貼り付けの割り込み: V2 の 5.000s へ 10.00s を確保 / 移動 2 件・分割 0 件・切詰 0 件
2026-09-16 15:47:07,976 [INFO] src.timeline.commands: 貼り付けの割り込み: S1 の 5.000s へ 10.00s を確保 / 移動 1 件・分割 0 件・切詰 0 件
2026-09-16 15:47:07,976 [INFO] src.timeline.commands: 貼り付けの割り込み: V1 の 5.000s へ 10.00s を確保 / 移動 2 件・分割 1 件・切詰 0 件
2026-09-16 15:47:07,976 [INFO] src.timeline.commands: 貼り付けの割り込み: V2 の 5.000s へ 10.00s を確保 / 移動 2 件・分割 0 件・切詰 0 件
2026-09-16 15:47:07,977 [INFO] src.timeline.commands: 貼り付けの割り込み: S1 の 5.000s へ 10.00s を確保 / 移動 1 件・分割 0 件・切詰 0 件
2026-09-16 15:47:07,977 [INFO] src.timeline.commands: 貼り付けの割り込み: V1 の 5.000s へ 10.00s を確保 / 移動 2 件・分割 1 件・切詰 0 件
2026-09-16 15:47:07,977 [INFO] src.timeline.commands: 貼り付けの割り込み: V2 の 5.000s へ 10.00s を確保 / 移動 2 件・分割 0 件・切詰 0 件
2026-09-16 15:47:07,977 [INFO] src.timeline.commands: 貼り付けの割り込み: S1 の 5.000s へ 10.00s を確保 / 移動 1 件・分割 0 件・切詰 0 件
2026-09-16 15:47:07,978 [INFO] src.timeline.commands: 貼り付けの割り込み: V2 の 4.000s へ 2.00s を確保 / 移動 2 件・分割 0 件・切詰 0 件
2026-09-16 15:47:07,978 [INFO] src.timeline.commands: 貼り付けの割り込み: V2 の 4.000s へ 2.00s を確保 / 移動 2 件・分割 0 件・切詰 0 件
2026-09-16 15:47:07,979 [INFO] src.timeline.commands: 貼り付けの割り込み: V2 の 4.000s へ 2.00s を確保 / 移動 2 件・分割 0 件・切詰 0 件
2026-09-16 15:47:07,980 [INFO] src.timeline.clipboard: Timeline のノードをコピーしました: 1 件
2026-09-16 15:47:07,980 [INFO] src.timeline.clipboard: Timeline のノードをコピーしました: 1 件
2026-09-16 15:47:07,981 [INFO] src.timeline.commands: 貼り付けの割り込み: V1 の 4.000s へ 2.00s を確保 / 移動 2 件・分割 1 件・切詰 0 件
2026-09-16 15:47:07,981 [INFO] src.timeline.commands: 貼り付けの割り込み: V2 の 4.000s へ 2.00s を確保 / 移動 2 件・分割 0 件・切詰 0 件
2026-09-16 15:47:07,982 [INFO] src.timeline.commands: 貼り付けの割り込み: S1 の 4.000s へ 2.00s を確保 / 移動 1 件・分割 0 件・切詰 0 件
2026-09-16 15:47:07,983 [INFO] src.timeline.commands: 貼り付けの割り込み: V2 の 4.000s へ 2.00s を確保 / 移動 2 件・分割 0 件・切詰 0 件
2026-09-16 15:47:07,983 [INFO] src.timeline.commands: 貼り付けの割り込み: V1 の 5.000s へ 10.00s を確保 / 移動 2 件・分割 1 件・切詰 0 件
2026-09-16 15:47:07,983 [INFO] src.timeline.commands: 貼り付けの割り込み: V2 の 5.000s へ 10.00s を確保 / 移動 2 件・分割 0 件・切詰 0 件
2026-09-16 15:47:07,984 [INFO] src.timeline.commands: 貼り付けの割り込み: V1 の 5.000s へ 10.00s を確保 / 移動 2 件・分割 1 件・切詰 0 件
2026-09-16 15:47:07,984 [WARNING] src.timeline.builder: 貼り付けの設定が不正なため既定 base_syncs_all を使用します: 'なにか'
2026-09-16 15:47:07,985 [WARNING] src.timeline.builder: 貼り付けの設定が不正なため既定 split を使用します: 123
2026-09-16 15:47:07,986 [INFO] src.timeline.commands: 貼り付けの割り込み: V1 の 5.000s へ 10.00s を確保 / 移動 2 件・分割 1 件・切詰 0 件
2026-09-16 15:47:07,986 [INFO] src.timeline.commands: 貼り付けの割り込み: V2 の 5.000s へ 10.00s を確保 / 移動 2 件・分割 0 件・切詰 0 件
2026-09-16 15:47:07,987 [INFO] src.timeline.commands: 貼り付けの割り込み: S1 の 5.000s へ 10.00s を確保 / 移動 1 件・分割 0 件・切詰 0 件
2026-09-16 15:47:07,990 [WARNING] src.timeline.commands: 映像トラックの上限 (3) に達しているため追加できません
2026-09-16 15:47:07,991 [INFO] src.timeline.commands: 字幕を追加できる空きがありません (2.000 秒)
2026-09-16 15:47:07,991 [INFO] src.timeline.commands: 字幕を追加できる空きがありません (0.990 秒)
2026-09-16 15:47:07,994 [INFO] src.timeline.commands: リップル: 10.000〜20.000s (10.00s) を除去 / 削除 1 件・短縮 0 件・移動 1 件
2026-09-16 15:47:07,994 [INFO] src.timeline.commands: リップル: 10.000〜20.000s (10.00s) を除去 / 削除 1 件・短縮 0 件・移動 1 件
2026-09-16 15:47:07,994 [INFO] src.timeline.commands: リップル: 10.000〜20.000s (10.00s) を除去 / 削除 1 件・短縮 0 件・移動 1 件
2026-09-16 15:47:07,995 [INFO] src.timeline.commands: リップル: 0.000〜10.000s (10.00s) を除去 / 削除 2 件・短縮 0 件・移動 1 件
2026-09-16 15:47:07,995 [INFO] src.timeline.commands: リップル: 10.000〜20.000s (10.00s) を除去 / 削除 1 件・短縮 0 件・移動 1 件
2026-09-16 15:47:08,000 [INFO] src.timeline.commands: リップル: 10.000〜20.000s (10.00s) を除去 / 削除 2 件・短縮 1 件・移動 2 件
2026-09-16 15:47:08,000 [INFO] src.timeline.commands: リップル: 10.000〜20.000s (10.00s) を除去 / 削除 2 件・短縮 1 件・移動 2 件
2026-09-16 15:47:08,000 [INFO] src.timeline.commands: リップル: 10.000〜20.000s (10.00s) を除去 / 削除 2 件・短縮 1 件・移動 2 件
2026-09-16 15:47:08,000 [INFO] src.timeline.commands: リップル: 10.000〜20.000s (10.00s) を除去 / 削除 2 件・短縮 1 件・移動 2 件
2026-09-16 15:47:08,000 [INFO] src.timeline.commands: リップル: 10.000〜20.000s (10.00s) を除去 / 削除 2 件・短縮 1 件・移動 2 件
2026-09-16 15:47:08,000 [INFO] src.timeline.commands: リップル: 10.000〜20.000s (10.00s) を除去 / 削除 2 件・短縮 1 件・移動 2 件
2026-09-16 15:47:08,000 [INFO] src.timeline.commands: リップル: 10.000〜20.000s (10.00s) を除去 / 削除 2 件・短縮 0 件・移動 3 件
2026-09-16 15:47:08,000 [INFO] src.timeline.commands: リップル: 10.000〜20.000s (10.00s) を除去 / 削除 1 件・短縮 0 件・移動 1 件
2026-09-16 15:47:08,000 [INFO] src.timeline.commands: リップル: 10.000〜20.000s (10.00s) を除去 / 削除 2 件・短縮 1 件・移動 2 件
2026-09-16 15:47:08,000 [INFO] src.timeline.commands: 残り尺が下限を割るためクリップごとリップル削除しました: c2
2026-09-16 15:47:08,000 [INFO] src.timeline.commands: リップル: 10.000〜20.000s (10.00s) を除去 / 削除 1 件・短縮 0 件・移動 2 件
2026-09-16 15:47:08,000 [INFO] src.timeline.commands: リップル: 15.000〜20.000s (5.00s) を除去 / 削除 0 件・短縮 1 件・移動 2 件
2026-09-16 15:47:08,000 [INFO] src.timeline.commands: リップル: 10.000〜15.000s (5.00s) を除去 / 削除 0 件・短縮 1 件・移動 2 件
2026-09-16 15:47:08,000 [INFO] src.timeline.commands: リップル: 15.000〜20.000s (5.00s) を除去 / 削除 0 件・短縮 1 件・移動 2 件
2026-09-16 15:47:08,000 [INFO] src.timeline.commands: リップル: 15.000〜20.000s (5.00s) を除去 / 削除 0 件・短縮 1 件・移動 2 件
2026-09-16 15:47:08,000 [INFO] src.timeline.commands: リップル: 26.000〜27.000s (1.00s) を除去 / 削除 0 件・短縮 2 件・移動 0 件
2026-09-16 15:47:08,000 [INFO] src.timeline.commands: リップル: 10.000〜20.000s (10.00s) を除去 / 削除 1 件・短縮 0 件・移動 1 件
2026-09-16 15:47:08,000 [INFO] src.timeline.commands: リップル: 10.000〜20.000s (10.00s) を除去 / 削除 1 件・短縮 0 件・移動 1 件
2026-09-16 15:47:08,000 [INFO] src.timeline.commands: リップル: 10.000〜20.000s (10.00s) を除去 / 削除 1 件・短縮 0 件・移動 1 件
2026-09-16 15:47:08,011 [INFO] src.timeline.project_io: プロジェクト保存: C:\Users\evolu\AppData\Local\Temp\timeline_io_test_7y1r__s1\sample.timeline.json
2026-09-16 15:47:08,027 [INFO] src.timeline.project_io: プロジェクト読込: C:\Users\evolu\AppData\Local\Temp\timeline_io_test_7y1r__s1\sample.timeline.json
2026-09-16 15:47:08,048 [INFO] src.timeline.project_io: プロジェクト保存: C:\Users\evolu\AppData\Local\Temp\timeline_io_test_7y1r__s1\sample.timeline.json
2026-09-16 15:47:08,048 [INFO] src.timeline.project_io: プロジェクト読込: C:\Users\evolu\AppData\Local\Temp\timeline_io_test_7y1r__s1\sample.timeline.json
2026-09-16 15:47:08,059 [INFO] src.timeline.project_io: プロジェクト保存: C:\Users\evolu\AppData\Local\Temp\timeline_io_test_4zjc0zm6\sample.timeline.json
2026-09-16 15:47:08,075 [INFO] src.timeline.project_io: プロジェクト読込: C:\Users\evolu\AppData\Local\Temp\timeline_io_test_4zjc0zm6\sample.timeline.json
2026-09-16 15:47:08,093 [INFO] src.timeline.project_io: プロジェクト保存: C:\Users\evolu\AppData\Local\Temp\timeline_io_test_bnqwl5wn\sample.timeline.json
2026-09-16 15:47:08,110 [WARNING] src.timeline.project_io: メディアの実体が見つかりません (1 件)。該当クリップを無効化します: m1
2026-09-16 15:47:08,126 [INFO] src.timeline.project_io: プロジェクト保存: C:\Users\evolu\AppData\Local\Temp\timeline_io_test_qj17umq_\sample.timeline.json
2026-09-16 15:47:08,142 [INFO] src.timeline.project_io: プロジェクト保存: C:\Users\evolu\AppData\Local\Temp\timeline_io_test_zlgazg52\sample.timeline.json
2026-09-16 15:47:08,175 [WARNING] src.timeline.project_io: 編集点の区間が不正なため無視します: 20.000→15.000
2026-09-16 15:47:08,175 [WARNING] src.timeline.project_io: メディアの実体が見つかりません (1 件)。該当クリップを無効化します: m1
2026-09-16 15:47:08,175 [WARNING] src.timeline.project_io: 音声クリップ a1 のリンク先 no_such_clip が存在しないため除外します (該当区間は無音になります)
2026-09-16 15:47:08,175 [WARNING] src.timeline.project_io: トラック V1 でクリップ c2 が重複しているため 12.480 へ移動します
2026-09-16 15:47:08,200 [WARNING] src.timeline.project_io: クリップ c2 の尺 (0.001s) が下限 (0.050s) 未満のため除外します
2026-09-16 15:47:08,200 [WARNING] src.timeline.project_io: 音声クリップ a2 のリンク先 c2 が存在しないため除外します (該当区間は無音になります)
2026-09-16 15:47:08,375 [INFO] src.utils.trash: ゴミ箱へ移動しました (2 件)
2026-09-16 15:47:08,392 [WARNING] src.timeline.builder: 寸法の設定が不正なため既定 8000 を使用します: 0
2026-09-16 15:47:26,090 [INFO] src.archive.timeline_builder: アーカイブ Timeline 構築: 2 クリップ / V1 2 本 / S1 0 件 / 全長 60.0s
2026-09-16 15:47:26,090 [INFO] src.archive.timeline_builder: アーカイブ Timeline 構築: 2 クリップ / V1 2 本 / S1 0 件 / 全長 60.0s
2026-09-16 15:47:26,090 [WARNING] src.archive.marker_source: VOD 外のマーカーを 2 件除外しました (尺 7200.0s)
2026-09-16 15:47:26,106 [INFO] src.archive.clip_writer: clip1 prepare 完了 (字幕 2 件)
2026-09-16 15:47:26,106 [INFO] src.archive.clip_writer: clip1 prepare 完了 (字幕 2 件)
2026-09-16 15:47:26,108 [INFO] src.archive.clip_writer: 編集点準備: 残す区間 2 件 / 想定尺 10.00s (素材 30.00s)
2026-09-16 15:47:26,108 [INFO] src.archive.clip_writer: clip1 prepare 完了 (字幕 2 件 / 実カットなし)
2026-09-16 15:47:26,108 [INFO] src.archive.clip_writer: 編集点準備: 残す区間 2 件 / 想定尺 10.00s (素材 30.00s)
2026-09-16 15:47:26,108 [INFO] src.archive.clip_writer: clip1 prepare 完了 (字幕 2 件 / 実カットなし)
2026-09-16 15:47:26,108 [INFO] src.archive.clip_writer: 編集点準備: 残す区間 2 件 / 想定尺 10.00s (素材 30.00s)
2026-09-16 15:47:26,108 [INFO] src.archive.clip_writer: clip1 prepare 完了 (字幕 2 件 / 実カットなし)
2026-09-16 15:47:26,108 [INFO] src.archive.clip_writer: 編集点準備: 残す区間 2 件 / 想定尺 10.00s (素材 30.00s)
2026-09-16 15:47:26,108 [INFO] src.archive.clip_writer: clip1 prepare 完了 (字幕 2 件 / 実カットなし)
2026-09-16 15:47:26,108 [INFO] src.archive.clip_writer: 編集点準備: 残す区間 2 件 / 想定尺 10.00s (素材 30.00s)
2026-09-16 15:47:26,108 [INFO] src.archive.clip_writer: clip1 prepare 完了 (字幕 2 件 / 実カットなし)
2026-09-16 15:47:26,108 [INFO] src.archive.clip_writer: 編集点準備: 残す区間 2 件 / 想定尺 10.00s (素材 30.00s)
2026-09-16 15:47:26,108 [INFO] src.archive.clip_writer: clip1 prepare 完了 (字幕 2 件 / 実カットなし)
2026-09-16 15:47:26,108 [INFO] src.archive.clip_writer: 編集点準備: 残す区間 2 件 / 想定尺 10.00s (素材 30.00s)
2026-09-16 15:47:26,108 [INFO] src.archive.clip_writer: clip1 prepare 完了 (字幕 0 件 / 実カットなし)
2026-09-16 15:47:26,108 [INFO] src.archive.clip_writer: 編集点準備: 残す区間 2 件 / 想定尺 10.00s (素材 30.00s)
2026-09-16 15:47:26,124 [INFO] src.timeline.project_io: プロジェクト保存: C:\Users\evolu\AppData\Local\Temp\archive_resume_36m1lmsy\vod.archive.timeline.json
2026-09-16 15:47:26,139 [INFO] src.timeline.project_io: プロジェクト読込: C:\Users\evolu\AppData\Local\Temp\archive_resume_36m1lmsy\vod.archive.timeline.json
2026-09-16 15:47:26,147 [INFO] src.timeline.project_io: プロジェクト保存: C:\Users\evolu\AppData\Local\Temp\archive_resume_nwplzr9j\vod.archive.timeline.json
2026-09-16 15:47:26,148 [INFO] src.timeline.project_io: プロジェクト保存: C:\Users\evolu\AppData\Local\Temp\archive_resume_nwplzr9j\clip.timeline.json
2026-09-16 15:47:26,148 [INFO] src.archive.project_resume: ==================================================
2026-09-16 15:47:26,148 [INFO] src.archive.project_resume: 保存済みアーカイブプロジェクトから再開: C:\Users\evolu\AppData\Local\Temp\archive_resume_nwplzr9j\clip.timeline.json
2026-09-16 15:47:26,168 [INFO] src.timeline.project_io: プロジェクト読込: C:\Users\evolu\AppData\Local\Temp\archive_resume_nwplzr9j\clip.timeline.json
2026-09-16 15:47:26,172 [INFO] src.timeline.project_io: プロジェクト保存: C:\Users\evolu\AppData\Local\Temp\archive_resume_awelsg4h\vod.archive.timeline.json
2026-09-16 15:47:26,187 [INFO] src.timeline.project_io: プロジェクト読込: C:\Users\evolu\AppData\Local\Temp\archive_resume_awelsg4h\vod.archive.timeline.json
2026-09-16 15:47:26,189 [INFO] src.archive.project_resume: 音声サイドカーが無いため clip1 の正規化をやり直します
2026-09-16 15:47:26,189 [INFO] src.archive.project_resume: 音声サイドカーが無いため clip2 の正規化をやり直します
2026-09-16 15:47:26,193 [INFO] src.timeline.project_io: プロジェクト保存: C:\Users\evolu\AppData\Local\Temp\archive_resume_jfjbmx8c\vod.archive.timeline.json
2026-09-16 15:47:26,208 [INFO] src.timeline.project_io: プロジェクト読込: C:\Users\evolu\AppData\Local\Temp\archive_resume_jfjbmx8c\vod.archive.timeline.json
2026-09-16 15:47:26,208 [INFO] src.archive.project_resume: 音声サイドカーが無いため clip1 の正規化をやり直します
2026-09-16 15:47:26,208 [INFO] src.archive.project_resume: 音声サイドカーが無いため clip2 の正規化をやり直します
2026-09-16 15:47:26,214 [INFO] src.timeline.project_io: プロジェクト保存: C:\Users\evolu\AppData\Local\Temp\archive_resume_f92bwg9x\vod.archive.timeline.json
2026-09-16 15:47:26,217 [INFO] src.archive.project_resume: ==================================================
2026-09-16 15:47:26,217 [INFO] src.archive.project_resume: 保存済みアーカイブプロジェクトから再開: C:\Users\evolu\AppData\Local\Temp\archive_resume_f92bwg9x\no_such.timeline.json
2026-09-16 15:47:26,218 [INFO] src.timeline.project_io: プロジェクト保存: C:\Users\evolu\AppData\Local\Temp\archive_resume_9tvot2uq\vod.archive.timeline.json
2026-09-16 15:47:26,229 [INFO] src.timeline.project_io: プロジェクト読込: C:\Users\evolu\AppData\Local\Temp\archive_resume_9tvot2uq\vod.archive.timeline.json
2026-09-16 15:47:26,229 [INFO] src.timeline.project_io: プロジェクト保存: C:\Users\evolu\AppData\Local\Temp\archive_resume_875ho_56\vod.archive.timeline.json
2026-09-16 15:47:26,254 [INFO] src.timeline.project_io: プロジェクト読込: C:\Users\evolu\AppData\Local\Temp\archive_resume_875ho_56\vod.archive.timeline.json
2026-09-16 15:47:26,255 [INFO] src.archive.project_resume: 設定に従い切り出したままの音量で使います: clip1
2026-09-16 15:47:26,255 [INFO] src.archive.project_resume: 設定に従い切り出したままの音量で使います: clip2
2026-09-16 15:47:26,256 [WARNING] src.timeline.media_sidecar: 音声サイドカーの尺が保存値と合いません (100.00s / 期待 103.00s) → 使いません
2026-09-16 15:47:26,257 [INFO] src.archive.timeline_builder: アーカイブ Timeline 構築: 2 クリップ / V1 2 本 / S1 0 件 / 全長 200.0s
2026-09-16 15:47:26,257 [INFO] src.archive.timeline_builder: セクション追加: clip3 を 200.00s へ挿入 (VOD 900.0-950.0 / 尺 50.00s)
2026-09-16 15:47:26,257 [INFO] src.archive.timeline_builder: アーカイブ Timeline 構築: 2 クリップ / V1 2 本 / S1 0 件 / 全長 200.0s
2026-09-16 15:47:26,257 [INFO] src.timeline.commands: 貼り付けの割り込み: V1 の 0.000s へ 50.00s を確保 / 移動 2 件・分割 0 件・切詰 0 件
2026-09-16 15:47:26,257 [INFO] src.timeline.commands: 貼り付けの割り込み: S1 の 0.000s へ 50.00s を確保 / 移動 0 件・分割 0 件・切詰 0 件
2026-09-16 15:47:26,257 [INFO] src.archive.timeline_builder: セクション追加: clip3 を 0.00s へ挿入 (VOD 0.0-50.0 / 尺 50.00s)
2026-09-16 15:47:26,257 [INFO] src.archive.timeline_builder: アーカイブ Timeline 構築: 2 クリップ / V1 2 本 / S1 0 件 / 全長 200.0s
2026-09-16 15:47:26,257 [INFO] src.timeline.commands: 貼り付けの割り込み: V1 の 100.000s へ 50.00s を確保 / 移動 1 件・分割 0 件・切詰 0 件
2026-09-16 15:47:26,257 [INFO] src.timeline.commands: 貼り付けの割り込み: S1 の 100.000s へ 50.00s を確保 / 移動 0 件・分割 0 件・切詰 0 件
2026-09-16 15:47:26,258 [INFO] src.archive.timeline_builder: セクション追加: clip3 を 100.00s へ挿入 (VOD 250.0-300.0 / 尺 50.00s)
2026-09-16 15:47:26,258 [INFO] src.archive.timeline_builder: アーカイブ Timeline 構築: 3 クリップ / V1 3 本 / S1 0 件 / 全長 300.0s
2026-09-16 15:47:26,258 [INFO] src.timeline.commands: 貼り付けの割り込み: V1 の 100.000s へ 50.00s を確保 / 移動 2 件・分割 0 件・切詰 0 件
2026-09-16 15:47:26,258 [INFO] src.timeline.commands: 貼り付けの割り込み: S1 の 100.000s へ 50.00s を確保 / 移動 0 件・分割 0 件・切詰 0 件
2026-09-16 15:47:26,258 [INFO] src.archive.timeline_builder: セクション追加: clip4 を 100.00s へ挿入 (VOD 250.0-300.0 / 尺 50.00s)
2026-09-16 15:47:26,258 [INFO] src.timeline.commands: 貼り付けの割り込み: V1 の 0.000s へ 50.00s を確保 / 移動 4 件・分割 0 件・切詰 0 件
2026-09-16 15:47:26,258 [INFO] src.timeline.commands: 貼り付けの割り込み: S1 の 0.000s へ 50.00s を確保 / 移動 0 件・分割 0 件・切詰 0 件
2026-09-16 15:47:26,258 [INFO] src.archive.timeline_builder: セクション追加: clip5 を 0.00s へ挿入 (VOD 0.0-50.0 / 尺 50.00s)
2026-09-16 15:47:26,258 [INFO] src.archive.timeline_builder: セクション追加: clip6 を 400.00s へ挿入 (VOD 900.0-950.0 / 尺 50.00s)
2026-09-16 15:47:26,258 [INFO] src.archive.timeline_builder: アーカイブ Timeline 構築: 1 クリップ / V1 1 本 / S1 0 件 / 全長 100.0s
2026-09-16 15:47:26,258 [INFO] src.archive.timeline_builder: セクション追加: clip2 を 100.00s へ挿入 (VOD 300.0-400.0 / 尺 100.00s)
2026-09-16 15:47:26,259 [INFO] src.archive.timeline_builder: アーカイブ Timeline 構築: 3 クリップ / V1 3 本 / S1 0 件 / 全長 300.0s
2026-09-16 15:47:26,259 [INFO] src.timeline.commands: 貼り付けの割り込み: V1 の 100.000s へ 50.00s を確保 / 移動 2 件・分割 0 件・切詰 0 件
2026-09-16 15:47:26,259 [INFO] src.timeline.commands: 貼り付けの割り込み: S1 の 100.000s へ 50.00s を確保 / 移動 0 件・分割 0 件・切詰 0 件
2026-09-16 15:47:26,259 [INFO] src.archive.timeline_builder: セクション追加: clip4 を 100.00s へ挿入 (VOD 250.0-300.0 / 尺 50.00s)
2026-09-16 15:47:26,259 [INFO] src.archive.timeline_builder: アーカイブ Timeline 構築: 2 クリップ / V1 2 本 / S1 0 件 / 全長 200.0s
2026-09-16 15:47:26,259 [INFO] src.archive.timeline_builder: セクション追加: clip3 を 200.00s へ挿入 (VOD 900.0-950.0 / 尺 50.00s)
2026-09-16 15:47:26,259 [INFO] src.archive.timeline_builder: アーカイブ Timeline 構築: 2 クリップ / V1 2 本 / S1 0 件 / 全長 200.0s
2026-09-16 15:47:26,259 [INFO] src.archive.timeline_builder: アーカイブ Timeline 構築: 1 クリップ / V1 1 本 / S1 0 件 / 全長 100.0s
2026-09-16 15:47:26,259 [INFO] src.archive.timeline_builder: セクション追加: clip2 を 100.00s へ挿入 (VOD 450.0-600.0 / 尺 150.00s)
2026-09-16 15:47:26,260 [INFO] src.archive.timeline_builder: アーカイブ Timeline 構築: 2 クリップ / V1 2 本 / S1 0 件 / 全長 200.0s
2026-09-16 15:47:26,260 [INFO] src.archive.timeline_builder: セクション追加: clip3 を 200.00s へ挿入 (VOD 500.0-600.0 / 尺 100.00s)
2026-09-16 15:47:26,260 [INFO] src.archive.timeline_builder: セクション統合: clip2 へ 1 件を畳み込み (VOD 400.0-600.0)
2026-09-16 15:47:26,260 [INFO] src.archive.timeline_builder: アーカイブ Timeline 構築: 2 クリップ / V1 2 本 / S1 0 件 / 全長 200.0s
2026-09-16 15:47:26,260 [INFO] src.archive.timeline_builder: セクション追加: clip3 を 200.00s へ挿入 (VOD 500.0-600.0 / 尺 100.00s)
2026-09-16 15:47:26,260 [INFO] src.archive.timeline_builder: セクション統合: clip2 へ 1 件を畳み込み (VOD 400.0-600.0)
2026-09-16 15:47:26,260 [INFO] src.archive.timeline_builder: アーカイブ Timeline 構築: 3 クリップ / V1 3 本 / S1 0 件 / 全長 300.0s
2026-09-16 15:47:26,260 [INFO] src.timeline.commands: 貼り付けの割り込み: V1 の 200.000s へ 100.00s を確保 / 移動 1 件・分割 0 件・切詰 0 件
2026-09-16 15:47:26,260 [INFO] src.timeline.commands: 貼り付けの割り込み: S1 の 200.000s へ 100.00s を確保 / 移動 0 件・分割 0 件・切詰 0 件
2026-09-16 15:47:26,260 [INFO] src.archive.timeline_builder: セクション追加: clip4 を 200.00s へ挿入 (VOD 500.0-600.0 / 尺 100.00s)
2026-09-16 15:47:26,260 [INFO] src.archive.timeline_builder: セクション統合: clip2 へ 1 件を畳み込み (VOD 400.0-600.0)
2026-09-16 15:47:26,261 [INFO] src.archive.timeline_builder: アーカイブ Timeline 構築: 3 クリップ / V1 3 本 / S1 0 件 / 全長 300.0s
2026-09-16 15:47:26,261 [INFO] src.timeline.commands: 貼り付けの割り込み: V1 の 100.000s へ 200.00s を確保 / 移動 2 件・分割 0 件・切詰 0 件
2026-09-16 15:47:26,261 [INFO] src.timeline.commands: 貼り付けの割り込み: S1 の 100.000s へ 200.00s を確保 / 移動 0 件・分割 0 件・切詰 0 件
2026-09-16 15:47:26,261 [INFO] src.archive.timeline_builder: セクション追加: clip4 を 100.00s へ挿入 (VOD 200.0-400.0 / 尺 200.00s)
2026-09-16 15:47:26,261 [INFO] src.timeline.commands: 貼り付けの割り込み: V1 の 400.000s へ 200.00s を確保 / 移動 1 件・分割 0 件・切詰 0 件
2026-09-16 15:47:26,261 [INFO] src.timeline.commands: 貼り付けの割り込み: S1 の 400.000s へ 200.00s を確保 / 移動 0 件・分割 0 件・切詰 0 件
2026-09-16 15:47:26,261 [INFO] src.archive.timeline_builder: セクション追加: clip5 を 400.00s へ挿入 (VOD 500.0-700.0 / 尺 200.00s)
2026-09-16 15:47:26,261 [INFO] src.archive.timeline_builder: セクション統合: clip1 へ 4 件を畳み込み (VOD 100.0-800.0)
2026-09-16 15:47:26,261 [INFO] src.archive.timeline_builder: アーカイブ Timeline 構築: 1 クリップ / V1 1 本 / S1 0 件 / 全長 100.0s
2026-09-16 15:47:26,261 [INFO] src.archive.timeline_builder: セクション追加: clip2 を 100.00s へ挿入 (VOD 200.0-300.0 / 尺 100.00s)
2026-09-16 15:47:26,261 [INFO] src.archive.timeline_builder: セクション統合: clip1 へ 1 件を畳み込み (VOD 100.0-300.0)
2026-09-16 15:47:26,261 [INFO] src.archive.timeline_builder: アーカイブ Timeline 構築: 2 クリップ / V1 2 本 / S1 0 件 / 全長 200.0s
2026-09-16 15:47:26,261 [INFO] src.timeline.commands: 貼り付けの割り込み: V1 の 100.000s へ 50.00s を確保 / 移動 1 件・分割 0 件・切詰 0 件
2026-09-16 15:47:26,261 [INFO] src.timeline.commands: 貼り付けの割り込み: S1 の 100.000s へ 50.00s を確保 / 移動 0 件・分割 0 件・切詰 0 件
2026-09-16 15:47:26,261 [INFO] src.archive.timeline_builder: セクション追加: clip3 を 100.00s へ挿入 (VOD 250.0-300.0 / 尺 50.00s)
2026-09-16 15:47:26,261 [INFO] src.archive.timeline_builder: アーカイブ Timeline 構築: 2 クリップ / V1 2 本 / S1 0 件 / 全長 200.0s
2026-09-16 15:47:26,261 [INFO] src.archive.timeline_builder: セクション追加: clip3 を 200.00s へ挿入 (VOD 500.0-600.0 / 尺 100.00s)
2026-09-16 15:47:26,261 [INFO] src.archive.timeline_builder: セクション統合: clip2 へ 1 件を畳み込み (VOD 400.0-600.0)
2026-09-16 15:47:26,261 [INFO] src.archive.timeline_builder: アーカイブ Timeline 構築: 3 クリップ / V1 3 本 / S1 0 件 / 全長 300.0s
2026-09-16 15:47:26,261 [INFO] src.timeline.commands: 貼り付けの割り込み: V1 の 100.000s へ 50.00s を確保 / 移動 2 件・分割 0 件・切詰 0 件
2026-09-16 15:47:26,261 [INFO] src.timeline.commands: 貼り付けの割り込み: S1 の 100.000s へ 50.00s を確保 / 移動 0 件・分割 0 件・切詰 0 件
2026-09-16 15:47:26,261 [INFO] src.archive.timeline_builder: セクション追加: clip4 を 100.00s へ挿入 (VOD 250.0-300.0 / 尺 50.00s)
2026-09-16 15:47:26,261 [INFO] src.archive.timeline_builder: アーカイブ Timeline 構築: 1 クリップ / V1 1 本 / S1 0 件 / 全長 30.0s
2026-09-16 15:47:26,261 [INFO] src.archive.timeline_builder: アーカイブ Timeline 構築: 1 クリップ / V1 1 本 / S1 0 件 / 全長 30.0s
2026-09-16 15:47:26,261 [INFO] src.archive.timeline_builder: アーカイブ Timeline 構築: 1 クリップ / V1 1 本 / S1 0 件 / 全長 30.0s
2026-09-16 15:47:26,261 [INFO] src.archive.timeline_builder: アーカイブ Timeline 構築: 1 クリップ / V1 1 本 / S1 0 件 / 全長 30.0s
2026-09-16 15:47:26,261 [INFO] src.archive.timeline_builder: アーカイブ Timeline 構築: 1 クリップ / V1 1 本 / S1 0 件 / 全長 30.0s
2026-09-16 15:47:26,261 [INFO] src.archive.timeline_builder: アーカイブ Timeline 構築: 3 クリップ / V1 6 本 / S1 6 件 / 全長 30.0s
2026-09-16 15:47:26,261 [INFO] src.archive.timeline_builder: アーカイブ Timeline 構築: 3 クリップ / V1 6 本 / S1 6 件 / 全長 30.0s
2026-09-16 15:47:26,261 [INFO] src.archive.timeline_builder: アーカイブ Timeline 構築: 3 クリップ / V1 6 本 / S1 6 件 / 全長 30.0s
2026-09-16 15:47:26,261 [INFO] src.archive.timeline_builder: アーカイブ Timeline 構築: 3 クリップ / V1 6 本 / S1 6 件 / 全長 30.0s
2026-09-16 15:47:26,261 [INFO] src.archive.timeline_builder: アーカイブ Timeline 構築: 3 クリップ / V1 6 本 / S1 6 件 / 全長 30.0s
2026-09-16 15:47:26,261 [INFO] src.archive.timeline_builder: アーカイブ Timeline 構築: 3 クリップ / V1 6 本 / S1 6 件 / 全長 30.0s
2026-09-16 15:47:26,261 [INFO] src.archive.timeline_builder: アーカイブ Timeline 構築: 3 クリップ / V1 6 本 / S1 6 件 / 全長 30.0s
2026-09-16 15:47:26,261 [INFO] src.archive.timeline_builder: アーカイブ Timeline 構築: 3 クリップ / V1 6 本 / S1 6 件 / 全長 30.0s
2026-09-16 15:47:26,261 [INFO] src.archive.timeline_builder: アーカイブ Timeline 構築: 3 クリップ / V1 6 本 / S1 6 件 / 全長 30.0s
2026-09-16 15:47:26,261 [INFO] src.archive.timeline_builder: アーカイブ Timeline 構築: 1 クリップ / V1 1 本 / S1 2 件 / 全長 30.0s
2026-09-16 15:47:26,261 [INFO] src.archive.timeline_builder: clip1: クリップ終端で打ち切った字幕 1 件 / 載せなかった字幕 0 件
2026-09-16 15:47:26,261 [INFO] src.archive.timeline_builder: clip2: クリップ終端で打ち切った字幕 1 件 / 載せなかった字幕 0 件
2026-09-16 15:47:26,261 [INFO] src.archive.timeline_builder: clip3: クリップ終端で打ち切った字幕 1 件 / 載せなかった字幕 0 件
2026-09-16 15:47:26,261 [INFO] src.archive.timeline_builder: アーカイブ Timeline 構築: 3 クリップ / V1 6 本 / S1 3 件 / 全長 30.0s
2026-09-16 15:47:26,261 [INFO] src.archive.timeline_builder: clip1: クリップ終端で打ち切った字幕 1 件 / 載せなかった字幕 0 件
2026-09-16 15:47:26,261 [INFO] src.archive.timeline_builder: アーカイブ Timeline 構築: 2 クリップ / V1 4 本 / S1 3 件 / 全長 20.0s
2026-09-16 15:47:26,261 [INFO] src.archive.timeline_builder: clip1: クリップ終端で打ち切った字幕 1 件 / 載せなかった字幕 1 件
2026-09-16 15:47:26,261 [INFO] src.archive.timeline_builder: アーカイブ Timeline 構築: 2 クリップ / V1 4 本 / S1 2 件 / 全長 20.0s
2026-09-16 15:47:26,261 [INFO] src.archive.timeline_builder: clip1: クリップ終端で打ち切った字幕 1 件 / 載せなかった字幕 0 件
2026-09-16 15:47:26,261 [INFO] src.archive.timeline_builder: clip2: クリップ終端で打ち切った字幕 1 件 / 載せなかった字幕 0 件
2026-09-16 15:47:26,261 [INFO] src.archive.timeline_builder: アーカイブ Timeline 構築: 2 クリップ / V1 4 本 / S1 2 件 / 全長 20.0s
2026-09-16 15:47:26,261 [INFO] src.archive.timeline_builder: アーカイブ Timeline 構築: 3 クリップ / V1 6 本 / S1 6 件 / 全長 30.0s
2026-09-16 15:47:26,261 [INFO] src.archive.timeline_builder: アーカイブ Timeline 構築: 3 クリップ / V1 6 本 / S1 6 件 / 全長 30.0s
2026-09-16 15:47:26,261 [INFO] src.archive.timeline_builder: アーカイブ Timeline 構築: 3 クリップ / V1 6 本 / S1 6 件 / 全長 30.0s
2026-09-16 15:47:26,261 [INFO] src.archive.timeline_builder: アーカイブ Timeline 構築: 3 クリップ / V1 6 本 / S1 6 件 / 全長 30.0s
2026-09-16 15:47:26,261 [INFO] src.archive.timeline_builder: アーカイブ Timeline 構築: 3 クリップ / V1 6 本 / S1 6 件 / 全長 30.0s
2026-09-16 15:47:26,261 [INFO] src.archive.timeline_builder: アーカイブ Timeline 構築: 3 クリップ / V1 6 本 / S1 6 件 / 全長 30.0s
2026-09-16 15:47:26,261 [INFO] src.archive.timeline_builder: アーカイブ Timeline 構築: 3 クリップ / V1 6 本 / S1 6 件 / 全長 30.0s
2026-09-16 15:47:26,261 [INFO] src.archive.timeline_builder: clip2 は使用しないため書き出しから除外します
2026-09-16 15:47:26,261 [INFO] src.archive.timeline_builder: アーカイブ Timeline 構築: 3 クリップ / V1 6 本 / S1 6 件 / 全長 30.0s
2026-09-16 15:47:26,261 [INFO] src.archive.timeline_builder: アーカイブ Timeline 構築: 3 クリップ / V1 6 本 / S1 6 件 / 全長 30.0s
2026-09-16 15:47:26,261 [INFO] src.archive.timeline_builder: アーカイブ Timeline 構築: 3 クリップ / V1 6 本 / S1 6 件 / 全長 30.0s
2026-09-16 15:47:26,261 [INFO] src.archive.timeline_builder: アーカイブ Timeline 構築: 3 クリップ / V1 6 本 / S1 6 件 / 全長 30.0s
2026-09-16 15:47:26,261 [INFO] src.archive.timeline_builder: アーカイブ Timeline 構築: 3 クリップ / V1 6 本 / S1 6 件 / 全長 30.0s
2026-09-16 15:47:26,270 [INFO] src.archive.timeline_builder: アーカイブ Timeline 構築: 3 クリップ / V1 6 本 / S1 6 件 / 全長 30.0s
2026-09-16 15:47:26,270 [WARNING] src.blur.config: 未知の blur.default_policy のため既定を使用します: なにか変な値
2026-09-16 15:47:26,270 [WARNING] src.blur.config: 未知の blur.render.mode のため既定を使用します: unknown
2026-09-16 15:47:26,270 [INFO] src.blur.tracker: 人物クラスタリング: tracklet 2 本 → 人物 2 人 (主役 p1)
2026-09-16 15:47:26,270 [INFO] src.blur.tracker: 人物クラスタリング: tracklet 2 本 → 人物 1 人 (主役 p1)
2026-09-16 15:47:26,270 [INFO] src.blur.tracker: 人物クラスタリング: tracklet 2 本 → 人物 2 人 (主役 p1)
2026-09-16 15:47:26,270 [WARNING] src.modules.blur_overlay: ぼかしマスクが見つからないため、ぼかしを省略します: 
2026-09-16 15:47:26,277 [INFO] src.blur.mask_builder: ぼかしマスク: 1200 フレーム / 480x270 / 対象 1 件
2026-09-16 15:47:26,873 [INFO] src.blur.mask_builder: ぼかしマスクを書き出しました: mask.mkv (0.4 MB)
2026-09-16 15:47:26,883 [INFO] src.blur.mask_builder: ぼかしマスク: 1200 フレーム / 480x270 / 対象 1 件
2026-09-16 15:47:27,458 [INFO] src.blur.mask_builder: ぼかしマスクを書き出しました: mask.mkv (0.4 MB)
2026-09-16 15:47:27,566 [INFO] src.blur.mask_builder: ぼかす対象が無いためマスクを作りません
2026-09-16 15:47:27,566 [INFO] src.blur.mask_builder: ぼかしマスク: 1200 フレーム / 270x480 / 対象 1 件
2026-09-16 15:47:28,153 [INFO] src.blur.mask_builder: ぼかしマスクを書き出しました: mask.mkv (0.4 MB)
2026-09-16 15:47:28,171 [INFO] src.timeline.renderer: ベース映像構築: 1 クリップ / ギャップ 0 件 / 合計 5.0s
2026-09-16 15:47:28,171 [INFO] src.timeline.renderer: ベース映像の尺: モデル 5.000s / 実測 5.000s (差 +0.000s / 1 部品)
2026-09-16 15:47:28,184 [INFO] src.timeline.renderer: 字幕焼き込み: 1 件
2026-09-16 15:47:28,184 [INFO] src.timeline.renderer: ベース映像構築: 1 クリップ / ギャップ 0 件 / 合計 5.0s
2026-09-16 15:47:28,184 [INFO] src.timeline.renderer: ベース映像の尺: モデル 5.000s / 実測 5.000s (差 +0.000s / 1 部品)
2026-09-16 15:47:28,184 [INFO] src.timeline.renderer: 字幕焼き込み: 1 件
2026-09-16 15:47:28,184 [INFO] src.timeline.renderer: ベース映像構築: 1 クリップ / ギャップ 0 件 / 合計 5.0s
2026-09-16 15:47:28,184 [INFO] src.timeline.renderer: ベース映像の尺: モデル 5.000s / 実測 5.000s (差 +0.000s / 1 部品)
2026-09-16 15:47:28,200 [INFO] src.timeline.renderer: オーバーレイ・字幕が無いため合成をスキップします
2026-09-16 15:47:28,202 [INFO] src.modules.blur_overlay: ぼかしを焼き込みます: blur_applied.mp4
2026-09-16 15:47:28,203 [INFO] src.timeline.renderer: ベース映像構築: 1 クリップ / ギャップ 0 件 / 合計 5.0s
2026-09-16 15:47:28,207 [INFO] src.timeline.renderer: ベース映像の尺: モデル 5.000s / 実測 5.000s (差 +0.000s / 1 部品)
2026-09-16 15:47:28,207 [INFO] src.timeline.renderer: オーバーレイ・字幕が無いため合成をスキップします
2026-09-16 15:47:28,210 [INFO] src.modules.blur_overlay: ぼかしを焼き込みます: blur_applied.mp4
2026-09-16 15:47:28,211 [INFO] src.timeline.renderer: ベース映像構築: 1 クリップ / ギャップ 0 件 / 合計 5.0s
2026-09-16 15:47:28,214 [INFO] src.timeline.renderer: ベース映像の尺: モデル 5.000s / 実測 5.000s (差 +0.000s / 1 部品)
2026-09-16 15:47:28,215 [INFO] src.timeline.renderer: 字幕焼き込み: 1 件
2026-09-16 15:47:28,219 [INFO] src.timeline.renderer: ベース映像構築: 1 クリップ / ギャップ 0 件 / 合計 5.0s
2026-09-16 15:47:28,222 [INFO] src.timeline.renderer: ベース映像の尺: モデル 5.000s / 実測 5.000s (差 +0.000s / 1 部品)
2026-09-16 15:47:28,222 [ERROR] src.blur.mask_builder: ぼかしの解析結果が見つからないためマスクを作れません: C:\Users\evolu\AppData\Local\Temp\tmp_l4ldwyx\timeline.blur.json
2026-09-16 15:47:28,223 [INFO] src.timeline.renderer: ベース映像構築: 1 クリップ / ギャップ 0 件 / 合計 5.0s
2026-09-16 15:47:28,226 [INFO] src.timeline.renderer: ベース映像の尺: モデル 5.000s / 実測 5.000s (差 +0.000s / 1 部品)
2026-09-16 15:47:28,226 [ERROR] src.blur.mask_builder: ぼかしの解析結果が見つからないためマスクを作れません: C:\Users\evolu\AppData\Local\Temp\tmph40rt_bf\timeline.blur.json
2026-09-16 15:47:28,227 [INFO] src.timeline.renderer: ベース映像構築: 1 クリップ / ギャップ 0 件 / 合計 5.0s
2026-09-16 15:47:28,230 [INFO] src.timeline.renderer: ベース映像の尺: モデル 5.000s / 実測 5.000s (差 +0.000s / 1 部品)
2026-09-16 15:47:28,230 [ERROR] src.blur.mask_builder: ぼかしの解析結果が見つからないためマスクを作れません: C:\Users\evolu\AppData\Local\Temp\tmprhe7wt7m\timeline.blur.json
2026-09-16 15:47:28,230 [WARNING] src.timeline.renderer: 利用者の指示により、ぼかしを入れずに出力します
2026-09-16 15:47:28,230 [INFO] src.timeline.renderer: オーバーレイ・字幕が無いため合成をスキップします
2026-09-16 15:47:28,230 [INFO] src.timeline.renderer: 中間形式を最終形式へ変換: .mov → mp4 (音声のみ再エンコード)
2026-09-16 15:47:28,230 [INFO] src.timeline.renderer: ベース映像構築: 1 クリップ / ギャップ 0 件 / 合計 5.0s
2026-09-16 15:47:28,230 [INFO] src.timeline.renderer: ベース映像の尺: モデル 5.000s / 実測 5.000s (差 +0.000s / 1 部品)
2026-09-16 15:47:28,230 [INFO] src.timeline.renderer: オーバーレイ・字幕が無いため合成をスキップします
2026-09-16 15:47:28,230 [INFO] src.timeline.renderer: 中間形式を最終形式へ変換: .mov → mp4 (音声のみ再エンコード)
2026-09-16 15:47:29,213 [INFO] src.modules.subtitle_generator: 縦動画のため字幕設定を縦用へ上書き (font/改行/配置/余白)
2026-09-16 15:47:29,214 [WARNING] src.modules.comment_decor: コメント背景がキャンバスに収まらないため詰めました (推定幅 1181px / 使える幅 1080px)。font_size か max_line_length を下げると解消します
2026-09-16 15:47:29,214 [INFO] src.modules.comment_decor: コメントアイコン: 2 件 / 位置 2 種類
2026-09-16 15:47:29,214 [INFO] src.modules.comment_decor: コメントアイコン: 2 件 / 位置 1 種類
2026-09-16 15:47:29,214 [INFO] src.modules.comment_decor: コメントアイコン: 1 件 / 位置 1 種類
2026-09-16 15:47:29,214 [INFO] src.modules.subtitle_generator: 縦動画のため字幕設定を縦用へ上書き (font/改行/配置/余白)
2026-09-16 15:47:29,214 [WARNING] src.modules.comment_decor: コメントアイコンがキャンバスに収まらないため位置を詰めました (要求 x=-190.0 y=465.0 → x=0.0 y=465.0)。subtitle.comment_margin_l を大きくすると解消します
2026-09-16 15:47:29,214 [INFO] src.modules.subtitle_generator: コメント背景: 1 件
2026-09-16 15:47:29,214 [WARNING] src.modules.subtitle_generator: コメントの Layer が逆転しているため本文を 6 へ引き上げます (背景=5 / 本文=1)
2026-09-16 15:47:29,214 [INFO] src.modules.subtitle_generator: コメント背景: 1 件
2026-09-16 15:47:29,230 [WARNING] src.modules.subtitle_generator: コメントの配置は左寄せ (1/4/7) のみ対応のため 4 を使用します: 2
2026-09-16 15:47:29,230 [INFO] src.modules.subtitle_generator: 縦動画のため字幕設定を縦用へ上書き (font/改行/配置/余白)
2026-09-16 15:47:29,236 [WARNING] src.export.fcpxml_builder: タイムライン終端を超える字幕をクリップ末尾へクランプしました (丸め誤差の端数など)。
2026-09-16 15:47:29,240 [INFO] src.modules.loudness_normalizer: 入力ラウドネス: I=-9.2 LUFS / TP=-0.3 dBTP / LRA=5.1 LU → 目標 I=-14.0 LUFS / TP=-1.0 dBTP (offset 0.4 dB)
2026-09-16 15:47:29,246 [ERROR] src.modules.loudness_normalizer: ラウドネス正規化の適用に失敗 (元音声のまま継続): in.mp4
Traceback (most recent call last):
  File "D:\develop\autoedit\src\modules\loudness_normalizer.py", line 219, in normalize_file
    ffmpeg_runner.execute(
  File "C:\Users\evolu\AppData\Local\Programs\Python\Python312\Lib\unittest\mock.py", line 1139, in __call__
    return self._mock_call(*args, **kwargs)
           ^^^^^^^^^^^^^^^^^^^^^^^^^^^^^^^^
  File "C:\Users\evolu\AppData\Local\Programs\Python\Python312\Lib\unittest\mock.py", line 1143, in _mock_call
    return self._execute_mock_call(*args, **kwargs)
           ^^^^^^^^^^^^^^^^^^^^^^^^^^^^^^^^^^^^^^^^
  File "C:\Users\evolu\AppData\Local\Programs\Python\Python312\Lib\unittest\mock.py", line 1198, in _execute_mock_call
    raise effect
src.exceptions.FFmpegError: 失敗
2026-09-16 15:47:29,246 [INFO] src.modules.loudness_normalizer: ラウドネス正規化は無効のためスキップ
2026-09-16 15:47:29,246 [WARNING] src.modules.loudness_normalizer: ラウドネス測定に失敗したため正規化をスキップ (元音声のまま継続): in.mp4
2026-09-16 15:47:29,246 [INFO] src.modules.loudness_normalizer: 音声ストリームが無いためラウドネス正規化をスキップ: in.mp4
2026-09-16 15:47:29,262 [INFO] src.modules.loudness_normalizer: ラウドネス正規化 完了: out.mp4
2026-09-16 15:47:29,262 [INFO] src.modules.loudness_normalizer: 入力ラウドネス: I=-9.2 LUFS / TP=-0.3 dBTP / LRA=5.1 LU → 目標 I=-14.0 LUFS / TP=-1.0 dBTP (offset 0.4 dB)
2026-09-16 15:47:29,278 [INFO] src.modules.loudness_normalizer: ラウドネス正規化 完了: out.mp4
2026-09-16 15:47:29,278 [INFO] src.timeline.media_recovery: 本編素材を元動画から作り直します: C:\Users\evolu\AppData\Local\Temp\media_recovery_test_6ioiwd_h\sample.mp4
2026-09-16 15:47:29,294 [WARNING] src.timeline.media_recovery: 素材が見つかりません: m2 (C:\Users\evolu\AppData\Local\Temp\media_recovery_test_9wmqwisj\gone.png)
2026-09-16 15:47:29,304 [INFO] src.timeline.media_recovery: 素材を差し替え済みのフォルダで見つけました: m3 → C:\Users\evolu\AppData\Local\Temp\media_recovery_test_7tv6yq7_\moved\logo2.png
2026-09-16 15:47:29,310 [INFO] src.timeline.media_recovery: 本編素材を元動画から作り直します: C:\Users\evolu\AppData\Local\Temp\media_recovery_test_ufnpclv_\sample.mp4
2026-09-16 15:47:29,315 [WARNING] src.timeline.media_recovery: 元動画が見つからないため本編素材を復旧できません: C:\Users\evolu\AppData\Local\Temp\media_recovery_test_728_3itl\no_such_input.mp4
2026-09-16 15:47:29,315 [WARNING] src.timeline.media_recovery: 素材が見つかりません: m1 (C:\Users\evolu\AppData\Local\Temp\media_recovery_test_728_3itl\work\loudness_normalized.mp4)
2026-09-16 15:47:29,319 [INFO] src.timeline.media_recovery: 本編素材は元動画そのものだったため、そのまま使います: C:\Users\evolu\AppData\Local\Temp\media_recovery_test_qcmdejna\sample.mp4
2026-09-16 15:47:29,323 [INFO] src.timeline.media_recovery: 素材を相対パスで見つけました: m2 → C:\Users\evolu\AppData\Local\Temp\media_recovery_test_rnvrwk00\assets\logo.png
2026-09-16 15:47:29,323 [INFO] src.timeline.media_recovery: 設定に従い元動画をそのまま使います (音量は正規化前): C:\Users\evolu\AppData\Local\Temp\media_recovery_test_tca4vdj6\sample.mp4
2026-09-16 15:47:29,339 [INFO] src.services.points: ポイントを予約しました: clip/video 25pt (watermark=False)
2026-09-16 15:47:29,342 [WARNING] src.services.points: ポイント残高を取得できませんでした: 断
2026-09-16 15:47:29,342 [INFO] src.services.points: ポイントを予約しました: clip/video 25pt (watermark=False)
2026-09-16 15:47:29,342 [WARNING] src.services.points: ポイントのcommitを送信できませんでした (再送します): 接続できません
2026-09-16 15:47:29,370 [INFO] src.services.points: ポイントを予約しました: clip/video 25pt (watermark=False)
2026-09-16 15:47:29,373 [WARNING] src.services.points: ポイントのcommitを送信できませんでした (再送します): 断
2026-09-16 15:47:29,378 [INFO] src.services.points: 保留していたポイント処理を 2 件送信しました。
2026-09-16 15:47:29,387 [WARNING] src.services.points: ポイントを予約できませんでした: 再ログインが必要です。
2026-09-16 15:47:29,387 [INFO] src.services.points: ポイントを予約しました: clip/video 25pt (watermark=False)
2026-09-16 15:47:29,387 [WARNING] src.services.points: ポイントのcancelが拒否されました: 確定済み
2026-09-16 15:47:29,387 [INFO] src.services.points: 保留していたポイント処理を 1 件送信しました。
2026-09-16 15:47:29,387 [INFO] src.services.points: ポイントを予約しました: clip/video 25pt (watermark=False)
2026-09-16 15:47:29,405 [INFO] src.services.points: サブスク判定のキャッシュが古いため watermark を入れます。
2026-09-16 15:47:29,405 [WARNING] src.services.points: ポイントを予約できませんでした (オフライン): 接続できません
2026-09-16 15:47:29,434 [WARNING] src.services.points: ポイントを予約できませんでした (オフライン): 接続できません
2026-09-16 15:47:29,434 [WARNING] src.services.points: ポイントを予約できませんでした (オフライン): 接続できません
2026-09-16 15:47:29,434 [WARNING] src.services.points: ポイントを予約できませんでした: 想定外
2026-09-16 15:47:29,434 [INFO] src.services.points: ポイントを予約しました: clip/resolveProject 0pt (watermark=False)
2026-09-16 15:47:29,449 [INFO] src.services.points: ポイントを予約しました: clip/video 25pt (watermark=False)
2026-09-16 15:47:29,449 [INFO] src.services.points: ポイントを予約しました: archive/video 0pt (watermark=True)
2026-09-16 15:47:29,529 [WARNING] src.timeline.builder: フレーム間引きの設定が不正なため none を使用します: 'all'
2026-09-16 15:47:29,561 [INFO] src.timeline.project_io: プロジェクト保存: C:\Users\evolu\AppData\Local\Temp\library_summary_h9edgm8_\vod.archive.timeline.json
2026-09-16 15:47:29,580 [WARNING] src.timeline.project_io: プロジェクトの概要を読めませんでした: C:\Users\evolu\AppData\Local\Temp\library_summary_q63soprb\broken.timeline.json
2026-09-16 15:47:29,589 [INFO] src.timeline.project_io: プロジェクト保存: C:\Users\evolu\AppData\Local\Temp\library_summary_d5u4u8vo\sample.timeline.json
2026-09-16 15:47:29,605 [INFO] src.timeline.project_io: プロジェクト保存: C:\Users\evolu\AppData\Local\Temp\library_summary_fjo6rnsl\sample.timeline.json
2026-09-16 15:47:29,638 [INFO] src.timeline.project_io: プロジェクト保存: C:\Users\evolu\AppData\Local\Temp\library_rename_0ikkgqmv\old.timeline.json
2026-09-16 15:47:29,652 [INFO] src.timeline.project_io: プロジェクト保存: C:\Users\evolu\AppData\Local\Temp\library_rename_zzuemjo_\old.timeline.json
2026-09-16 15:47:29,652 [INFO] src.timeline.project_io: プロジェクト保存: C:\Users\evolu\AppData\Local\Temp\library_rename_t93ysz17\old.timeline.json
2026-09-16 15:47:29,683 [INFO] src.timeline.project_io: プロジェクトを改名しました: old.timeline.json → new.timeline.json
2026-09-16 15:47:29,716 [INFO] src.timeline.project_io: プロジェクト保存: C:\Users\evolu\AppData\Local\Temp\library_rename_d9r33yw7\old.timeline.json
2026-09-16 15:47:29,740 [INFO] src.timeline.project_io: プロジェクトを改名しました: old.timeline.json → new.timeline.json
2026-09-16 15:47:29,751 [INFO] src.timeline.project_io: プロジェクト保存: C:\Users\evolu\AppData\Local\Temp\library_rename_dzczv9_6\old.timeline.json
2026-09-16 15:47:29,779 [INFO] src.timeline.project_io: プロジェクトが 5 件見つかりました (新しい 2 件を表示します)
2026-09-16 15:47:29,824 [WARNING] src.export.resolve_export: ソース総尺の取得に失敗 (タイムライン全長で代用): C:\Users\evolu\AppData\Local\Temp\resolve_export_test_t2pfb2o6\sample.mp4
2026-09-16 15:47:29,874 [WARNING] src.export.resolve_export: ソース総尺の取得に失敗 (タイムライン全長で代用): C:\Users\evolu\AppData\Local\Temp\resolve_export_test_jsn7jjfp\sample.mp4
2026-09-16 15:47:29,903 [WARNING] src.export.resolve_export: ソース総尺の取得に失敗 (タイムライン全長で代用): C:\Users\evolu\AppData\Local\Temp\resolve_export_test_w4x31g3r\sample.mp4
2026-09-16 15:47:29,935 [WARNING] src.export.resolve_export: ソース総尺の取得に失敗 (タイムライン全長で代用): C:\Users\evolu\AppData\Local\Temp\resolve_export_test_a5zdxw91\sample.mp4
2026-09-16 15:47:29,935 [WARNING] src.export.resolve_export: テーマ演出はテキストと区間のみを出力します (ブラー・黒帯などの映像エフェクトは FCPXML で表現できません)。
2026-09-16 15:47:29,935 [WARNING] src.export.resolve_export: 字幕位置は配置(alignment)＋余白からの近似です。Resolve 取り込み時に位置が中央へ戻る場合があります (フォント/サイズ/色は保持)。
2026-09-16 15:47:29,980 [WARNING] src.export.resolve_export: ソース総尺の取得に失敗 (タイムライン全長で代用): C:\Users\evolu\AppData\Local\Temp\resolve_export_test_gsfgomz2\sample.mp4
2026-09-16 15:47:30,012 [WARNING] src.export.resolve_export: ソース総尺の取得に失敗 (タイムライン全長で代用): C:\Users\evolu\AppData\Local\Temp\resolve_export_test_tr2h_2ox\sample.mp4
2026-09-16 15:47:30,044 [WARNING] src.export.resolve_export: ソース総尺の取得に失敗 (タイムライン全長で代用): C:\Users\evolu\AppData\Local\Temp\resolve_export_test_jvajh79b\sample.mp4
2026-09-16 15:47:30,081 [WARNING] src.export.resolve_export: ソース総尺の取得に失敗 (タイムライン全長で代用): C:\Users\evolu\AppData\Local\Temp\resolve_export_test_jvajh79b\sample.mp4
2026-09-16 15:47:30,105 [WARNING] src.export.resolve_export: ソース総尺の取得に失敗 (タイムライン全長で代用): C:\Users\evolu\AppData\Local\Temp\resolve_export_test__sqy7l0w\sample.mp4
2026-09-16 15:47:30,105 [WARNING] src.export.resolve_export: 未対応の字幕出力方式 export.resolve.subtitle.mode=bogus のため caption で出力します
2026-09-16 15:47:30,137 [WARNING] src.export.resolve_export: ソース総尺の取得に失敗 (タイムライン全長で代用): C:\Users\evolu\AppData\Local\Temp\resolve_export_test_zz_8qw_5\sample.mp4
2026-09-16 15:47:30,187 [WARNING] src.export.resolve_export: ソース総尺の取得に失敗 (タイムライン全長で代用): C:\Users\evolu\AppData\Local\Temp\resolve_export_test_t4jpx1ef\sample.mp4
2026-09-16 15:47:30,226 [WARNING] src.export.resolve_export: ソース総尺の取得に失敗 (タイムライン全長で代用): C:\Users\evolu\AppData\Local\Temp\resolve_export_test_gl20o7yp\sample.mp4
2026-09-16 15:47:30,247 [WARNING] src.export.resolve_export: ソース総尺の取得に失敗 (タイムライン全長で代用): C:\Users\evolu\AppData\Local\Temp\resolve_export_test_sqm6sa9n\sample.mp4
2026-09-16 15:47:30,291 [WARNING] src.export.resolve_export: ソース総尺の取得に失敗 (タイムライン全長で代用): C:\Users\evolu\AppData\Local\Temp\resolve_export_test_0ows_xuv\sample.mp4
2026-09-16 15:47:30,310 [WARNING] src.export.resolve_export: ソース総尺の取得に失敗 (タイムライン全長で代用): C:\Users\evolu\AppData\Local\Temp\resolve_export_test_av12tcct\sample.mp4
2026-09-16 15:47:30,357 [WARNING] src.export.resolve_export: ソース総尺の取得に失敗 (タイムライン全長で代用): C:\Users\evolu\AppData\Local\Temp\resolve_export_test_3liw__sd\sample.mp4
2026-09-16 15:47:30,389 [WARNING] src.export.resolve_export: ソース総尺の取得に失敗 (タイムライン全長で代用): C:\Users\evolu\AppData\Local\Temp\resolve_export_test_d_cp0mrx\sample.mp4
2026-09-16 15:47:30,419 [WARNING] src.export.resolve_export: ソース総尺の取得に失敗 (タイムライン全長で代用): C:\Users\evolu\AppData\Local\Temp\resolve_export_test_rl5692gl\sample.mp4
2026-09-16 15:47:30,419 [INFO] src.export.resolve_export: 編集点が無いため全長 1 クリップとして出力します
2026-09-16 15:47:30,466 [WARNING] src.export.resolve_export: ソース総尺の取得に失敗 (タイムライン全長で代用): C:\Users\evolu\AppData\Local\Temp\resolve_export_test_aw9_vte6\sample.mp4
2026-09-16 15:47:30,466 [INFO] src.export.resolve_export: Resolve 出力開始: C:\Users\evolu\AppData\Local\Temp\resolve_export_test_aw9_vte6\out2.fcpxml (クリップ 1 件 / 字幕 caption 1 件 / title・テーマ 0 件 / 1920x1080 60fps)
2026-09-16 15:47:30,466 [INFO] src.export.resolve_export: 字幕トラックのスタイルは Resolve の字幕トラックヘッダー選択 → インスペクタ → Track Style で一括設定できます (Resolve 19 以降は Text+ スタイルも指定可)。
2026-09-16 15:47:30,466 [INFO] src.export.resolve_export: Resolve 出力完了: C:\Users\evolu\AppData\Local\Temp\resolve_export_test_aw9_vte6\out2.fcpxml (タイムライン尺 5.00s)
2026-09-16 15:47:30,498 [WARNING] src.export.resolve_export: ソース総尺の取得に失敗 (タイムライン全長で代用): C:\Users\evolu\AppData\Local\Temp\resolve_export_test_6m252nuw\sample.mp4
2026-09-16 15:47:30,498 [INFO] src.export.resolve_export: Resolve 出力開始: C:\Users\evolu\AppData\Local\Temp\resolve_export_test_6m252nuw\out3.fcpxml (クリップ 1 件 / 字幕 caption 0 件 / title・テーマ 0 件 / 1920x1080 60fps)
2026-09-16 15:47:30,515 [INFO] src.export.resolve_export: Resolve 出力完了: C:\Users\evolu\AppData\Local\Temp\resolve_export_test_6m252nuw\out3.fcpxml (タイムライン尺 5.00s)
2026-09-16 15:47:30,542 [WARNING] src.export.resolve_export: ソース総尺の取得に失敗 (タイムライン全長で代用): C:\Users\evolu\AppData\Local\Temp\resolve_export_test_imy_ee83\sample.mp4
2026-09-16 15:47:30,542 [INFO] src.export.resolve_export: Resolve 出力開始: C:\Users\evolu\AppData\Local\Temp\resolve_export_test_imy_ee83\out.fcpxml (クリップ 1 件 / 字幕 caption 1 件 / title・テーマ 0 件 / 1920x1080 60fps)
2026-09-16 15:47:30,542 [INFO] src.export.resolve_export: SRT サイドカー出力: C:\Users\evolu\AppData\Local\Temp\resolve_export_test_imy_ee83\out.srt (1 件)
2026-09-16 15:47:30,542 [INFO] src.export.resolve_export: Resolve 出力完了: C:\Users\evolu\AppData\Local\Temp\resolve_export_test_imy_ee83\out.fcpxml / C:\Users\evolu\AppData\Local\Temp\resolve_export_test_imy_ee83\out.srt (タイムライン尺 5.00s)
2026-09-16 15:47:30,558 [INFO] src.export.resolve_export: Resolve 出力を中止 (上書きしない): C:\Users\evolu\AppData\Local\Temp\resolve_export_test_imy_ee83\out.fcpxml
2026-09-16 15:47:30,606 [INFO] src.modules.subtitle_generator: 縦動画のため字幕設定を縦用へ上書き (font/改行/配置/余白)
2026-09-16 15:47:30,636 [WARNING] src.services.stretheus_auth: API の日時を解釈できませんでした。
2026-09-16 15:47:30,652 [INFO] src.services.stretheus_auth: Stretheus のログインページを開きます (ポート61925)
2026-09-16 15:47:30,657 [INFO] src.services.stretheus_auth: Stretheus へログインしました。
2026-09-16 15:47:31,705 [INFO] src.services.stretheus_auth: Stretheus のログインページを開きます (ポート61933)
2026-09-16 15:47:31,734 [INFO] src.services.stretheus_auth: Stretheus へログインしました。
2026-09-16 15:47:32,786 [INFO] src.services.stretheus_auth: Stretheus のログインページを開きます (ポート61941)
2026-09-16 15:47:32,812 [INFO] src.services.stretheus_auth: Stretheus へログインしました。
2026-09-16 15:47:33,337 [INFO] src.services.stretheus_auth: Stretheus のログインページを開きます (ポート61946)
2026-09-16 15:47:33,359 [INFO] src.services.stretheus_auth: Stretheus へログインしました。
2026-09-16 15:47:33,881 [INFO] src.services.stretheus_auth: Stretheus のログインページを開きます (ポート61952)
2026-09-16 15:47:33,910 [INFO] src.services.stretheus_auth: Stretheus へログインしました。
2026-09-16 15:47:34,435 [INFO] src.services.stretheus_auth: Stretheus のログインページを開きます (ポート61958)
2026-09-16 15:47:34,455 [INFO] src.services.stretheus_auth: Stretheus へログインしました。
2026-09-16 15:47:34,967 [INFO] src.modules.subtitle_generator: テロップ個別指定 フォント 0 件 / サイズ 0 件 / 文字色 1 件 / 縁の色 0 件
2026-09-16 15:47:34,967 [INFO] src.modules.subtitle_generator: テロップ個別指定 フォント 0 件 / サイズ 0 件 / 文字色 1 件 / 縁の色 0 件
2026-09-16 15:47:35,007 [INFO] src.modules.subtitle_generator: テロップ個別指定 フォント 0 件 / サイズ 0 件 / 文字色 0 件 / 縁の色 1 件
2026-09-16 15:47:35,010 [INFO] src.modules.subtitle_generator: テロップ個別指定 フォント 0 件 / サイズ 0 件 / 文字色 0 件 / 縁の色 1 件
2026-09-16 15:47:35,010 [INFO] src.modules.subtitle_generator: テロップ個別指定 フォント 1 件 / サイズ 1 件 / 文字色 1 件 / 縁の色 1 件
2026-09-16 15:47:35,010 [INFO] src.timeline.commands: コメント用の字幕トラックを作成しました: S2
2026-09-16 15:47:35,010 [INFO] src.timeline.commands: 移動先 S2 が空いていないため役割だけ変更しました: s1
2026-09-16 15:47:35,010 [INFO] src.timeline.commands: コメント用の字幕トラックを作成しました: S2
2026-09-16 15:47:35,010 [INFO] src.timeline.commands: コメント用の字幕トラックを作成しました: S2
2026-09-16 15:47:35,010 [INFO] src.timeline.commands: コメント用の字幕トラックを作成しました: S2
2026-09-16 15:47:35,010 [INFO] src.timeline.project_io: プロジェクト保存: C:\Users\evolu\AppData\Local\Temp\tmpxy6rkx56\sample.timeline.json
2026-09-16 15:47:35,039 [INFO] src.modules.subtitle_generator: VAD フィルタ有効 (min_silence=500ms, speech_pad=100ms, condition_on_previous_text=False)
2026-09-16 15:47:35,039 [WARNING] src.modules.subtitle_generator: VAD 付き認識に失敗したため VAD 無しで再試行します: VAD の初期化に失敗しました (テスト)
2026-09-16 15:47:35,039 [INFO] src.modules.subtitle_generator: VAD フィルタ有効 (min_silence=800ms, speech_pad=100ms, condition_on_previous_text=False)
2026-09-16 15:47:35,039 [INFO] src.modules.subtitle_generator: VAD フィルタ有効 (min_silence=500ms, speech_pad=100ms, condition_on_previous_text=False)
2026-09-16 15:47:35,058 [INFO] src.timeline.commands: 貼り付けの割り込み: V1 の 5.000s へ 10.00s を確保 / 移動 2 件・分割 1 件・切詰 0 件
2026-09-16 15:47:35,058 [INFO] src.timeline.commands: 貼り付けの割り込み: V2 の 5.000s へ 10.00s を確保 / 移動 2 件・分割 0 件・切詰 0 件
2026-09-16 15:47:35,058 [INFO] src.timeline.commands: 貼り付けの割り込み: S1 の 5.000s へ 10.00s を確保 / 移動 1 件・分割 0 件・切詰 0 件
2026-09-16 15:47:35,058 [INFO] src.timeline.commands: 貼り付けの割り込み: V1 の 5.000s へ 10.00s を確保 / 移動 2 件・分割 1 件・切詰 0 件
2026-09-16 15:47:35,058 [INFO] src.timeline.commands: 貼り付けの割り込み: V2 の 5.000s へ 10.00s を確保 / 移動 2 件・分割 0 件・切詰 0 件
2026-09-16 15:47:35,058 [INFO] src.timeline.commands: 貼り付けの割り込み: S1 の 5.000s へ 10.00s を確保 / 移動 1 件・分割 0 件・切詰 0 件
2026-09-16 15:47:35,058 [INFO] src.timeline.commands: 貼り付けの割り込み: V1 の 5.000s へ 10.00s を確保 / 移動 2 件・分割 1 件・切詰 0 件
2026-09-16 15:47:35,058 [INFO] src.timeline.commands: 貼り付けの割り込み: V2 の 5.000s へ 10.00s を確保 / 移動 2 件・分割 0 件・切詰 0 件
2026-09-16 15:47:35,058 [INFO] src.timeline.commands: 貼り付けの割り込み: S1 の 5.000s へ 10.00s を確保 / 移動 1 件・分割 0 件・切詰 0 件
2026-09-16 15:47:35,073 [INFO] src.timeline.commands: 貼り付けの割り込み: V1 の 5.000s へ 15.00s を確保 / 移動 3 件・分割 0 件・切詰 0 件
2026-09-16 15:47:35,073 [INFO] src.timeline.commands: 貼り付けの割り込み: V2 の 5.000s へ 15.00s を確保 / 移動 2 件・分割 0 件・切詰 0 件
2026-09-16 15:47:35,073 [INFO] src.timeline.commands: 貼り付けの割り込み: S1 の 5.000s へ 15.00s を確保 / 移動 1 件・分割 0 件・切詰 0 件
2026-09-16 15:47:35,073 [INFO] src.timeline.commands: 貼り付けの割り込み: V1 の 10.020s へ 10.02s を確保 / 移動 2 件・分割 0 件・切詰 0 件
2026-09-16 15:47:35,073 [INFO] src.timeline.commands: 貼り付けの割り込み: V2 の 10.020s へ 10.02s を確保 / 移動 1 件・分割 0 件・切詰 0 件
2026-09-16 15:47:35,073 [INFO] src.timeline.commands: 貼り付けの割り込み: S1 の 10.020s へ 10.02s を確保 / 移動 1 件・分割 0 件・切詰 0 件
2026-09-16 15:47:35,073 [INFO] src.timeline.commands: 貼り付けの割り込み: V1 の 19.980s へ 9.98s を確保 / 移動 1 件・分割 0 件・切詰 1 件
2026-09-16 15:47:35,073 [INFO] src.timeline.commands: 貼り付けの割り込み: V2 の 19.980s へ 9.98s を確保 / 移動 1 件・分割 0 件・切詰 0 件
2026-09-16 15:47:35,073 [INFO] src.timeline.commands: 貼り付けの割り込み: S1 の 19.980s へ 9.98s を確保 / 移動 0 件・分割 0 件・切詰 0 件
2026-09-16 15:47:35,073 [WARNING] src.timeline.commands: 素材が見つからないため貼り付けません: D:\develop\autoedit\tests\存在しない素材.mp4
2026-09-16 15:47:35,073 [INFO] src.timeline.commands: 貼り付けの割り込み: V1 の 5.000s へ 10.00s を確保 / 移動 2 件・分割 1 件・切詰 0 件
2026-09-16 15:47:35,073 [INFO] src.timeline.commands: 貼り付けの割り込み: V2 の 5.000s へ 10.00s を確保 / 移動 2 件・分割 0 件・切詰 0 件
2026-09-16 15:47:35,073 [INFO] src.timeline.commands: 貼り付けの割り込み: S1 の 5.000s へ 10.00s を確保 / 移動 1 件・分割 0 件・切詰 0 件
2026-09-16 15:47:35,073 [INFO] src.timeline.commands: 貼り付けの割り込み: V1 の 5.000s へ 10.00s を確保 / 移動 2 件・分割 1 件・切詰 0 件
2026-09-16 15:47:35,073 [INFO] src.timeline.commands: 貼り付けの割り込み: V2 の 5.000s へ 10.00s を確保 / 移動 2 件・分割 0 件・切詰 0 件
2026-09-16 15:47:35,073 [INFO] src.timeline.commands: 貼り付けの割り込み: S1 の 5.000s へ 10.00s を確保 / 移動 1 件・分割 0 件・切詰 0 件
2026-09-16 15:47:35,073 [INFO] src.timeline.commands: 貼り付けの割り込み: V1 の 5.000s へ 10.00s を確保 / 移動 2 件・分割 1 件・切詰 0 件
2026-09-16 15:47:35,073 [INFO] src.timeline.commands: 貼り付けの割り込み: V2 の 5.000s へ 10.00s を確保 / 移動 2 件・分割 0 件・切詰 0 件
2026-09-16 15:47:35,073 [INFO] src.timeline.commands: 貼り付けの割り込み: S1 の 5.000s へ 10.00s を確保 / 移動 1 件・分割 0 件・切詰 0 件
2026-09-16 15:47:35,073 [INFO] src.timeline.commands: 貼り付けの割り込み: V1 の 5.000s へ 10.00s を確保 / 移動 2 件・分割 1 件・切詰 0 件
2026-09-16 15:47:35,073 [INFO] src.timeline.commands: 貼り付けの割り込み: V2 の 5.000s へ 10.00s を確保 / 移動 2 件・分割 0 件・切詰 0 件
2026-09-16 15:47:35,073 [INFO] src.timeline.commands: 貼り付けの割り込み: S1 の 5.000s へ 10.00s を確保 / 移動 1 件・分割 0 件・切詰 0 件
2026-09-16 15:47:35,073 [INFO] src.timeline.commands: 貼り付けの割り込み: V1 の 5.000s へ 10.00s を確保 / 移動 2 件・分割 1 件・切詰 0 件
2026-09-16 15:47:35,073 [INFO] src.timeline.commands: 貼り付けの割り込み: V2 の 5.000s へ 10.00s を確保 / 移動 2 件・分割 0 件・切詰 0 件
2026-09-16 15:47:35,073 [INFO] src.timeline.commands: 貼り付けの割り込み: S1 の 5.000s へ 10.00s を確保 / 移動 1 件・分割 0 件・切詰 0 件
2026-09-16 15:47:35,073 [INFO] src.timeline.commands: 貼り付けの割り込み: V2 の 4.000s へ 2.00s を確保 / 移動 2 件・分割 0 件・切詰 0 件
2026-09-16 15:47:35,073 [INFO] src.timeline.commands: 貼り付けの割り込み: V2 の 4.000s へ 2.00s を確保 / 移動 2 件・分割 0 件・切詰 0 件
2026-09-16 15:47:35,073 [INFO] src.timeline.commands: 貼り付けの割り込み: V2 の 4.000s へ 2.00s を確保 / 移動 2 件・分割 0 件・切詰 0 件
2026-09-16 15:47:35,073 [INFO] src.timeline.clipboard: Timeline のノードをコピーしました: 1 件
2026-09-16 15:47:35,073 [INFO] src.timeline.clipboard: Timeline のノードをコピーしました: 1 件
2026-09-16 15:47:35,073 [INFO] src.timeline.commands: 貼り付けの割り込み: V1 の 4.000s へ 2.00s を確保 / 移動 2 件・分割 1 件・切詰 0 件
2026-09-16 15:47:35,073 [INFO] src.timeline.commands: 貼り付けの割り込み: V2 の 4.000s へ 2.00s を確保 / 移動 2 件・分割 0 件・切詰 0 件
2026-09-16 15:47:35,073 [INFO] src.timeline.commands: 貼り付けの割り込み: S1 の 4.000s へ 2.00s を確保 / 移動 1 件・分割 0 件・切詰 0 件
2026-09-16 15:47:35,073 [INFO] src.timeline.commands: 貼り付けの割り込み: V2 の 4.000s へ 2.00s を確保 / 移動 2 件・分割 0 件・切詰 0 件
2026-09-16 15:47:35,073 [INFO] src.timeline.commands: 貼り付けの割り込み: V1 の 5.000s へ 10.00s を確保 / 移動 2 件・分割 1 件・切詰 0 件
2026-09-16 15:47:35,073 [INFO] src.timeline.commands: 貼り付けの割り込み: V2 の 5.000s へ 10.00s を確保 / 移動 2 件・分割 0 件・切詰 0 件
2026-09-16 15:47:35,073 [INFO] src.timeline.commands: 貼り付けの割り込み: V1 の 5.000s へ 10.00s を確保 / 移動 2 件・分割 1 件・切詰 0 件
2026-09-16 15:47:35,073 [WARNING] src.timeline.builder: 貼り付けの設定が不正なため既定 base_syncs_all を使用します: 'なにか'
2026-09-16 15:47:35,089 [WARNING] src.timeline.builder: 貼り付けの設定が不正なため既定 split を使用します: 123
2026-09-16 15:47:35,089 [INFO] src.timeline.commands: 貼り付けの割り込み: V1 の 5.000s へ 10.00s を確保 / 移動 2 件・分割 1 件・切詰 0 件
2026-09-16 15:47:35,089 [INFO] src.timeline.commands: 貼り付けの割り込み: V2 の 5.000s へ 10.00s を確保 / 移動 2 件・分割 0 件・切詰 0 件
2026-09-16 15:47:35,089 [INFO] src.timeline.commands: 貼り付けの割り込み: S1 の 5.000s へ 10.00s を確保 / 移動 1 件・分割 0 件・切詰 0 件
2026-09-16 15:47:35,089 [WARNING] src.timeline.commands: 映像トラックの上限 (3) に達しているため追加できません
2026-09-16 15:47:35,089 [INFO] src.timeline.commands: 字幕を追加できる空きがありません (2.000 秒)
2026-09-16 15:47:35,089 [INFO] src.timeline.commands: 字幕を追加できる空きがありません (0.990 秒)
2026-09-16 15:47:35,089 [INFO] src.timeline.commands: リップル: 10.000〜20.000s (10.00s) を除去 / 削除 1 件・短縮 0 件・移動 1 件
2026-09-16 15:47:35,089 [INFO] src.timeline.commands: リップル: 10.000〜20.000s (10.00s) を除去 / 削除 1 件・短縮 0 件・移動 1 件
2026-09-16 15:47:35,089 [INFO] src.timeline.commands: リップル: 10.000〜20.000s (10.00s) を除去 / 削除 1 件・短縮 0 件・移動 1 件
2026-09-16 15:47:35,089 [INFO] src.timeline.commands: リップル: 0.000〜10.000s (10.00s) を除去 / 削除 2 件・短縮 0 件・移動 1 件
2026-09-16 15:47:35,089 [INFO] src.timeline.commands: リップル: 10.000〜20.000s (10.00s) を除去 / 削除 1 件・短縮 0 件・移動 1 件
2026-09-16 15:47:35,089 [INFO] src.timeline.commands: リップル: 10.000〜20.000s (10.00s) を除去 / 削除 2 件・短縮 1 件・移動 2 件
2026-09-16 15:47:35,089 [INFO] src.timeline.commands: リップル: 10.000〜20.000s (10.00s) を除去 / 削除 2 件・短縮 1 件・移動 2 件
2026-09-16 15:47:35,105 [INFO] src.timeline.commands: リップル: 10.000〜20.000s (10.00s) を除去 / 削除 2 件・短縮 1 件・移動 2 件
2026-09-16 15:47:35,105 [INFO] src.timeline.commands: リップル: 10.000〜20.000s (10.00s) を除去 / 削除 2 件・短縮 1 件・移動 2 件
2026-09-16 15:47:35,106 [INFO] src.timeline.commands: リップル: 10.000〜20.000s (10.00s) を除去 / 削除 2 件・短縮 1 件・移動 2 件
2026-09-16 15:47:35,106 [INFO] src.timeline.commands: リップル: 10.000〜20.000s (10.00s) を除去 / 削除 2 件・短縮 1 件・移動 2 件
2026-09-16 15:47:35,106 [INFO] src.timeline.commands: リップル: 10.000〜20.000s (10.00s) を除去 / 削除 2 件・短縮 0 件・移動 3 件
2026-09-16 15:47:35,107 [INFO] src.timeline.commands: リップル: 10.000〜20.000s (10.00s) を除去 / 削除 1 件・短縮 0 件・移動 1 件
2026-09-16 15:47:35,107 [INFO] src.timeline.commands: リップル: 10.000〜20.000s (10.00s) を除去 / 削除 2 件・短縮 1 件・移動 2 件
2026-09-16 15:47:35,108 [INFO] src.timeline.commands: 残り尺が下限を割るためクリップごとリップル削除しました: c2
2026-09-16 15:47:35,108 [INFO] src.timeline.commands: リップル: 10.000〜20.000s (10.00s) を除去 / 削除 1 件・短縮 0 件・移動 2 件
2026-09-16 15:47:35,108 [INFO] src.timeline.commands: リップル: 15.000〜20.000s (5.00s) を除去 / 削除 0 件・短縮 1 件・移動 2 件
2026-09-16 15:47:35,109 [INFO] src.timeline.commands: リップル: 10.000〜15.000s (5.00s) を除去 / 削除 0 件・短縮 1 件・移動 2 件
2026-09-16 15:47:35,109 [INFO] src.timeline.commands: リップル: 15.000〜20.000s (5.00s) を除去 / 削除 0 件・短縮 1 件・移動 2 件
2026-09-16 15:47:35,109 [INFO] src.timeline.commands: リップル: 15.000〜20.000s (5.00s) を除去 / 削除 0 件・短縮 1 件・移動 2 件
2026-09-16 15:47:35,110 [INFO] src.timeline.commands: リップル: 26.000〜27.000s (1.00s) を除去 / 削除 0 件・短縮 2 件・移動 0 件
2026-09-16 15:47:35,112 [INFO] src.timeline.commands: リップル: 10.000〜20.000s (10.00s) を除去 / 削除 1 件・短縮 0 件・移動 1 件
2026-09-16 15:47:35,113 [INFO] src.timeline.commands: リップル: 10.000〜20.000s (10.00s) を除去 / 削除 1 件・短縮 0 件・移動 1 件
2026-09-16 15:47:35,114 [INFO] src.timeline.commands: リップル: 10.000〜20.000s (10.00s) を除去 / 削除 1 件・短縮 0 件・移動 1 件
2026-09-16 15:47:35,121 [INFO] src.timeline.project_io: プロジェクト保存: C:\Users\evolu\AppData\Local\Temp\timeline_io_test_tnjh7pvu\sample.timeline.json
2026-09-16 15:47:35,136 [INFO] src.timeline.project_io: プロジェクト読込: C:\Users\evolu\AppData\Local\Temp\timeline_io_test_tnjh7pvu\sample.timeline.json
2026-09-16 15:47:35,148 [INFO] src.timeline.project_io: プロジェクト保存: C:\Users\evolu\AppData\Local\Temp\timeline_io_test_tnjh7pvu\sample.timeline.json
2026-09-16 15:47:35,152 [INFO] src.timeline.project_io: プロジェクト読込: C:\Users\evolu\AppData\Local\Temp\timeline_io_test_tnjh7pvu\sample.timeline.json
2026-09-16 15:47:35,160 [INFO] src.timeline.project_io: プロジェクト保存: C:\Users\evolu\AppData\Local\Temp\timeline_io_test_50czxgsb\sample.timeline.json
2026-09-16 15:47:35,167 [INFO] src.timeline.project_io: プロジェクト読込: C:\Users\evolu\AppData\Local\Temp\timeline_io_test_50czxgsb\sample.timeline.json
2026-09-16 15:47:35,183 [INFO] src.timeline.project_io: プロジェクト保存: C:\Users\evolu\AppData\Local\Temp\timeline_io_test_831hnu6l\sample.timeline.json
2026-09-16 15:47:35,205 [WARNING] src.timeline.project_io: メディアの実体が見つかりません (1 件)。該当クリップを無効化します: m1
2026-09-16 15:47:35,222 [INFO] src.timeline.project_io: プロジェクト保存: C:\Users\evolu\AppData\Local\Temp\timeline_io_test_tsm39j9x\sample.timeline.json
2026-09-16 15:47:35,250 [INFO] src.timeline.project_io: プロジェクト保存: C:\Users\evolu\AppData\Local\Temp\timeline_io_test_s991p_s9\sample.timeline.json
2026-09-16 15:47:35,273 [WARNING] src.timeline.project_io: 編集点の区間が不正なため無視します: 20.000→15.000
2026-09-16 15:47:35,276 [WARNING] src.timeline.project_io: メディアの実体が見つかりません (1 件)。該当クリップを無効化します: m1
2026-09-16 15:47:35,281 [WARNING] src.timeline.project_io: 音声クリップ a1 のリンク先 no_such_clip が存在しないため除外します (該当区間は無音になります)
2026-09-16 15:47:35,285 [WARNING] src.timeline.project_io: トラック V1 でクリップ c2 が重複しているため 12.480 へ移動します
2026-09-16 15:47:35,297 [WARNING] src.timeline.project_io: クリップ c2 の尺 (0.001s) が下限 (0.050s) 未満のため除外します
2026-09-16 15:47:35,297 [WARNING] src.timeline.project_io: 音声クリップ a2 のリンク先 c2 が存在しないため除外します (該当区間は無音になります)
2026-09-16 15:47:35,481 [INFO] src.utils.trash: ゴミ箱へ移動しました (2 件)
2026-09-16 15:47:35,497 [WARNING] src.timeline.builder: 寸法の設定が不正なため既定 8000 を使用します: 0
2026-09-16 23:51:52,451 [INFO] src.archive.timeline_builder: アーカイブ Timeline 構築: 2 クリップ / V1 2 本 / S1 0 件 / 全長 60.0s
2026-09-16 23:51:52,453 [INFO] src.archive.timeline_builder: アーカイブ Timeline 構築: 2 クリップ / V1 2 本 / S1 0 件 / 全長 60.0s
2026-09-16 23:51:52,453 [WARNING] src.archive.marker_source: VOD 外のマーカーを 2 件除外しました (尺 7200.0s)
2026-09-16 23:51:52,460 [INFO] src.archive.clip_writer: clip1 prepare 完了 (字幕 2 件)
2026-09-16 23:51:52,460 [INFO] src.archive.clip_writer: clip1 prepare 完了 (字幕 2 件)
2026-09-16 23:51:52,465 [INFO] src.archive.clip_writer: 編集点準備: 残す区間 2 件 / 想定尺 10.00s (素材 30.00s)
2026-09-16 23:51:52,465 [INFO] src.archive.clip_writer: clip1 prepare 完了 (字幕 2 件 / 実カットなし)
2026-09-16 23:51:52,465 [INFO] src.archive.clip_writer: 編集点準備: 残す区間 2 件 / 想定尺 10.00s (素材 30.00s)
2026-09-16 23:51:52,465 [INFO] src.archive.clip_writer: clip1 prepare 完了 (字幕 2 件 / 実カットなし)
2026-09-16 23:51:52,465 [INFO] src.archive.clip_writer: 編集点準備: 残す区間 2 件 / 想定尺 10.00s (素材 30.00s)
2026-09-16 23:51:52,465 [INFO] src.archive.clip_writer: clip1 prepare 完了 (字幕 2 件 / 実カットなし)
2026-09-16 23:51:52,465 [INFO] src.archive.clip_writer: 編集点準備: 残す区間 2 件 / 想定尺 10.00s (素材 30.00s)
2026-09-16 23:51:52,465 [INFO] src.archive.clip_writer: clip1 prepare 完了 (字幕 2 件 / 実カットなし)
2026-09-16 23:51:52,465 [INFO] src.archive.clip_writer: 編集点準備: 残す区間 2 件 / 想定尺 10.00s (素材 30.00s)
2026-09-16 23:51:52,465 [INFO] src.archive.clip_writer: clip1 prepare 完了 (字幕 2 件 / 実カットなし)
2026-09-16 23:51:52,479 [INFO] src.archive.clip_writer: 編集点準備: 残す区間 2 件 / 想定尺 10.00s (素材 30.00s)
2026-09-16 23:51:52,479 [INFO] src.archive.clip_writer: clip1 prepare 完了 (字幕 2 件 / 実カットなし)
2026-09-16 23:51:52,479 [INFO] src.archive.clip_writer: 編集点準備: 残す区間 2 件 / 想定尺 10.00s (素材 30.00s)
2026-09-16 23:51:52,479 [INFO] src.archive.clip_writer: clip1 prepare 完了 (字幕 0 件 / 実カットなし)
2026-09-16 23:51:52,485 [INFO] src.archive.clip_writer: 編集点準備: 残す区間 2 件 / 想定尺 10.00s (素材 30.00s)
2026-09-16 23:51:52,485 [INFO] src.timeline.project_io: プロジェクト保存: C:\Users\evolu\AppData\Local\Temp\archive_resume_ox32xgqb\vod.archive.timeline.json
2026-09-16 23:51:52,505 [INFO] src.timeline.project_io: プロジェクト読込: C:\Users\evolu\AppData\Local\Temp\archive_resume_ox32xgqb\vod.archive.timeline.json
2026-09-16 23:51:52,517 [INFO] src.timeline.project_io: プロジェクト保存: C:\Users\evolu\AppData\Local\Temp\archive_resume_pbtcrtfy\vod.archive.timeline.json
2026-09-16 23:51:52,521 [INFO] src.timeline.project_io: プロジェクト保存: C:\Users\evolu\AppData\Local\Temp\archive_resume_pbtcrtfy\clip.timeline.json
2026-09-16 23:51:52,521 [INFO] src.archive.project_resume: ==================================================
2026-09-16 23:51:52,521 [INFO] src.archive.project_resume: 保存済みアーカイブプロジェクトから再開: C:\Users\evolu\AppData\Local\Temp\archive_resume_pbtcrtfy\clip.timeline.json
2026-09-16 23:51:52,541 [INFO] src.timeline.project_io: プロジェクト読込: C:\Users\evolu\AppData\Local\Temp\archive_resume_pbtcrtfy\clip.timeline.json
2026-09-16 23:51:52,548 [INFO] src.timeline.project_io: プロジェクト保存: C:\Users\evolu\AppData\Local\Temp\archive_resume_azs87e2m\vod.archive.timeline.json
2026-09-16 23:51:52,562 [INFO] src.timeline.project_io: プロジェクト読込: C:\Users\evolu\AppData\Local\Temp\archive_resume_azs87e2m\vod.archive.timeline.json
2026-09-16 23:51:52,565 [INFO] src.archive.project_resume: 音声サイドカーが無いため clip1 の正規化をやり直します
2026-09-16 23:51:52,569 [INFO] src.archive.project_resume: 音声サイドカーが無いため clip2 の正規化をやり直します
2026-09-16 23:51:52,577 [INFO] src.timeline.project_io: プロジェクト保存: C:\Users\evolu\AppData\Local\Temp\archive_resume_8q___4hd\vod.archive.timeline.json
2026-09-16 23:51:52,590 [INFO] src.timeline.project_io: プロジェクト読込: C:\Users\evolu\AppData\Local\Temp\archive_resume_8q___4hd\vod.archive.timeline.json
2026-09-16 23:51:52,590 [INFO] src.archive.project_resume: 音声サイドカーが無いため clip1 の正規化をやり直します
2026-09-16 23:51:52,594 [INFO] src.archive.project_resume: 音声サイドカーが無いため clip2 の正規化をやり直します
2026-09-16 23:51:52,601 [INFO] src.timeline.project_io: プロジェクト保存: C:\Users\evolu\AppData\Local\Temp\archive_resume_xk5hxukb\vod.archive.timeline.json
2026-09-16 23:51:52,604 [INFO] src.archive.project_resume: ==================================================
2026-09-16 23:51:52,604 [INFO] src.archive.project_resume: 保存済みアーカイブプロジェクトから再開: C:\Users\evolu\AppData\Local\Temp\archive_resume_xk5hxukb\no_such.timeline.json
2026-09-16 23:51:52,604 [INFO] src.timeline.project_io: プロジェクト保存: C:\Users\evolu\AppData\Local\Temp\archive_resume_n9o9189b\vod.archive.timeline.json
2026-09-16 23:51:52,618 [INFO] src.timeline.project_io: プロジェクト読込: C:\Users\evolu\AppData\Local\Temp\archive_resume_n9o9189b\vod.archive.timeline.json
2026-09-16 23:51:52,635 [INFO] src.timeline.project_io: プロジェクト保存: C:\Users\evolu\AppData\Local\Temp\archive_resume_mexn02rc\vod.archive.timeline.json
2026-09-16 23:51:52,651 [INFO] src.timeline.project_io: プロジェクト読込: C:\Users\evolu\AppData\Local\Temp\archive_resume_mexn02rc\vod.archive.timeline.json
2026-09-16 23:51:52,654 [INFO] src.archive.project_resume: 設定に従い切り出したままの音量で使います: clip1
2026-09-16 23:51:52,655 [INFO] src.archive.project_resume: 設定に従い切り出したままの音量で使います: clip2
2026-09-16 23:51:52,656 [WARNING] src.timeline.media_sidecar: 音声サイドカーの尺が保存値と合いません (100.00s / 期待 103.00s) → 使いません
2026-09-16 23:51:52,657 [INFO] src.archive.timeline_builder: アーカイブ Timeline 構築: 2 クリップ / V1 2 本 / S1 0 件 / 全長 200.0s
2026-09-16 23:51:52,657 [INFO] src.archive.timeline_builder: セクション追加: clip3 を 200.00s へ挿入 (VOD 900.0-950.0 / 尺 50.00s)
2026-09-16 23:51:52,658 [INFO] src.archive.timeline_builder: アーカイブ Timeline 構築: 2 クリップ / V1 2 本 / S1 0 件 / 全長 200.0s
2026-09-16 23:51:52,658 [INFO] src.timeline.commands: 貼り付けの割り込み: V1 の 0.000s へ 50.00s を確保 / 移動 2 件・分割 0 件・切詰 0 件
2026-09-16 23:51:52,658 [INFO] src.timeline.commands: 貼り付けの割り込み: S1 の 0.000s へ 50.00s を確保 / 移動 0 件・分割 0 件・切詰 0 件
2026-09-16 23:51:52,658 [INFO] src.archive.timeline_builder: セクション追加: clip3 を 0.00s へ挿入 (VOD 0.0-50.0 / 尺 50.00s)
2026-09-16 23:51:52,658 [INFO] src.archive.timeline_builder: アーカイブ Timeline 構築: 2 クリップ / V1 2 本 / S1 0 件 / 全長 200.0s
2026-09-16 23:51:52,658 [INFO] src.timeline.commands: 貼り付けの割り込み: V1 の 100.000s へ 50.00s を確保 / 移動 1 件・分割 0 件・切詰 0 件
2026-09-16 23:51:52,658 [INFO] src.timeline.commands: 貼り付けの割り込み: S1 の 100.000s へ 50.00s を確保 / 移動 0 件・分割 0 件・切詰 0 件
2026-09-16 23:51:52,659 [INFO] src.archive.timeline_builder: セクション追加: clip3 を 100.00s へ挿入 (VOD 250.0-300.0 / 尺 50.00s)
2026-09-16 23:51:52,659 [INFO] src.archive.timeline_builder: アーカイブ Timeline 構築: 3 クリップ / V1 3 本 / S1 0 件 / 全長 300.0s
2026-09-16 23:51:52,659 [INFO] src.timeline.commands: 貼り付けの割り込み: V1 の 100.000s へ 50.00s を確保 / 移動 2 件・分割 0 件・切詰 0 件
2026-09-16 23:51:52,659 [INFO] src.timeline.commands: 貼り付けの割り込み: S1 の 100.000s へ 50.00s を確保 / 移動 0 件・分割 0 件・切詰 0 件
2026-09-16 23:51:52,659 [INFO] src.archive.timeline_builder: セクション追加: clip4 を 100.00s へ挿入 (VOD 250.0-300.0 / 尺 50.00s)
2026-09-16 23:51:52,659 [INFO] src.timeline.commands: 貼り付けの割り込み: V1 の 0.000s へ 50.00s を確保 / 移動 4 件・分割 0 件・切詰 0 件
2026-09-16 23:51:52,659 [INFO] src.timeline.commands: 貼り付けの割り込み: S1 の 0.000s へ 50.00s を確保 / 移動 0 件・分割 0 件・切詰 0 件
2026-09-16 23:51:52,659 [INFO] src.archive.timeline_builder: セクション追加: clip5 を 0.00s へ挿入 (VOD 0.0-50.0 / 尺 50.00s)
2026-09-16 23:51:52,660 [INFO] src.archive.timeline_builder: セクション追加: clip6 を 400.00s へ挿入 (VOD 900.0-950.0 / 尺 50.00s)
2026-09-16 23:51:52,660 [INFO] src.archive.timeline_builder: アーカイブ Timeline 構築: 1 クリップ / V1 1 本 / S1 0 件 / 全長 100.0s
2026-09-16 23:51:52,660 [INFO] src.archive.timeline_builder: セクション追加: clip2 を 100.00s へ挿入 (VOD 300.0-400.0 / 尺 100.00s)
2026-09-16 23:51:52,660 [INFO] src.archive.timeline_builder: アーカイブ Timeline 構築: 3 クリップ / V1 3 本 / S1 0 件 / 全長 300.0s
2026-09-16 23:51:52,661 [INFO] src.timeline.commands: 貼り付けの割り込み: V1 の 100.000s へ 50.00s を確保 / 移動 2 件・分割 0 件・切詰 0 件
2026-09-16 23:51:52,661 [INFO] src.timeline.commands: 貼り付けの割り込み: S1 の 100.000s へ 50.00s を確保 / 移動 0 件・分割 0 件・切詰 0 件
2026-09-16 23:51:52,661 [INFO] src.archive.timeline_builder: セクション追加: clip4 を 100.00s へ挿入 (VOD 250.0-300.0 / 尺 50.00s)
2026-09-16 23:51:52,661 [INFO] src.archive.timeline_builder: アーカイブ Timeline 構築: 2 クリップ / V1 2 本 / S1 0 件 / 全長 200.0s
2026-09-16 23:51:52,661 [INFO] src.archive.timeline_builder: セクション追加: clip3 を 200.00s へ挿入 (VOD 900.0-950.0 / 尺 50.00s)
2026-09-16 23:51:52,661 [INFO] src.archive.timeline_builder: アーカイブ Timeline 構築: 2 クリップ / V1 2 本 / S1 0 件 / 全長 200.0s
2026-09-16 23:51:52,662 [INFO] src.archive.timeline_builder: アーカイブ Timeline 構築: 1 クリップ / V1 1 本 / S1 0 件 / 全長 100.0s
2026-09-16 23:51:52,662 [INFO] src.archive.timeline_builder: セクション追加: clip2 を 100.00s へ挿入 (VOD 450.0-600.0 / 尺 150.00s)
2026-09-16 23:51:52,662 [INFO] src.archive.timeline_builder: アーカイブ Timeline 構築: 2 クリップ / V1 2 本 / S1 0 件 / 全長 200.0s
2026-09-16 23:51:52,662 [INFO] src.archive.timeline_builder: セクション追加: clip3 を 200.00s へ挿入 (VOD 500.0-600.0 / 尺 100.00s)
2026-09-16 23:51:52,662 [INFO] src.archive.timeline_builder: セクション統合: clip2 へ 1 件を畳み込み (VOD 400.0-600.0)
2026-09-16 23:51:52,662 [INFO] src.archive.timeline_builder: アーカイブ Timeline 構築: 2 クリップ / V1 2 本 / S1 0 件 / 全長 200.0s
2026-09-16 23:51:52,663 [INFO] src.archive.timeline_builder: セクション追加: clip3 を 200.00s へ挿入 (VOD 500.0-600.0 / 尺 100.00s)
2026-09-16 23:51:52,663 [INFO] src.archive.timeline_builder: セクション統合: clip2 へ 1 件を畳み込み (VOD 400.0-600.0)
2026-09-16 23:51:52,663 [INFO] src.archive.timeline_builder: アーカイブ Timeline 構築: 3 クリップ / V1 3 本 / S1 0 件 / 全長 300.0s
2026-09-16 23:51:52,663 [INFO] src.timeline.commands: 貼り付けの割り込み: V1 の 200.000s へ 100.00s を確保 / 移動 1 件・分割 0 件・切詰 0 件
2026-09-16 23:51:52,663 [INFO] src.timeline.commands: 貼り付けの割り込み: S1 の 200.000s へ 100.00s を確保 / 移動 0 件・分割 0 件・切詰 0 件
2026-09-16 23:51:52,663 [INFO] src.archive.timeline_builder: セクション追加: clip4 を 200.00s へ挿入 (VOD 500.0-600.0 / 尺 100.00s)
2026-09-16 23:51:52,663 [INFO] src.archive.timeline_builder: セクション統合: clip2 へ 1 件を畳み込み (VOD 400.0-600.0)
2026-09-16 23:51:52,664 [INFO] src.archive.timeline_builder: アーカイブ Timeline 構築: 3 クリップ / V1 3 本 / S1 0 件 / 全長 300.0s
2026-09-16 23:51:52,664 [INFO] src.timeline.commands: 貼り付けの割り込み: V1 の 100.000s へ 200.00s を確保 / 移動 2 件・分割 0 件・切詰 0 件
2026-09-16 23:51:52,664 [INFO] src.timeline.commands: 貼り付けの割り込み: S1 の 100.000s へ 200.00s を確保 / 移動 0 件・分割 0 件・切詰 0 件
2026-09-16 23:51:52,664 [INFO] src.archive.timeline_builder: セクション追加: clip4 を 100.00s へ挿入 (VOD 200.0-400.0 / 尺 200.00s)
2026-09-16 23:51:52,664 [INFO] src.timeline.commands: 貼り付けの割り込み: V1 の 400.000s へ 200.00s を確保 / 移動 1 件・分割 0 件・切詰 0 件
2026-09-16 23:51:52,664 [INFO] src.timeline.commands: 貼り付けの割り込み: S1 の 400.000s へ 200.00s を確保 / 移動 0 件・分割 0 件・切詰 0 件
2026-09-16 23:51:52,664 [INFO] src.archive.timeline_builder: セクション追加: clip5 を 400.00s へ挿入 (VOD 500.0-700.0 / 尺 200.00s)
2026-09-16 23:51:52,664 [INFO] src.archive.timeline_builder: セクション統合: clip1 へ 4 件を畳み込み (VOD 100.0-800.0)
2026-09-16 23:51:52,664 [INFO] src.archive.timeline_builder: アーカイブ Timeline 構築: 1 クリップ / V1 1 本 / S1 0 件 / 全長 100.0s
2026-09-16 23:51:52,665 [INFO] src.archive.timeline_builder: セクション追加: clip2 を 100.00s へ挿入 (VOD 200.0-300.0 / 尺 100.00s)
2026-09-16 23:51:52,665 [INFO] src.archive.timeline_builder: セクション統合: clip1 へ 1 件を畳み込み (VOD 100.0-300.0)
2026-09-16 23:51:52,665 [INFO] src.archive.timeline_builder: アーカイブ Timeline 構築: 2 クリップ / V1 2 本 / S1 0 件 / 全長 200.0s
2026-09-16 23:51:52,665 [INFO] src.timeline.commands: 貼り付けの割り込み: V1 の 100.000s へ 50.00s を確保 / 移動 1 件・分割 0 件・切詰 0 件
2026-09-16 23:51:52,665 [INFO] src.timeline.commands: 貼り付けの割り込み: S1 の 100.000s へ 50.00s を確保 / 移動 0 件・分割 0 件・切詰 0 件
2026-09-16 23:51:52,665 [INFO] src.archive.timeline_builder: セクション追加: clip3 を 100.00s へ挿入 (VOD 250.0-300.0 / 尺 50.00s)
2026-09-16 23:51:52,665 [INFO] src.archive.timeline_builder: アーカイブ Timeline 構築: 2 クリップ / V1 2 本 / S1 0 件 / 全長 200.0s
2026-09-16 23:51:52,666 [INFO] src.archive.timeline_builder: セクション追加: clip3 を 200.00s へ挿入 (VOD 500.0-600.0 / 尺 100.00s)
2026-09-16 23:51:52,666 [INFO] src.archive.timeline_builder: セクション統合: clip2 へ 1 件を畳み込み (VOD 400.0-600.0)
2026-09-16 23:51:52,666 [INFO] src.archive.timeline_builder: アーカイブ Timeline 構築: 3 クリップ / V1 3 本 / S1 0 件 / 全長 300.0s
2026-09-16 23:51:52,666 [INFO] src.timeline.commands: 貼り付けの割り込み: V1 の 100.000s へ 50.00s を確保 / 移動 2 件・分割 0 件・切詰 0 件
2026-09-16 23:51:52,666 [INFO] src.timeline.commands: 貼り付けの割り込み: S1 の 100.000s へ 50.00s を確保 / 移動 0 件・分割 0 件・切詰 0 件
2026-09-16 23:51:52,666 [INFO] src.archive.timeline_builder: セクション追加: clip4 を 100.00s へ挿入 (VOD 250.0-300.0 / 尺 50.00s)
2026-09-16 23:51:52,667 [INFO] src.archive.timeline_builder: アーカイブ Timeline 構築: 1 クリップ / V1 1 本 / S1 0 件 / 全長 30.0s
2026-09-16 23:51:52,667 [INFO] src.archive.timeline_builder: アーカイブ Timeline 構築: 1 クリップ / V1 1 本 / S1 0 件 / 全長 30.0s
2026-09-16 23:51:52,667 [INFO] src.archive.timeline_builder: アーカイブ Timeline 構築: 1 クリップ / V1 1 本 / S1 0 件 / 全長 30.0s
2026-09-16 23:51:52,667 [INFO] src.archive.timeline_builder: アーカイブ Timeline 構築: 1 クリップ / V1 1 本 / S1 0 件 / 全長 30.0s
2026-09-16 23:51:52,667 [INFO] src.archive.timeline_builder: アーカイブ Timeline 構築: 1 クリップ / V1 1 本 / S1 0 件 / 全長 30.0s
2026-09-16 23:51:52,668 [INFO] src.archive.timeline_builder: アーカイブ Timeline 構築: 3 クリップ / V1 6 本 / S1 6 件 / 全長 30.0s
2026-09-16 23:51:52,668 [INFO] src.archive.timeline_builder: アーカイブ Timeline 構築: 3 クリップ / V1 6 本 / S1 6 件 / 全長 30.0s
2026-09-16 23:51:52,668 [INFO] src.archive.timeline_builder: アーカイブ Timeline 構築: 3 クリップ / V1 6 本 / S1 6 件 / 全長 30.0s
2026-09-16 23:51:52,668 [INFO] src.archive.timeline_builder: アーカイブ Timeline 構築: 3 クリップ / V1 6 本 / S1 6 件 / 全長 30.0s
2026-09-16 23:51:52,668 [INFO] src.archive.timeline_builder: アーカイブ Timeline 構築: 3 クリップ / V1 6 本 / S1 6 件 / 全長 30.0s
2026-09-16 23:51:52,668 [INFO] src.archive.timeline_builder: アーカイブ Timeline 構築: 3 クリップ / V1 6 本 / S1 6 件 / 全長 30.0s
2026-09-16 23:51:52,668 [INFO] src.archive.timeline_builder: アーカイブ Timeline 構築: 3 クリップ / V1 6 本 / S1 6 件 / 全長 30.0s
2026-09-16 23:51:52,668 [INFO] src.archive.timeline_builder: アーカイブ Timeline 構築: 3 クリップ / V1 6 本 / S1 6 件 / 全長 30.0s
2026-09-16 23:51:52,668 [INFO] src.archive.timeline_builder: アーカイブ Timeline 構築: 3 クリップ / V1 6 本 / S1 6 件 / 全長 30.0s
2026-09-16 23:51:52,671 [INFO] src.archive.timeline_builder: アーカイブ Timeline 構築: 1 クリップ / V1 1 本 / S1 2 件 / 全長 30.0s
2026-09-16 23:51:52,671 [INFO] src.archive.timeline_builder: clip1: クリップ終端で打ち切った字幕 1 件 / 載せなかった字幕 0 件
2026-09-16 23:51:52,671 [INFO] src.archive.timeline_builder: clip2: クリップ終端で打ち切った字幕 1 件 / 載せなかった字幕 0 件
2026-09-16 23:51:52,671 [INFO] src.archive.timeline_builder: clip3: クリップ終端で打ち切った字幕 1 件 / 載せなかった字幕 0 件
2026-09-16 23:51:52,671 [INFO] src.archive.timeline_builder: アーカイブ Timeline 構築: 3 クリップ / V1 6 本 / S1 3 件 / 全長 30.0s
2026-09-16 23:51:52,671 [INFO] src.archive.timeline_builder: clip1: クリップ終端で打ち切った字幕 1 件 / 載せなかった字幕 0 件
2026-09-16 23:51:52,671 [INFO] src.archive.timeline_builder: アーカイブ Timeline 構築: 2 クリップ / V1 4 本 / S1 3 件 / 全長 20.0s
2026-09-16 23:51:52,671 [INFO] src.archive.timeline_builder: clip1: クリップ終端で打ち切った字幕 1 件 / 載せなかった字幕 1 件
2026-09-16 23:51:52,671 [INFO] src.archive.timeline_builder: アーカイブ Timeline 構築: 2 クリップ / V1 4 本 / S1 2 件 / 全長 20.0s
2026-09-16 23:51:52,671 [INFO] src.archive.timeline_builder: clip1: クリップ終端で打ち切った字幕 1 件 / 載せなかった字幕 0 件
2026-09-16 23:51:52,671 [INFO] src.archive.timeline_builder: clip2: クリップ終端で打ち切った字幕 1 件 / 載せなかった字幕 0 件
2026-09-16 23:51:52,671 [INFO] src.archive.timeline_builder: アーカイブ Timeline 構築: 2 クリップ / V1 4 本 / S1 2 件 / 全長 20.0s
2026-09-16 23:51:52,671 [INFO] src.archive.timeline_builder: アーカイブ Timeline 構築: 3 クリップ / V1 6 本 / S1 6 件 / 全長 30.0s
2026-09-16 23:51:52,671 [INFO] src.archive.timeline_builder: アーカイブ Timeline 構築: 3 クリップ / V1 6 本 / S1 6 件 / 全長 30.0s
2026-09-16 23:51:52,671 [INFO] src.archive.timeline_builder: アーカイブ Timeline 構築: 3 クリップ / V1 6 本 / S1 6 件 / 全長 30.0s
2026-09-16 23:51:52,671 [INFO] src.archive.timeline_builder: アーカイブ Timeline 構築: 3 クリップ / V1 6 本 / S1 6 件 / 全長 30.0s
2026-09-16 23:51:52,671 [INFO] src.archive.timeline_builder: アーカイブ Timeline 構築: 3 クリップ / V1 6 本 / S1 6 件 / 全長 30.0s
2026-09-16 23:51:52,671 [INFO] src.archive.timeline_builder: アーカイブ Timeline 構築: 3 クリップ / V1 6 本 / S1 6 件 / 全長 30.0s
2026-09-16 23:51:52,671 [INFO] src.archive.timeline_builder: アーカイブ Timeline 構築: 3 クリップ / V1 6 本 / S1 6 件 / 全長 30.0s
2026-09-16 23:51:52,671 [INFO] src.archive.timeline_builder: clip2 は使用しないため書き出しから除外します
2026-09-16 23:51:52,671 [INFO] src.archive.timeline_builder: アーカイブ Timeline 構築: 3 クリップ / V1 6 本 / S1 6 件 / 全長 30.0s
2026-09-16 23:51:52,671 [INFO] src.archive.timeline_builder: アーカイブ Timeline 構築: 3 クリップ / V1 6 本 / S1 6 件 / 全長 30.0s
2026-09-16 23:51:52,671 [INFO] src.archive.timeline_builder: アーカイブ Timeline 構築: 3 クリップ / V1 6 本 / S1 6 件 / 全長 30.0s
2026-09-16 23:51:52,671 [INFO] src.archive.timeline_builder: アーカイブ Timeline 構築: 3 クリップ / V1 6 本 / S1 6 件 / 全長 30.0s
2026-09-16 23:51:52,671 [INFO] src.archive.timeline_builder: アーカイブ Timeline 構築: 3 クリップ / V1 6 本 / S1 6 件 / 全長 30.0s
2026-09-16 23:51:52,681 [INFO] src.archive.timeline_builder: アーカイブ Timeline 構築: 3 クリップ / V1 6 本 / S1 6 件 / 全長 30.0s
2026-09-16 23:51:52,681 [WARNING] src.blur.config: 未知の blur.default_policy のため既定を使用します: なにか変な値
2026-09-16 23:51:52,681 [WARNING] src.blur.config: 未知の blur.render.mode のため既定を使用します: unknown
2026-09-16 23:51:52,688 [INFO] src.blur.tracker: 人物クラスタリング: tracklet 2 本 → 人物 2 人 (主役 p1)
2026-09-16 23:51:52,688 [INFO] src.blur.tracker: 人物クラスタリング: tracklet 2 本 → 人物 1 人 (主役 p1)
2026-09-16 23:51:52,690 [INFO] src.blur.tracker: 人物クラスタリング: tracklet 2 本 → 人物 2 人 (主役 p1)
2026-09-16 23:51:52,692 [WARNING] src.modules.blur_overlay: ぼかしマスクが見つからないため、ぼかしを省略します: 
2026-09-16 23:51:52,708 [INFO] src.blur.mask_builder: ぼかしマスク: 1200 フレーム / 480x270 / 対象 1 件
2026-09-16 23:51:53,573 [INFO] src.blur.mask_builder: ぼかしマスクを書き出しました: mask.mkv (0.4 MB)
2026-09-16 23:51:53,578 [INFO] src.blur.mask_builder: ぼかしマスク: 1200 フレーム / 480x270 / 対象 1 件
2026-09-16 23:51:54,437 [INFO] src.blur.mask_builder: ぼかしマスクを書き出しました: mask.mkv (0.4 MB)
2026-09-16 23:51:54,595 [INFO] src.blur.mask_builder: ぼかす対象が無いためマスクを作りません
2026-09-16 23:51:54,596 [INFO] src.blur.mask_builder: ぼかしマスク: 1200 フレーム / 270x480 / 対象 1 件
2026-09-16 23:51:55,468 [INFO] src.blur.mask_builder: ぼかしマスクを書き出しました: mask.mkv (0.4 MB)
2026-09-16 23:51:55,483 [INFO] src.timeline.renderer: ベース映像構築: 1 クリップ / ギャップ 0 件 / 合計 5.0s
2026-09-16 23:51:55,489 [INFO] src.timeline.renderer: ベース映像の尺: モデル 5.000s / 実測 5.000s (差 +0.000s / 1 部品)
2026-09-16 23:51:55,491 [INFO] src.timeline.renderer: 字幕焼き込み: 1 件
2026-09-16 23:51:55,500 [INFO] src.timeline.renderer: ベース映像構築: 1 クリップ / ギャップ 0 件 / 合計 5.0s
2026-09-16 23:51:55,503 [INFO] src.timeline.renderer: ベース映像の尺: モデル 5.000s / 実測 5.000s (差 +0.000s / 1 部品)
2026-09-16 23:51:55,503 [INFO] src.timeline.renderer: 字幕焼き込み: 1 件
2026-09-16 23:51:55,516 [INFO] src.timeline.renderer: ベース映像構築: 1 クリップ / ギャップ 0 件 / 合計 5.0s
2026-09-16 23:51:55,522 [INFO] src.timeline.renderer: ベース映像の尺: モデル 5.000s / 実測 5.000s (差 +0.000s / 1 部品)
2026-09-16 23:51:55,522 [INFO] src.timeline.renderer: オーバーレイ・字幕が無いため合成をスキップします
2026-09-16 23:51:55,522 [INFO] src.modules.blur_overlay: ぼかしを焼き込みます: blur_applied.mp4
2026-09-16 23:51:55,522 [INFO] src.timeline.renderer: ベース映像構築: 1 クリップ / ギャップ 0 件 / 合計 5.0s
2026-09-16 23:51:55,533 [INFO] src.timeline.renderer: ベース映像の尺: モデル 5.000s / 実測 5.000s (差 +0.000s / 1 部品)
2026-09-16 23:51:55,534 [INFO] src.timeline.renderer: オーバーレイ・字幕が無いため合成をスキップします
2026-09-16 23:51:55,537 [INFO] src.modules.blur_overlay: ぼかしを焼き込みます: blur_applied.mp4
2026-09-16 23:51:55,537 [INFO] src.timeline.renderer: ベース映像構築: 1 クリップ / ギャップ 0 件 / 合計 5.0s
2026-09-16 23:51:55,549 [INFO] src.timeline.renderer: ベース映像の尺: モデル 5.000s / 実測 5.000s (差 +0.000s / 1 部品)
2026-09-16 23:51:55,550 [INFO] src.timeline.renderer: 字幕焼き込み: 1 件
2026-09-16 23:51:55,555 [INFO] src.timeline.renderer: ベース映像構築: 1 クリップ / ギャップ 0 件 / 合計 5.0s
2026-09-16 23:51:55,555 [INFO] src.timeline.renderer: ベース映像の尺: モデル 5.000s / 実測 5.000s (差 +0.000s / 1 部品)
2026-09-16 23:51:55,555 [ERROR] src.blur.mask_builder: ぼかしの解析結果が見つからないためマスクを作れません: C:\Users\evolu\AppData\Local\Temp\tmpvo8tg_ul\timeline.blur.json
2026-09-16 23:51:55,555 [INFO] src.timeline.renderer: ベース映像構築: 1 クリップ / ギャップ 0 件 / 合計 5.0s
2026-09-16 23:51:55,566 [INFO] src.timeline.renderer: ベース映像の尺: モデル 5.000s / 実測 5.000s (差 +0.000s / 1 部品)
2026-09-16 23:51:55,567 [ERROR] src.blur.mask_builder: ぼかしの解析結果が見つからないためマスクを作れません: C:\Users\evolu\AppData\Local\Temp\tmpmdw4yaon\timeline.blur.json
2026-09-16 23:51:55,568 [INFO] src.timeline.renderer: ベース映像構築: 1 クリップ / ギャップ 0 件 / 合計 5.0s
2026-09-16 23:51:55,575 [INFO] src.timeline.renderer: ベース映像の尺: モデル 5.000s / 実測 5.000s (差 +0.000s / 1 部品)
2026-09-16 23:51:55,576 [ERROR] src.blur.mask_builder: ぼかしの解析結果が見つからないためマスクを作れません: C:\Users\evolu\AppData\Local\Temp\tmpkb7vzo7y\timeline.blur.json
2026-09-16 23:51:55,576 [WARNING] src.timeline.renderer: 利用者の指示により、ぼかしを入れずに出力します
2026-09-16 23:51:55,576 [INFO] src.timeline.renderer: オーバーレイ・字幕が無いため合成をスキップします
2026-09-16 23:51:55,579 [INFO] src.timeline.renderer: 中間形式を最終形式へ変換: .mov → mp4 (音声のみ再エンコード)
2026-09-16 23:51:55,580 [INFO] src.timeline.renderer: ベース映像構築: 1 クリップ / ギャップ 0 件 / 合計 5.0s
2026-09-16 23:51:55,587 [INFO] src.timeline.renderer: ベース映像の尺: モデル 5.000s / 実測 5.000s (差 +0.000s / 1 部品)
2026-09-16 23:51:55,587 [INFO] src.timeline.renderer: オーバーレイ・字幕が無いため合成をスキップします
2026-09-16 23:51:55,591 [INFO] src.timeline.renderer: 中間形式を最終形式へ変換: .mov → mp4 (音声のみ再エンコード)
2026-09-16 23:51:56,738 [INFO] src.modules.subtitle_generator: 縦動画のため字幕設定を縦用へ上書き (font/改行/配置/余白)
2026-09-16 23:51:56,738 [WARNING] src.modules.comment_decor: コメント背景がキャンバスに収まらないため詰めました (推定幅 1181px / 使える幅 1080px)。font_size か max_line_length を下げると解消します
2026-09-16 23:51:56,740 [INFO] src.modules.comment_decor: コメントアイコン: 2 件 / 位置 2 種類
2026-09-16 23:51:56,740 [INFO] src.modules.comment_decor: コメントアイコン: 2 件 / 位置 1 種類
2026-09-16 23:51:56,740 [INFO] src.modules.comment_decor: コメントアイコン: 1 件 / 位置 1 種類
2026-09-16 23:51:56,740 [INFO] src.modules.subtitle_generator: 縦動画のため字幕設定を縦用へ上書き (font/改行/配置/余白)
2026-09-16 23:51:56,740 [WARNING] src.modules.comment_decor: コメントアイコンがキャンバスに収まらないため位置を詰めました (要求 x=-190.0 y=465.0 → x=0.0 y=465.0)。subtitle.comment_margin_l を大きくすると解消します
2026-09-16 23:51:56,740 [INFO] src.modules.subtitle_generator: コメント背景: 1 件
2026-09-16 23:51:56,756 [WARNING] src.modules.subtitle_generator: コメントの Layer が逆転しているため本文を 6 へ引き上げます (背景=5 / 本文=1)
2026-09-16 23:51:56,757 [INFO] src.modules.subtitle_generator: コメント背景: 1 件
2026-09-16 23:51:56,815 [WARNING] src.modules.subtitle_generator: コメントの配置は左寄せ (1/4/7) のみ対応のため 4 を使用します: 2
2026-09-16 23:51:56,820 [INFO] src.modules.subtitle_generator: 縦動画のため字幕設定を縦用へ上書き (font/改行/配置/余白)
2026-09-16 23:51:56,821 [WARNING] src.export.fcpxml_builder: タイムライン終端を超える字幕をクリップ末尾へクランプしました (丸め誤差の端数など)。
2026-09-16 23:51:56,868 [INFO] src.modules.loudness_normalizer: 入力ラウドネス: I=-9.2 LUFS / TP=-0.3 dBTP / LRA=5.1 LU → 目標 I=-14.0 LUFS / TP=-1.0 dBTP (offset 0.4 dB)
2026-09-16 23:51:56,878 [ERROR] src.modules.loudness_normalizer: ラウドネス正規化の適用に失敗 (元音声のまま継続): in.mp4
Traceback (most recent call last):
  File "D:\develop\autoedit\src\modules\loudness_normalizer.py", line 219, in normalize_file
    ffmpeg_runner.execute(
  File "C:\Users\evolu\AppData\Local\Programs\Python\Python312\Lib\unittest\mock.py", line 1139, in __call__
    return self._mock_call(*args, **kwargs)
           ^^^^^^^^^^^^^^^^^^^^^^^^^^^^^^^^
  File "C:\Users\evolu\AppData\Local\Programs\Python\Python312\Lib\unittest\mock.py", line 1143, in _mock_call
    return self._execute_mock_call(*args, **kwargs)
           ^^^^^^^^^^^^^^^^^^^^^^^^^^^^^^^^^^^^^^^^
  File "C:\Users\evolu\AppData\Local\Programs\Python\Python312\Lib\unittest\mock.py", line 1198, in _execute_mock_call
    raise effect
src.exceptions.FFmpegError: 失敗
2026-09-16 23:51:56,888 [INFO] src.modules.loudness_normalizer: ラウドネス正規化は無効のためスキップ
2026-09-16 23:51:56,888 [WARNING] src.modules.loudness_normalizer: ラウドネス測定に失敗したため正規化をスキップ (元音声のまま継続): in.mp4
2026-09-16 23:51:56,888 [INFO] src.modules.loudness_normalizer: 音声ストリームが無いためラウドネス正規化をスキップ: in.mp4
2026-09-16 23:51:56,902 [INFO] src.modules.loudness_normalizer: ラウドネス正規化 完了: out.mp4
2026-09-16 23:51:56,902 [INFO] src.modules.loudness_normalizer: 入力ラウドネス: I=-9.2 LUFS / TP=-0.3 dBTP / LRA=5.1 LU → 目標 I=-14.0 LUFS / TP=-1.0 dBTP (offset 0.4 dB)
2026-09-16 23:51:56,905 [INFO] src.modules.loudness_normalizer: ラウドネス正規化 完了: out.mp4
2026-09-16 23:51:56,916 [INFO] src.timeline.media_recovery: 本編素材を元動画から作り直します: C:\Users\evolu\AppData\Local\Temp\media_recovery_test_4aqii7lo\sample.mp4
2026-09-16 23:51:56,917 [WARNING] src.timeline.media_recovery: 素材が見つかりません: m2 (C:\Users\evolu\AppData\Local\Temp\media_recovery_test_xm61cae_\gone.png)
2026-09-16 23:51:56,919 [INFO] src.timeline.media_recovery: 素材を差し替え済みのフォルダで見つけました: m3 → C:\Users\evolu\AppData\Local\Temp\media_recovery_test_fqm4v_9o\moved\logo2.png
2026-09-16 23:51:56,921 [INFO] src.timeline.media_recovery: 本編素材を元動画から作り直します: C:\Users\evolu\AppData\Local\Temp\media_recovery_test_ehx31900\sample.mp4
2026-09-16 23:51:56,921 [WARNING] src.timeline.media_recovery: 元動画が見つからないため本編素材を復旧できません: C:\Users\evolu\AppData\Local\Temp\media_recovery_test_r6yf63y7\no_such_input.mp4
2026-09-16 23:51:56,921 [WARNING] src.timeline.media_recovery: 素材が見つかりません: m1 (C:\Users\evolu\AppData\Local\Temp\media_recovery_test_r6yf63y7\work\loudness_normalized.mp4)
2026-09-16 23:51:56,921 [INFO] src.timeline.media_recovery: 本編素材は元動画そのものだったため、そのまま使います: C:\Users\evolu\AppData\Local\Temp\media_recovery_test_os6ibzj2\sample.mp4
2026-09-16 23:51:56,921 [INFO] src.timeline.media_recovery: 素材を相対パスで見つけました: m2 → C:\Users\evolu\AppData\Local\Temp\media_recovery_test_f_3s0h8d\assets\logo.png
2026-09-16 23:51:56,921 [INFO] src.timeline.media_recovery: 設定に従い元動画をそのまま使います (音量は正規化前): C:\Users\evolu\AppData\Local\Temp\media_recovery_test_nxixc1u6\sample.mp4
2026-09-16 23:51:56,921 [INFO] src.services.points: ポイントを予約しました: clip/video 25pt (watermark=False)
2026-09-16 23:51:56,921 [WARNING] src.services.points: ポイント残高を取得できませんでした: 断
2026-09-16 23:51:56,931 [INFO] src.services.points: ポイントを予約しました: clip/video 25pt (watermark=False)
2026-09-16 23:51:56,932 [WARNING] src.services.points: ポイントのcommitを送信できませんでした (再送します): 接続できません
2026-09-16 23:51:56,938 [INFO] src.services.points: ポイントを予約しました: clip/video 25pt (watermark=False)
2026-09-16 23:51:56,955 [WARNING] src.services.points: ポイントのcommitを送信できませんでした (再送します): 断
2026-09-16 23:51:56,970 [INFO] src.services.points: 保留していたポイント処理を 2 件送信しました。
2026-09-16 23:51:56,971 [WARNING] src.services.points: ポイントを予約できませんでした: 再ログインが必要です。
2026-09-16 23:51:56,971 [INFO] src.services.points: ポイントを予約しました: clip/video 25pt (watermark=False)
2026-09-16 23:51:56,971 [WARNING] src.services.points: ポイントのcancelが拒否されました: 確定済み
2026-09-16 23:51:56,971 [INFO] src.services.points: 保留していたポイント処理を 1 件送信しました。
2026-09-16 23:51:56,971 [INFO] src.services.points: ポイントを予約しました: clip/video 25pt (watermark=False)
2026-09-16 23:51:56,985 [INFO] src.services.points: サブスク判定のキャッシュが古いため watermark を入れます。
2026-09-16 23:51:56,985 [WARNING] src.services.points: ポイントを予約できませんでした (オフライン): 接続できません
2026-09-16 23:51:57,000 [WARNING] src.services.points: ポイントを予約できませんでした (オフライン): 接続できません
2026-09-16 23:51:57,001 [WARNING] src.services.points: ポイントを予約できませんでした (オフライン): 接続できません
2026-09-16 23:51:57,001 [WARNING] src.services.points: ポイントを予約できませんでした: 想定外
2026-09-16 23:51:57,002 [INFO] src.services.points: ポイントを予約しました: clip/resolveProject 0pt (watermark=False)
2026-09-16 23:51:57,018 [INFO] src.services.points: ポイントを予約しました: clip/video 25pt (watermark=False)
2026-09-16 23:51:57,019 [INFO] src.services.points: ポイントを予約しました: archive/video 0pt (watermark=True)
2026-09-16 23:51:57,038 [WARNING] src.timeline.builder: フレーム間引きの設定が不正なため none を使用します: 'all'
2026-09-16 23:51:57,051 [INFO] src.timeline.project_io: プロジェクト保存: C:\Users\evolu\AppData\Local\Temp\library_summary_3hiak2z_\vod.archive.timeline.json
2026-09-16 23:51:57,072 [WARNING] src.timeline.project_io: プロジェクトの概要を読めませんでした: C:\Users\evolu\AppData\Local\Temp\library_summary_x5f89rms\broken.timeline.json
2026-09-16 23:51:57,077 [INFO] src.timeline.project_io: プロジェクト保存: C:\Users\evolu\AppData\Local\Temp\library_summary_695ab4a2\sample.timeline.json
2026-09-16 23:51:57,090 [INFO] src.timeline.project_io: プロジェクト保存: C:\Users\evolu\AppData\Local\Temp\library_summary_stewtng_\sample.timeline.json
2026-09-16 23:51:57,106 [INFO] src.timeline.project_io: プロジェクト保存: C:\Users\evolu\AppData\Local\Temp\library_rename_zjkx11tw\old.timeline.json
2026-09-16 23:51:57,119 [INFO] src.timeline.project_io: プロジェクト保存: C:\Users\evolu\AppData\Local\Temp\library_rename_wah11hm8\old.timeline.json
2026-09-16 23:51:57,125 [INFO] src.timeline.project_io: プロジェクト保存: C:\Users\evolu\AppData\Local\Temp\library_rename_5ykxss5q\old.timeline.json
2026-09-16 23:51:57,138 [INFO] src.timeline.project_io: プロジェクトを改名しました: old.timeline.json → new.timeline.json
2026-09-16 23:51:57,155 [INFO] src.timeline.project_io: プロジェクト保存: C:\Users\evolu\AppData\Local\Temp\library_rename_1f9bye45\old.timeline.json
2026-09-16 23:51:57,172 [INFO] src.timeline.project_io: プロジェクトを改名しました: old.timeline.json → new.timeline.json
2026-09-16 23:51:57,176 [INFO] src.timeline.project_io: プロジェクト保存: C:\Users\evolu\AppData\Local\Temp\library_rename_dh7ztcf6\old.timeline.json
2026-09-16 23:51:57,188 [INFO] src.timeline.project_io: プロジェクトが 5 件見つかりました (新しい 2 件を表示します)
2026-09-16 23:51:57,219 [WARNING] src.export.resolve_export: ソース総尺の取得に失敗 (タイムライン全長で代用): C:\Users\evolu\AppData\Local\Temp\resolve_export_test_u2y4qi3b\sample.mp4
2026-09-16 23:51:57,232 [WARNING] src.export.resolve_export: ソース総尺の取得に失敗 (タイムライン全長で代用): C:\Users\evolu\AppData\Local\Temp\resolve_export_test_s1n7zhvm\sample.mp4
2026-09-16 23:51:57,247 [WARNING] src.export.resolve_export: ソース総尺の取得に失敗 (タイムライン全長で代用): C:\Users\evolu\AppData\Local\Temp\resolve_export_test_ie3fho2o\sample.mp4
2026-09-16 23:51:57,256 [WARNING] src.export.resolve_export: ソース総尺の取得に失敗 (タイムライン全長で代用): C:\Users\evolu\AppData\Local\Temp\resolve_export_test_fe9kbaja\sample.mp4
2026-09-16 23:51:57,256 [WARNING] src.export.resolve_export: テーマ演出はテキストと区間のみを出力します (ブラー・黒帯などの映像エフェクトは FCPXML で表現できません)。
2026-09-16 23:51:57,256 [WARNING] src.export.resolve_export: 字幕位置は配置(alignment)＋余白からの近似です。Resolve 取り込み時に位置が中央へ戻る場合があります (フォント/サイズ/色は保持)。
2026-09-16 23:51:57,272 [WARNING] src.export.resolve_export: ソース総尺の取得に失敗 (タイムライン全長で代用): C:\Users\evolu\AppData\Local\Temp\resolve_export_test_u1_jr4py\sample.mp4
2026-09-16 23:51:57,287 [WARNING] src.export.resolve_export: ソース総尺の取得に失敗 (タイムライン全長で代用): C:\Users\evolu\AppData\Local\Temp\resolve_export_test__r_rdulu\sample.mp4
2026-09-16 23:51:57,302 [WARNING] src.export.resolve_export: ソース総尺の取得に失敗 (タイムライン全長で代用): C:\Users\evolu\AppData\Local\Temp\resolve_export_test_maloo3ey\sample.mp4
2026-09-16 23:51:57,316 [WARNING] src.export.resolve_export: ソース総尺の取得に失敗 (タイムライン全長で代用): C:\Users\evolu\AppData\Local\Temp\resolve_export_test_maloo3ey\sample.mp4
2026-09-16 23:51:57,328 [WARNING] src.export.resolve_export: ソース総尺の取得に失敗 (タイムライン全長で代用): C:\Users\evolu\AppData\Local\Temp\resolve_export_test_fxn0k4p8\sample.mp4
2026-09-16 23:51:57,328 [WARNING] src.export.resolve_export: 未対応の字幕出力方式 export.resolve.subtitle.mode=bogus のため caption で出力します
2026-09-16 23:51:57,339 [WARNING] src.export.resolve_export: ソース総尺の取得に失敗 (タイムライン全長で代用): C:\Users\evolu\AppData\Local\Temp\resolve_export_test_daefsj4h\sample.mp4
2026-09-16 23:51:57,355 [WARNING] src.export.resolve_export: ソース総尺の取得に失敗 (タイムライン全長で代用): C:\Users\evolu\AppData\Local\Temp\resolve_export_test_f91l6aac\sample.mp4
2026-09-16 23:51:57,375 [WARNING] src.export.resolve_export: ソース総尺の取得に失敗 (タイムライン全長で代用): C:\Users\evolu\AppData\Local\Temp\resolve_export_test_71k7d1zn\sample.mp4
2026-09-16 23:51:57,390 [WARNING] src.export.resolve_export: ソース総尺の取得に失敗 (タイムライン全長で代用): C:\Users\evolu\AppData\Local\Temp\resolve_export_test_o8z29c8n\sample.mp4
2026-09-16 23:51:57,404 [WARNING] src.export.resolve_export: ソース総尺の取得に失敗 (タイムライン全長で代用): C:\Users\evolu\AppData\Local\Temp\resolve_export_test_0622o9s2\sample.mp4
2026-09-16 23:51:57,420 [WARNING] src.export.resolve_export: ソース総尺の取得に失敗 (タイムライン全長で代用): C:\Users\evolu\AppData\Local\Temp\resolve_export_test_uswl904f\sample.mp4
2026-09-16 23:51:57,438 [WARNING] src.export.resolve_export: ソース総尺の取得に失敗 (タイムライン全長で代用): C:\Users\evolu\AppData\Local\Temp\resolve_export_test_ebybyp1l\sample.mp4
2026-09-16 23:51:57,455 [WARNING] src.export.resolve_export: ソース総尺の取得に失敗 (タイムライン全長で代用): C:\Users\evolu\AppData\Local\Temp\resolve_export_test_hqcxwgti\sample.mp4
2026-09-16 23:51:57,472 [WARNING] src.export.resolve_export: ソース総尺の取得に失敗 (タイムライン全長で代用): C:\Users\evolu\AppData\Local\Temp\resolve_export_test_uexrvlv8\sample.mp4
2026-09-16 23:51:57,472 [INFO] src.export.resolve_export: 編集点が無いため全長 1 クリップとして出力します
2026-09-16 23:51:57,485 [WARNING] src.export.resolve_export: ソース総尺の取得に失敗 (タイムライン全長で代用): C:\Users\evolu\AppData\Local\Temp\resolve_export_test_ty9gjnay\sample.mp4
2026-09-16 23:51:57,485 [INFO] src.export.resolve_export: Resolve 出力開始: C:\Users\evolu\AppData\Local\Temp\resolve_export_test_ty9gjnay\out2.fcpxml (クリップ 1 件 / 字幕 caption 1 件 / title・テーマ 0 件 / 1920x1080 60fps)
2026-09-16 23:51:57,487 [INFO] src.export.resolve_export: 字幕トラックのスタイルは Resolve の字幕トラックヘッダー選択 → インスペクタ → Track Style で一括設定できます (Resolve 19 以降は Text+ スタイルも指定可)。
2026-09-16 23:51:57,487 [INFO] src.export.resolve_export: Resolve 出力完了: C:\Users\evolu\AppData\Local\Temp\resolve_export_test_ty9gjnay\out2.fcpxml (タイムライン尺 5.00s)
2026-09-16 23:51:57,501 [WARNING] src.export.resolve_export: ソース総尺の取得に失敗 (タイムライン全長で代用): C:\Users\evolu\AppData\Local\Temp\resolve_export_test_74u9x3pb\sample.mp4
2026-09-16 23:51:57,502 [INFO] src.export.resolve_export: Resolve 出力開始: C:\Users\evolu\AppData\Local\Temp\resolve_export_test_74u9x3pb\out3.fcpxml (クリップ 1 件 / 字幕 caption 0 件 / title・テーマ 0 件 / 1920x1080 60fps)
2026-09-16 23:51:57,503 [INFO] src.export.resolve_export: Resolve 出力完了: C:\Users\evolu\AppData\Local\Temp\resolve_export_test_74u9x3pb\out3.fcpxml (タイムライン尺 5.00s)
2026-09-16 23:51:57,518 [WARNING] src.export.resolve_export: ソース総尺の取得に失敗 (タイムライン全長で代用): C:\Users\evolu\AppData\Local\Temp\resolve_export_test_mtwoo95j\sample.mp4
2026-09-16 23:51:57,519 [INFO] src.export.resolve_export: Resolve 出力開始: C:\Users\evolu\AppData\Local\Temp\resolve_export_test_mtwoo95j\out.fcpxml (クリップ 1 件 / 字幕 caption 1 件 / title・テーマ 0 件 / 1920x1080 60fps)
2026-09-16 23:51:57,522 [INFO] src.export.resolve_export: SRT サイドカー出力: C:\Users\evolu\AppData\Local\Temp\resolve_export_test_mtwoo95j\out.srt (1 件)
2026-09-16 23:51:57,522 [INFO] src.export.resolve_export: Resolve 出力完了: C:\Users\evolu\AppData\Local\Temp\resolve_export_test_mtwoo95j\out.fcpxml / C:\Users\evolu\AppData\Local\Temp\resolve_export_test_mtwoo95j\out.srt (タイムライン尺 5.00s)
2026-09-16 23:51:57,534 [INFO] src.export.resolve_export: Resolve 出力を中止 (上書きしない): C:\Users\evolu\AppData\Local\Temp\resolve_export_test_mtwoo95j\out.fcpxml
2026-09-16 23:51:57,568 [INFO] src.modules.subtitle_generator: 縦動画のため字幕設定を縦用へ上書き (font/改行/配置/余白)
2026-09-16 23:51:57,575 [WARNING] src.services.stretheus_auth: API の日時を解釈できませんでした。
2026-09-16 23:51:57,584 [INFO] src.services.stretheus_auth: Stretheus のログインページを開きます (ポート49687)
2026-09-16 23:51:57,608 [INFO] src.services.stretheus_auth: Stretheus へログインしました。
2026-09-16 23:51:58,655 [INFO] src.services.stretheus_auth: Stretheus のログインページを開きます (ポート49695)
2026-09-16 23:51:58,686 [INFO] src.services.stretheus_auth: Stretheus へログインしました。
2026-09-16 23:51:59,736 [INFO] src.services.stretheus_auth: Stretheus のログインページを開きます (ポート49704)
2026-09-16 23:51:59,741 [INFO] src.services.stretheus_auth: Stretheus へログインしました。
2026-09-16 23:52:00,271 [INFO] src.services.stretheus_auth: Stretheus のログインページを開きます (ポート49709)
2026-09-16 23:52:00,303 [INFO] src.services.stretheus_auth: Stretheus へログインしました。
2026-09-16 23:52:00,834 [INFO] src.services.stretheus_auth: Stretheus のログインページを開きます (ポート49715)
2026-09-16 23:52:00,871 [INFO] src.services.stretheus_auth: Stretheus へログインしました。
2026-09-16 23:52:01,402 [INFO] src.services.stretheus_auth: Stretheus のログインページを開きます (ポート49721)
2026-09-16 23:52:01,420 [INFO] src.services.stretheus_auth: Stretheus へログインしました。
2026-09-16 23:52:01,935 [INFO] src.modules.subtitle_generator: テロップ個別指定 フォント 0 件 / サイズ 0 件 / 文字色 1 件 / 縁の色 0 件
2026-09-16 23:52:01,949 [INFO] src.modules.subtitle_generator: テロップ個別指定 フォント 0 件 / サイズ 0 件 / 文字色 1 件 / 縁の色 0 件
2026-09-16 23:52:01,991 [INFO] src.modules.subtitle_generator: テロップ個別指定 フォント 0 件 / サイズ 0 件 / 文字色 0 件 / 縁の色 1 件
2026-09-16 23:52:02,005 [INFO] src.modules.subtitle_generator: テロップ個別指定 フォント 0 件 / サイズ 0 件 / 文字色 0 件 / 縁の色 1 件
2026-09-16 23:52:02,021 [INFO] src.modules.subtitle_generator: テロップ個別指定 フォント 1 件 / サイズ 1 件 / 文字色 1 件 / 縁の色 1 件
2026-09-16 23:52:02,033 [INFO] src.timeline.commands: コメント用の字幕トラックを作成しました: S2
2026-09-16 23:52:02,034 [INFO] src.timeline.commands: 移動先 S2 が空いていないため役割だけ変更しました: s1
2026-09-16 23:52:02,034 [INFO] src.timeline.commands: コメント用の字幕トラックを作成しました: S2
2026-09-16 23:52:02,034 [INFO] src.timeline.commands: コメント用の字幕トラックを作成しました: S2
2026-09-16 23:52:02,035 [INFO] src.timeline.commands: コメント用の字幕トラックを作成しました: S2
2026-09-16 23:52:02,037 [INFO] src.timeline.project_io: プロジェクト保存: C:\Users\evolu\AppData\Local\Temp\tmpbkeirt2s\sample.timeline.json
2026-09-16 23:52:02,053 [INFO] src.modules.subtitle_generator: VAD フィルタ有効 (min_silence=500ms, speech_pad=100ms, condition_on_previous_text=False)
2026-09-16 23:52:02,053 [WARNING] src.modules.subtitle_generator: VAD 付き認識に失敗したため VAD 無しで再試行します: VAD の初期化に失敗しました (テスト)
2026-09-16 23:52:02,053 [INFO] src.modules.subtitle_generator: VAD フィルタ有効 (min_silence=800ms, speech_pad=100ms, condition_on_previous_text=False)
2026-09-16 23:52:02,053 [INFO] src.modules.subtitle_generator: VAD フィルタ有効 (min_silence=500ms, speech_pad=100ms, condition_on_previous_text=False)
2026-09-16 23:52:02,072 [INFO] src.timeline.commands: 貼り付けの割り込み: V1 の 5.000s へ 10.00s を確保 / 移動 2 件・分割 1 件・切詰 0 件
2026-09-16 23:52:02,072 [INFO] src.timeline.commands: 貼り付けの割り込み: V2 の 5.000s へ 10.00s を確保 / 移動 2 件・分割 0 件・切詰 0 件
2026-09-16 23:52:02,072 [INFO] src.timeline.commands: 貼り付けの割り込み: S1 の 5.000s へ 10.00s を確保 / 移動 1 件・分割 0 件・切詰 0 件
2026-09-16 23:52:02,072 [INFO] src.timeline.commands: 貼り付けの割り込み: V1 の 5.000s へ 10.00s を確保 / 移動 2 件・分割 1 件・切詰 0 件
2026-09-16 23:52:02,072 [INFO] src.timeline.commands: 貼り付けの割り込み: V2 の 5.000s へ 10.00s を確保 / 移動 2 件・分割 0 件・切詰 0 件
2026-09-16 23:52:02,072 [INFO] src.timeline.commands: 貼り付けの割り込み: S1 の 5.000s へ 10.00s を確保 / 移動 1 件・分割 0 件・切詰 0 件
2026-09-16 23:52:02,073 [INFO] src.timeline.commands: 貼り付けの割り込み: V1 の 5.000s へ 10.00s を確保 / 移動 2 件・分割 1 件・切詰 0 件
2026-09-16 23:52:02,073 [INFO] src.timeline.commands: 貼り付けの割り込み: V2 の 5.000s へ 10.00s を確保 / 移動 2 件・分割 0 件・切詰 0 件
2026-09-16 23:52:02,073 [INFO] src.timeline.commands: 貼り付けの割り込み: S1 の 5.000s へ 10.00s を確保 / 移動 1 件・分割 0 件・切詰 0 件
2026-09-16 23:52:02,073 [INFO] src.timeline.commands: 貼り付けの割り込み: V1 の 5.000s へ 15.00s を確保 / 移動 3 件・分割 0 件・切詰 0 件
2026-09-16 23:52:02,073 [INFO] src.timeline.commands: 貼り付けの割り込み: V2 の 5.000s へ 15.00s を確保 / 移動 2 件・分割 0 件・切詰 0 件
2026-09-16 23:52:02,073 [INFO] src.timeline.commands: 貼り付けの割り込み: S1 の 5.000s へ 15.00s を確保 / 移動 1 件・分割 0 件・切詰 0 件
2026-09-16 23:52:02,074 [INFO] src.timeline.commands: 貼り付けの割り込み: V1 の 10.020s へ 10.02s を確保 / 移動 2 件・分割 0 件・切詰 0 件
2026-09-16 23:52:02,074 [INFO] src.timeline.commands: 貼り付けの割り込み: V2 の 10.020s へ 10.02s を確保 / 移動 1 件・分割 0 件・切詰 0 件
2026-09-16 23:52:02,074 [INFO] src.timeline.commands: 貼り付けの割り込み: S1 の 10.020s へ 10.02s を確保 / 移動 1 件・分割 0 件・切詰 0 件
2026-09-16 23:52:02,074 [INFO] src.timeline.commands: 貼り付けの割り込み: V1 の 19.980s へ 9.98s を確保 / 移動 1 件・分割 0 件・切詰 1 件
2026-09-16 23:52:02,074 [INFO] src.timeline.commands: 貼り付けの割り込み: V2 の 19.980s へ 9.98s を確保 / 移動 1 件・分割 0 件・切詰 0 件
2026-09-16 23:52:02,074 [INFO] src.timeline.commands: 貼り付けの割り込み: S1 の 19.980s へ 9.98s を確保 / 移動 0 件・分割 0 件・切詰 0 件
2026-09-16 23:52:02,074 [WARNING] src.timeline.commands: 素材が見つからないため貼り付けません: D:\develop\autoedit\tests\存在しない素材.mp4
2026-09-16 23:52:02,074 [INFO] src.timeline.commands: 貼り付けの割り込み: V1 の 5.000s へ 10.00s を確保 / 移動 2 件・分割 1 件・切詰 0 件
2026-09-16 23:52:02,074 [INFO] src.timeline.commands: 貼り付けの割り込み: V2 の 5.000s へ 10.00s を確保 / 移動 2 件・分割 0 件・切詰 0 件
2026-09-16 23:52:02,074 [INFO] src.timeline.commands: 貼り付けの割り込み: S1 の 5.000s へ 10.00s を確保 / 移動 1 件・分割 0 件・切詰 0 件
2026-09-16 23:52:02,076 [INFO] src.timeline.commands: 貼り付けの割り込み: V1 の 5.000s へ 10.00s を確保 / 移動 2 件・分割 1 件・切詰 0 件
2026-09-16 23:52:02,076 [INFO] src.timeline.commands: 貼り付けの割り込み: V2 の 5.000s へ 10.00s を確保 / 移動 2 件・分割 0 件・切詰 0 件
2026-09-16 23:52:02,076 [INFO] src.timeline.commands: 貼り付けの割り込み: S1 の 5.000s へ 10.00s を確保 / 移動 1 件・分割 0 件・切詰 0 件
2026-09-16 23:52:02,076 [INFO] src.timeline.commands: 貼り付けの割り込み: V1 の 5.000s へ 10.00s を確保 / 移動 2 件・分割 1 件・切詰 0 件
2026-09-16 23:52:02,076 [INFO] src.timeline.commands: 貼り付けの割り込み: V2 の 5.000s へ 10.00s を確保 / 移動 2 件・分割 0 件・切詰 0 件
2026-09-16 23:52:02,076 [INFO] src.timeline.commands: 貼り付けの割り込み: S1 の 5.000s へ 10.00s を確保 / 移動 1 件・分割 0 件・切詰 0 件
2026-09-16 23:52:02,076 [INFO] src.timeline.commands: 貼り付けの割り込み: V1 の 5.000s へ 10.00s を確保 / 移動 2 件・分割 1 件・切詰 0 件
2026-09-16 23:52:02,076 [INFO] src.timeline.commands: 貼り付けの割り込み: V2 の 5.000s へ 10.00s を確保 / 移動 2 件・分割 0 件・切詰 0 件
2026-09-16 23:52:02,076 [INFO] src.timeline.commands: 貼り付けの割り込み: S1 の 5.000s へ 10.00s を確保 / 移動 1 件・分割 0 件・切詰 0 件
2026-09-16 23:52:02,076 [INFO] src.timeline.commands: 貼り付けの割り込み: V1 の 5.000s へ 10.00s を確保 / 移動 2 件・分割 1 件・切詰 0 件
2026-09-16 23:52:02,076 [INFO] src.timeline.commands: 貼り付けの割り込み: V2 の 5.000s へ 10.00s を確保 / 移動 2 件・分割 0 件・切詰 0 件
2026-09-16 23:52:02,076 [INFO] src.timeline.commands: 貼り付けの割り込み: S1 の 5.000s へ 10.00s を確保 / 移動 1 件・分割 0 件・切詰 0 件
2026-09-16 23:52:02,076 [INFO] src.timeline.commands: 貼り付けの割り込み: V2 の 4.000s へ 2.00s を確保 / 移動 2 件・分割 0 件・切詰 0 件
2026-09-16 23:52:02,076 [INFO] src.timeline.commands: 貼り付けの割り込み: V2 の 4.000s へ 2.00s を確保 / 移動 2 件・分割 0 件・切詰 0 件
2026-09-16 23:52:02,076 [INFO] src.timeline.commands: 貼り付けの割り込み: V2 の 4.000s へ 2.00s を確保 / 移動 2 件・分割 0 件・切詰 0 件
2026-09-16 23:52:02,078 [INFO] src.timeline.clipboard: Timeline のノードをコピーしました: 1 件
2026-09-16 23:52:02,078 [INFO] src.timeline.clipboard: Timeline のノードをコピーしました: 1 件
2026-09-16 23:52:02,078 [INFO] src.timeline.commands: 貼り付けの割り込み: V1 の 4.000s へ 2.00s を確保 / 移動 2 件・分割 1 件・切詰 0 件
2026-09-16 23:52:02,078 [INFO] src.timeline.commands: 貼り付けの割り込み: V2 の 4.000s へ 2.00s を確保 / 移動 2 件・分割 0 件・切詰 0 件
2026-09-16 23:52:02,078 [INFO] src.timeline.commands: 貼り付けの割り込み: S1 の 4.000s へ 2.00s を確保 / 移動 1 件・分割 0 件・切詰 0 件
2026-09-16 23:52:02,078 [INFO] src.timeline.commands: 貼り付けの割り込み: V2 の 4.000s へ 2.00s を確保 / 移動 2 件・分割 0 件・切詰 0 件
2026-09-16 23:52:02,078 [INFO] src.timeline.commands: 貼り付けの割り込み: V1 の 5.000s へ 10.00s を確保 / 移動 2 件・分割 1 件・切詰 0 件
2026-09-16 23:52:02,078 [INFO] src.timeline.commands: 貼り付けの割り込み: V2 の 5.000s へ 10.00s を確保 / 移動 2 件・分割 0 件・切詰 0 件
2026-09-16 23:52:02,078 [INFO] src.timeline.commands: 貼り付けの割り込み: V1 の 5.000s へ 10.00s を確保 / 移動 2 件・分割 1 件・切詰 0 件
2026-09-16 23:52:02,078 [WARNING] src.timeline.builder: 貼り付けの設定が不正なため既定 base_syncs_all を使用します: 'なにか'
2026-09-16 23:52:02,078 [WARNING] src.timeline.builder: 貼り付けの設定が不正なため既定 split を使用します: 123
2026-09-16 23:52:02,080 [INFO] src.timeline.commands: 貼り付けの割り込み: V1 の 5.000s へ 10.00s を確保 / 移動 2 件・分割 1 件・切詰 0 件
2026-09-16 23:52:02,080 [INFO] src.timeline.commands: 貼り付けの割り込み: V2 の 5.000s へ 10.00s を確保 / 移動 2 件・分割 0 件・切詰 0 件
2026-09-16 23:52:02,080 [INFO] src.timeline.commands: 貼り付けの割り込み: S1 の 5.000s へ 10.00s を確保 / 移動 1 件・分割 0 件・切詰 0 件
2026-09-16 23:52:02,082 [WARNING] src.timeline.commands: 映像トラックの上限 (3) に達しているため追加できません
2026-09-16 23:52:02,082 [INFO] src.timeline.commands: 字幕を追加できる空きがありません (2.000 秒)
2026-09-16 23:52:02,082 [INFO] src.timeline.commands: 字幕を追加できる空きがありません (0.990 秒)
2026-09-16 23:52:02,083 [INFO] src.timeline.commands: リップル: 10.000〜20.000s (10.00s) を除去 / 削除 1 件・短縮 0 件・移動 1 件
2026-09-16 23:52:02,083 [INFO] src.timeline.commands: リップル: 10.000〜20.000s (10.00s) を除去 / 削除 1 件・短縮 0 件・移動 1 件
2026-09-16 23:52:02,084 [INFO] src.timeline.commands: リップル: 10.000〜20.000s (10.00s) を除去 / 削除 1 件・短縮 0 件・移動 1 件
2026-09-16 23:52:02,084 [INFO] src.timeline.commands: リップル: 0.000〜10.000s (10.00s) を除去 / 削除 2 件・短縮 0 件・移動 1 件
2026-09-16 23:52:02,084 [INFO] src.timeline.commands: リップル: 10.000〜20.000s (10.00s) を除去 / 削除 1 件・短縮 0 件・移動 1 件
2026-09-16 23:52:02,086 [INFO] src.timeline.commands: リップル: 10.000〜20.000s (10.00s) を除去 / 削除 2 件・短縮 1 件・移動 2 件
2026-09-16 23:52:02,086 [INFO] src.timeline.commands: リップル: 10.000〜20.000s (10.00s) を除去 / 削除 2 件・短縮 1 件・移動 2 件
2026-09-16 23:52:02,086 [INFO] src.timeline.commands: リップル: 10.000〜20.000s (10.00s) を除去 / 削除 2 件・短縮 1 件・移動 2 件
2026-09-16 23:52:02,087 [INFO] src.timeline.commands: リップル: 10.000〜20.000s (10.00s) を除去 / 削除 2 件・短縮 1 件・移動 2 件
2026-09-16 23:52:02,087 [INFO] src.timeline.commands: リップル: 10.000〜20.000s (10.00s) を除去 / 削除 2 件・短縮 1 件・移動 2 件
2026-09-16 23:52:02,087 [INFO] src.timeline.commands: リップル: 10.000〜20.000s (10.00s) を除去 / 削除 2 件・短縮 1 件・移動 2 件
2026-09-16 23:52:02,087 [INFO] src.timeline.commands: リップル: 10.000〜20.000s (10.00s) を除去 / 削除 2 件・短縮 0 件・移動 3 件
2026-09-16 23:52:02,087 [INFO] src.timeline.commands: リップル: 10.000〜20.000s (10.00s) を除去 / 削除 1 件・短縮 0 件・移動 1 件
2026-09-16 23:52:02,087 [INFO] src.timeline.commands: リップル: 10.000〜20.000s (10.00s) を除去 / 削除 2 件・短縮 1 件・移動 2 件
2026-09-16 23:52:02,088 [INFO] src.timeline.commands: 残り尺が下限を割るためクリップごとリップル削除しました: c2
2026-09-16 23:52:02,088 [INFO] src.timeline.commands: リップル: 10.000〜20.000s (10.00s) を除去 / 削除 1 件・短縮 0 件・移動 2 件
2026-09-16 23:52:02,088 [INFO] src.timeline.commands: リップル: 15.000〜20.000s (5.00s) を除去 / 削除 0 件・短縮 1 件・移動 2 件
2026-09-16 23:52:02,088 [INFO] src.timeline.commands: リップル: 10.000〜15.000s (5.00s) を除去 / 削除 0 件・短縮 1 件・移動 2 件
2026-09-16 23:52:02,088 [INFO] src.timeline.commands: リップル: 15.000〜20.000s (5.00s) を除去 / 削除 0 件・短縮 1 件・移動 2 件
2026-09-16 23:52:02,088 [INFO] src.timeline.commands: リップル: 15.000〜20.000s (5.00s) を除去 / 削除 0 件・短縮 1 件・移動 2 件
2026-09-16 23:52:02,088 [INFO] src.timeline.commands: リップル: 26.000〜27.000s (1.00s) を除去 / 削除 0 件・短縮 2 件・移動 0 件
2026-09-16 23:52:02,090 [INFO] src.timeline.commands: リップル: 10.000〜20.000s (10.00s) を除去 / 削除 1 件・短縮 0 件・移動 1 件
2026-09-16 23:52:02,090 [INFO] src.timeline.commands: リップル: 10.000〜20.000s (10.00s) を除去 / 削除 1 件・短縮 0 件・移動 1 件
2026-09-16 23:52:02,090 [INFO] src.timeline.commands: リップル: 10.000〜20.000s (10.00s) を除去 / 削除 1 件・短縮 0 件・移動 1 件
2026-09-16 23:52:02,094 [INFO] src.timeline.project_io: プロジェクト保存: C:\Users\evolu\AppData\Local\Temp\timeline_io_test_ixurm210\sample.timeline.json
2026-09-16 23:52:02,108 [INFO] src.timeline.project_io: プロジェクト読込: C:\Users\evolu\AppData\Local\Temp\timeline_io_test_ixurm210\sample.timeline.json
2026-09-16 23:52:02,111 [INFO] src.timeline.project_io: プロジェクト保存: C:\Users\evolu\AppData\Local\Temp\timeline_io_test_ixurm210\sample.timeline.json
2026-09-16 23:52:02,112 [INFO] src.timeline.project_io: プロジェクト読込: C:\Users\evolu\AppData\Local\Temp\timeline_io_test_ixurm210\sample.timeline.json
2026-09-16 23:52:02,117 [INFO] src.timeline.project_io: プロジェクト保存: C:\Users\evolu\AppData\Local\Temp\timeline_io_test_11fc7p3k\sample.timeline.json
2026-09-16 23:52:02,127 [INFO] src.timeline.project_io: プロジェクト読込: C:\Users\evolu\AppData\Local\Temp\timeline_io_test_11fc7p3k\sample.timeline.json
2026-09-16 23:52:02,133 [INFO] src.timeline.project_io: プロジェクト保存: C:\Users\evolu\AppData\Local\Temp\timeline_io_test_2_ynxx9m\sample.timeline.json
2026-09-16 23:52:02,150 [WARNING] src.timeline.project_io: メディアの実体が見つかりません (1 件)。該当クリップを無効化します: m1
2026-09-16 23:52:02,153 [INFO] src.timeline.project_io: プロジェクト保存: C:\Users\evolu\AppData\Local\Temp\timeline_io_test_5s0xbo44\sample.timeline.json
2026-09-16 23:52:02,170 [INFO] src.timeline.project_io: プロジェクト保存: C:\Users\evolu\AppData\Local\Temp\timeline_io_test_kuqjcr85\sample.timeline.json
2026-09-16 23:52:02,171 [WARNING] src.timeline.project_io: 編集点の区間が不正なため無視します: 20.000→15.000
2026-09-16 23:52:02,171 [WARNING] src.timeline.project_io: メディアの実体が見つかりません (1 件)。該当クリップを無効化します: m1
2026-09-16 23:52:02,182 [WARNING] src.timeline.project_io: 音声クリップ a1 のリンク先 no_such_clip が存在しないため除外します (該当区間は無音になります)
2026-09-16 23:52:02,183 [WARNING] src.timeline.project_io: トラック V1 でクリップ c2 が重複しているため 12.480 へ移動します
2026-09-16 23:52:02,208 [WARNING] src.timeline.project_io: クリップ c2 の尺 (0.001s) が下限 (0.050s) 未満のため除外します
2026-09-16 23:52:02,208 [WARNING] src.timeline.project_io: 音声クリップ a2 のリンク先 c2 が存在しないため除外します (該当区間は無音になります)
2026-09-16 23:52:02,341 [INFO] src.utils.trash: ゴミ箱へ移動しました (2 件)
2026-09-16 23:52:02,361 [WARNING] src.timeline.builder: 寸法の設定が不正なため既定 8000 を使用します: 0
