2026-08-19 01:03:01,202 [ERROR] src.modules.ffmpeg_runner: FFmpeg 失敗 (code=4294967294): [in#0 @ 000002a736838cc0] Impossible to open 'D:\develop\autoedit\.analysis_tmp\.analysis_tmp\rc_00.mp4'
[in#0 @ 000002a736838a80] Error opening input: No such file or directory
Error opening input file D:\develop\autoedit\.analysis_tmp\tmpw6jdmh2j.txt.
Error opening input files: No such file or directory
2026-08-19 13:37:14,082 [INFO] src.archive.clip_writer: clip1 prepare 完了 (字幕 2 件)
2026-08-19 13:37:14,092 [INFO] src.archive.clip_writer: clip1 prepare 完了 (字幕 2 件)
2026-08-19 13:37:14,099 [INFO] src.archive.clip_writer: 編集点準備: 残す区間 2 件 / 想定尺 10.00s (素材 30.00s)
2026-08-19 13:37:14,101 [INFO] src.archive.clip_writer: clip1 prepare 完了 (字幕 2 件 / 実カットなし)
2026-08-19 13:37:14,107 [INFO] src.archive.clip_writer: 編集点準備: 残す区間 2 件 / 想定尺 10.00s (素材 30.00s)
2026-08-19 13:37:14,107 [INFO] src.archive.clip_writer: clip1 prepare 完了 (字幕 2 件 / 実カットなし)
2026-08-19 13:37:14,116 [INFO] src.archive.clip_writer: 編集点準備: 残す区間 2 件 / 想定尺 10.00s (素材 30.00s)
2026-08-19 13:37:14,116 [INFO] src.archive.clip_writer: clip1 prepare 完了 (字幕 2 件 / 実カットなし)
2026-08-19 13:37:14,122 [INFO] src.archive.clip_writer: 編集点準備: 残す区間 2 件 / 想定尺 10.00s (素材 30.00s)
2026-08-19 13:37:14,123 [INFO] src.archive.clip_writer: clip1 prepare 完了 (字幕 2 件 / 実カットなし)
2026-08-19 13:37:14,129 [INFO] src.archive.clip_writer: 編集点準備: 残す区間 2 件 / 想定尺 10.00s (素材 30.00s)
2026-08-19 13:37:14,130 [INFO] src.archive.clip_writer: clip1 prepare 完了 (字幕 2 件 / 実カットなし)
2026-08-19 13:37:14,137 [INFO] src.archive.clip_writer: 編集点準備: 残す区間 2 件 / 想定尺 10.00s (素材 30.00s)
2026-08-19 13:37:14,137 [INFO] src.archive.clip_writer: clip1 prepare 完了 (字幕 2 件 / 実カットなし)
2026-08-19 13:37:14,142 [INFO] src.archive.clip_writer: 編集点準備: 残す区間 2 件 / 想定尺 10.00s (素材 30.00s)
2026-08-19 13:37:14,143 [INFO] src.archive.clip_writer: clip1 prepare 完了 (字幕 0 件 / 実カットなし)
2026-08-19 13:37:14,146 [INFO] src.archive.clip_writer: 編集点準備: 残す区間 2 件 / 想定尺 10.00s (素材 30.00s)
2026-08-19 13:37:14,149 [INFO] src.archive.timeline_builder: アーカイブ Timeline 構築: 3 クリップ / V1 6 本 / S1 6 件 / 全長 30.0s
2026-08-19 13:37:14,150 [INFO] src.archive.timeline_builder: アーカイブ Timeline 構築: 3 クリップ / V1 6 本 / S1 6 件 / 全長 30.0s
2026-08-19 13:37:14,150 [INFO] src.archive.timeline_builder: アーカイブ Timeline 構築: 3 クリップ / V1 6 本 / S1 6 件 / 全長 30.0s
2026-08-19 13:37:14,151 [INFO] src.archive.timeline_builder: アーカイブ Timeline 構築: 3 クリップ / V1 6 本 / S1 6 件 / 全長 30.0s
2026-08-19 13:37:14,152 [INFO] src.archive.timeline_builder: アーカイブ Timeline 構築: 3 クリップ / V1 6 本 / S1 6 件 / 全長 30.0s
2026-08-19 13:37:14,152 [INFO] src.archive.timeline_builder: アーカイブ Timeline 構築: 3 クリップ / V1 6 本 / S1 6 件 / 全長 30.0s
2026-08-19 13:37:14,153 [INFO] src.archive.timeline_builder: アーカイブ Timeline 構築: 3 クリップ / V1 6 本 / S1 6 件 / 全長 30.0s
2026-08-19 13:37:14,154 [INFO] src.archive.timeline_builder: アーカイブ Timeline 構築: 3 クリップ / V1 6 本 / S1 6 件 / 全長 30.0s
2026-08-19 13:37:14,155 [INFO] src.archive.timeline_builder: アーカイブ Timeline 構築: 3 クリップ / V1 6 本 / S1 6 件 / 全長 30.0s
2026-08-19 13:37:14,155 [INFO] src.archive.timeline_builder: アーカイブ Timeline 構築: 1 クリップ / V1 1 本 / S1 2 件 / 全長 30.0s
2026-08-19 13:37:14,155 [INFO] src.archive.timeline_builder: clip1: クリップ終端で打ち切った字幕 1 件 / 載せなかった字幕 0 件
2026-08-19 13:37:14,156 [INFO] src.archive.timeline_builder: clip2: クリップ終端で打ち切った字幕 1 件 / 載せなかった字幕 0 件
2026-08-19 13:37:14,156 [INFO] src.archive.timeline_builder: clip3: クリップ終端で打ち切った字幕 1 件 / 載せなかった字幕 0 件
2026-08-19 13:37:14,156 [INFO] src.archive.timeline_builder: アーカイブ Timeline 構築: 3 クリップ / V1 6 本 / S1 3 件 / 全長 30.0s
2026-08-19 13:37:14,156 [INFO] src.archive.timeline_builder: clip1: クリップ終端で打ち切った字幕 1 件 / 載せなかった字幕 0 件
2026-08-19 13:37:14,157 [INFO] src.archive.timeline_builder: アーカイブ Timeline 構築: 2 クリップ / V1 4 本 / S1 3 件 / 全長 20.0s
2026-08-19 13:37:14,157 [INFO] src.archive.timeline_builder: clip1: クリップ終端で打ち切った字幕 1 件 / 載せなかった字幕 1 件
2026-08-19 13:37:14,157 [INFO] src.archive.timeline_builder: アーカイブ Timeline 構築: 2 クリップ / V1 4 本 / S1 2 件 / 全長 20.0s
2026-08-19 13:37:14,158 [INFO] src.archive.timeline_builder: clip1: クリップ終端で打ち切った字幕 1 件 / 載せなかった字幕 0 件
2026-08-19 13:37:14,158 [INFO] src.archive.timeline_builder: clip2: クリップ終端で打ち切った字幕 1 件 / 載せなかった字幕 0 件
2026-08-19 13:37:14,158 [INFO] src.archive.timeline_builder: アーカイブ Timeline 構築: 2 クリップ / V1 4 本 / S1 2 件 / 全長 20.0s
2026-08-19 13:37:14,159 [INFO] src.archive.timeline_builder: アーカイブ Timeline 構築: 3 クリップ / V1 6 本 / S1 6 件 / 全長 30.0s
2026-08-19 13:37:14,160 [INFO] src.archive.timeline_builder: アーカイブ Timeline 構築: 3 クリップ / V1 6 本 / S1 6 件 / 全長 30.0s
2026-08-19 13:37:14,161 [INFO] src.archive.timeline_builder: アーカイブ Timeline 構築: 3 クリップ / V1 6 本 / S1 6 件 / 全長 30.0s
2026-08-19 13:37:14,162 [INFO] src.archive.timeline_builder: アーカイブ Timeline 構築: 3 クリップ / V1 6 本 / S1 6 件 / 全長 30.0s
2026-08-19 13:37:14,163 [INFO] src.archive.timeline_builder: アーカイブ Timeline 構築: 3 クリップ / V1 6 本 / S1 6 件 / 全長 30.0s
2026-08-19 13:37:14,163 [INFO] src.archive.timeline_builder: アーカイブ Timeline 構築: 3 クリップ / V1 6 本 / S1 6 件 / 全長 30.0s
2026-08-19 13:37:14,164 [INFO] src.archive.timeline_builder: clip2 は使用しないため書き出しから除外します
2026-08-19 13:37:14,164 [INFO] src.archive.timeline_builder: アーカイブ Timeline 構築: 3 クリップ / V1 6 本 / S1 6 件 / 全長 30.0s
2026-08-19 13:37:14,166 [INFO] src.archive.timeline_builder: アーカイブ Timeline 構築: 3 クリップ / V1 6 本 / S1 6 件 / 全長 30.0s
2026-08-19 13:37:14,167 [INFO] src.archive.timeline_builder: アーカイブ Timeline 構築: 3 クリップ / V1 6 本 / S1 6 件 / 全長 30.0s
2026-08-19 13:37:14,168 [INFO] src.archive.timeline_builder: アーカイブ Timeline 構築: 3 クリップ / V1 6 本 / S1 6 件 / 全長 30.0s
2026-08-19 13:37:14,168 [INFO] src.archive.timeline_builder: アーカイブ Timeline 構築: 3 クリップ / V1 6 本 / S1 6 件 / 全長 30.0s
2026-08-19 13:37:14,169 [INFO] src.archive.timeline_builder: アーカイブ Timeline 構築: 3 クリップ / V1 6 本 / S1 6 件 / 全長 30.0s
2026-08-19 13:37:14,177 [WARNING] src.export.fcpxml_builder: タイムライン終端を超える字幕をクリップ末尾へクランプしました (丸め誤差の端数など)。
2026-08-19 13:37:14,184 [INFO] src.modules.loudness_normalizer: 入力ラウドネス: I=-9.2 LUFS / TP=-0.3 dBTP / LRA=5.1 LU → 目標 I=-14.0 LUFS / TP=-1.0 dBTP (offset 0.4 dB)
2026-08-19 13:37:14,207 [ERROR] src.modules.loudness_normalizer: ラウドネス正規化の適用に失敗 (元音声のまま継続): in.mp4
Traceback (most recent call last):
  File "D:\develop\autoedit\src\modules\loudness_normalizer.py", line 219, in normalize_file
    ffmpeg_runner.execute(
  File "C:\Users\evolu\AppData\Local\Programs\Python\Python312\Lib\unittest\mock.py", line 1139, in __call__
    return self._mock_call(*args, **kwargs)
           ^^^^^^^^^^^^^^^^^^^^^^^^^^^^^^^^
  File "C:\Users\evolu\AppData\Local\Programs\Python\Python312\Lib\unittest\mock.py", line 1143, in _mock_call
    return self._execute_mock_call(*args, **kwargs)
           ^^^^^^^^^^^^^^^^^^^^^^^^^^^^^^^^^^^^^^^^
  File "C:\Users\evolu\AppData\Local\Programs\Python\Python312\Lib\unittest\mock.py", line 1198, in _execute_mock_call
    raise effect
src.exceptions.FFmpegError: 失敗
2026-08-19 13:37:14,251 [INFO] src.modules.loudness_normalizer: ラウドネス正規化は無効のためスキップ
2026-08-19 13:37:14,254 [WARNING] src.modules.loudness_normalizer: ラウドネス測定に失敗したため正規化をスキップ (元音声のまま継続): in.mp4
2026-08-19 13:37:14,255 [INFO] src.modules.loudness_normalizer: 音声ストリームが無いためラウドネス正規化をスキップ: in.mp4
2026-08-19 13:37:14,276 [INFO] src.modules.loudness_normalizer: ラウドネス正規化 完了: out.mp4
2026-08-19 13:37:14,277 [INFO] src.modules.loudness_normalizer: 入力ラウドネス: I=-9.2 LUFS / TP=-0.3 dBTP / LRA=5.1 LU → 目標 I=-14.0 LUFS / TP=-1.0 dBTP (offset 0.4 dB)
2026-08-19 13:37:14,299 [INFO] src.modules.loudness_normalizer: ラウドネス正規化 完了: out.mp4
2026-08-19 13:37:14,369 [WARNING] src.timeline.builder: フレーム間引きの設定が不正なため none を使用します: 'all'
2026-08-19 13:37:14,411 [WARNING] src.export.resolve_export: ソース総尺の取得に失敗 (タイムライン全長で代用): C:\Users\evolu\AppData\Local\Temp\resolve_export_test_x9zafys2\sample.mp4
2026-08-19 13:37:14,448 [WARNING] src.export.resolve_export: ソース総尺の取得に失敗 (タイムライン全長で代用): C:\Users\evolu\AppData\Local\Temp\resolve_export_test_kcfnp47z\sample.mp4
2026-08-19 13:37:14,485 [WARNING] src.export.resolve_export: ソース総尺の取得に失敗 (タイムライン全長で代用): C:\Users\evolu\AppData\Local\Temp\resolve_export_test_khybzdef\sample.mp4
2026-08-19 13:37:14,521 [WARNING] src.export.resolve_export: ソース総尺の取得に失敗 (タイムライン全長で代用): C:\Users\evolu\AppData\Local\Temp\resolve_export_test_3zl2jx4e\sample.mp4
2026-08-19 13:37:14,522 [WARNING] src.export.resolve_export: テーマ演出はテキストと区間のみを出力します (ブラー・黒帯などの映像エフェクトは FCPXML で表現できません)。
2026-08-19 13:37:14,522 [WARNING] src.export.resolve_export: 字幕位置は配置(alignment)＋余白からの近似です。Resolve 取り込み時に位置が中央へ戻る場合があります (フォント/サイズ/色は保持)。
2026-08-19 13:37:14,561 [WARNING] src.export.resolve_export: ソース総尺の取得に失敗 (タイムライン全長で代用): C:\Users\evolu\AppData\Local\Temp\resolve_export_test_yh231tmm\sample.mp4
2026-08-19 13:37:14,598 [WARNING] src.export.resolve_export: ソース総尺の取得に失敗 (タイムライン全長で代用): C:\Users\evolu\AppData\Local\Temp\resolve_export_test_xy38i8k6\sample.mp4
2026-08-19 13:37:14,633 [WARNING] src.export.resolve_export: ソース総尺の取得に失敗 (タイムライン全長で代用): C:\Users\evolu\AppData\Local\Temp\resolve_export_test_15pbow56\sample.mp4
2026-08-19 13:37:14,665 [WARNING] src.export.resolve_export: ソース総尺の取得に失敗 (タイムライン全長で代用): C:\Users\evolu\AppData\Local\Temp\resolve_export_test_15pbow56\sample.mp4
2026-08-19 13:37:14,701 [WARNING] src.export.resolve_export: ソース総尺の取得に失敗 (タイムライン全長で代用): C:\Users\evolu\AppData\Local\Temp\resolve_export_test_vf9jrhve\sample.mp4
2026-08-19 13:37:14,701 [WARNING] src.export.resolve_export: 未対応の字幕出力方式 export.resolve.subtitle.mode=bogus のため caption で出力します
2026-08-19 13:37:14,736 [WARNING] src.export.resolve_export: ソース総尺の取得に失敗 (タイムライン全長で代用): C:\Users\evolu\AppData\Local\Temp\resolve_export_test_whp3r8pt\sample.mp4
2026-08-19 13:37:14,772 [WARNING] src.export.resolve_export: ソース総尺の取得に失敗 (タイムライン全長で代用): C:\Users\evolu\AppData\Local\Temp\resolve_export_test_om8l1061\sample.mp4
2026-08-19 13:37:14,810 [WARNING] src.export.resolve_export: ソース総尺の取得に失敗 (タイムライン全長で代用): C:\Users\evolu\AppData\Local\Temp\resolve_export_test_1ugn8sxa\sample.mp4
2026-08-19 13:37:14,845 [WARNING] src.export.resolve_export: ソース総尺の取得に失敗 (タイムライン全長で代用): C:\Users\evolu\AppData\Local\Temp\resolve_export_test_f62ii1t1\sample.mp4
2026-08-19 13:37:14,881 [WARNING] src.export.resolve_export: ソース総尺の取得に失敗 (タイムライン全長で代用): C:\Users\evolu\AppData\Local\Temp\resolve_export_test_g99jxwpf\sample.mp4
2026-08-19 13:37:14,918 [WARNING] src.export.resolve_export: ソース総尺の取得に失敗 (タイムライン全長で代用): C:\Users\evolu\AppData\Local\Temp\resolve_export_test_i6bu3vqy\sample.mp4
2026-08-19 13:37:14,955 [WARNING] src.export.resolve_export: ソース総尺の取得に失敗 (タイムライン全長で代用): C:\Users\evolu\AppData\Local\Temp\resolve_export_test_qykw9_gz\sample.mp4
2026-08-19 13:37:14,992 [WARNING] src.export.resolve_export: ソース総尺の取得に失敗 (タイムライン全長で代用): C:\Users\evolu\AppData\Local\Temp\resolve_export_test_okebs7pq\sample.mp4
2026-08-19 13:37:15,028 [WARNING] src.export.resolve_export: ソース総尺の取得に失敗 (タイムライン全長で代用): C:\Users\evolu\AppData\Local\Temp\resolve_export_test_bno9kodx\sample.mp4
2026-08-19 13:37:15,029 [INFO] src.export.resolve_export: 編集点が無いため全長 1 クリップとして出力します
2026-08-19 13:37:15,069 [WARNING] src.export.resolve_export: ソース総尺の取得に失敗 (タイムライン全長で代用): C:\Users\evolu\AppData\Local\Temp\resolve_export_test_f4rf22p8\sample.mp4
2026-08-19 13:37:15,070 [INFO] src.export.resolve_export: Resolve 出力開始: C:\Users\evolu\AppData\Local\Temp\resolve_export_test_f4rf22p8\out2.fcpxml (クリップ 1 件 / 字幕 caption 1 件 / title・テーマ 0 件 / 1920x1080 60fps)
2026-08-19 13:37:15,073 [INFO] src.export.resolve_export: 字幕トラックのスタイルは Resolve の字幕トラックヘッダー選択 → インスペクタ → Track Style で一括設定できます (Resolve 19 以降は Text+ スタイルも指定可)。
2026-08-19 13:37:15,073 [INFO] src.export.resolve_export: Resolve 出力完了: C:\Users\evolu\AppData\Local\Temp\resolve_export_test_f4rf22p8\out2.fcpxml (タイムライン尺 5.00s)
2026-08-19 13:37:15,110 [WARNING] src.export.resolve_export: ソース総尺の取得に失敗 (タイムライン全長で代用): C:\Users\evolu\AppData\Local\Temp\resolve_export_test_4cstljxt\sample.mp4
2026-08-19 13:37:15,110 [INFO] src.export.resolve_export: Resolve 出力開始: C:\Users\evolu\AppData\Local\Temp\resolve_export_test_4cstljxt\out3.fcpxml (クリップ 1 件 / 字幕 caption 0 件 / title・テーマ 0 件 / 1920x1080 60fps)
2026-08-19 13:37:15,113 [INFO] src.export.resolve_export: Resolve 出力完了: C:\Users\evolu\AppData\Local\Temp\resolve_export_test_4cstljxt\out3.fcpxml (タイムライン尺 5.00s)
2026-08-19 13:37:15,149 [WARNING] src.export.resolve_export: ソース総尺の取得に失敗 (タイムライン全長で代用): C:\Users\evolu\AppData\Local\Temp\resolve_export_test_h3qekwl4\sample.mp4
2026-08-19 13:37:15,151 [INFO] src.export.resolve_export: Resolve 出力開始: C:\Users\evolu\AppData\Local\Temp\resolve_export_test_h3qekwl4\out.fcpxml (クリップ 1 件 / 字幕 caption 1 件 / title・テーマ 0 件 / 1920x1080 60fps)
2026-08-19 13:37:15,160 [INFO] src.export.resolve_export: SRT サイドカー出力: C:\Users\evolu\AppData\Local\Temp\resolve_export_test_h3qekwl4\out.srt (1 件)
2026-08-19 13:37:15,161 [INFO] src.export.resolve_export: Resolve 出力完了: C:\Users\evolu\AppData\Local\Temp\resolve_export_test_h3qekwl4\out.fcpxml / C:\Users\evolu\AppData\Local\Temp\resolve_export_test_h3qekwl4\out.srt (タイムライン尺 5.00s)
2026-08-19 13:37:15,178 [INFO] src.export.resolve_export: Resolve 出力を中止 (上書きしない): C:\Users\evolu\AppData\Local\Temp\resolve_export_test_h3qekwl4\out.fcpxml
2026-08-19 13:37:15,182 [INFO] src.modules.subtitle_generator: テロップ個別指定 フォント 0 件 / サイズ 0 件 / 文字色 1 件 / 縁の色 0 件
2026-08-19 13:37:15,207 [INFO] src.modules.subtitle_generator: テロップ個別指定 フォント 0 件 / サイズ 0 件 / 文字色 1 件 / 縁の色 0 件
2026-08-19 13:37:15,285 [INFO] src.modules.subtitle_generator: テロップ個別指定 フォント 0 件 / サイズ 0 件 / 文字色 0 件 / 縁の色 1 件
2026-08-19 13:37:15,308 [INFO] src.modules.subtitle_generator: テロップ個別指定 フォント 0 件 / サイズ 0 件 / 文字色 0 件 / 縁の色 1 件
2026-08-19 13:37:15,330 [INFO] src.modules.subtitle_generator: テロップ個別指定 フォント 1 件 / サイズ 1 件 / 文字色 1 件 / 縁の色 1 件
2026-08-19 13:37:15,392 [WARNING] src.timeline.commands: 映像トラックの上限 (3) に達しているため追加できません
2026-08-19 13:37:15,393 [INFO] src.timeline.commands: 字幕を追加できる空きがありません (2.000 秒)
2026-08-19 13:37:15,394 [INFO] src.timeline.commands: 字幕を追加できる空きがありません (0.990 秒)
2026-08-19 13:37:15,396 [INFO] src.timeline.commands: リップル: 10.000〜20.000s (10.00s) を除去 / 削除 1 件・短縮 0 件・移動 1 件
2026-08-19 13:37:15,396 [INFO] src.timeline.commands: リップル: 10.000〜20.000s (10.00s) を除去 / 削除 1 件・短縮 0 件・移動 1 件
2026-08-19 13:37:15,396 [INFO] src.timeline.commands: リップル: 10.000〜20.000s (10.00s) を除去 / 削除 1 件・短縮 0 件・移動 1 件
2026-08-19 13:37:15,396 [INFO] src.timeline.commands: リップル: 0.000〜10.000s (10.00s) を除去 / 削除 2 件・短縮 0 件・移動 1 件
2026-08-19 13:37:15,396 [INFO] src.timeline.commands: リップル: 10.000〜20.000s (10.00s) を除去 / 削除 1 件・短縮 0 件・移動 1 件
2026-08-19 13:37:15,399 [INFO] src.timeline.commands: リップル: 10.000〜20.000s (10.00s) を除去 / 削除 2 件・短縮 1 件・移動 2 件
2026-08-19 13:37:15,400 [INFO] src.timeline.commands: リップル: 10.000〜20.000s (10.00s) を除去 / 削除 2 件・短縮 1 件・移動 2 件
2026-08-19 13:37:15,401 [INFO] src.timeline.commands: リップル: 10.000〜20.000s (10.00s) を除去 / 削除 2 件・短縮 1 件・移動 2 件
2026-08-19 13:37:15,401 [INFO] src.timeline.commands: リップル: 10.000〜20.000s (10.00s) を除去 / 削除 2 件・短縮 1 件・移動 2 件
2026-08-19 13:37:15,401 [INFO] src.timeline.commands: リップル: 10.000〜20.000s (10.00s) を除去 / 削除 2 件・短縮 1 件・移動 2 件
2026-08-19 13:37:15,402 [INFO] src.timeline.commands: リップル: 10.000〜20.000s (10.00s) を除去 / 削除 2 件・短縮 1 件・移動 2 件
2026-08-19 13:37:15,402 [INFO] src.timeline.commands: リップル: 10.000〜20.000s (10.00s) を除去 / 削除 2 件・短縮 0 件・移動 3 件
2026-08-19 13:37:15,402 [INFO] src.timeline.commands: リップル: 10.000〜20.000s (10.00s) を除去 / 削除 1 件・短縮 0 件・移動 1 件
2026-08-19 13:37:15,403 [INFO] src.timeline.commands: リップル: 10.000〜20.000s (10.00s) を除去 / 削除 2 件・短縮 1 件・移動 2 件
2026-08-19 13:37:15,404 [INFO] src.timeline.commands: 残り尺が下限を割るためクリップごとリップル削除しました: c2
2026-08-19 13:37:15,404 [INFO] src.timeline.commands: リップル: 10.000〜20.000s (10.00s) を除去 / 削除 1 件・短縮 0 件・移動 2 件
2026-08-19 13:37:15,404 [INFO] src.timeline.commands: リップル: 15.000〜20.000s (5.00s) を除去 / 削除 0 件・短縮 1 件・移動 2 件
2026-08-19 13:37:15,405 [INFO] src.timeline.commands: リップル: 10.000〜15.000s (5.00s) を除去 / 削除 0 件・短縮 1 件・移動 2 件
2026-08-19 13:37:15,405 [INFO] src.timeline.commands: リップル: 15.000〜20.000s (5.00s) を除去 / 削除 0 件・短縮 1 件・移動 2 件
2026-08-19 13:37:15,406 [INFO] src.timeline.commands: リップル: 15.000〜20.000s (5.00s) を除去 / 削除 0 件・短縮 1 件・移動 2 件
2026-08-19 13:37:15,406 [INFO] src.timeline.commands: リップル: 26.000〜27.000s (1.00s) を除去 / 削除 0 件・短縮 2 件・移動 0 件
2026-08-19 13:37:15,408 [INFO] src.timeline.commands: リップル: 10.000〜20.000s (10.00s) を除去 / 削除 1 件・短縮 0 件・移動 1 件
2026-08-19 13:37:15,409 [INFO] src.timeline.commands: リップル: 10.000〜20.000s (10.00s) を除去 / 削除 1 件・短縮 0 件・移動 1 件
2026-08-19 13:37:15,409 [INFO] src.timeline.commands: リップル: 10.000〜20.000s (10.00s) を除去 / 削除 1 件・短縮 0 件・移動 1 件
2026-08-19 13:37:15,430 [INFO] src.timeline.project_io: プロジェクト保存: C:\Users\evolu\AppData\Local\Temp\timeline_io_test_byb5zs37\sample.timeline.json
2026-08-19 13:37:15,458 [INFO] src.timeline.project_io: プロジェクト保存: C:\Users\evolu\AppData\Local\Temp\timeline_io_test_tk1novn2\sample.timeline.json
2026-08-19 13:37:15,480 [WARNING] src.timeline.project_io: 編集点の区間が不正なため無視します: 20.000→15.000
2026-08-19 13:37:15,483 [WARNING] src.timeline.project_io: メディアの実体が見つかりません (1 件)。該当クリップを無効化します: m1
2026-08-19 13:37:15,488 [WARNING] src.timeline.project_io: 音声クリップ a1 のリンク先 no_such_clip が存在しないため除外します (該当区間は無音になります)
2026-08-19 13:37:15,492 [WARNING] src.timeline.project_io: トラック V1 でクリップ c2 が重複しているため 12.480 へ移動します
2026-08-19 13:37:15,543 [WARNING] src.timeline.project_io: クリップ c2 の尺 (0.001s) が下限 (0.050s) 未満のため除外します
2026-08-19 13:37:15,543 [WARNING] src.timeline.project_io: 音声クリップ a2 のリンク先 c2 が存在しないため除外します (該当区間は無音になります)
2026-08-19 13:37:15,573 [WARNING] src.timeline.builder: 寸法の設定が不正なため既定 8000 を使用します: 0
2026-08-19 13:37:48,398 [INFO] src.archive.clip_writer: clip1 prepare 完了 (字幕 2 件)
2026-08-19 13:37:48,401 [INFO] src.archive.clip_writer: clip1 prepare 完了 (字幕 2 件)
2026-08-19 13:37:48,403 [INFO] src.archive.clip_writer: 編集点準備: 残す区間 2 件 / 想定尺 10.00s (素材 30.00s)
2026-08-19 13:37:48,403 [INFO] src.archive.clip_writer: clip1 prepare 完了 (字幕 2 件 / 実カットなし)
2026-08-19 13:37:48,405 [INFO] src.archive.clip_writer: 編集点準備: 残す区間 2 件 / 想定尺 10.00s (素材 30.00s)
2026-08-19 13:37:48,405 [INFO] src.archive.clip_writer: clip1 prepare 完了 (字幕 2 件 / 実カットなし)
2026-08-19 13:37:48,408 [INFO] src.archive.clip_writer: 編集点準備: 残す区間 2 件 / 想定尺 10.00s (素材 30.00s)
2026-08-19 13:37:48,408 [INFO] src.archive.clip_writer: clip1 prepare 完了 (字幕 2 件 / 実カットなし)
2026-08-19 13:37:48,411 [INFO] src.archive.clip_writer: 編集点準備: 残す区間 2 件 / 想定尺 10.00s (素材 30.00s)
2026-08-19 13:37:48,411 [INFO] src.archive.clip_writer: clip1 prepare 完了 (字幕 2 件 / 実カットなし)
2026-08-19 13:37:48,413 [INFO] src.archive.clip_writer: 編集点準備: 残す区間 2 件 / 想定尺 10.00s (素材 30.00s)
2026-08-19 13:37:48,413 [INFO] src.archive.clip_writer: clip1 prepare 完了 (字幕 2 件 / 実カットなし)
2026-08-19 13:37:48,415 [INFO] src.archive.clip_writer: 編集点準備: 残す区間 2 件 / 想定尺 10.00s (素材 30.00s)
2026-08-19 13:37:48,415 [INFO] src.archive.clip_writer: clip1 prepare 完了 (字幕 2 件 / 実カットなし)
2026-08-19 13:37:48,417 [INFO] src.archive.clip_writer: 編集点準備: 残す区間 2 件 / 想定尺 10.00s (素材 30.00s)
2026-08-19 13:37:48,417 [INFO] src.archive.clip_writer: clip1 prepare 完了 (字幕 0 件 / 実カットなし)
2026-08-19 13:37:48,418 [INFO] src.archive.clip_writer: 編集点準備: 残す区間 2 件 / 想定尺 10.00s (素材 30.00s)
2026-08-19 13:37:48,419 [INFO] src.archive.timeline_builder: アーカイブ Timeline 構築: 3 クリップ / V1 6 本 / S1 6 件 / 全長 30.0s
2026-08-19 13:37:48,419 [INFO] src.archive.timeline_builder: アーカイブ Timeline 構築: 3 クリップ / V1 6 本 / S1 6 件 / 全長 30.0s
2026-08-19 13:37:48,419 [INFO] src.archive.timeline_builder: アーカイブ Timeline 構築: 3 クリップ / V1 6 本 / S1 6 件 / 全長 30.0s
2026-08-19 13:37:48,419 [INFO] src.archive.timeline_builder: アーカイブ Timeline 構築: 3 クリップ / V1 6 本 / S1 6 件 / 全長 30.0s
2026-08-19 13:37:48,419 [INFO] src.archive.timeline_builder: アーカイブ Timeline 構築: 3 クリップ / V1 6 本 / S1 6 件 / 全長 30.0s
2026-08-19 13:37:48,420 [INFO] src.archive.timeline_builder: アーカイブ Timeline 構築: 3 クリップ / V1 6 本 / S1 6 件 / 全長 30.0s
2026-08-19 13:37:48,420 [INFO] src.archive.timeline_builder: アーカイブ Timeline 構築: 3 クリップ / V1 6 本 / S1 6 件 / 全長 30.0s
2026-08-19 13:37:48,420 [INFO] src.archive.timeline_builder: アーカイブ Timeline 構築: 3 クリップ / V1 6 本 / S1 6 件 / 全長 30.0s
2026-08-19 13:37:48,420 [INFO] src.archive.timeline_builder: アーカイブ Timeline 構築: 3 クリップ / V1 6 本 / S1 6 件 / 全長 30.0s
2026-08-19 13:37:48,420 [INFO] src.archive.timeline_builder: アーカイブ Timeline 構築: 1 クリップ / V1 1 本 / S1 2 件 / 全長 30.0s
2026-08-19 13:37:48,420 [INFO] src.archive.timeline_builder: clip1: クリップ終端で打ち切った字幕 1 件 / 載せなかった字幕 0 件
2026-08-19 13:37:48,420 [INFO] src.archive.timeline_builder: clip2: クリップ終端で打ち切った字幕 1 件 / 載せなかった字幕 0 件
2026-08-19 13:37:48,420 [INFO] src.archive.timeline_builder: clip3: クリップ終端で打ち切った字幕 1 件 / 載せなかった字幕 0 件
2026-08-19 13:37:48,421 [INFO] src.archive.timeline_builder: アーカイブ Timeline 構築: 3 クリップ / V1 6 本 / S1 3 件 / 全長 30.0s
2026-08-19 13:37:48,421 [INFO] src.archive.timeline_builder: clip1: クリップ終端で打ち切った字幕 1 件 / 載せなかった字幕 0 件
2026-08-19 13:37:48,421 [INFO] src.archive.timeline_builder: アーカイブ Timeline 構築: 2 クリップ / V1 4 本 / S1 3 件 / 全長 20.0s
2026-08-19 13:37:48,421 [INFO] src.archive.timeline_builder: clip1: クリップ終端で打ち切った字幕 1 件 / 載せなかった字幕 1 件
2026-08-19 13:37:48,421 [INFO] src.archive.timeline_builder: アーカイブ Timeline 構築: 2 クリップ / V1 4 本 / S1 2 件 / 全長 20.0s
2026-08-19 13:37:48,421 [INFO] src.archive.timeline_builder: clip1: クリップ終端で打ち切った字幕 1 件 / 載せなかった字幕 0 件
2026-08-19 13:37:48,421 [INFO] src.archive.timeline_builder: clip2: クリップ終端で打ち切った字幕 1 件 / 載せなかった字幕 0 件
2026-08-19 13:37:48,421 [INFO] src.archive.timeline_builder: アーカイブ Timeline 構築: 2 クリップ / V1 4 本 / S1 2 件 / 全長 20.0s
2026-08-19 13:37:48,422 [INFO] src.archive.timeline_builder: アーカイブ Timeline 構築: 3 クリップ / V1 6 本 / S1 6 件 / 全長 30.0s
2026-08-19 13:37:48,422 [INFO] src.archive.timeline_builder: アーカイブ Timeline 構築: 3 クリップ / V1 6 本 / S1 6 件 / 全長 30.0s
2026-08-19 13:37:48,423 [INFO] src.archive.timeline_builder: アーカイブ Timeline 構築: 3 クリップ / V1 6 本 / S1 6 件 / 全長 30.0s
2026-08-19 13:37:48,423 [INFO] src.archive.timeline_builder: アーカイブ Timeline 構築: 3 クリップ / V1 6 本 / S1 6 件 / 全長 30.0s
2026-08-19 13:37:48,423 [INFO] src.archive.timeline_builder: アーカイブ Timeline 構築: 3 クリップ / V1 6 本 / S1 6 件 / 全長 30.0s
2026-08-19 13:37:48,423 [INFO] src.archive.timeline_builder: アーカイブ Timeline 構築: 3 クリップ / V1 6 本 / S1 6 件 / 全長 30.0s
2026-08-19 13:37:48,423 [INFO] src.archive.timeline_builder: clip2 は使用しないため書き出しから除外します
2026-08-19 13:37:48,424 [INFO] src.archive.timeline_builder: アーカイブ Timeline 構築: 3 クリップ / V1 6 本 / S1 6 件 / 全長 30.0s
2026-08-19 13:37:48,424 [INFO] src.archive.timeline_builder: アーカイブ Timeline 構築: 3 クリップ / V1 6 本 / S1 6 件 / 全長 30.0s
2026-08-19 13:37:48,424 [INFO] src.archive.timeline_builder: アーカイブ Timeline 構築: 3 クリップ / V1 6 本 / S1 6 件 / 全長 30.0s
2026-08-19 13:37:48,424 [INFO] src.archive.timeline_builder: アーカイブ Timeline 構築: 3 クリップ / V1 6 本 / S1 6 件 / 全長 30.0s
2026-08-19 13:37:48,425 [INFO] src.archive.timeline_builder: アーカイブ Timeline 構築: 3 クリップ / V1 6 本 / S1 6 件 / 全長 30.0s
2026-08-19 13:37:48,425 [INFO] src.archive.timeline_builder: アーカイブ Timeline 構築: 3 クリップ / V1 6 本 / S1 6 件 / 全長 30.0s
2026-08-19 13:37:48,428 [WARNING] src.export.fcpxml_builder: タイムライン終端を超える字幕をクリップ末尾へクランプしました (丸め誤差の端数など)。
2026-08-19 13:37:48,430 [INFO] src.modules.loudness_normalizer: 入力ラウドネス: I=-9.2 LUFS / TP=-0.3 dBTP / LRA=5.1 LU → 目標 I=-14.0 LUFS / TP=-1.0 dBTP (offset 0.4 dB)
2026-08-19 13:37:48,438 [ERROR] src.modules.loudness_normalizer: ラウドネス正規化の適用に失敗 (元音声のまま継続): in.mp4
Traceback (most recent call last):
  File "D:\develop\autoedit\src\modules\loudness_normalizer.py", line 219, in normalize_file
    ffmpeg_runner.execute(
  File "C:\Users\evolu\AppData\Local\Programs\Python\Python312\Lib\unittest\mock.py", line 1139, in __call__
    return self._mock_call(*args, **kwargs)
           ^^^^^^^^^^^^^^^^^^^^^^^^^^^^^^^^
  File "C:\Users\evolu\AppData\Local\Programs\Python\Python312\Lib\unittest\mock.py", line 1143, in _mock_call
    return self._execute_mock_call(*args, **kwargs)
           ^^^^^^^^^^^^^^^^^^^^^^^^^^^^^^^^^^^^^^^^
  File "C:\Users\evolu\AppData\Local\Programs\Python\Python312\Lib\unittest\mock.py", line 1198, in _execute_mock_call
    raise effect
src.exceptions.FFmpegError: 失敗
2026-08-19 13:37:48,439 [INFO] src.modules.loudness_normalizer: ラウドネス正規化は無効のためスキップ
2026-08-19 13:37:48,439 [WARNING] src.modules.loudness_normalizer: ラウドネス測定に失敗したため正規化をスキップ (元音声のまま継続): in.mp4
2026-08-19 13:37:48,440 [INFO] src.modules.loudness_normalizer: 音声ストリームが無いためラウドネス正規化をスキップ: in.mp4
2026-08-19 13:37:48,445 [INFO] src.modules.loudness_normalizer: ラウドネス正規化 完了: out.mp4
2026-08-19 13:37:48,445 [INFO] src.modules.loudness_normalizer: 入力ラウドネス: I=-9.2 LUFS / TP=-0.3 dBTP / LRA=5.1 LU → 目標 I=-14.0 LUFS / TP=-1.0 dBTP (offset 0.4 dB)
2026-08-19 13:37:48,451 [INFO] src.modules.loudness_normalizer: ラウドネス正規化 完了: out.mp4
2026-08-19 13:37:48,470 [WARNING] src.timeline.builder: フレーム間引きの設定が不正なため none を使用します: 'all'
2026-08-19 13:37:48,484 [WARNING] src.export.resolve_export: ソース総尺の取得に失敗 (タイムライン全長で代用): C:\Users\evolu\AppData\Local\Temp\resolve_export_test_o3ic1xca\sample.mp4
2026-08-19 13:37:48,493 [WARNING] src.export.resolve_export: ソース総尺の取得に失敗 (タイムライン全長で代用): C:\Users\evolu\AppData\Local\Temp\resolve_export_test_bh6sjqyh\sample.mp4
2026-08-19 13:37:48,503 [WARNING] src.export.resolve_export: ソース総尺の取得に失敗 (タイムライン全長で代用): C:\Users\evolu\AppData\Local\Temp\resolve_export_test_zz6u544y\sample.mp4
2026-08-19 13:37:48,512 [WARNING] src.export.resolve_export: ソース総尺の取得に失敗 (タイムライン全長で代用): C:\Users\evolu\AppData\Local\Temp\resolve_export_test_4ymbdx30\sample.mp4
2026-08-19 13:37:48,513 [WARNING] src.export.resolve_export: テーマ演出はテキストと区間のみを出力します (ブラー・黒帯などの映像エフェクトは FCPXML で表現できません)。
2026-08-19 13:37:48,513 [WARNING] src.export.resolve_export: 字幕位置は配置(alignment)＋余白からの近似です。Resolve 取り込み時に位置が中央へ戻る場合があります (フォント/サイズ/色は保持)。
2026-08-19 13:37:48,521 [WARNING] src.export.resolve_export: ソース総尺の取得に失敗 (タイムライン全長で代用): C:\Users\evolu\AppData\Local\Temp\resolve_export_test_dsj1j4l1\sample.mp4
2026-08-19 13:37:48,531 [WARNING] src.export.resolve_export: ソース総尺の取得に失敗 (タイムライン全長で代用): C:\Users\evolu\AppData\Local\Temp\resolve_export_test_pcnmlzv5\sample.mp4
2026-08-19 13:37:48,540 [WARNING] src.export.resolve_export: ソース総尺の取得に失敗 (タイムライン全長で代用): C:\Users\evolu\AppData\Local\Temp\resolve_export_test_70uiey6k\sample.mp4
2026-08-19 13:37:48,549 [WARNING] src.export.resolve_export: ソース総尺の取得に失敗 (タイムライン全長で代用): C:\Users\evolu\AppData\Local\Temp\resolve_export_test_70uiey6k\sample.mp4
2026-08-19 13:37:48,559 [WARNING] src.export.resolve_export: ソース総尺の取得に失敗 (タイムライン全長で代用): C:\Users\evolu\AppData\Local\Temp\resolve_export_test_9mwllkha\sample.mp4
2026-08-19 13:37:48,559 [WARNING] src.export.resolve_export: 未対応の字幕出力方式 export.resolve.subtitle.mode=bogus のため caption で出力します
2026-08-19 13:37:48,569 [WARNING] src.export.resolve_export: ソース総尺の取得に失敗 (タイムライン全長で代用): C:\Users\evolu\AppData\Local\Temp\resolve_export_test_ueyepnky\sample.mp4
2026-08-19 13:37:48,577 [WARNING] src.export.resolve_export: ソース総尺の取得に失敗 (タイムライン全長で代用): C:\Users\evolu\AppData\Local\Temp\resolve_export_test_9ll81hhe\sample.mp4
2026-08-19 13:37:48,587 [WARNING] src.export.resolve_export: ソース総尺の取得に失敗 (タイムライン全長で代用): C:\Users\evolu\AppData\Local\Temp\resolve_export_test_d50uy4dn\sample.mp4
2026-08-19 13:37:48,596 [WARNING] src.export.resolve_export: ソース総尺の取得に失敗 (タイムライン全長で代用): C:\Users\evolu\AppData\Local\Temp\resolve_export_test_13bkbnxf\sample.mp4
2026-08-19 13:37:48,607 [WARNING] src.export.resolve_export: ソース総尺の取得に失敗 (タイムライン全長で代用): C:\Users\evolu\AppData\Local\Temp\resolve_export_test_udmx6m5w\sample.mp4
2026-08-19 13:37:48,616 [WARNING] src.export.resolve_export: ソース総尺の取得に失敗 (タイムライン全長で代用): C:\Users\evolu\AppData\Local\Temp\resolve_export_test_9lnxj7ah\sample.mp4
2026-08-19 13:37:48,627 [WARNING] src.export.resolve_export: ソース総尺の取得に失敗 (タイムライン全長で代用): C:\Users\evolu\AppData\Local\Temp\resolve_export_test_1mqopq3e\sample.mp4
2026-08-19 13:37:48,637 [WARNING] src.export.resolve_export: ソース総尺の取得に失敗 (タイムライン全長で代用): C:\Users\evolu\AppData\Local\Temp\resolve_export_test_s5pgmmwn\sample.mp4
2026-08-19 13:37:48,647 [WARNING] src.export.resolve_export: ソース総尺の取得に失敗 (タイムライン全長で代用): C:\Users\evolu\AppData\Local\Temp\resolve_export_test_34kf_ygj\sample.mp4
2026-08-19 13:37:48,647 [INFO] src.export.resolve_export: 編集点が無いため全長 1 クリップとして出力します
2026-08-19 13:37:48,661 [WARNING] src.export.resolve_export: ソース総尺の取得に失敗 (タイムライン全長で代用): C:\Users\evolu\AppData\Local\Temp\resolve_export_test_twgns0vc\sample.mp4
2026-08-19 13:37:48,661 [INFO] src.export.resolve_export: Resolve 出力開始: C:\Users\evolu\AppData\Local\Temp\resolve_export_test_twgns0vc\out2.fcpxml (クリップ 1 件 / 字幕 caption 1 件 / title・テーマ 0 件 / 1920x1080 60fps)
2026-08-19 13:37:48,663 [INFO] src.export.resolve_export: 字幕トラックのスタイルは Resolve の字幕トラックヘッダー選択 → インスペクタ → Track Style で一括設定できます (Resolve 19 以降は Text+ スタイルも指定可)。
2026-08-19 13:37:48,663 [INFO] src.export.resolve_export: Resolve 出力完了: C:\Users\evolu\AppData\Local\Temp\resolve_export_test_twgns0vc\out2.fcpxml (タイムライン尺 5.00s)
2026-08-19 13:37:48,672 [WARNING] src.export.resolve_export: ソース総尺の取得に失敗 (タイムライン全長で代用): C:\Users\evolu\AppData\Local\Temp\resolve_export_test_xmwf8yby\sample.mp4
2026-08-19 13:37:48,672 [INFO] src.export.resolve_export: Resolve 出力開始: C:\Users\evolu\AppData\Local\Temp\resolve_export_test_xmwf8yby\out3.fcpxml (クリップ 1 件 / 字幕 caption 0 件 / title・テーマ 0 件 / 1920x1080 60fps)
2026-08-19 13:37:48,674 [INFO] src.export.resolve_export: Resolve 出力完了: C:\Users\evolu\AppData\Local\Temp\resolve_export_test_xmwf8yby\out3.fcpxml (タイムライン尺 5.00s)
2026-08-19 13:37:48,684 [WARNING] src.export.resolve_export: ソース総尺の取得に失敗 (タイムライン全長で代用): C:\Users\evolu\AppData\Local\Temp\resolve_export_test_i7tm5oqx\sample.mp4
2026-08-19 13:37:48,684 [INFO] src.export.resolve_export: Resolve 出力開始: C:\Users\evolu\AppData\Local\Temp\resolve_export_test_i7tm5oqx\out.fcpxml (クリップ 1 件 / 字幕 caption 1 件 / title・テーマ 0 件 / 1920x1080 60fps)
2026-08-19 13:37:48,690 [INFO] src.export.resolve_export: SRT サイドカー出力: C:\Users\evolu\AppData\Local\Temp\resolve_export_test_i7tm5oqx\out.srt (1 件)
2026-08-19 13:37:48,690 [INFO] src.export.resolve_export: Resolve 出力完了: C:\Users\evolu\AppData\Local\Temp\resolve_export_test_i7tm5oqx\out.fcpxml / C:\Users\evolu\AppData\Local\Temp\resolve_export_test_i7tm5oqx\out.srt (タイムライン尺 5.00s)
2026-08-19 13:37:48,692 [INFO] src.export.resolve_export: Resolve 出力を中止 (上書きしない): C:\Users\evolu\AppData\Local\Temp\resolve_export_test_i7tm5oqx\out.fcpxml
2026-08-19 13:37:48,693 [INFO] src.modules.subtitle_generator: テロップ個別指定 フォント 0 件 / サイズ 0 件 / 文字色 1 件 / 縁の色 0 件
2026-08-19 13:37:48,694 [INFO] src.modules.subtitle_generator: テロップ個別指定 フォント 0 件 / サイズ 0 件 / 文字色 1 件 / 縁の色 0 件
2026-08-19 13:37:48,712 [INFO] src.modules.subtitle_generator: テロップ個別指定 フォント 0 件 / サイズ 0 件 / 文字色 0 件 / 縁の色 1 件
2026-08-19 13:37:48,715 [INFO] src.modules.subtitle_generator: テロップ個別指定 フォント 0 件 / サイズ 0 件 / 文字色 0 件 / 縁の色 1 件
2026-08-19 13:37:48,717 [INFO] src.modules.subtitle_generator: テロップ個別指定 フォント 1 件 / サイズ 1 件 / 文字色 1 件 / 縁の色 1 件
2026-08-19 13:37:48,729 [WARNING] src.timeline.commands: 映像トラックの上限 (3) に達しているため追加できません
2026-08-19 13:37:48,729 [INFO] src.timeline.commands: 字幕を追加できる空きがありません (2.000 秒)
2026-08-19 13:37:48,729 [INFO] src.timeline.commands: 字幕を追加できる空きがありません (0.990 秒)
2026-08-19 13:37:48,731 [INFO] src.timeline.commands: リップル: 10.000〜20.000s (10.00s) を除去 / 削除 1 件・短縮 0 件・移動 1 件
2026-08-19 13:37:48,731 [INFO] src.timeline.commands: リップル: 10.000〜20.000s (10.00s) を除去 / 削除 1 件・短縮 0 件・移動 1 件
2026-08-19 13:37:48,731 [INFO] src.timeline.commands: リップル: 10.000〜20.000s (10.00s) を除去 / 削除 1 件・短縮 0 件・移動 1 件
2026-08-19 13:37:48,731 [INFO] src.timeline.commands: リップル: 0.000〜10.000s (10.00s) を除去 / 削除 2 件・短縮 0 件・移動 1 件
2026-08-19 13:37:48,731 [INFO] src.timeline.commands: リップル: 10.000〜20.000s (10.00s) を除去 / 削除 1 件・短縮 0 件・移動 1 件
2026-08-19 13:37:48,732 [INFO] src.timeline.commands: リップル: 10.000〜20.000s (10.00s) を除去 / 削除 2 件・短縮 1 件・移動 2 件
2026-08-19 13:37:48,732 [INFO] src.timeline.commands: リップル: 10.000〜20.000s (10.00s) を除去 / 削除 2 件・短縮 1 件・移動 2 件
2026-08-19 13:37:48,732 [INFO] src.timeline.commands: リップル: 10.000〜20.000s (10.00s) を除去 / 削除 2 件・短縮 1 件・移動 2 件
2026-08-19 13:37:48,732 [INFO] src.timeline.commands: リップル: 10.000〜20.000s (10.00s) を除去 / 削除 2 件・短縮 1 件・移動 2 件
2026-08-19 13:37:48,732 [INFO] src.timeline.commands: リップル: 10.000〜20.000s (10.00s) を除去 / 削除 2 件・短縮 1 件・移動 2 件
2026-08-19 13:37:48,733 [INFO] src.timeline.commands: リップル: 10.000〜20.000s (10.00s) を除去 / 削除 2 件・短縮 1 件・移動 2 件
2026-08-19 13:37:48,733 [INFO] src.timeline.commands: リップル: 10.000〜20.000s (10.00s) を除去 / 削除 2 件・短縮 0 件・移動 3 件
2026-08-19 13:37:48,733 [INFO] src.timeline.commands: リップル: 10.000〜20.000s (10.00s) を除去 / 削除 1 件・短縮 0 件・移動 1 件
2026-08-19 13:37:48,733 [INFO] src.timeline.commands: リップル: 10.000〜20.000s (10.00s) を除去 / 削除 2 件・短縮 1 件・移動 2 件
2026-08-19 13:37:48,733 [INFO] src.timeline.commands: 残り尺が下限を割るためクリップごとリップル削除しました: c2
2026-08-19 13:37:48,733 [INFO] src.timeline.commands: リップル: 10.000〜20.000s (10.00s) を除去 / 削除 1 件・短縮 0 件・移動 2 件
2026-08-19 13:37:48,734 [INFO] src.timeline.commands: リップル: 15.000〜20.000s (5.00s) を除去 / 削除 0 件・短縮 1 件・移動 2 件
2026-08-19 13:37:48,734 [INFO] src.timeline.commands: リップル: 10.000〜15.000s (5.00s) を除去 / 削除 0 件・短縮 1 件・移動 2 件
2026-08-19 13:37:48,734 [INFO] src.timeline.commands: リップル: 15.000〜20.000s (5.00s) を除去 / 削除 0 件・短縮 1 件・移動 2 件
2026-08-19 13:37:48,734 [INFO] src.timeline.commands: リップル: 15.000〜20.000s (5.00s) を除去 / 削除 0 件・短縮 1 件・移動 2 件
2026-08-19 13:37:48,734 [INFO] src.timeline.commands: リップル: 26.000〜27.000s (1.00s) を除去 / 削除 0 件・短縮 2 件・移動 0 件
2026-08-19 13:37:48,734 [INFO] src.timeline.commands: リップル: 10.000〜20.000s (10.00s) を除去 / 削除 1 件・短縮 0 件・移動 1 件
2026-08-19 13:37:48,736 [INFO] src.timeline.commands: リップル: 10.000〜20.000s (10.00s) を除去 / 削除 1 件・短縮 0 件・移動 1 件
2026-08-19 13:37:48,736 [INFO] src.timeline.commands: リップル: 10.000〜20.000s (10.00s) を除去 / 削除 1 件・短縮 0 件・移動 1 件
2026-08-19 13:37:48,741 [INFO] src.timeline.project_io: プロジェクト保存: C:\Users\evolu\AppData\Local\Temp\timeline_io_test_d1ii7lpn\sample.timeline.json
2026-08-19 13:37:48,764 [INFO] src.timeline.project_io: プロジェクト保存: C:\Users\evolu\AppData\Local\Temp\timeline_io_test_xlegxndl\sample.timeline.json
2026-08-19 13:37:48,770 [WARNING] src.timeline.project_io: 編集点の区間が不正なため無視します: 20.000→15.000
2026-08-19 13:37:48,772 [WARNING] src.timeline.project_io: メディアの実体が見つかりません (1 件)。該当クリップを無効化します: m1
2026-08-19 13:37:48,774 [WARNING] src.timeline.project_io: 音声クリップ a1 のリンク先 no_such_clip が存在しないため除外します (該当区間は無音になります)
2026-08-19 13:37:48,776 [WARNING] src.timeline.project_io: トラック V1 でクリップ c2 が重複しているため 12.480 へ移動します
2026-08-19 13:37:48,780 [WARNING] src.timeline.project_io: クリップ c2 の尺 (0.001s) が下限 (0.050s) 未満のため除外します
2026-08-19 13:37:48,780 [WARNING] src.timeline.project_io: 音声クリップ a2 のリンク先 c2 が存在しないため除外します (該当区間は無音になります)
2026-08-19 13:37:48,787 [WARNING] src.timeline.builder: 寸法の設定が不正なため既定 8000 を使用します: 0
2026-08-19 13:38:27,830 [INFO] src.timeline.renderer: ベース映像構築: 12 クリップ / ギャップ 0 件 / 合計 60.0s
2026-08-19 13:38:29,879 [WARNING] src.timeline.renderer: ベース映像の尺: モデル 60.049s / 実測 60.452s (差 +0.403s / 12 部品)
2026-08-19 13:38:29,881 [INFO] src.timeline.renderer: オーバーレイ・字幕が無いため合成をスキップします
2026-08-19 13:38:29,924 [INFO] src.timeline.renderer: ベース映像構築: 12 クリップ / ギャップ 0 件 / 合計 60.0s
2026-08-19 13:38:31,432 [WARNING] src.timeline.renderer: ベース映像の尺: モデル 60.050s / 実測 60.100s (差 +0.050s / 12 部品)
2026-08-19 13:38:31,441 [INFO] src.timeline.renderer: オーバーレイ・字幕が無いため合成をスキップします
2026-08-19 13:38:31,450 [INFO] src.timeline.renderer: 中間形式を最終形式へ変換: .mov → mp4 (音声のみ再エンコード)
2026-08-19 13:42:41,455 [INFO] src.archive.clip_writer: clip1 prepare 完了 (字幕 2 件)
2026-08-19 13:42:41,459 [INFO] src.archive.clip_writer: clip1 prepare 完了 (字幕 2 件)
2026-08-19 13:42:41,461 [INFO] src.archive.clip_writer: 編集点準備: 残す区間 2 件 / 想定尺 10.00s (素材 30.00s)
2026-08-19 13:42:41,461 [INFO] src.archive.clip_writer: clip1 prepare 完了 (字幕 2 件 / 実カットなし)
2026-08-19 13:42:41,463 [INFO] src.archive.clip_writer: 編集点準備: 残す区間 2 件 / 想定尺 10.00s (素材 30.00s)
2026-08-19 13:42:41,464 [INFO] src.archive.clip_writer: clip1 prepare 完了 (字幕 2 件 / 実カットなし)
2026-08-19 13:42:41,467 [INFO] src.archive.clip_writer: 編集点準備: 残す区間 2 件 / 想定尺 10.00s (素材 30.00s)
2026-08-19 13:42:41,467 [INFO] src.archive.clip_writer: clip1 prepare 完了 (字幕 2 件 / 実カットなし)
2026-08-19 13:42:41,468 [INFO] src.archive.clip_writer: 編集点準備: 残す区間 2 件 / 想定尺 10.00s (素材 30.00s)
2026-08-19 13:42:41,468 [INFO] src.archive.clip_writer: clip1 prepare 完了 (字幕 2 件 / 実カットなし)
2026-08-19 13:42:41,470 [INFO] src.archive.clip_writer: 編集点準備: 残す区間 2 件 / 想定尺 10.00s (素材 30.00s)
2026-08-19 13:42:41,470 [INFO] src.archive.clip_writer: clip1 prepare 完了 (字幕 2 件 / 実カットなし)
2026-08-19 13:42:41,472 [INFO] src.archive.clip_writer: 編集点準備: 残す区間 2 件 / 想定尺 10.00s (素材 30.00s)
2026-08-19 13:42:41,472 [INFO] src.archive.clip_writer: clip1 prepare 完了 (字幕 2 件 / 実カットなし)
2026-08-19 13:42:41,474 [INFO] src.archive.clip_writer: 編集点準備: 残す区間 2 件 / 想定尺 10.00s (素材 30.00s)
2026-08-19 13:42:41,474 [INFO] src.archive.clip_writer: clip1 prepare 完了 (字幕 0 件 / 実カットなし)
2026-08-19 13:42:41,475 [INFO] src.archive.clip_writer: 編集点準備: 残す区間 2 件 / 想定尺 10.00s (素材 30.00s)
2026-08-19 13:42:41,476 [INFO] src.archive.timeline_builder: アーカイブ Timeline 構築: 3 クリップ / V1 6 本 / S1 6 件 / 全長 30.0s
2026-08-19 13:42:41,476 [INFO] src.archive.timeline_builder: アーカイブ Timeline 構築: 3 クリップ / V1 6 本 / S1 6 件 / 全長 30.0s
2026-08-19 13:42:41,476 [INFO] src.archive.timeline_builder: アーカイブ Timeline 構築: 3 クリップ / V1 6 本 / S1 6 件 / 全長 30.0s
2026-08-19 13:42:41,476 [INFO] src.archive.timeline_builder: アーカイブ Timeline 構築: 3 クリップ / V1 6 本 / S1 6 件 / 全長 30.0s
2026-08-19 13:42:41,476 [INFO] src.archive.timeline_builder: アーカイブ Timeline 構築: 3 クリップ / V1 6 本 / S1 6 件 / 全長 30.0s
2026-08-19 13:42:41,477 [INFO] src.archive.timeline_builder: アーカイブ Timeline 構築: 3 クリップ / V1 6 本 / S1 6 件 / 全長 30.0s
2026-08-19 13:42:41,477 [INFO] src.archive.timeline_builder: アーカイブ Timeline 構築: 3 クリップ / V1 6 本 / S1 6 件 / 全長 30.0s
2026-08-19 13:42:41,477 [INFO] src.archive.timeline_builder: アーカイブ Timeline 構築: 3 クリップ / V1 6 本 / S1 6 件 / 全長 30.0s
2026-08-19 13:42:41,477 [INFO] src.archive.timeline_builder: アーカイブ Timeline 構築: 3 クリップ / V1 6 本 / S1 6 件 / 全長 30.0s
2026-08-19 13:42:41,477 [INFO] src.archive.timeline_builder: アーカイブ Timeline 構築: 1 クリップ / V1 1 本 / S1 2 件 / 全長 30.0s
2026-08-19 13:42:41,477 [INFO] src.archive.timeline_builder: clip1: クリップ終端で打ち切った字幕 1 件 / 載せなかった字幕 0 件
2026-08-19 13:42:41,477 [INFO] src.archive.timeline_builder: clip2: クリップ終端で打ち切った字幕 1 件 / 載せなかった字幕 0 件
2026-08-19 13:42:41,477 [INFO] src.archive.timeline_builder: clip3: クリップ終端で打ち切った字幕 1 件 / 載せなかった字幕 0 件
2026-08-19 13:42:41,477 [INFO] src.archive.timeline_builder: アーカイブ Timeline 構築: 3 クリップ / V1 6 本 / S1 3 件 / 全長 30.0s
2026-08-19 13:42:41,477 [INFO] src.archive.timeline_builder: clip1: クリップ終端で打ち切った字幕 1 件 / 載せなかった字幕 0 件
2026-08-19 13:42:41,477 [INFO] src.archive.timeline_builder: アーカイブ Timeline 構築: 2 クリップ / V1 4 本 / S1 3 件 / 全長 20.0s
2026-08-19 13:42:41,477 [INFO] src.archive.timeline_builder: clip1: クリップ終端で打ち切った字幕 1 件 / 載せなかった字幕 1 件
2026-08-19 13:42:41,477 [INFO] src.archive.timeline_builder: アーカイブ Timeline 構築: 2 クリップ / V1 4 本 / S1 2 件 / 全長 20.0s
2026-08-19 13:42:41,477 [INFO] src.archive.timeline_builder: clip1: クリップ終端で打ち切った字幕 1 件 / 載せなかった字幕 0 件
2026-08-19 13:42:41,477 [INFO] src.archive.timeline_builder: clip2: クリップ終端で打ち切った字幕 1 件 / 載せなかった字幕 0 件
2026-08-19 13:42:41,477 [INFO] src.archive.timeline_builder: アーカイブ Timeline 構築: 2 クリップ / V1 4 本 / S1 2 件 / 全長 20.0s
2026-08-19 13:42:41,479 [INFO] src.archive.timeline_builder: アーカイブ Timeline 構築: 3 クリップ / V1 6 本 / S1 6 件 / 全長 30.0s
2026-08-19 13:42:41,479 [INFO] src.archive.timeline_builder: アーカイブ Timeline 構築: 3 クリップ / V1 6 本 / S1 6 件 / 全長 30.0s
2026-08-19 13:42:41,479 [INFO] src.archive.timeline_builder: アーカイブ Timeline 構築: 3 クリップ / V1 6 本 / S1 6 件 / 全長 30.0s
2026-08-19 13:42:41,480 [INFO] src.archive.timeline_builder: アーカイブ Timeline 構築: 3 クリップ / V1 6 本 / S1 6 件 / 全長 30.0s
2026-08-19 13:42:41,480 [INFO] src.archive.timeline_builder: アーカイブ Timeline 構築: 3 クリップ / V1 6 本 / S1 6 件 / 全長 30.0s
2026-08-19 13:42:41,482 [INFO] src.archive.timeline_builder: アーカイブ Timeline 構築: 3 クリップ / V1 6 本 / S1 6 件 / 全長 30.0s
2026-08-19 13:42:41,482 [INFO] src.archive.timeline_builder: clip2 は使用しないため書き出しから除外します
2026-08-19 13:42:41,482 [INFO] src.archive.timeline_builder: アーカイブ Timeline 構築: 3 クリップ / V1 6 本 / S1 6 件 / 全長 30.0s
2026-08-19 13:42:41,482 [INFO] src.archive.timeline_builder: アーカイブ Timeline 構築: 3 クリップ / V1 6 本 / S1 6 件 / 全長 30.0s
2026-08-19 13:42:41,483 [INFO] src.archive.timeline_builder: アーカイブ Timeline 構築: 3 クリップ / V1 6 本 / S1 6 件 / 全長 30.0s
2026-08-19 13:42:41,483 [INFO] src.archive.timeline_builder: アーカイブ Timeline 構築: 3 クリップ / V1 6 本 / S1 6 件 / 全長 30.0s
2026-08-19 13:42:41,483 [INFO] src.archive.timeline_builder: アーカイブ Timeline 構築: 3 クリップ / V1 6 本 / S1 6 件 / 全長 30.0s
2026-08-19 13:42:41,483 [INFO] src.archive.timeline_builder: アーカイブ Timeline 構築: 3 クリップ / V1 6 本 / S1 6 件 / 全長 30.0s
2026-08-19 13:42:41,485 [WARNING] src.export.fcpxml_builder: タイムライン終端を超える字幕をクリップ末尾へクランプしました (丸め誤差の端数など)。
2026-08-19 13:42:41,488 [INFO] src.modules.loudness_normalizer: 入力ラウドネス: I=-9.2 LUFS / TP=-0.3 dBTP / LRA=5.1 LU → 目標 I=-14.0 LUFS / TP=-1.0 dBTP (offset 0.4 dB)
2026-08-19 13:42:41,494 [ERROR] src.modules.loudness_normalizer: ラウドネス正規化の適用に失敗 (元音声のまま継続): in.mp4
Traceback (most recent call last):
  File "D:\develop\autoedit\src\modules\loudness_normalizer.py", line 219, in normalize_file
    ffmpeg_runner.execute(
  File "C:\Users\evolu\AppData\Local\Programs\Python\Python312\Lib\unittest\mock.py", line 1139, in __call__
    return self._mock_call(*args, **kwargs)
           ^^^^^^^^^^^^^^^^^^^^^^^^^^^^^^^^
  File "C:\Users\evolu\AppData\Local\Programs\Python\Python312\Lib\unittest\mock.py", line 1143, in _mock_call
    return self._execute_mock_call(*args, **kwargs)
           ^^^^^^^^^^^^^^^^^^^^^^^^^^^^^^^^^^^^^^^^
  File "C:\Users\evolu\AppData\Local\Programs\Python\Python312\Lib\unittest\mock.py", line 1198, in _execute_mock_call
    raise effect
src.exceptions.FFmpegError: 失敗
2026-08-19 13:42:41,496 [INFO] src.modules.loudness_normalizer: ラウドネス正規化は無効のためスキップ
2026-08-19 13:42:41,497 [WARNING] src.modules.loudness_normalizer: ラウドネス測定に失敗したため正規化をスキップ (元音声のまま継続): in.mp4
2026-08-19 13:42:41,497 [INFO] src.modules.loudness_normalizer: 音声ストリームが無いためラウドネス正規化をスキップ: in.mp4
2026-08-19 13:42:41,502 [INFO] src.modules.loudness_normalizer: ラウドネス正規化 完了: out.mp4
2026-08-19 13:42:41,504 [INFO] src.modules.loudness_normalizer: 入力ラウドネス: I=-9.2 LUFS / TP=-0.3 dBTP / LRA=5.1 LU → 目標 I=-14.0 LUFS / TP=-1.0 dBTP (offset 0.4 dB)
2026-08-19 13:42:41,510 [INFO] src.modules.loudness_normalizer: ラウドネス正規化 完了: out.mp4
2026-08-19 13:42:41,529 [WARNING] src.timeline.builder: フレーム間引きの設定が不正なため none を使用します: 'all'
2026-08-19 13:42:41,550 [WARNING] src.export.resolve_export: ソース総尺の取得に失敗 (タイムライン全長で代用): C:\Users\evolu\AppData\Local\Temp\resolve_export_test_0aelpiyc\sample.mp4
2026-08-19 13:42:41,561 [WARNING] src.export.resolve_export: ソース総尺の取得に失敗 (タイムライン全長で代用): C:\Users\evolu\AppData\Local\Temp\resolve_export_test_thokvvck\sample.mp4
2026-08-19 13:42:41,570 [WARNING] src.export.resolve_export: ソース総尺の取得に失敗 (タイムライン全長で代用): C:\Users\evolu\AppData\Local\Temp\resolve_export_test_yf76lqg0\sample.mp4
2026-08-19 13:42:41,581 [WARNING] src.export.resolve_export: ソース総尺の取得に失敗 (タイムライン全長で代用): C:\Users\evolu\AppData\Local\Temp\resolve_export_test_wj39v1y7\sample.mp4
2026-08-19 13:42:41,581 [WARNING] src.export.resolve_export: テーマ演出はテキストと区間のみを出力します (ブラー・黒帯などの映像エフェクトは FCPXML で表現できません)。
2026-08-19 13:42:41,581 [WARNING] src.export.resolve_export: 字幕位置は配置(alignment)＋余白からの近似です。Resolve 取り込み時に位置が中央へ戻る場合があります (フォント/サイズ/色は保持)。
2026-08-19 13:42:41,590 [WARNING] src.export.resolve_export: ソース総尺の取得に失敗 (タイムライン全長で代用): C:\Users\evolu\AppData\Local\Temp\resolve_export_test_d4hg1m5l\sample.mp4
2026-08-19 13:42:41,600 [WARNING] src.export.resolve_export: ソース総尺の取得に失敗 (タイムライン全長で代用): C:\Users\evolu\AppData\Local\Temp\resolve_export_test_pbe0toux\sample.mp4
2026-08-19 13:42:41,608 [WARNING] src.export.resolve_export: ソース総尺の取得に失敗 (タイムライン全長で代用): C:\Users\evolu\AppData\Local\Temp\resolve_export_test_ym44zv1j\sample.mp4
2026-08-19 13:42:41,617 [WARNING] src.export.resolve_export: ソース総尺の取得に失敗 (タイムライン全長で代用): C:\Users\evolu\AppData\Local\Temp\resolve_export_test_ym44zv1j\sample.mp4
2026-08-19 13:42:41,627 [WARNING] src.export.resolve_export: ソース総尺の取得に失敗 (タイムライン全長で代用): C:\Users\evolu\AppData\Local\Temp\resolve_export_test_bymb0_qb\sample.mp4
2026-08-19 13:42:41,627 [WARNING] src.export.resolve_export: 未対応の字幕出力方式 export.resolve.subtitle.mode=bogus のため caption で出力します
2026-08-19 13:42:41,638 [WARNING] src.export.resolve_export: ソース総尺の取得に失敗 (タイムライン全長で代用): C:\Users\evolu\AppData\Local\Temp\resolve_export_test_tv8i3n2k\sample.mp4
2026-08-19 13:42:41,649 [WARNING] src.export.resolve_export: ソース総尺の取得に失敗 (タイムライン全長で代用): C:\Users\evolu\AppData\Local\Temp\resolve_export_test_cf1is8td\sample.mp4
2026-08-19 13:42:41,659 [WARNING] src.export.resolve_export: ソース総尺の取得に失敗 (タイムライン全長で代用): C:\Users\evolu\AppData\Local\Temp\resolve_export_test_aaw41i_i\sample.mp4
2026-08-19 13:42:41,667 [WARNING] src.export.resolve_export: ソース総尺の取得に失敗 (タイムライン全長で代用): C:\Users\evolu\AppData\Local\Temp\resolve_export_test_zauhjx01\sample.mp4
2026-08-19 13:42:41,677 [WARNING] src.export.resolve_export: ソース総尺の取得に失敗 (タイムライン全長で代用): C:\Users\evolu\AppData\Local\Temp\resolve_export_test_5bggjsz7\sample.mp4
2026-08-19 13:42:41,688 [WARNING] src.export.resolve_export: ソース総尺の取得に失敗 (タイムライン全長で代用): C:\Users\evolu\AppData\Local\Temp\resolve_export_test_570e42cc\sample.mp4
2026-08-19 13:42:41,699 [WARNING] src.export.resolve_export: ソース総尺の取得に失敗 (タイムライン全長で代用): C:\Users\evolu\AppData\Local\Temp\resolve_export_test_x7cb2opa\sample.mp4
2026-08-19 13:42:41,707 [WARNING] src.export.resolve_export: ソース総尺の取得に失敗 (タイムライン全長で代用): C:\Users\evolu\AppData\Local\Temp\resolve_export_test_qtjm6xvc\sample.mp4
2026-08-19 13:42:41,717 [WARNING] src.export.resolve_export: ソース総尺の取得に失敗 (タイムライン全長で代用): C:\Users\evolu\AppData\Local\Temp\resolve_export_test_f7gfpn1l\sample.mp4
2026-08-19 13:42:41,717 [INFO] src.export.resolve_export: 編集点が無いため全長 1 クリップとして出力します
2026-08-19 13:42:41,729 [WARNING] src.export.resolve_export: ソース総尺の取得に失敗 (タイムライン全長で代用): C:\Users\evolu\AppData\Local\Temp\resolve_export_test_azs6me84\sample.mp4
2026-08-19 13:42:41,729 [INFO] src.export.resolve_export: Resolve 出力開始: C:\Users\evolu\AppData\Local\Temp\resolve_export_test_azs6me84\out2.fcpxml (クリップ 1 件 / 字幕 caption 1 件 / title・テーマ 0 件 / 1920x1080 60fps)
2026-08-19 13:42:41,731 [INFO] src.export.resolve_export: 字幕トラックのスタイルは Resolve の字幕トラックヘッダー選択 → インスペクタ → Track Style で一括設定できます (Resolve 19 以降は Text+ スタイルも指定可)。
2026-08-19 13:42:41,731 [INFO] src.export.resolve_export: Resolve 出力完了: C:\Users\evolu\AppData\Local\Temp\resolve_export_test_azs6me84\out2.fcpxml (タイムライン尺 5.00s)
2026-08-19 13:42:41,740 [WARNING] src.export.resolve_export: ソース総尺の取得に失敗 (タイムライン全長で代用): C:\Users\evolu\AppData\Local\Temp\resolve_export_test_m355ahnq\sample.mp4
2026-08-19 13:42:41,740 [INFO] src.export.resolve_export: Resolve 出力開始: C:\Users\evolu\AppData\Local\Temp\resolve_export_test_m355ahnq\out3.fcpxml (クリップ 1 件 / 字幕 caption 0 件 / title・テーマ 0 件 / 1920x1080 60fps)
2026-08-19 13:42:41,740 [INFO] src.export.resolve_export: Resolve 出力完了: C:\Users\evolu\AppData\Local\Temp\resolve_export_test_m355ahnq\out3.fcpxml (タイムライン尺 5.00s)
2026-08-19 13:42:41,752 [WARNING] src.export.resolve_export: ソース総尺の取得に失敗 (タイムライン全長で代用): C:\Users\evolu\AppData\Local\Temp\resolve_export_test_aaabhjsi\sample.mp4
2026-08-19 13:42:41,752 [INFO] src.export.resolve_export: Resolve 出力開始: C:\Users\evolu\AppData\Local\Temp\resolve_export_test_aaabhjsi\out.fcpxml (クリップ 1 件 / 字幕 caption 1 件 / title・テーマ 0 件 / 1920x1080 60fps)
2026-08-19 13:42:41,757 [INFO] src.export.resolve_export: SRT サイドカー出力: C:\Users\evolu\AppData\Local\Temp\resolve_export_test_aaabhjsi\out.srt (1 件)
2026-08-19 13:42:41,758 [INFO] src.export.resolve_export: Resolve 出力完了: C:\Users\evolu\AppData\Local\Temp\resolve_export_test_aaabhjsi\out.fcpxml / C:\Users\evolu\AppData\Local\Temp\resolve_export_test_aaabhjsi\out.srt (タイムライン尺 5.00s)
2026-08-19 13:42:41,780 [INFO] src.export.resolve_export: Resolve 出力を中止 (上書きしない): C:\Users\evolu\AppData\Local\Temp\resolve_export_test_aaabhjsi\out.fcpxml
2026-08-19 13:42:41,782 [INFO] src.modules.subtitle_generator: テロップ個別指定 フォント 0 件 / サイズ 0 件 / 文字色 1 件 / 縁の色 0 件
2026-08-19 13:42:41,786 [INFO] src.modules.subtitle_generator: テロップ個別指定 フォント 0 件 / サイズ 0 件 / 文字色 1 件 / 縁の色 0 件
2026-08-19 13:42:41,803 [INFO] src.modules.subtitle_generator: テロップ個別指定 フォント 0 件 / サイズ 0 件 / 文字色 0 件 / 縁の色 1 件
2026-08-19 13:42:41,805 [INFO] src.modules.subtitle_generator: テロップ個別指定 フォント 0 件 / サイズ 0 件 / 文字色 0 件 / 縁の色 1 件
2026-08-19 13:42:41,807 [INFO] src.modules.subtitle_generator: テロップ個別指定 フォント 1 件 / サイズ 1 件 / 文字色 1 件 / 縁の色 1 件
2026-08-19 13:42:41,817 [WARNING] src.timeline.commands: 映像トラックの上限 (3) に達しているため追加できません
2026-08-19 13:42:41,818 [INFO] src.timeline.commands: 字幕を追加できる空きがありません (2.000 秒)
2026-08-19 13:42:41,818 [INFO] src.timeline.commands: 字幕を追加できる空きがありません (0.990 秒)
2026-08-19 13:42:41,819 [INFO] src.timeline.commands: リップル: 10.000〜20.000s (10.00s) を除去 / 削除 1 件・短縮 0 件・移動 1 件
2026-08-19 13:42:41,819 [INFO] src.timeline.commands: リップル: 10.000〜20.000s (10.00s) を除去 / 削除 1 件・短縮 0 件・移動 1 件
2026-08-19 13:42:41,819 [INFO] src.timeline.commands: リップル: 10.000〜20.000s (10.00s) を除去 / 削除 1 件・短縮 0 件・移動 1 件
2026-08-19 13:42:41,819 [INFO] src.timeline.commands: リップル: 0.000〜10.000s (10.00s) を除去 / 削除 2 件・短縮 0 件・移動 1 件
2026-08-19 13:42:41,820 [INFO] src.timeline.commands: リップル: 10.000〜20.000s (10.00s) を除去 / 削除 1 件・短縮 0 件・移動 1 件
2026-08-19 13:42:41,820 [INFO] src.timeline.commands: リップル: 10.000〜20.000s (10.00s) を除去 / 削除 2 件・短縮 1 件・移動 2 件
2026-08-19 13:42:41,820 [INFO] src.timeline.commands: リップル: 10.000〜20.000s (10.00s) を除去 / 削除 2 件・短縮 1 件・移動 2 件
2026-08-19 13:42:41,820 [INFO] src.timeline.commands: リップル: 10.000〜20.000s (10.00s) を除去 / 削除 2 件・短縮 1 件・移動 2 件
2026-08-19 13:42:41,821 [INFO] src.timeline.commands: リップル: 10.000〜20.000s (10.00s) を除去 / 削除 2 件・短縮 1 件・移動 2 件
2026-08-19 13:42:41,821 [INFO] src.timeline.commands: リップル: 10.000〜20.000s (10.00s) を除去 / 削除 2 件・短縮 1 件・移動 2 件
2026-08-19 13:42:41,821 [INFO] src.timeline.commands: リップル: 10.000〜20.000s (10.00s) を除去 / 削除 2 件・短縮 1 件・移動 2 件
2026-08-19 13:42:41,822 [INFO] src.timeline.commands: リップル: 10.000〜20.000s (10.00s) を除去 / 削除 2 件・短縮 0 件・移動 3 件
2026-08-19 13:42:41,822 [INFO] src.timeline.commands: リップル: 10.000〜20.000s (10.00s) を除去 / 削除 1 件・短縮 0 件・移動 1 件
2026-08-19 13:42:41,822 [INFO] src.timeline.commands: リップル: 10.000〜20.000s (10.00s) を除去 / 削除 2 件・短縮 1 件・移動 2 件
2026-08-19 13:42:41,822 [INFO] src.timeline.commands: 残り尺が下限を割るためクリップごとリップル削除しました: c2
2026-08-19 13:42:41,822 [INFO] src.timeline.commands: リップル: 10.000〜20.000s (10.00s) を除去 / 削除 1 件・短縮 0 件・移動 2 件
2026-08-19 13:42:41,822 [INFO] src.timeline.commands: リップル: 15.000〜20.000s (5.00s) を除去 / 削除 0 件・短縮 1 件・移動 2 件
2026-08-19 13:42:41,822 [INFO] src.timeline.commands: リップル: 10.000〜15.000s (5.00s) を除去 / 削除 0 件・短縮 1 件・移動 2 件
2026-08-19 13:42:41,822 [INFO] src.timeline.commands: リップル: 15.000〜20.000s (5.00s) を除去 / 削除 0 件・短縮 1 件・移動 2 件
2026-08-19 13:42:41,822 [INFO] src.timeline.commands: リップル: 15.000〜20.000s (5.00s) を除去 / 削除 0 件・短縮 1 件・移動 2 件
2026-08-19 13:42:41,822 [INFO] src.timeline.commands: リップル: 26.000〜27.000s (1.00s) を除去 / 削除 0 件・短縮 2 件・移動 0 件
2026-08-19 13:42:41,823 [INFO] src.timeline.commands: リップル: 10.000〜20.000s (10.00s) を除去 / 削除 1 件・短縮 0 件・移動 1 件
2026-08-19 13:42:41,823 [INFO] src.timeline.commands: リップル: 10.000〜20.000s (10.00s) を除去 / 削除 1 件・短縮 0 件・移動 1 件
2026-08-19 13:42:41,823 [INFO] src.timeline.commands: リップル: 10.000〜20.000s (10.00s) を除去 / 削除 1 件・短縮 0 件・移動 1 件
2026-08-19 13:42:41,831 [INFO] src.timeline.project_io: プロジェクト保存: C:\Users\evolu\AppData\Local\Temp\timeline_io_test_uf457mrx\sample.timeline.json
2026-08-19 13:42:41,851 [INFO] src.timeline.project_io: プロジェクト保存: C:\Users\evolu\AppData\Local\Temp\timeline_io_test_c3739eti\sample.timeline.json
2026-08-19 13:42:41,859 [WARNING] src.timeline.project_io: 編集点の区間が不正なため無視します: 20.000→15.000
2026-08-19 13:42:41,860 [WARNING] src.timeline.project_io: メディアの実体が見つかりません (1 件)。該当クリップを無効化します: m1
2026-08-19 13:42:41,862 [WARNING] src.timeline.project_io: 音声クリップ a1 のリンク先 no_such_clip が存在しないため除外します (該当区間は無音になります)
2026-08-19 13:42:41,863 [WARNING] src.timeline.project_io: トラック V1 でクリップ c2 が重複しているため 12.480 へ移動します
2026-08-19 13:42:41,867 [WARNING] src.timeline.project_io: クリップ c2 の尺 (0.001s) が下限 (0.050s) 未満のため除外します
2026-08-19 13:42:41,867 [WARNING] src.timeline.project_io: 音声クリップ a2 のリンク先 c2 が存在しないため除外します (該当区間は無音になります)
2026-08-19 13:42:41,874 [WARNING] src.timeline.builder: 寸法の設定が不正なため既定 8000 を使用します: 0
2026-08-19 13:42:59,859 [INFO] src.timeline.renderer: ベース映像構築: 12 クリップ / ギャップ 0 件 / 合計 60.0s
2026-08-19 13:43:01,466 [WARNING] src.timeline.renderer: ベース映像の尺: モデル 60.049s / 実測 60.452s (差 +0.403s / 12 部品)
2026-08-19 13:43:01,470 [INFO] src.timeline.renderer: オーバーレイ・字幕が無いため合成をスキップします
2026-08-19 13:43:01,512 [INFO] src.timeline.renderer: ベース映像構築: 12 クリップ / ギャップ 0 件 / 合計 60.0s
2026-08-19 13:43:03,022 [INFO] src.timeline.renderer: ベース映像の尺: モデル 60.050s / 実測 60.050s (差 +0.000s / 12 部品)
2026-08-19 13:43:03,031 [INFO] src.timeline.renderer: オーバーレイ・字幕が無いため合成をスキップします
2026-08-19 13:43:03,040 [INFO] src.timeline.renderer: 中間形式を最終形式へ変換: .mov → mp4 (音声のみ再エンコード)
2026-08-19 14:33:49,299 [INFO] src.archive.clip_writer: clip1 prepare 完了 (字幕 2 件)
2026-08-19 14:33:49,301 [INFO] src.archive.clip_writer: clip1 prepare 完了 (字幕 2 件)
2026-08-19 14:33:49,303 [INFO] src.archive.clip_writer: 編集点準備: 残す区間 2 件 / 想定尺 10.00s (素材 30.00s)
2026-08-19 14:33:49,303 [INFO] src.archive.clip_writer: clip1 prepare 完了 (字幕 2 件 / 実カットなし)
2026-08-19 14:33:49,305 [INFO] src.archive.clip_writer: 編集点準備: 残す区間 2 件 / 想定尺 10.00s (素材 30.00s)
2026-08-19 14:33:49,305 [INFO] src.archive.clip_writer: clip1 prepare 完了 (字幕 2 件 / 実カットなし)
2026-08-19 14:33:49,308 [INFO] src.archive.clip_writer: 編集点準備: 残す区間 2 件 / 想定尺 10.00s (素材 30.00s)
2026-08-19 14:33:49,308 [INFO] src.archive.clip_writer: clip1 prepare 完了 (字幕 2 件 / 実カットなし)
2026-08-19 14:33:49,310 [INFO] src.archive.clip_writer: 編集点準備: 残す区間 2 件 / 想定尺 10.00s (素材 30.00s)
2026-08-19 14:33:49,310 [INFO] src.archive.clip_writer: clip1 prepare 完了 (字幕 2 件 / 実カットなし)
2026-08-19 14:33:49,311 [INFO] src.archive.clip_writer: 編集点準備: 残す区間 2 件 / 想定尺 10.00s (素材 30.00s)
2026-08-19 14:33:49,311 [INFO] src.archive.clip_writer: clip1 prepare 完了 (字幕 2 件 / 実カットなし)
2026-08-19 14:33:49,313 [INFO] src.archive.clip_writer: 編集点準備: 残す区間 2 件 / 想定尺 10.00s (素材 30.00s)
2026-08-19 14:33:49,313 [INFO] src.archive.clip_writer: clip1 prepare 完了 (字幕 2 件 / 実カットなし)
2026-08-19 14:33:49,315 [INFO] src.archive.clip_writer: 編集点準備: 残す区間 2 件 / 想定尺 10.00s (素材 30.00s)
2026-08-19 14:33:49,315 [INFO] src.archive.clip_writer: clip1 prepare 完了 (字幕 0 件 / 実カットなし)
2026-08-19 14:33:49,317 [INFO] src.archive.clip_writer: 編集点準備: 残す区間 2 件 / 想定尺 10.00s (素材 30.00s)
2026-08-19 14:33:49,318 [INFO] src.archive.timeline_builder: アーカイブ Timeline 構築: 3 クリップ / V1 6 本 / S1 6 件 / 全長 30.0s
2026-08-19 14:33:49,318 [INFO] src.archive.timeline_builder: アーカイブ Timeline 構築: 3 クリップ / V1 6 本 / S1 6 件 / 全長 30.0s
2026-08-19 14:33:49,319 [INFO] src.archive.timeline_builder: アーカイブ Timeline 構築: 3 クリップ / V1 6 本 / S1 6 件 / 全長 30.0s
2026-08-19 14:33:49,319 [INFO] src.archive.timeline_builder: アーカイブ Timeline 構築: 3 クリップ / V1 6 本 / S1 6 件 / 全長 30.0s
2026-08-19 14:33:49,319 [INFO] src.archive.timeline_builder: アーカイブ Timeline 構築: 3 クリップ / V1 6 本 / S1 6 件 / 全長 30.0s
2026-08-19 14:33:49,319 [INFO] src.archive.timeline_builder: アーカイブ Timeline 構築: 3 クリップ / V1 6 本 / S1 6 件 / 全長 30.0s
2026-08-19 14:33:49,319 [INFO] src.archive.timeline_builder: アーカイブ Timeline 構築: 3 クリップ / V1 6 本 / S1 6 件 / 全長 30.0s
2026-08-19 14:33:49,320 [INFO] src.archive.timeline_builder: アーカイブ Timeline 構築: 3 クリップ / V1 6 本 / S1 6 件 / 全長 30.0s
2026-08-19 14:33:49,320 [INFO] src.archive.timeline_builder: アーカイブ Timeline 構築: 3 クリップ / V1 6 本 / S1 6 件 / 全長 30.0s
2026-08-19 14:33:49,320 [INFO] src.archive.timeline_builder: アーカイブ Timeline 構築: 1 クリップ / V1 1 本 / S1 2 件 / 全長 30.0s
2026-08-19 14:33:49,320 [INFO] src.archive.timeline_builder: clip1: クリップ終端で打ち切った字幕 1 件 / 載せなかった字幕 0 件
2026-08-19 14:33:49,320 [INFO] src.archive.timeline_builder: clip2: クリップ終端で打ち切った字幕 1 件 / 載せなかった字幕 0 件
2026-08-19 14:33:49,320 [INFO] src.archive.timeline_builder: clip3: クリップ終端で打ち切った字幕 1 件 / 載せなかった字幕 0 件
2026-08-19 14:33:49,320 [INFO] src.archive.timeline_builder: アーカイブ Timeline 構築: 3 クリップ / V1 6 本 / S1 3 件 / 全長 30.0s
2026-08-19 14:33:49,320 [INFO] src.archive.timeline_builder: clip1: クリップ終端で打ち切った字幕 1 件 / 載せなかった字幕 0 件
2026-08-19 14:33:49,320 [INFO] src.archive.timeline_builder: アーカイブ Timeline 構築: 2 クリップ / V1 4 本 / S1 3 件 / 全長 20.0s
2026-08-19 14:33:49,320 [INFO] src.archive.timeline_builder: clip1: クリップ終端で打ち切った字幕 1 件 / 載せなかった字幕 1 件
2026-08-19 14:33:49,320 [INFO] src.archive.timeline_builder: アーカイブ Timeline 構築: 2 クリップ / V1 4 本 / S1 2 件 / 全長 20.0s
2026-08-19 14:33:49,321 [INFO] src.archive.timeline_builder: clip1: クリップ終端で打ち切った字幕 1 件 / 載せなかった字幕 0 件
2026-08-19 14:33:49,321 [INFO] src.archive.timeline_builder: clip2: クリップ終端で打ち切った字幕 1 件 / 載せなかった字幕 0 件
2026-08-19 14:33:49,321 [INFO] src.archive.timeline_builder: アーカイブ Timeline 構築: 2 クリップ / V1 4 本 / S1 2 件 / 全長 20.0s
2026-08-19 14:33:49,321 [INFO] src.archive.timeline_builder: アーカイブ Timeline 構築: 3 クリップ / V1 6 本 / S1 6 件 / 全長 30.0s
2026-08-19 14:33:49,321 [INFO] src.archive.timeline_builder: アーカイブ Timeline 構築: 3 クリップ / V1 6 本 / S1 6 件 / 全長 30.0s
2026-08-19 14:33:49,322 [INFO] src.archive.timeline_builder: アーカイブ Timeline 構築: 3 クリップ / V1 6 本 / S1 6 件 / 全長 30.0s
2026-08-19 14:33:49,322 [INFO] src.archive.timeline_builder: アーカイブ Timeline 構築: 3 クリップ / V1 6 本 / S1 6 件 / 全長 30.0s
2026-08-19 14:33:49,322 [INFO] src.archive.timeline_builder: アーカイブ Timeline 構築: 3 クリップ / V1 6 本 / S1 6 件 / 全長 30.0s
2026-08-19 14:33:49,322 [INFO] src.archive.timeline_builder: アーカイブ Timeline 構築: 3 クリップ / V1 6 本 / S1 6 件 / 全長 30.0s
2026-08-19 14:33:49,323 [INFO] src.archive.timeline_builder: clip2 は使用しないため書き出しから除外します
2026-08-19 14:33:49,323 [INFO] src.archive.timeline_builder: アーカイブ Timeline 構築: 3 クリップ / V1 6 本 / S1 6 件 / 全長 30.0s
2026-08-19 14:33:49,323 [INFO] src.archive.timeline_builder: アーカイブ Timeline 構築: 3 クリップ / V1 6 本 / S1 6 件 / 全長 30.0s
2026-08-19 14:33:49,323 [INFO] src.archive.timeline_builder: アーカイブ Timeline 構築: 3 クリップ / V1 6 本 / S1 6 件 / 全長 30.0s
2026-08-19 14:33:49,323 [INFO] src.archive.timeline_builder: アーカイブ Timeline 構築: 3 クリップ / V1 6 本 / S1 6 件 / 全長 30.0s
2026-08-19 14:33:49,323 [INFO] src.archive.timeline_builder: アーカイブ Timeline 構築: 3 クリップ / V1 6 本 / S1 6 件 / 全長 30.0s
2026-08-19 14:33:49,325 [INFO] src.archive.timeline_builder: アーカイブ Timeline 構築: 3 クリップ / V1 6 本 / S1 6 件 / 全長 30.0s
2026-08-19 14:33:49,328 [WARNING] src.export.fcpxml_builder: タイムライン終端を超える字幕をクリップ末尾へクランプしました (丸め誤差の端数など)。
2026-08-19 14:33:49,331 [INFO] src.modules.loudness_normalizer: 入力ラウドネス: I=-9.2 LUFS / TP=-0.3 dBTP / LRA=5.1 LU → 目標 I=-14.0 LUFS / TP=-1.0 dBTP (offset 0.4 dB)
2026-08-19 14:33:49,338 [ERROR] src.modules.loudness_normalizer: ラウドネス正規化の適用に失敗 (元音声のまま継続): in.mp4
Traceback (most recent call last):
  File "D:\develop\autoedit\src\modules\loudness_normalizer.py", line 219, in normalize_file
    ffmpeg_runner.execute(
  File "C:\Users\evolu\AppData\Local\Programs\Python\Python312\Lib\unittest\mock.py", line 1139, in __call__
    return self._mock_call(*args, **kwargs)
           ^^^^^^^^^^^^^^^^^^^^^^^^^^^^^^^^
  File "C:\Users\evolu\AppData\Local\Programs\Python\Python312\Lib\unittest\mock.py", line 1143, in _mock_call
    return self._execute_mock_call(*args, **kwargs)
           ^^^^^^^^^^^^^^^^^^^^^^^^^^^^^^^^^^^^^^^^
  File "C:\Users\evolu\AppData\Local\Programs\Python\Python312\Lib\unittest\mock.py", line 1198, in _execute_mock_call
    raise effect
src.exceptions.FFmpegError: 失敗
2026-08-19 14:33:49,339 [INFO] src.modules.loudness_normalizer: ラウドネス正規化は無効のためスキップ
2026-08-19 14:33:49,340 [WARNING] src.modules.loudness_normalizer: ラウドネス測定に失敗したため正規化をスキップ (元音声のまま継続): in.mp4
2026-08-19 14:33:49,340 [INFO] src.modules.loudness_normalizer: 音声ストリームが無いためラウドネス正規化をスキップ: in.mp4
2026-08-19 14:33:49,347 [INFO] src.modules.loudness_normalizer: ラウドネス正規化 完了: out.mp4
2026-08-19 14:33:49,348 [INFO] src.modules.loudness_normalizer: 入力ラウドネス: I=-9.2 LUFS / TP=-0.3 dBTP / LRA=5.1 LU → 目標 I=-14.0 LUFS / TP=-1.0 dBTP (offset 0.4 dB)
2026-08-19 14:33:49,355 [INFO] src.modules.loudness_normalizer: ラウドネス正規化 完了: out.mp4
2026-08-19 14:33:49,375 [WARNING] src.timeline.builder: フレーム間引きの設定が不正なため none を使用します: 'all'
2026-08-19 14:33:49,394 [WARNING] src.export.resolve_export: ソース総尺の取得に失敗 (タイムライン全長で代用): C:\Users\evolu\AppData\Local\Temp\resolve_export_test_26zp91yj\sample.mp4
2026-08-19 14:33:49,405 [WARNING] src.export.resolve_export: ソース総尺の取得に失敗 (タイムライン全長で代用): C:\Users\evolu\AppData\Local\Temp\resolve_export_test__h6uorxf\sample.mp4
2026-08-19 14:33:49,415 [WARNING] src.export.resolve_export: ソース総尺の取得に失敗 (タイムライン全長で代用): C:\Users\evolu\AppData\Local\Temp\resolve_export_test_jkgnqz6c\sample.mp4
2026-08-19 14:33:49,425 [WARNING] src.export.resolve_export: ソース総尺の取得に失敗 (タイムライン全長で代用): C:\Users\evolu\AppData\Local\Temp\resolve_export_test_zwodbybo\sample.mp4
2026-08-19 14:33:49,425 [WARNING] src.export.resolve_export: テーマ演出はテキストと区間のみを出力します (ブラー・黒帯などの映像エフェクトは FCPXML で表現できません)。
2026-08-19 14:33:49,425 [WARNING] src.export.resolve_export: 字幕位置は配置(alignment)＋余白からの近似です。Resolve 取り込み時に位置が中央へ戻る場合があります (フォント/サイズ/色は保持)。
2026-08-19 14:33:49,433 [WARNING] src.export.resolve_export: ソース総尺の取得に失敗 (タイムライン全長で代用): C:\Users\evolu\AppData\Local\Temp\resolve_export_test_8x7gcaxf\sample.mp4
2026-08-19 14:33:49,443 [WARNING] src.export.resolve_export: ソース総尺の取得に失敗 (タイムライン全長で代用): C:\Users\evolu\AppData\Local\Temp\resolve_export_test_3rycc7b3\sample.mp4
2026-08-19 14:33:49,452 [WARNING] src.export.resolve_export: ソース総尺の取得に失敗 (タイムライン全長で代用): C:\Users\evolu\AppData\Local\Temp\resolve_export_test_1k1k_zt6\sample.mp4
2026-08-19 14:33:49,459 [WARNING] src.export.resolve_export: ソース総尺の取得に失敗 (タイムライン全長で代用): C:\Users\evolu\AppData\Local\Temp\resolve_export_test_1k1k_zt6\sample.mp4
2026-08-19 14:33:49,469 [WARNING] src.export.resolve_export: ソース総尺の取得に失敗 (タイムライン全長で代用): C:\Users\evolu\AppData\Local\Temp\resolve_export_test_qu4x0zu6\sample.mp4
2026-08-19 14:33:49,469 [WARNING] src.export.resolve_export: 未対応の字幕出力方式 export.resolve.subtitle.mode=bogus のため caption で出力します
2026-08-19 14:33:49,478 [WARNING] src.export.resolve_export: ソース総尺の取得に失敗 (タイムライン全長で代用): C:\Users\evolu\AppData\Local\Temp\resolve_export_test_5n0v43j_\sample.mp4
2026-08-19 14:33:49,488 [WARNING] src.export.resolve_export: ソース総尺の取得に失敗 (タイムライン全長で代用): C:\Users\evolu\AppData\Local\Temp\resolve_export_test_qxstc8yy\sample.mp4
2026-08-19 14:33:49,500 [WARNING] src.export.resolve_export: ソース総尺の取得に失敗 (タイムライン全長で代用): C:\Users\evolu\AppData\Local\Temp\resolve_export_test__pqvlwud\sample.mp4
2026-08-19 14:33:49,509 [WARNING] src.export.resolve_export: ソース総尺の取得に失敗 (タイムライン全長で代用): C:\Users\evolu\AppData\Local\Temp\resolve_export_test_5fe6opdj\sample.mp4
2026-08-19 14:33:49,519 [WARNING] src.export.resolve_export: ソース総尺の取得に失敗 (タイムライン全長で代用): C:\Users\evolu\AppData\Local\Temp\resolve_export_test_54r_s93o\sample.mp4
2026-08-19 14:33:49,527 [WARNING] src.export.resolve_export: ソース総尺の取得に失敗 (タイムライン全長で代用): C:\Users\evolu\AppData\Local\Temp\resolve_export_test_op6tao03\sample.mp4
2026-08-19 14:33:49,538 [WARNING] src.export.resolve_export: ソース総尺の取得に失敗 (タイムライン全長で代用): C:\Users\evolu\AppData\Local\Temp\resolve_export_test_4ck8jw0g\sample.mp4
2026-08-19 14:33:49,547 [WARNING] src.export.resolve_export: ソース総尺の取得に失敗 (タイムライン全長で代用): C:\Users\evolu\AppData\Local\Temp\resolve_export_test_pewws_9c\sample.mp4
2026-08-19 14:33:49,556 [WARNING] src.export.resolve_export: ソース総尺の取得に失敗 (タイムライン全長で代用): C:\Users\evolu\AppData\Local\Temp\resolve_export_test_9t8n5jot\sample.mp4
2026-08-19 14:33:49,556 [INFO] src.export.resolve_export: 編集点が無いため全長 1 クリップとして出力します
2026-08-19 14:33:49,569 [WARNING] src.export.resolve_export: ソース総尺の取得に失敗 (タイムライン全長で代用): C:\Users\evolu\AppData\Local\Temp\resolve_export_test_bveq36vz\sample.mp4
2026-08-19 14:33:49,569 [INFO] src.export.resolve_export: Resolve 出力開始: C:\Users\evolu\AppData\Local\Temp\resolve_export_test_bveq36vz\out2.fcpxml (クリップ 1 件 / 字幕 caption 1 件 / title・テーマ 0 件 / 1920x1080 60fps)
2026-08-19 14:33:49,570 [INFO] src.export.resolve_export: 字幕トラックのスタイルは Resolve の字幕トラックヘッダー選択 → インスペクタ → Track Style で一括設定できます (Resolve 19 以降は Text+ スタイルも指定可)。
2026-08-19 14:33:49,570 [INFO] src.export.resolve_export: Resolve 出力完了: C:\Users\evolu\AppData\Local\Temp\resolve_export_test_bveq36vz\out2.fcpxml (タイムライン尺 5.00s)
2026-08-19 14:33:49,579 [WARNING] src.export.resolve_export: ソース総尺の取得に失敗 (タイムライン全長で代用): C:\Users\evolu\AppData\Local\Temp\resolve_export_test_q78kb1eh\sample.mp4
2026-08-19 14:33:49,580 [INFO] src.export.resolve_export: Resolve 出力開始: C:\Users\evolu\AppData\Local\Temp\resolve_export_test_q78kb1eh\out3.fcpxml (クリップ 1 件 / 字幕 caption 0 件 / title・テーマ 0 件 / 1920x1080 60fps)
2026-08-19 14:33:49,581 [INFO] src.export.resolve_export: Resolve 出力完了: C:\Users\evolu\AppData\Local\Temp\resolve_export_test_q78kb1eh\out3.fcpxml (タイムライン尺 5.00s)
2026-08-19 14:33:49,592 [WARNING] src.export.resolve_export: ソース総尺の取得に失敗 (タイムライン全長で代用): C:\Users\evolu\AppData\Local\Temp\resolve_export_test_24ptepqn\sample.mp4
2026-08-19 14:33:49,592 [INFO] src.export.resolve_export: Resolve 出力開始: C:\Users\evolu\AppData\Local\Temp\resolve_export_test_24ptepqn\out.fcpxml (クリップ 1 件 / 字幕 caption 1 件 / title・テーマ 0 件 / 1920x1080 60fps)
2026-08-19 14:33:49,598 [INFO] src.export.resolve_export: SRT サイドカー出力: C:\Users\evolu\AppData\Local\Temp\resolve_export_test_24ptepqn\out.srt (1 件)
2026-08-19 14:33:49,598 [INFO] src.export.resolve_export: Resolve 出力完了: C:\Users\evolu\AppData\Local\Temp\resolve_export_test_24ptepqn\out.fcpxml / C:\Users\evolu\AppData\Local\Temp\resolve_export_test_24ptepqn\out.srt (タイムライン尺 5.00s)
2026-08-19 14:33:49,599 [INFO] src.export.resolve_export: Resolve 出力を中止 (上書きしない): C:\Users\evolu\AppData\Local\Temp\resolve_export_test_24ptepqn\out.fcpxml
2026-08-19 14:33:49,600 [INFO] src.modules.subtitle_generator: テロップ個別指定 フォント 0 件 / サイズ 0 件 / 文字色 1 件 / 縁の色 0 件
2026-08-19 14:33:49,613 [INFO] src.modules.subtitle_generator: テロップ個別指定 フォント 0 件 / サイズ 0 件 / 文字色 1 件 / 縁の色 0 件
2026-08-19 14:33:49,634 [INFO] src.modules.subtitle_generator: テロップ個別指定 フォント 0 件 / サイズ 0 件 / 文字色 0 件 / 縁の色 1 件
2026-08-19 14:33:49,635 [INFO] src.modules.subtitle_generator: テロップ個別指定 フォント 0 件 / サイズ 0 件 / 文字色 0 件 / 縁の色 1 件
2026-08-19 14:33:49,639 [INFO] src.modules.subtitle_generator: テロップ個別指定 フォント 1 件 / サイズ 1 件 / 文字色 1 件 / 縁の色 1 件
2026-08-19 14:33:49,651 [WARNING] src.timeline.commands: 映像トラックの上限 (3) に達しているため追加できません
2026-08-19 14:33:49,651 [INFO] src.timeline.commands: 字幕を追加できる空きがありません (2.000 秒)
2026-08-19 14:33:49,652 [INFO] src.timeline.commands: 字幕を追加できる空きがありません (0.990 秒)
2026-08-19 14:33:49,652 [INFO] src.timeline.commands: リップル: 10.000〜20.000s (10.00s) を除去 / 削除 1 件・短縮 0 件・移動 1 件
2026-08-19 14:33:49,652 [INFO] src.timeline.commands: リップル: 10.000〜20.000s (10.00s) を除去 / 削除 1 件・短縮 0 件・移動 1 件
2026-08-19 14:33:49,652 [INFO] src.timeline.commands: リップル: 10.000〜20.000s (10.00s) を除去 / 削除 1 件・短縮 0 件・移動 1 件
2026-08-19 14:33:49,652 [INFO] src.timeline.commands: リップル: 0.000〜10.000s (10.00s) を除去 / 削除 2 件・短縮 0 件・移動 1 件
2026-08-19 14:33:49,652 [INFO] src.timeline.commands: リップル: 10.000〜20.000s (10.00s) を除去 / 削除 1 件・短縮 0 件・移動 1 件
2026-08-19 14:33:49,653 [INFO] src.timeline.commands: リップル: 10.000〜20.000s (10.00s) を除去 / 削除 2 件・短縮 1 件・移動 2 件
2026-08-19 14:33:49,653 [INFO] src.timeline.commands: リップル: 10.000〜20.000s (10.00s) を除去 / 削除 2 件・短縮 1 件・移動 2 件
2026-08-19 14:33:49,653 [INFO] src.timeline.commands: リップル: 10.000〜20.000s (10.00s) を除去 / 削除 2 件・短縮 1 件・移動 2 件
2026-08-19 14:33:49,653 [INFO] src.timeline.commands: リップル: 10.000〜20.000s (10.00s) を除去 / 削除 2 件・短縮 1 件・移動 2 件
2026-08-19 14:33:49,654 [INFO] src.timeline.commands: リップル: 10.000〜20.000s (10.00s) を除去 / 削除 2 件・短縮 1 件・移動 2 件
2026-08-19 14:33:49,654 [INFO] src.timeline.commands: リップル: 10.000〜20.000s (10.00s) を除去 / 削除 2 件・短縮 1 件・移動 2 件
2026-08-19 14:33:49,654 [INFO] src.timeline.commands: リップル: 10.000〜20.000s (10.00s) を除去 / 削除 2 件・短縮 0 件・移動 3 件
2026-08-19 14:33:49,654 [INFO] src.timeline.commands: リップル: 10.000〜20.000s (10.00s) を除去 / 削除 1 件・短縮 0 件・移動 1 件
2026-08-19 14:33:49,654 [INFO] src.timeline.commands: リップル: 10.000〜20.000s (10.00s) を除去 / 削除 2 件・短縮 1 件・移動 2 件
2026-08-19 14:33:49,654 [INFO] src.timeline.commands: 残り尺が下限を割るためクリップごとリップル削除しました: c2
2026-08-19 14:33:49,654 [INFO] src.timeline.commands: リップル: 10.000〜20.000s (10.00s) を除去 / 削除 1 件・短縮 0 件・移動 2 件
2026-08-19 14:33:49,654 [INFO] src.timeline.commands: リップル: 15.000〜20.000s (5.00s) を除去 / 削除 0 件・短縮 1 件・移動 2 件
2026-08-19 14:33:49,654 [INFO] src.timeline.commands: リップル: 10.000〜15.000s (5.00s) を除去 / 削除 0 件・短縮 1 件・移動 2 件
2026-08-19 14:33:49,654 [INFO] src.timeline.commands: リップル: 15.000〜20.000s (5.00s) を除去 / 削除 0 件・短縮 1 件・移動 2 件
2026-08-19 14:33:49,655 [INFO] src.timeline.commands: リップル: 15.000〜20.000s (5.00s) を除去 / 削除 0 件・短縮 1 件・移動 2 件
2026-08-19 14:33:49,655 [INFO] src.timeline.commands: リップル: 26.000〜27.000s (1.00s) を除去 / 削除 0 件・短縮 2 件・移動 0 件
2026-08-19 14:33:49,655 [INFO] src.timeline.commands: リップル: 10.000〜20.000s (10.00s) を除去 / 削除 1 件・短縮 0 件・移動 1 件
2026-08-19 14:33:49,656 [INFO] src.timeline.commands: リップル: 10.000〜20.000s (10.00s) を除去 / 削除 1 件・短縮 0 件・移動 1 件
2026-08-19 14:33:49,656 [INFO] src.timeline.commands: リップル: 10.000〜20.000s (10.00s) を除去 / 削除 1 件・短縮 0 件・移動 1 件
2026-08-19 14:33:49,661 [INFO] src.timeline.project_io: プロジェクト保存: C:\Users\evolu\AppData\Local\Temp\timeline_io_test_bckjy8f5\sample.timeline.json
2026-08-19 14:33:49,683 [INFO] src.timeline.project_io: プロジェクト保存: C:\Users\evolu\AppData\Local\Temp\timeline_io_test_7giqnvm5\sample.timeline.json
2026-08-19 14:33:49,690 [WARNING] src.timeline.project_io: 編集点の区間が不正なため無視します: 20.000→15.000
2026-08-19 14:33:49,691 [WARNING] src.timeline.project_io: メディアの実体が見つかりません (1 件)。該当クリップを無効化します: m1
2026-08-19 14:33:49,693 [WARNING] src.timeline.project_io: 音声クリップ a1 のリンク先 no_such_clip が存在しないため除外します (該当区間は無音になります)
2026-08-19 14:33:49,693 [WARNING] src.timeline.project_io: トラック V1 でクリップ c2 が重複しているため 12.480 へ移動します
2026-08-19 14:33:49,697 [WARNING] src.timeline.project_io: クリップ c2 の尺 (0.001s) が下限 (0.050s) 未満のため除外します
2026-08-19 14:33:49,697 [WARNING] src.timeline.project_io: 音声クリップ a2 のリンク先 c2 が存在しないため除外します (該当区間は無音になります)
2026-08-19 14:33:49,704 [WARNING] src.timeline.builder: 寸法の設定が不正なため既定 8000 を使用します: 0
2026-08-19 14:34:33,058 [WARNING] src.timeline.commands: 映像トラックの上限 (3) に達しているため追加できません
2026-08-19 14:34:33,058 [INFO] src.timeline.commands: 字幕を追加できる空きがありません (2.000 秒)
2026-08-19 14:34:33,060 [INFO] src.timeline.commands: 字幕を追加できる空きがありません (0.990 秒)
2026-08-19 14:34:33,060 [INFO] src.timeline.commands: リップル: 10.000〜20.000s (10.00s) を除去 / 削除 1 件・短縮 0 件・移動 1 件
2026-08-19 14:34:33,060 [INFO] src.timeline.commands: リップル: 10.000〜20.000s (10.00s) を除去 / 削除 1 件・短縮 0 件・移動 1 件
2026-08-19 14:34:33,060 [INFO] src.timeline.commands: リップル: 10.000〜20.000s (10.00s) を除去 / 削除 1 件・短縮 0 件・移動 1 件
2026-08-19 14:34:33,060 [INFO] src.timeline.commands: リップル: 0.000〜10.000s (10.00s) を除去 / 削除 2 件・短縮 0 件・移動 1 件
2026-08-19 14:34:33,060 [INFO] src.timeline.commands: リップル: 10.000〜20.000s (10.00s) を除去 / 削除 1 件・短縮 0 件・移動 1 件
2026-08-19 14:34:33,061 [INFO] src.timeline.commands: リップル: 10.000〜20.000s (10.00s) を除去 / 削除 2 件・短縮 1 件・移動 2 件
2026-08-19 14:34:33,062 [INFO] src.timeline.commands: リップル: 10.000〜20.000s (10.00s) を除去 / 削除 2 件・短縮 1 件・移動 2 件
2026-08-19 14:34:33,062 [INFO] src.timeline.commands: リップル: 10.000〜20.000s (10.00s) を除去 / 削除 2 件・短縮 1 件・移動 2 件
2026-08-19 14:34:33,062 [INFO] src.timeline.commands: リップル: 10.000〜20.000s (10.00s) を除去 / 削除 2 件・短縮 1 件・移動 2 件
2026-08-19 14:34:33,062 [INFO] src.timeline.commands: リップル: 10.000〜20.000s (10.00s) を除去 / 削除 2 件・短縮 1 件・移動 2 件
2026-08-19 14:34:33,062 [INFO] src.timeline.commands: リップル: 10.000〜20.000s (10.00s) を除去 / 削除 2 件・短縮 1 件・移動 2 件
2026-08-19 14:34:33,062 [INFO] src.timeline.commands: リップル: 10.000〜20.000s (10.00s) を除去 / 削除 2 件・短縮 0 件・移動 3 件
2026-08-19 14:34:33,062 [INFO] src.timeline.commands: リップル: 10.000〜20.000s (10.00s) を除去 / 削除 1 件・短縮 0 件・移動 1 件
2026-08-19 14:34:33,062 [INFO] src.timeline.commands: リップル: 10.000〜20.000s (10.00s) を除去 / 削除 2 件・短縮 1 件・移動 2 件
2026-08-19 14:34:33,062 [INFO] src.timeline.commands: 残り尺が下限を割るためクリップごとリップル削除しました: c2
2026-08-19 14:34:33,062 [INFO] src.timeline.commands: リップル: 10.000〜20.000s (10.00s) を除去 / 削除 1 件・短縮 0 件・移動 2 件
2026-08-19 14:34:33,062 [INFO] src.timeline.commands: リップル: 15.000〜20.000s (5.00s) を除去 / 削除 0 件・短縮 1 件・移動 2 件
2026-08-19 14:34:33,062 [INFO] src.timeline.commands: リップル: 10.000〜15.000s (5.00s) を除去 / 削除 0 件・短縮 1 件・移動 2 件
2026-08-19 14:34:33,063 [INFO] src.timeline.commands: リップル: 15.000〜20.000s (5.00s) を除去 / 削除 0 件・短縮 1 件・移動 2 件
2026-08-19 14:34:33,063 [INFO] src.timeline.commands: リップル: 15.000〜20.000s (5.00s) を除去 / 削除 0 件・短縮 1 件・移動 2 件
2026-08-19 14:34:33,063 [INFO] src.timeline.commands: リップル: 26.000〜27.000s (1.00s) を除去 / 削除 0 件・短縮 2 件・移動 0 件
2026-08-19 14:34:33,063 [INFO] src.timeline.commands: リップル: 10.000〜20.000s (10.00s) を除去 / 削除 1 件・短縮 0 件・移動 1 件
2026-08-19 14:34:33,063 [INFO] src.timeline.commands: リップル: 10.000〜20.000s (10.00s) を除去 / 削除 1 件・短縮 0 件・移動 1 件
2026-08-19 14:34:33,063 [INFO] src.timeline.commands: リップル: 10.000〜20.000s (10.00s) を除去 / 削除 1 件・短縮 0 件・移動 1 件
2026-08-19 14:35:36,998 [INFO] src.timeline.media_recovery: 本編素材を元動画から作り直します: C:\Users\evolu\AppData\Local\Temp\media_recovery_test_uv4xrbvk\sample.mp4
2026-08-19 14:35:37,000 [WARNING] src.timeline.media_recovery: 素材が見つかりません: m2 (C:\Users\evolu\AppData\Local\Temp\media_recovery_test_1jya59pb\gone.png)
2026-08-19 14:35:37,003 [INFO] src.timeline.media_recovery: 本編素材を元動画から作り直します: C:\Users\evolu\AppData\Local\Temp\media_recovery_test_b7aotace\sample.mp4
2026-08-19 14:35:37,004 [WARNING] src.timeline.media_recovery: 元動画が見つからないため本編素材を復旧できません: C:\Users\evolu\AppData\Local\Temp\media_recovery_test_g1kuqbwq\no_such_input.mp4
2026-08-19 14:35:37,004 [WARNING] src.timeline.media_recovery: 素材が見つかりません: m1 (C:\Users\evolu\AppData\Local\Temp\media_recovery_test_g1kuqbwq\work\loudness_normalized.mp4)
2026-08-19 14:35:37,005 [INFO] src.timeline.media_recovery: 本編素材は元動画そのものだったため、そのまま使います: C:\Users\evolu\AppData\Local\Temp\media_recovery_test_c29ka8ag\sample.mp4
2026-08-19 14:35:37,007 [INFO] src.timeline.media_recovery: 素材を相対パスで見つけました: m2 → C:\Users\evolu\AppData\Local\Temp\media_recovery_test_q7f09bvf\assets\logo.png
2026-08-19 14:35:37,009 [INFO] src.timeline.media_recovery: 設定に従い元動画をそのまま使います (音量は正規化前): C:\Users\evolu\AppData\Local\Temp\media_recovery_test_8xhkwg7s\sample.mp4
2026-08-19 14:36:19,255 [INFO] src.timeline.project_io: プロジェクト保存: C:\Users\evolu\AppData\Local\Temp\timeline_io_test_p8dqp3sv\sample.timeline.json
2026-08-19 14:36:19,277 [INFO] src.timeline.project_io: プロジェクト読込: C:\Users\evolu\AppData\Local\Temp\timeline_io_test_p8dqp3sv\sample.timeline.json
2026-08-19 14:36:19,282 [INFO] src.timeline.project_io: プロジェクト保存: C:\Users\evolu\AppData\Local\Temp\timeline_io_test_p8dqp3sv\sample.timeline.json
2026-08-19 14:36:19,285 [INFO] src.timeline.project_io: プロジェクト読込: C:\Users\evolu\AppData\Local\Temp\timeline_io_test_p8dqp3sv\sample.timeline.json
2026-08-19 14:36:19,289 [INFO] src.timeline.project_io: プロジェクト保存: C:\Users\evolu\AppData\Local\Temp\timeline_io_test_qbr6qrby\sample.timeline.json
2026-08-19 14:36:19,306 [INFO] src.timeline.project_io: プロジェクト読込: C:\Users\evolu\AppData\Local\Temp\timeline_io_test_qbr6qrby\sample.timeline.json
2026-08-19 14:36:19,311 [INFO] src.timeline.project_io: プロジェクト保存: C:\Users\evolu\AppData\Local\Temp\timeline_io_test_j04ncxc_\sample.timeline.json
2026-08-19 14:36:19,327 [WARNING] src.timeline.project_io: メディアの実体が見つかりません (1 件)。該当クリップを無効化します: m1
2026-08-19 14:36:19,331 [INFO] src.timeline.project_io: プロジェクト保存: C:\Users\evolu\AppData\Local\Temp\timeline_io_test_fb71e5ic\sample.timeline.json
2026-08-19 14:36:19,352 [INFO] src.timeline.project_io: プロジェクト保存: C:\Users\evolu\AppData\Local\Temp\timeline_io_test_getza3ts\sample.timeline.json
2026-08-19 14:36:19,360 [WARNING] src.timeline.project_io: 編集点の区間が不正なため無視します: 20.000→15.000
2026-08-19 14:36:19,361 [WARNING] src.timeline.project_io: メディアの実体が見つかりません (1 件)。該当クリップを無効化します: m1
2026-08-19 14:36:19,362 [WARNING] src.timeline.project_io: 音声クリップ a1 のリンク先 no_such_clip が存在しないため除外します (該当区間は無音になります)
2026-08-19 14:36:19,363 [WARNING] src.timeline.project_io: トラック V1 でクリップ c2 が重複しているため 12.480 へ移動します
2026-08-19 14:36:19,366 [WARNING] src.timeline.project_io: クリップ c2 の尺 (0.001s) が下限 (0.050s) 未満のため除外します
2026-08-19 14:36:19,366 [WARNING] src.timeline.project_io: 音声クリップ a2 のリンク先 c2 が存在しないため除外します (該当区間は無音になります)
2026-08-19 14:36:19,387 [WARNING] src.timeline.builder: フレーム間引きの設定が不正なため none を使用します: 'all'
2026-08-19 14:36:23,914 [INFO] src.archive.clip_writer: clip1 prepare 完了 (字幕 2 件)
2026-08-19 14:36:23,916 [INFO] src.archive.clip_writer: clip1 prepare 完了 (字幕 2 件)
2026-08-19 14:36:23,918 [INFO] src.archive.clip_writer: 編集点準備: 残す区間 2 件 / 想定尺 10.00s (素材 30.00s)
2026-08-19 14:36:23,918 [INFO] src.archive.clip_writer: clip1 prepare 完了 (字幕 2 件 / 実カットなし)
2026-08-19 14:36:23,921 [INFO] src.archive.clip_writer: 編集点準備: 残す区間 2 件 / 想定尺 10.00s (素材 30.00s)
2026-08-19 14:36:23,921 [INFO] src.archive.clip_writer: clip1 prepare 完了 (字幕 2 件 / 実カットなし)
2026-08-19 14:36:23,923 [INFO] src.archive.clip_writer: 編集点準備: 残す区間 2 件 / 想定尺 10.00s (素材 30.00s)
2026-08-19 14:36:23,923 [INFO] src.archive.clip_writer: clip1 prepare 完了 (字幕 2 件 / 実カットなし)
2026-08-19 14:36:23,925 [INFO] src.archive.clip_writer: 編集点準備: 残す区間 2 件 / 想定尺 10.00s (素材 30.00s)
2026-08-19 14:36:23,925 [INFO] src.archive.clip_writer: clip1 prepare 完了 (字幕 2 件 / 実カットなし)
2026-08-19 14:36:23,928 [INFO] src.archive.clip_writer: 編集点準備: 残す区間 2 件 / 想定尺 10.00s (素材 30.00s)
2026-08-19 14:36:23,928 [INFO] src.archive.clip_writer: clip1 prepare 完了 (字幕 2 件 / 実カットなし)
2026-08-19 14:36:23,931 [INFO] src.archive.clip_writer: 編集点準備: 残す区間 2 件 / 想定尺 10.00s (素材 30.00s)
2026-08-19 14:36:23,931 [INFO] src.archive.clip_writer: clip1 prepare 完了 (字幕 2 件 / 実カットなし)
2026-08-19 14:36:23,933 [INFO] src.archive.clip_writer: 編集点準備: 残す区間 2 件 / 想定尺 10.00s (素材 30.00s)
2026-08-19 14:36:23,933 [INFO] src.archive.clip_writer: clip1 prepare 完了 (字幕 0 件 / 実カットなし)
2026-08-19 14:36:23,935 [INFO] src.archive.clip_writer: 編集点準備: 残す区間 2 件 / 想定尺 10.00s (素材 30.00s)
2026-08-19 14:36:23,935 [INFO] src.archive.timeline_builder: アーカイブ Timeline 構築: 3 クリップ / V1 6 本 / S1 6 件 / 全長 30.0s
2026-08-19 14:36:23,936 [INFO] src.archive.timeline_builder: アーカイブ Timeline 構築: 3 クリップ / V1 6 本 / S1 6 件 / 全長 30.0s
2026-08-19 14:36:23,936 [INFO] src.archive.timeline_builder: アーカイブ Timeline 構築: 3 クリップ / V1 6 本 / S1 6 件 / 全長 30.0s
2026-08-19 14:36:23,936 [INFO] src.archive.timeline_builder: アーカイブ Timeline 構築: 3 クリップ / V1 6 本 / S1 6 件 / 全長 30.0s
2026-08-19 14:36:23,936 [INFO] src.archive.timeline_builder: アーカイブ Timeline 構築: 3 クリップ / V1 6 本 / S1 6 件 / 全長 30.0s
2026-08-19 14:36:23,937 [INFO] src.archive.timeline_builder: アーカイブ Timeline 構築: 3 クリップ / V1 6 本 / S1 6 件 / 全長 30.0s
2026-08-19 14:36:23,937 [INFO] src.archive.timeline_builder: アーカイブ Timeline 構築: 3 クリップ / V1 6 本 / S1 6 件 / 全長 30.0s
2026-08-19 14:36:23,937 [INFO] src.archive.timeline_builder: アーカイブ Timeline 構築: 3 クリップ / V1 6 本 / S1 6 件 / 全長 30.0s
2026-08-19 14:36:23,937 [INFO] src.archive.timeline_builder: アーカイブ Timeline 構築: 3 クリップ / V1 6 本 / S1 6 件 / 全長 30.0s
2026-08-19 14:36:23,937 [INFO] src.archive.timeline_builder: アーカイブ Timeline 構築: 1 クリップ / V1 1 本 / S1 2 件 / 全長 30.0s
2026-08-19 14:36:23,938 [INFO] src.archive.timeline_builder: clip1: クリップ終端で打ち切った字幕 1 件 / 載せなかった字幕 0 件
2026-08-19 14:36:23,938 [INFO] src.archive.timeline_builder: clip2: クリップ終端で打ち切った字幕 1 件 / 載せなかった字幕 0 件
2026-08-19 14:36:23,938 [INFO] src.archive.timeline_builder: clip3: クリップ終端で打ち切った字幕 1 件 / 載せなかった字幕 0 件
2026-08-19 14:36:23,938 [INFO] src.archive.timeline_builder: アーカイブ Timeline 構築: 3 クリップ / V1 6 本 / S1 3 件 / 全長 30.0s
2026-08-19 14:36:23,938 [INFO] src.archive.timeline_builder: clip1: クリップ終端で打ち切った字幕 1 件 / 載せなかった字幕 0 件
2026-08-19 14:36:23,938 [INFO] src.archive.timeline_builder: アーカイブ Timeline 構築: 2 クリップ / V1 4 本 / S1 3 件 / 全長 20.0s
2026-08-19 14:36:23,938 [INFO] src.archive.timeline_builder: clip1: クリップ終端で打ち切った字幕 1 件 / 載せなかった字幕 1 件
2026-08-19 14:36:23,938 [INFO] src.archive.timeline_builder: アーカイブ Timeline 構築: 2 クリップ / V1 4 本 / S1 2 件 / 全長 20.0s
2026-08-19 14:36:23,938 [INFO] src.archive.timeline_builder: clip1: クリップ終端で打ち切った字幕 1 件 / 載せなかった字幕 0 件
2026-08-19 14:36:23,938 [INFO] src.archive.timeline_builder: clip2: クリップ終端で打ち切った字幕 1 件 / 載せなかった字幕 0 件
2026-08-19 14:36:23,938 [INFO] src.archive.timeline_builder: アーカイブ Timeline 構築: 2 クリップ / V1 4 本 / S1 2 件 / 全長 20.0s
2026-08-19 14:36:23,938 [INFO] src.archive.timeline_builder: アーカイブ Timeline 構築: 3 クリップ / V1 6 本 / S1 6 件 / 全長 30.0s
2026-08-19 14:36:23,939 [INFO] src.archive.timeline_builder: アーカイブ Timeline 構築: 3 クリップ / V1 6 本 / S1 6 件 / 全長 30.0s
2026-08-19 14:36:23,939 [INFO] src.archive.timeline_builder: アーカイブ Timeline 構築: 3 クリップ / V1 6 本 / S1 6 件 / 全長 30.0s
2026-08-19 14:36:23,940 [INFO] src.archive.timeline_builder: アーカイブ Timeline 構築: 3 クリップ / V1 6 本 / S1 6 件 / 全長 30.0s
2026-08-19 14:36:23,940 [INFO] src.archive.timeline_builder: アーカイブ Timeline 構築: 3 クリップ / V1 6 本 / S1 6 件 / 全長 30.0s
2026-08-19 14:36:23,940 [INFO] src.archive.timeline_builder: アーカイブ Timeline 構築: 3 クリップ / V1 6 本 / S1 6 件 / 全長 30.0s
2026-08-19 14:36:23,940 [INFO] src.archive.timeline_builder: clip2 は使用しないため書き出しから除外します
2026-08-19 14:36:23,941 [INFO] src.archive.timeline_builder: アーカイブ Timeline 構築: 3 クリップ / V1 6 本 / S1 6 件 / 全長 30.0s
2026-08-19 14:36:23,941 [INFO] src.archive.timeline_builder: アーカイブ Timeline 構築: 3 クリップ / V1 6 本 / S1 6 件 / 全長 30.0s
2026-08-19 14:36:23,941 [INFO] src.archive.timeline_builder: アーカイブ Timeline 構築: 3 クリップ / V1 6 本 / S1 6 件 / 全長 30.0s
2026-08-19 14:36:23,941 [INFO] src.archive.timeline_builder: アーカイブ Timeline 構築: 3 クリップ / V1 6 本 / S1 6 件 / 全長 30.0s
2026-08-19 14:36:23,941 [INFO] src.archive.timeline_builder: アーカイブ Timeline 構築: 3 クリップ / V1 6 本 / S1 6 件 / 全長 30.0s
2026-08-19 14:36:23,941 [INFO] src.archive.timeline_builder: アーカイブ Timeline 構築: 3 クリップ / V1 6 本 / S1 6 件 / 全長 30.0s
2026-08-19 14:36:23,944 [WARNING] src.export.fcpxml_builder: タイムライン終端を超える字幕をクリップ末尾へクランプしました (丸め誤差の端数など)。
2026-08-19 14:36:23,946 [INFO] src.modules.loudness_normalizer: 入力ラウドネス: I=-9.2 LUFS / TP=-0.3 dBTP / LRA=5.1 LU → 目標 I=-14.0 LUFS / TP=-1.0 dBTP (offset 0.4 dB)
2026-08-19 14:36:23,953 [ERROR] src.modules.loudness_normalizer: ラウドネス正規化の適用に失敗 (元音声のまま継続): in.mp4
Traceback (most recent call last):
  File "D:\develop\autoedit\src\modules\loudness_normalizer.py", line 219, in normalize_file
    ffmpeg_runner.execute(
  File "C:\Users\evolu\AppData\Local\Programs\Python\Python312\Lib\unittest\mock.py", line 1139, in __call__
    return self._mock_call(*args, **kwargs)
           ^^^^^^^^^^^^^^^^^^^^^^^^^^^^^^^^
  File "C:\Users\evolu\AppData\Local\Programs\Python\Python312\Lib\unittest\mock.py", line 1143, in _mock_call
    return self._execute_mock_call(*args, **kwargs)
           ^^^^^^^^^^^^^^^^^^^^^^^^^^^^^^^^^^^^^^^^
  File "C:\Users\evolu\AppData\Local\Programs\Python\Python312\Lib\unittest\mock.py", line 1198, in _execute_mock_call
    raise effect
src.exceptions.FFmpegError: 失敗
2026-08-19 14:36:23,955 [INFO] src.modules.loudness_normalizer: ラウドネス正規化は無効のためスキップ
2026-08-19 14:36:23,955 [WARNING] src.modules.loudness_normalizer: ラウドネス測定に失敗したため正規化をスキップ (元音声のまま継続): in.mp4
2026-08-19 14:36:23,956 [INFO] src.modules.loudness_normalizer: 音声ストリームが無いためラウドネス正規化をスキップ: in.mp4
2026-08-19 14:36:23,961 [INFO] src.modules.loudness_normalizer: ラウドネス正規化 完了: out.mp4
2026-08-19 14:36:23,962 [INFO] src.modules.loudness_normalizer: 入力ラウドネス: I=-9.2 LUFS / TP=-0.3 dBTP / LRA=5.1 LU → 目標 I=-14.0 LUFS / TP=-1.0 dBTP (offset 0.4 dB)
2026-08-19 14:36:23,967 [INFO] src.modules.loudness_normalizer: ラウドネス正規化 完了: out.mp4
2026-08-19 14:36:23,969 [INFO] src.timeline.media_recovery: 本編素材を元動画から作り直します: C:\Users\evolu\AppData\Local\Temp\media_recovery_test_sy2djq_j\sample.mp4
2026-08-19 14:36:23,973 [WARNING] src.timeline.media_recovery: 素材が見つかりません: m2 (C:\Users\evolu\AppData\Local\Temp\media_recovery_test_nqpca9go\gone.png)
2026-08-19 14:36:23,977 [INFO] src.timeline.media_recovery: 本編素材を元動画から作り直します: C:\Users\evolu\AppData\Local\Temp\media_recovery_test_8vt_acj4\sample.mp4
2026-08-19 14:36:23,978 [WARNING] src.timeline.media_recovery: 元動画が見つからないため本編素材を復旧できません: C:\Users\evolu\AppData\Local\Temp\media_recovery_test_lr6dyvx3\no_such_input.mp4
2026-08-19 14:36:23,978 [WARNING] src.timeline.media_recovery: 素材が見つかりません: m1 (C:\Users\evolu\AppData\Local\Temp\media_recovery_test_lr6dyvx3\work\loudness_normalized.mp4)
2026-08-19 14:36:23,979 [INFO] src.timeline.media_recovery: 本編素材は元動画そのものだったため、そのまま使います: C:\Users\evolu\AppData\Local\Temp\media_recovery_test_7h5j1s43\sample.mp4
2026-08-19 14:36:23,981 [INFO] src.timeline.media_recovery: 素材を相対パスで見つけました: m2 → C:\Users\evolu\AppData\Local\Temp\media_recovery_test_m6gzfhhx\assets\logo.png
2026-08-19 14:36:23,983 [INFO] src.timeline.media_recovery: 設定に従い元動画をそのまま使います (音量は正規化前): C:\Users\evolu\AppData\Local\Temp\media_recovery_test_octanb3j\sample.mp4
2026-08-19 14:36:24,005 [WARNING] src.timeline.builder: フレーム間引きの設定が不正なため none を使用します: 'all'
2026-08-19 14:36:24,024 [WARNING] src.export.resolve_export: ソース総尺の取得に失敗 (タイムライン全長で代用): C:\Users\evolu\AppData\Local\Temp\resolve_export_test_qy0jhccy\sample.mp4
2026-08-19 14:36:24,035 [WARNING] src.export.resolve_export: ソース総尺の取得に失敗 (タイムライン全長で代用): C:\Users\evolu\AppData\Local\Temp\resolve_export_test_2lvyrcmd\sample.mp4
2026-08-19 14:36:24,046 [WARNING] src.export.resolve_export: ソース総尺の取得に失敗 (タイムライン全長で代用): C:\Users\evolu\AppData\Local\Temp\resolve_export_test_sfs1yxje\sample.mp4
2026-08-19 14:36:24,057 [WARNING] src.export.resolve_export: ソース総尺の取得に失敗 (タイムライン全長で代用): C:\Users\evolu\AppData\Local\Temp\resolve_export_test_k2zcd05q\sample.mp4
2026-08-19 14:36:24,057 [WARNING] src.export.resolve_export: テーマ演出はテキストと区間のみを出力します (ブラー・黒帯などの映像エフェクトは FCPXML で表現できません)。
2026-08-19 14:36:24,058 [WARNING] src.export.resolve_export: 字幕位置は配置(alignment)＋余白からの近似です。Resolve 取り込み時に位置が中央へ戻る場合があります (フォント/サイズ/色は保持)。
2026-08-19 14:36:24,066 [WARNING] src.export.resolve_export: ソース総尺の取得に失敗 (タイムライン全長で代用): C:\Users\evolu\AppData\Local\Temp\resolve_export_test_kn45wwk2\sample.mp4
2026-08-19 14:36:24,077 [WARNING] src.export.resolve_export: ソース総尺の取得に失敗 (タイムライン全長で代用): C:\Users\evolu\AppData\Local\Temp\resolve_export_test_focdkjt3\sample.mp4
2026-08-19 14:36:24,085 [WARNING] src.export.resolve_export: ソース総尺の取得に失敗 (タイムライン全長で代用): C:\Users\evolu\AppData\Local\Temp\resolve_export_test_2gew1e7i\sample.mp4
2026-08-19 14:36:24,093 [WARNING] src.export.resolve_export: ソース総尺の取得に失敗 (タイムライン全長で代用): C:\Users\evolu\AppData\Local\Temp\resolve_export_test_2gew1e7i\sample.mp4
2026-08-19 14:36:24,102 [WARNING] src.export.resolve_export: ソース総尺の取得に失敗 (タイムライン全長で代用): C:\Users\evolu\AppData\Local\Temp\resolve_export_test_xg0pv0i2\sample.mp4
2026-08-19 14:36:24,102 [WARNING] src.export.resolve_export: 未対応の字幕出力方式 export.resolve.subtitle.mode=bogus のため caption で出力します
2026-08-19 14:36:24,111 [WARNING] src.export.resolve_export: ソース総尺の取得に失敗 (タイムライン全長で代用): C:\Users\evolu\AppData\Local\Temp\resolve_export_test_dlill24q\sample.mp4
2026-08-19 14:36:24,121 [WARNING] src.export.resolve_export: ソース総尺の取得に失敗 (タイムライン全長で代用): C:\Users\evolu\AppData\Local\Temp\resolve_export_test_wzt6xcow\sample.mp4
2026-08-19 14:36:24,130 [WARNING] src.export.resolve_export: ソース総尺の取得に失敗 (タイムライン全長で代用): C:\Users\evolu\AppData\Local\Temp\resolve_export_test_67g_9ghw\sample.mp4
2026-08-19 14:36:24,139 [WARNING] src.export.resolve_export: ソース総尺の取得に失敗 (タイムライン全長で代用): C:\Users\evolu\AppData\Local\Temp\resolve_export_test_8r9y84au\sample.mp4
2026-08-19 14:36:24,148 [WARNING] src.export.resolve_export: ソース総尺の取得に失敗 (タイムライン全長で代用): C:\Users\evolu\AppData\Local\Temp\resolve_export_test_pc5syqgm\sample.mp4
2026-08-19 14:36:24,158 [WARNING] src.export.resolve_export: ソース総尺の取得に失敗 (タイムライン全長で代用): C:\Users\evolu\AppData\Local\Temp\resolve_export_test_89j3_dr8\sample.mp4
2026-08-19 14:36:24,168 [WARNING] src.export.resolve_export: ソース総尺の取得に失敗 (タイムライン全長で代用): C:\Users\evolu\AppData\Local\Temp\resolve_export_test_qf1dts8m\sample.mp4
2026-08-19 14:36:24,178 [WARNING] src.export.resolve_export: ソース総尺の取得に失敗 (タイムライン全長で代用): C:\Users\evolu\AppData\Local\Temp\resolve_export_test_7q2dn5gt\sample.mp4
2026-08-19 14:36:24,187 [WARNING] src.export.resolve_export: ソース総尺の取得に失敗 (タイムライン全長で代用): C:\Users\evolu\AppData\Local\Temp\resolve_export_test_iry_wx30\sample.mp4
2026-08-19 14:36:24,188 [INFO] src.export.resolve_export: 編集点が無いため全長 1 クリップとして出力します
2026-08-19 14:36:24,197 [WARNING] src.export.resolve_export: ソース総尺の取得に失敗 (タイムライン全長で代用): C:\Users\evolu\AppData\Local\Temp\resolve_export_test_7iosg7cy\sample.mp4
2026-08-19 14:36:24,197 [INFO] src.export.resolve_export: Resolve 出力開始: C:\Users\evolu\AppData\Local\Temp\resolve_export_test_7iosg7cy\out2.fcpxml (クリップ 1 件 / 字幕 caption 1 件 / title・テーマ 0 件 / 1920x1080 60fps)
2026-08-19 14:36:24,198 [INFO] src.export.resolve_export: 字幕トラックのスタイルは Resolve の字幕トラックヘッダー選択 → インスペクタ → Track Style で一括設定できます (Resolve 19 以降は Text+ スタイルも指定可)。
2026-08-19 14:36:24,198 [INFO] src.export.resolve_export: Resolve 出力完了: C:\Users\evolu\AppData\Local\Temp\resolve_export_test_7iosg7cy\out2.fcpxml (タイムライン尺 5.00s)
2026-08-19 14:36:24,208 [WARNING] src.export.resolve_export: ソース総尺の取得に失敗 (タイムライン全長で代用): C:\Users\evolu\AppData\Local\Temp\resolve_export_test_peaagok_\sample.mp4
2026-08-19 14:36:24,209 [INFO] src.export.resolve_export: Resolve 出力開始: C:\Users\evolu\AppData\Local\Temp\resolve_export_test_peaagok_\out3.fcpxml (クリップ 1 件 / 字幕 caption 0 件 / title・テーマ 0 件 / 1920x1080 60fps)
2026-08-19 14:36:24,210 [INFO] src.export.resolve_export: Resolve 出力完了: C:\Users\evolu\AppData\Local\Temp\resolve_export_test_peaagok_\out3.fcpxml (タイムライン尺 5.00s)
2026-08-19 14:36:24,221 [WARNING] src.export.resolve_export: ソース総尺の取得に失敗 (タイムライン全長で代用): C:\Users\evolu\AppData\Local\Temp\resolve_export_test_myt2wg5e\sample.mp4
2026-08-19 14:36:24,221 [INFO] src.export.resolve_export: Resolve 出力開始: C:\Users\evolu\AppData\Local\Temp\resolve_export_test_myt2wg5e\out.fcpxml (クリップ 1 件 / 字幕 caption 1 件 / title・テーマ 0 件 / 1920x1080 60fps)
2026-08-19 14:36:24,226 [INFO] src.export.resolve_export: SRT サイドカー出力: C:\Users\evolu\AppData\Local\Temp\resolve_export_test_myt2wg5e\out.srt (1 件)
2026-08-19 14:36:24,226 [INFO] src.export.resolve_export: Resolve 出力完了: C:\Users\evolu\AppData\Local\Temp\resolve_export_test_myt2wg5e\out.fcpxml / C:\Users\evolu\AppData\Local\Temp\resolve_export_test_myt2wg5e\out.srt (タイムライン尺 5.00s)
2026-08-19 14:36:24,227 [INFO] src.export.resolve_export: Resolve 出力を中止 (上書きしない): C:\Users\evolu\AppData\Local\Temp\resolve_export_test_myt2wg5e\out.fcpxml
2026-08-19 14:36:24,229 [INFO] src.modules.subtitle_generator: テロップ個別指定 フォント 0 件 / サイズ 0 件 / 文字色 1 件 / 縁の色 0 件
2026-08-19 14:36:24,231 [INFO] src.modules.subtitle_generator: テロップ個別指定 フォント 0 件 / サイズ 0 件 / 文字色 1 件 / 縁の色 0 件
2026-08-19 14:36:24,250 [INFO] src.modules.subtitle_generator: テロップ個別指定 フォント 0 件 / サイズ 0 件 / 文字色 0 件 / 縁の色 1 件
2026-08-19 14:36:24,253 [INFO] src.modules.subtitle_generator: テロップ個別指定 フォント 0 件 / サイズ 0 件 / 文字色 0 件 / 縁の色 1 件
2026-08-19 14:36:24,255 [INFO] src.modules.subtitle_generator: テロップ個別指定 フォント 1 件 / サイズ 1 件 / 文字色 1 件 / 縁の色 1 件
2026-08-19 14:36:24,265 [WARNING] src.timeline.commands: 映像トラックの上限 (3) に達しているため追加できません
2026-08-19 14:36:24,265 [INFO] src.timeline.commands: 字幕を追加できる空きがありません (2.000 秒)
2026-08-19 14:36:24,265 [INFO] src.timeline.commands: 字幕を追加できる空きがありません (0.990 秒)
2026-08-19 14:36:24,266 [INFO] src.timeline.commands: リップル: 10.000〜20.000s (10.00s) を除去 / 削除 1 件・短縮 0 件・移動 1 件
2026-08-19 14:36:24,266 [INFO] src.timeline.commands: リップル: 10.000〜20.000s (10.00s) を除去 / 削除 1 件・短縮 0 件・移動 1 件
2026-08-19 14:36:24,266 [INFO] src.timeline.commands: リップル: 10.000〜20.000s (10.00s) を除去 / 削除 1 件・短縮 0 件・移動 1 件
2026-08-19 14:36:24,266 [INFO] src.timeline.commands: リップル: 0.000〜10.000s (10.00s) を除去 / 削除 2 件・短縮 0 件・移動 1 件
2026-08-19 14:36:24,267 [INFO] src.timeline.commands: リップル: 10.000〜20.000s (10.00s) を除去 / 削除 1 件・短縮 0 件・移動 1 件
2026-08-19 14:36:24,268 [INFO] src.timeline.commands: リップル: 10.000〜20.000s (10.00s) を除去 / 削除 2 件・短縮 1 件・移動 2 件
2026-08-19 14:36:24,268 [INFO] src.timeline.commands: リップル: 10.000〜20.000s (10.00s) を除去 / 削除 2 件・短縮 1 件・移動 2 件
2026-08-19 14:36:24,268 [INFO] src.timeline.commands: リップル: 10.000〜20.000s (10.00s) を除去 / 削除 2 件・短縮 1 件・移動 2 件
2026-08-19 14:36:24,268 [INFO] src.timeline.commands: リップル: 10.000〜20.000s (10.00s) を除去 / 削除 2 件・短縮 1 件・移動 2 件
2026-08-19 14:36:24,268 [INFO] src.timeline.commands: リップル: 10.000〜20.000s (10.00s) を除去 / 削除 2 件・短縮 1 件・移動 2 件
2026-08-19 14:36:24,268 [INFO] src.timeline.commands: リップル: 10.000〜20.000s (10.00s) を除去 / 削除 2 件・短縮 1 件・移動 2 件
2026-08-19 14:36:24,268 [INFO] src.timeline.commands: リップル: 10.000〜20.000s (10.00s) を除去 / 削除 2 件・短縮 0 件・移動 3 件
2026-08-19 14:36:24,269 [INFO] src.timeline.commands: リップル: 10.000〜20.000s (10.00s) を除去 / 削除 1 件・短縮 0 件・移動 1 件
2026-08-19 14:36:24,269 [INFO] src.timeline.commands: リップル: 10.000〜20.000s (10.00s) を除去 / 削除 2 件・短縮 1 件・移動 2 件
2026-08-19 14:36:24,269 [INFO] src.timeline.commands: 残り尺が下限を割るためクリップごとリップル削除しました: c2
2026-08-19 14:36:24,269 [INFO] src.timeline.commands: リップル: 10.000〜20.000s (10.00s) を除去 / 削除 1 件・短縮 0 件・移動 2 件
2026-08-19 14:36:24,270 [INFO] src.timeline.commands: リップル: 15.000〜20.000s (5.00s) を除去 / 削除 0 件・短縮 1 件・移動 2 件
2026-08-19 14:36:24,270 [INFO] src.timeline.commands: リップル: 10.000〜15.000s (5.00s) を除去 / 削除 0 件・短縮 1 件・移動 2 件
2026-08-19 14:36:24,270 [INFO] src.timeline.commands: リップル: 15.000〜20.000s (5.00s) を除去 / 削除 0 件・短縮 1 件・移動 2 件
2026-08-19 14:36:24,270 [INFO] src.timeline.commands: リップル: 15.000〜20.000s (5.00s) を除去 / 削除 0 件・短縮 1 件・移動 2 件
2026-08-19 14:36:24,270 [INFO] src.timeline.commands: リップル: 26.000〜27.000s (1.00s) を除去 / 削除 0 件・短縮 2 件・移動 0 件
2026-08-19 14:36:24,270 [INFO] src.timeline.commands: リップル: 10.000〜20.000s (10.00s) を除去 / 削除 1 件・短縮 0 件・移動 1 件
2026-08-19 14:36:24,270 [INFO] src.timeline.commands: リップル: 10.000〜20.000s (10.00s) を除去 / 削除 1 件・短縮 0 件・移動 1 件
2026-08-19 14:36:24,271 [INFO] src.timeline.commands: リップル: 10.000〜20.000s (10.00s) を除去 / 削除 1 件・短縮 0 件・移動 1 件
2026-08-19 14:36:24,275 [INFO] src.timeline.project_io: プロジェクト保存: C:\Users\evolu\AppData\Local\Temp\timeline_io_test_yymfy8of\sample.timeline.json
2026-08-19 14:36:24,285 [INFO] src.timeline.project_io: プロジェクト読込: C:\Users\evolu\AppData\Local\Temp\timeline_io_test_yymfy8of\sample.timeline.json
2026-08-19 14:36:24,286 [INFO] src.timeline.project_io: プロジェクト保存: C:\Users\evolu\AppData\Local\Temp\timeline_io_test_yymfy8of\sample.timeline.json
2026-08-19 14:36:24,288 [INFO] src.timeline.project_io: プロジェクト読込: C:\Users\evolu\AppData\Local\Temp\timeline_io_test_yymfy8of\sample.timeline.json
2026-08-19 14:36:24,291 [INFO] src.timeline.project_io: プロジェクト保存: C:\Users\evolu\AppData\Local\Temp\timeline_io_test_jxyaa0p2\sample.timeline.json
2026-08-19 14:36:24,310 [INFO] src.timeline.project_io: プロジェクト読込: C:\Users\evolu\AppData\Local\Temp\timeline_io_test_jxyaa0p2\sample.timeline.json
2026-08-19 14:36:24,314 [INFO] src.timeline.project_io: プロジェクト保存: C:\Users\evolu\AppData\Local\Temp\timeline_io_test__peqsqap\sample.timeline.json
2026-08-19 14:36:24,336 [WARNING] src.timeline.project_io: メディアの実体が見つかりません (1 件)。該当クリップを無効化します: m1
2026-08-19 14:36:24,341 [INFO] src.timeline.project_io: プロジェクト保存: C:\Users\evolu\AppData\Local\Temp\timeline_io_test_xupgcr05\sample.timeline.json
2026-08-19 14:36:24,361 [INFO] src.timeline.project_io: プロジェクト保存: C:\Users\evolu\AppData\Local\Temp\timeline_io_test_fkcsfxfi\sample.timeline.json
2026-08-19 14:36:24,368 [WARNING] src.timeline.project_io: 編集点の区間が不正なため無視します: 20.000→15.000
2026-08-19 14:36:24,368 [WARNING] src.timeline.project_io: メディアの実体が見つかりません (1 件)。該当クリップを無効化します: m1
2026-08-19 14:36:24,369 [WARNING] src.timeline.project_io: 音声クリップ a1 のリンク先 no_such_clip が存在しないため除外します (該当区間は無音になります)
2026-08-19 14:36:24,372 [WARNING] src.timeline.project_io: トラック V1 でクリップ c2 が重複しているため 12.480 へ移動します
2026-08-19 14:36:24,375 [WARNING] src.timeline.project_io: クリップ c2 の尺 (0.001s) が下限 (0.050s) 未満のため除外します
2026-08-19 14:36:24,375 [WARNING] src.timeline.project_io: 音声クリップ a2 のリンク先 c2 が存在しないため除外します (該当区間は無音になります)
2026-08-19 14:36:24,379 [WARNING] src.timeline.builder: 寸法の設定が不正なため既定 8000 を使用します: 0
2026-08-19 14:39:04,484 [INFO] src.archive.clip_writer: clip1 prepare 完了 (字幕 2 件)
2026-08-19 14:39:04,486 [INFO] src.archive.clip_writer: clip1 prepare 完了 (字幕 2 件)
2026-08-19 14:39:04,489 [INFO] src.archive.clip_writer: 編集点準備: 残す区間 2 件 / 想定尺 10.00s (素材 30.00s)
2026-08-19 14:39:04,489 [INFO] src.archive.clip_writer: clip1 prepare 完了 (字幕 2 件 / 実カットなし)
2026-08-19 14:39:04,492 [INFO] src.archive.clip_writer: 編集点準備: 残す区間 2 件 / 想定尺 10.00s (素材 30.00s)
2026-08-19 14:39:04,492 [INFO] src.archive.clip_writer: clip1 prepare 完了 (字幕 2 件 / 実カットなし)
2026-08-19 14:39:04,494 [INFO] src.archive.clip_writer: 編集点準備: 残す区間 2 件 / 想定尺 10.00s (素材 30.00s)
2026-08-19 14:39:04,494 [INFO] src.archive.clip_writer: clip1 prepare 完了 (字幕 2 件 / 実カットなし)
2026-08-19 14:39:04,496 [INFO] src.archive.clip_writer: 編集点準備: 残す区間 2 件 / 想定尺 10.00s (素材 30.00s)
2026-08-19 14:39:04,497 [INFO] src.archive.clip_writer: clip1 prepare 完了 (字幕 2 件 / 実カットなし)
2026-08-19 14:39:04,498 [INFO] src.archive.clip_writer: 編集点準備: 残す区間 2 件 / 想定尺 10.00s (素材 30.00s)
2026-08-19 14:39:04,498 [INFO] src.archive.clip_writer: clip1 prepare 完了 (字幕 2 件 / 実カットなし)
2026-08-19 14:39:04,500 [INFO] src.archive.clip_writer: 編集点準備: 残す区間 2 件 / 想定尺 10.00s (素材 30.00s)
2026-08-19 14:39:04,500 [INFO] src.archive.clip_writer: clip1 prepare 完了 (字幕 2 件 / 実カットなし)
2026-08-19 14:39:04,503 [INFO] src.archive.clip_writer: 編集点準備: 残す区間 2 件 / 想定尺 10.00s (素材 30.00s)
2026-08-19 14:39:04,503 [INFO] src.archive.clip_writer: clip1 prepare 完了 (字幕 0 件 / 実カットなし)
2026-08-19 14:39:04,504 [INFO] src.archive.clip_writer: 編集点準備: 残す区間 2 件 / 想定尺 10.00s (素材 30.00s)
2026-08-19 14:39:04,504 [INFO] src.archive.timeline_builder: アーカイブ Timeline 構築: 3 クリップ / V1 6 本 / S1 6 件 / 全長 30.0s
2026-08-19 14:39:04,505 [INFO] src.archive.timeline_builder: アーカイブ Timeline 構築: 3 クリップ / V1 6 本 / S1 6 件 / 全長 30.0s
2026-08-19 14:39:04,505 [INFO] src.archive.timeline_builder: アーカイブ Timeline 構築: 3 クリップ / V1 6 本 / S1 6 件 / 全長 30.0s
2026-08-19 14:39:04,505 [INFO] src.archive.timeline_builder: アーカイブ Timeline 構築: 3 クリップ / V1 6 本 / S1 6 件 / 全長 30.0s
2026-08-19 14:39:04,505 [INFO] src.archive.timeline_builder: アーカイブ Timeline 構築: 3 クリップ / V1 6 本 / S1 6 件 / 全長 30.0s
2026-08-19 14:39:04,506 [INFO] src.archive.timeline_builder: アーカイブ Timeline 構築: 3 クリップ / V1 6 本 / S1 6 件 / 全長 30.0s
2026-08-19 14:39:04,506 [INFO] src.archive.timeline_builder: アーカイブ Timeline 構築: 3 クリップ / V1 6 本 / S1 6 件 / 全長 30.0s
2026-08-19 14:39:04,506 [INFO] src.archive.timeline_builder: アーカイブ Timeline 構築: 3 クリップ / V1 6 本 / S1 6 件 / 全長 30.0s
2026-08-19 14:39:04,506 [INFO] src.archive.timeline_builder: アーカイブ Timeline 構築: 3 クリップ / V1 6 本 / S1 6 件 / 全長 30.0s
2026-08-19 14:39:04,506 [INFO] src.archive.timeline_builder: アーカイブ Timeline 構築: 1 クリップ / V1 1 本 / S1 2 件 / 全長 30.0s
2026-08-19 14:39:04,506 [INFO] src.archive.timeline_builder: clip1: クリップ終端で打ち切った字幕 1 件 / 載せなかった字幕 0 件
2026-08-19 14:39:04,506 [INFO] src.archive.timeline_builder: clip2: クリップ終端で打ち切った字幕 1 件 / 載せなかった字幕 0 件
2026-08-19 14:39:04,506 [INFO] src.archive.timeline_builder: clip3: クリップ終端で打ち切った字幕 1 件 / 載せなかった字幕 0 件
2026-08-19 14:39:04,506 [INFO] src.archive.timeline_builder: アーカイブ Timeline 構築: 3 クリップ / V1 6 本 / S1 3 件 / 全長 30.0s
2026-08-19 14:39:04,506 [INFO] src.archive.timeline_builder: clip1: クリップ終端で打ち切った字幕 1 件 / 載せなかった字幕 0 件
2026-08-19 14:39:04,506 [INFO] src.archive.timeline_builder: アーカイブ Timeline 構築: 2 クリップ / V1 4 本 / S1 3 件 / 全長 20.0s
2026-08-19 14:39:04,507 [INFO] src.archive.timeline_builder: clip1: クリップ終端で打ち切った字幕 1 件 / 載せなかった字幕 1 件
2026-08-19 14:39:04,507 [INFO] src.archive.timeline_builder: アーカイブ Timeline 構築: 2 クリップ / V1 4 本 / S1 2 件 / 全長 20.0s
2026-08-19 14:39:04,507 [INFO] src.archive.timeline_builder: clip1: クリップ終端で打ち切った字幕 1 件 / 載せなかった字幕 0 件
2026-08-19 14:39:04,507 [INFO] src.archive.timeline_builder: clip2: クリップ終端で打ち切った字幕 1 件 / 載せなかった字幕 0 件
2026-08-19 14:39:04,507 [INFO] src.archive.timeline_builder: アーカイブ Timeline 構築: 2 クリップ / V1 4 本 / S1 2 件 / 全長 20.0s
2026-08-19 14:39:04,507 [INFO] src.archive.timeline_builder: アーカイブ Timeline 構築: 3 クリップ / V1 6 本 / S1 6 件 / 全長 30.0s
2026-08-19 14:39:04,508 [INFO] src.archive.timeline_builder: アーカイブ Timeline 構築: 3 クリップ / V1 6 本 / S1 6 件 / 全長 30.0s
2026-08-19 14:39:04,509 [INFO] src.archive.timeline_builder: アーカイブ Timeline 構築: 3 クリップ / V1 6 本 / S1 6 件 / 全長 30.0s
2026-08-19 14:39:04,509 [INFO] src.archive.timeline_builder: アーカイブ Timeline 構築: 3 クリップ / V1 6 本 / S1 6 件 / 全長 30.0s
2026-08-19 14:39:04,509 [INFO] src.archive.timeline_builder: アーカイブ Timeline 構築: 3 クリップ / V1 6 本 / S1 6 件 / 全長 30.0s
2026-08-19 14:39:04,509 [INFO] src.archive.timeline_builder: アーカイブ Timeline 構築: 3 クリップ / V1 6 本 / S1 6 件 / 全長 30.0s
2026-08-19 14:39:04,509 [INFO] src.archive.timeline_builder: clip2 は使用しないため書き出しから除外します
2026-08-19 14:39:04,509 [INFO] src.archive.timeline_builder: アーカイブ Timeline 構築: 3 クリップ / V1 6 本 / S1 6 件 / 全長 30.0s
2026-08-19 14:39:04,509 [INFO] src.archive.timeline_builder: アーカイブ Timeline 構築: 3 クリップ / V1 6 本 / S1 6 件 / 全長 30.0s
2026-08-19 14:39:04,509 [INFO] src.archive.timeline_builder: アーカイブ Timeline 構築: 3 クリップ / V1 6 本 / S1 6 件 / 全長 30.0s
2026-08-19 14:39:04,510 [INFO] src.archive.timeline_builder: アーカイブ Timeline 構築: 3 クリップ / V1 6 本 / S1 6 件 / 全長 30.0s
2026-08-19 14:39:04,510 [INFO] src.archive.timeline_builder: アーカイブ Timeline 構築: 3 クリップ / V1 6 本 / S1 6 件 / 全長 30.0s
2026-08-19 14:39:04,510 [INFO] src.archive.timeline_builder: アーカイブ Timeline 構築: 3 クリップ / V1 6 本 / S1 6 件 / 全長 30.0s
2026-08-19 14:39:04,514 [WARNING] src.export.fcpxml_builder: タイムライン終端を超える字幕をクリップ末尾へクランプしました (丸め誤差の端数など)。
2026-08-19 14:39:04,518 [INFO] src.modules.loudness_normalizer: 入力ラウドネス: I=-9.2 LUFS / TP=-0.3 dBTP / LRA=5.1 LU → 目標 I=-14.0 LUFS / TP=-1.0 dBTP (offset 0.4 dB)
2026-08-19 14:39:04,524 [ERROR] src.modules.loudness_normalizer: ラウドネス正規化の適用に失敗 (元音声のまま継続): in.mp4
Traceback (most recent call last):
  File "D:\develop\autoedit\src\modules\loudness_normalizer.py", line 219, in normalize_file
    ffmpeg_runner.execute(
  File "C:\Users\evolu\AppData\Local\Programs\Python\Python312\Lib\unittest\mock.py", line 1139, in __call__
    return self._mock_call(*args, **kwargs)
           ^^^^^^^^^^^^^^^^^^^^^^^^^^^^^^^^
  File "C:\Users\evolu\AppData\Local\Programs\Python\Python312\Lib\unittest\mock.py", line 1143, in _mock_call
    return self._execute_mock_call(*args, **kwargs)
           ^^^^^^^^^^^^^^^^^^^^^^^^^^^^^^^^^^^^^^^^
  File "C:\Users\evolu\AppData\Local\Programs\Python\Python312\Lib\unittest\mock.py", line 1198, in _execute_mock_call
    raise effect
src.exceptions.FFmpegError: 失敗
2026-08-19 14:39:04,525 [INFO] src.modules.loudness_normalizer: ラウドネス正規化は無効のためスキップ
2026-08-19 14:39:04,526 [WARNING] src.modules.loudness_normalizer: ラウドネス測定に失敗したため正規化をスキップ (元音声のまま継続): in.mp4
2026-08-19 14:39:04,526 [INFO] src.modules.loudness_normalizer: 音声ストリームが無いためラウドネス正規化をスキップ: in.mp4
2026-08-19 14:39:04,534 [INFO] src.modules.loudness_normalizer: ラウドネス正規化 完了: out.mp4
2026-08-19 14:39:04,535 [INFO] src.modules.loudness_normalizer: 入力ラウドネス: I=-9.2 LUFS / TP=-0.3 dBTP / LRA=5.1 LU → 目標 I=-14.0 LUFS / TP=-1.0 dBTP (offset 0.4 dB)
2026-08-19 14:39:04,541 [INFO] src.modules.loudness_normalizer: ラウドネス正規化 完了: out.mp4
2026-08-19 14:39:04,542 [INFO] src.timeline.media_recovery: 本編素材を元動画から作り直します: C:\Users\evolu\AppData\Local\Temp\media_recovery_test_qxduq0a9\sample.mp4
2026-08-19 14:39:04,545 [WARNING] src.timeline.media_recovery: 素材が見つかりません: m2 (C:\Users\evolu\AppData\Local\Temp\media_recovery_test_bjx39utk\gone.png)
2026-08-19 14:39:04,547 [INFO] src.timeline.media_recovery: 本編素材を元動画から作り直します: C:\Users\evolu\AppData\Local\Temp\media_recovery_test_txg9t5at\sample.mp4
2026-08-19 14:39:04,549 [WARNING] src.timeline.media_recovery: 元動画が見つからないため本編素材を復旧できません: C:\Users\evolu\AppData\Local\Temp\media_recovery_test_pylpehdp\no_such_input.mp4
2026-08-19 14:39:04,549 [WARNING] src.timeline.media_recovery: 素材が見つかりません: m1 (C:\Users\evolu\AppData\Local\Temp\media_recovery_test_pylpehdp\work\loudness_normalized.mp4)
2026-08-19 14:39:04,551 [INFO] src.timeline.media_recovery: 本編素材は元動画そのものだったため、そのまま使います: C:\Users\evolu\AppData\Local\Temp\media_recovery_test_rt_nzyar\sample.mp4
2026-08-19 14:39:04,554 [INFO] src.timeline.media_recovery: 素材を相対パスで見つけました: m2 → C:\Users\evolu\AppData\Local\Temp\media_recovery_test_vwwamsp9\assets\logo.png
2026-08-19 14:39:04,557 [INFO] src.timeline.media_recovery: 設定に従い元動画をそのまま使います (音量は正規化前): C:\Users\evolu\AppData\Local\Temp\media_recovery_test_2otbg60y\sample.mp4
2026-08-19 14:39:04,581 [WARNING] src.timeline.builder: フレーム間引きの設定が不正なため none を使用します: 'all'
2026-08-19 14:39:04,599 [WARNING] src.export.resolve_export: ソース総尺の取得に失敗 (タイムライン全長で代用): C:\Users\evolu\AppData\Local\Temp\resolve_export_test_3u36bhdy\sample.mp4
2026-08-19 14:39:04,608 [WARNING] src.export.resolve_export: ソース総尺の取得に失敗 (タイムライン全長で代用): C:\Users\evolu\AppData\Local\Temp\resolve_export_test_vhlkga5b\sample.mp4
2026-08-19 14:39:04,617 [WARNING] src.export.resolve_export: ソース総尺の取得に失敗 (タイムライン全長で代用): C:\Users\evolu\AppData\Local\Temp\resolve_export_test_m9ppl7rv\sample.mp4
2026-08-19 14:39:04,626 [WARNING] src.export.resolve_export: ソース総尺の取得に失敗 (タイムライン全長で代用): C:\Users\evolu\AppData\Local\Temp\resolve_export_test_k8_zkou6\sample.mp4
2026-08-19 14:39:04,626 [WARNING] src.export.resolve_export: テーマ演出はテキストと区間のみを出力します (ブラー・黒帯などの映像エフェクトは FCPXML で表現できません)。
2026-08-19 14:39:04,626 [WARNING] src.export.resolve_export: 字幕位置は配置(alignment)＋余白からの近似です。Resolve 取り込み時に位置が中央へ戻る場合があります (フォント/サイズ/色は保持)。
2026-08-19 14:39:04,636 [WARNING] src.export.resolve_export: ソース総尺の取得に失敗 (タイムライン全長で代用): C:\Users\evolu\AppData\Local\Temp\resolve_export_test_j7l8tgz4\sample.mp4
2026-08-19 14:39:04,645 [WARNING] src.export.resolve_export: ソース総尺の取得に失敗 (タイムライン全長で代用): C:\Users\evolu\AppData\Local\Temp\resolve_export_test_fz4zf8zk\sample.mp4
2026-08-19 14:39:04,654 [WARNING] src.export.resolve_export: ソース総尺の取得に失敗 (タイムライン全長で代用): C:\Users\evolu\AppData\Local\Temp\resolve_export_test_gs79uku7\sample.mp4
2026-08-19 14:39:04,664 [WARNING] src.export.resolve_export: ソース総尺の取得に失敗 (タイムライン全長で代用): C:\Users\evolu\AppData\Local\Temp\resolve_export_test_gs79uku7\sample.mp4
2026-08-19 14:39:04,673 [WARNING] src.export.resolve_export: ソース総尺の取得に失敗 (タイムライン全長で代用): C:\Users\evolu\AppData\Local\Temp\resolve_export_test_hcla7pdl\sample.mp4
2026-08-19 14:39:04,673 [WARNING] src.export.resolve_export: 未対応の字幕出力方式 export.resolve.subtitle.mode=bogus のため caption で出力します
2026-08-19 14:39:04,682 [WARNING] src.export.resolve_export: ソース総尺の取得に失敗 (タイムライン全長で代用): C:\Users\evolu\AppData\Local\Temp\resolve_export_test_4musjio5\sample.mp4
2026-08-19 14:39:04,691 [WARNING] src.export.resolve_export: ソース総尺の取得に失敗 (タイムライン全長で代用): C:\Users\evolu\AppData\Local\Temp\resolve_export_test_cpitw0fe\sample.mp4
2026-08-19 14:39:04,702 [WARNING] src.export.resolve_export: ソース総尺の取得に失敗 (タイムライン全長で代用): C:\Users\evolu\AppData\Local\Temp\resolve_export_test_8t3l9r16\sample.mp4
2026-08-19 14:39:04,710 [WARNING] src.export.resolve_export: ソース総尺の取得に失敗 (タイムライン全長で代用): C:\Users\evolu\AppData\Local\Temp\resolve_export_test_ki4j1cc1\sample.mp4
2026-08-19 14:39:04,718 [WARNING] src.export.resolve_export: ソース総尺の取得に失敗 (タイムライン全長で代用): C:\Users\evolu\AppData\Local\Temp\resolve_export_test_nx8k2xis\sample.mp4
2026-08-19 14:39:04,729 [WARNING] src.export.resolve_export: ソース総尺の取得に失敗 (タイムライン全長で代用): C:\Users\evolu\AppData\Local\Temp\resolve_export_test_l2fyoq63\sample.mp4
2026-08-19 14:39:04,739 [WARNING] src.export.resolve_export: ソース総尺の取得に失敗 (タイムライン全長で代用): C:\Users\evolu\AppData\Local\Temp\resolve_export_test_zqlui72y\sample.mp4
2026-08-19 14:39:04,749 [WARNING] src.export.resolve_export: ソース総尺の取得に失敗 (タイムライン全長で代用): C:\Users\evolu\AppData\Local\Temp\resolve_export_test_bwukqwe4\sample.mp4
2026-08-19 14:39:04,758 [WARNING] src.export.resolve_export: ソース総尺の取得に失敗 (タイムライン全長で代用): C:\Users\evolu\AppData\Local\Temp\resolve_export_test_7k17qxr6\sample.mp4
2026-08-19 14:39:04,758 [INFO] src.export.resolve_export: 編集点が無いため全長 1 クリップとして出力します
2026-08-19 14:39:04,769 [WARNING] src.export.resolve_export: ソース総尺の取得に失敗 (タイムライン全長で代用): C:\Users\evolu\AppData\Local\Temp\resolve_export_test_m5j_r0tf\sample.mp4
2026-08-19 14:39:04,769 [INFO] src.export.resolve_export: Resolve 出力開始: C:\Users\evolu\AppData\Local\Temp\resolve_export_test_m5j_r0tf\out2.fcpxml (クリップ 1 件 / 字幕 caption 1 件 / title・テーマ 0 件 / 1920x1080 60fps)
2026-08-19 14:39:04,770 [INFO] src.export.resolve_export: 字幕トラックのスタイルは Resolve の字幕トラックヘッダー選択 → インスペクタ → Track Style で一括設定できます (Resolve 19 以降は Text+ スタイルも指定可)。
2026-08-19 14:39:04,770 [INFO] src.export.resolve_export: Resolve 出力完了: C:\Users\evolu\AppData\Local\Temp\resolve_export_test_m5j_r0tf\out2.fcpxml (タイムライン尺 5.00s)
2026-08-19 14:39:04,780 [WARNING] src.export.resolve_export: ソース総尺の取得に失敗 (タイムライン全長で代用): C:\Users\evolu\AppData\Local\Temp\resolve_export_test_hlty4orz\sample.mp4
2026-08-19 14:39:04,780 [INFO] src.export.resolve_export: Resolve 出力開始: C:\Users\evolu\AppData\Local\Temp\resolve_export_test_hlty4orz\out3.fcpxml (クリップ 1 件 / 字幕 caption 0 件 / title・テーマ 0 件 / 1920x1080 60fps)
2026-08-19 14:39:04,781 [INFO] src.export.resolve_export: Resolve 出力完了: C:\Users\evolu\AppData\Local\Temp\resolve_export_test_hlty4orz\out3.fcpxml (タイムライン尺 5.00s)
2026-08-19 14:39:04,791 [WARNING] src.export.resolve_export: ソース総尺の取得に失敗 (タイムライン全長で代用): C:\Users\evolu\AppData\Local\Temp\resolve_export_test_h3w3_iai\sample.mp4
2026-08-19 14:39:04,792 [INFO] src.export.resolve_export: Resolve 出力開始: C:\Users\evolu\AppData\Local\Temp\resolve_export_test_h3w3_iai\out.fcpxml (クリップ 1 件 / 字幕 caption 1 件 / title・テーマ 0 件 / 1920x1080 60fps)
2026-08-19 14:39:04,797 [INFO] src.export.resolve_export: SRT サイドカー出力: C:\Users\evolu\AppData\Local\Temp\resolve_export_test_h3w3_iai\out.srt (1 件)
2026-08-19 14:39:04,797 [INFO] src.export.resolve_export: Resolve 出力完了: C:\Users\evolu\AppData\Local\Temp\resolve_export_test_h3w3_iai\out.fcpxml / C:\Users\evolu\AppData\Local\Temp\resolve_export_test_h3w3_iai\out.srt (タイムライン尺 5.00s)
2026-08-19 14:39:04,798 [INFO] src.export.resolve_export: Resolve 出力を中止 (上書きしない): C:\Users\evolu\AppData\Local\Temp\resolve_export_test_h3w3_iai\out.fcpxml
2026-08-19 14:39:04,799 [INFO] src.modules.subtitle_generator: テロップ個別指定 フォント 0 件 / サイズ 0 件 / 文字色 1 件 / 縁の色 0 件
2026-08-19 14:39:04,802 [INFO] src.modules.subtitle_generator: テロップ個別指定 フォント 0 件 / サイズ 0 件 / 文字色 1 件 / 縁の色 0 件
2026-08-19 14:39:04,825 [INFO] src.modules.subtitle_generator: テロップ個別指定 フォント 0 件 / サイズ 0 件 / 文字色 0 件 / 縁の色 1 件
2026-08-19 14:39:04,827 [INFO] src.modules.subtitle_generator: テロップ個別指定 フォント 0 件 / サイズ 0 件 / 文字色 0 件 / 縁の色 1 件
2026-08-19 14:39:04,830 [INFO] src.modules.subtitle_generator: テロップ個別指定 フォント 1 件 / サイズ 1 件 / 文字色 1 件 / 縁の色 1 件
2026-08-19 14:39:04,840 [WARNING] src.timeline.commands: 映像トラックの上限 (3) に達しているため追加できません
2026-08-19 14:39:04,840 [INFO] src.timeline.commands: 字幕を追加できる空きがありません (2.000 秒)
2026-08-19 14:39:04,840 [INFO] src.timeline.commands: 字幕を追加できる空きがありません (0.990 秒)
2026-08-19 14:39:04,840 [INFO] src.timeline.commands: リップル: 10.000〜20.000s (10.00s) を除去 / 削除 1 件・短縮 0 件・移動 1 件
2026-08-19 14:39:04,840 [INFO] src.timeline.commands: リップル: 10.000〜20.000s (10.00s) を除去 / 削除 1 件・短縮 0 件・移動 1 件
2026-08-19 14:39:04,840 [INFO] src.timeline.commands: リップル: 10.000〜20.000s (10.00s) を除去 / 削除 1 件・短縮 0 件・移動 1 件
2026-08-19 14:39:04,840 [INFO] src.timeline.commands: リップル: 0.000〜10.000s (10.00s) を除去 / 削除 2 件・短縮 0 件・移動 1 件
2026-08-19 14:39:04,842 [INFO] src.timeline.commands: リップル: 10.000〜20.000s (10.00s) を除去 / 削除 1 件・短縮 0 件・移動 1 件
2026-08-19 14:39:04,843 [INFO] src.timeline.commands: リップル: 10.000〜20.000s (10.00s) を除去 / 削除 2 件・短縮 1 件・移動 2 件
2026-08-19 14:39:04,843 [INFO] src.timeline.commands: リップル: 10.000〜20.000s (10.00s) を除去 / 削除 2 件・短縮 1 件・移動 2 件
2026-08-19 14:39:04,843 [INFO] src.timeline.commands: リップル: 10.000〜20.000s (10.00s) を除去 / 削除 2 件・短縮 1 件・移動 2 件
2026-08-19 14:39:04,843 [INFO] src.timeline.commands: リップル: 10.000〜20.000s (10.00s) を除去 / 削除 2 件・短縮 1 件・移動 2 件
2026-08-19 14:39:04,843 [INFO] src.timeline.commands: リップル: 10.000〜20.000s (10.00s) を除去 / 削除 2 件・短縮 1 件・移動 2 件
2026-08-19 14:39:04,843 [INFO] src.timeline.commands: リップル: 10.000〜20.000s (10.00s) を除去 / 削除 2 件・短縮 1 件・移動 2 件
2026-08-19 14:39:04,843 [INFO] src.timeline.commands: リップル: 10.000〜20.000s (10.00s) を除去 / 削除 2 件・短縮 0 件・移動 3 件
2026-08-19 14:39:04,843 [INFO] src.timeline.commands: リップル: 10.000〜20.000s (10.00s) を除去 / 削除 1 件・短縮 0 件・移動 1 件
2026-08-19 14:39:04,843 [INFO] src.timeline.commands: リップル: 10.000〜20.000s (10.00s) を除去 / 削除 2 件・短縮 1 件・移動 2 件
2026-08-19 14:39:04,844 [INFO] src.timeline.commands: 残り尺が下限を割るためクリップごとリップル削除しました: c2
2026-08-19 14:39:04,844 [INFO] src.timeline.commands: リップル: 10.000〜20.000s (10.00s) を除去 / 削除 1 件・短縮 0 件・移動 2 件
2026-08-19 14:39:04,844 [INFO] src.timeline.commands: リップル: 15.000〜20.000s (5.00s) を除去 / 削除 0 件・短縮 1 件・移動 2 件
2026-08-19 14:39:04,844 [INFO] src.timeline.commands: リップル: 10.000〜15.000s (5.00s) を除去 / 削除 0 件・短縮 1 件・移動 2 件
2026-08-19 14:39:04,844 [INFO] src.timeline.commands: リップル: 15.000〜20.000s (5.00s) を除去 / 削除 0 件・短縮 1 件・移動 2 件
2026-08-19 14:39:04,844 [INFO] src.timeline.commands: リップル: 15.000〜20.000s (5.00s) を除去 / 削除 0 件・短縮 1 件・移動 2 件
2026-08-19 14:39:04,844 [INFO] src.timeline.commands: リップル: 26.000〜27.000s (1.00s) を除去 / 削除 0 件・短縮 2 件・移動 0 件
2026-08-19 14:39:04,845 [INFO] src.timeline.commands: リップル: 10.000〜20.000s (10.00s) を除去 / 削除 1 件・短縮 0 件・移動 1 件
2026-08-19 14:39:04,845 [INFO] src.timeline.commands: リップル: 10.000〜20.000s (10.00s) を除去 / 削除 1 件・短縮 0 件・移動 1 件
2026-08-19 14:39:04,845 [INFO] src.timeline.commands: リップル: 10.000〜20.000s (10.00s) を除去 / 削除 1 件・短縮 0 件・移動 1 件
2026-08-19 14:39:04,848 [INFO] src.timeline.project_io: プロジェクト保存: C:\Users\evolu\AppData\Local\Temp\timeline_io_test_jx10b2rl\sample.timeline.json
2026-08-19 14:39:04,871 [INFO] src.timeline.project_io: プロジェクト読込: C:\Users\evolu\AppData\Local\Temp\timeline_io_test_jx10b2rl\sample.timeline.json
2026-08-19 14:39:04,875 [INFO] src.timeline.project_io: プロジェクト保存: C:\Users\evolu\AppData\Local\Temp\timeline_io_test_jx10b2rl\sample.timeline.json
2026-08-19 14:39:04,876 [INFO] src.timeline.project_io: プロジェクト読込: C:\Users\evolu\AppData\Local\Temp\timeline_io_test_jx10b2rl\sample.timeline.json
2026-08-19 14:39:04,879 [INFO] src.timeline.project_io: プロジェクト保存: C:\Users\evolu\AppData\Local\Temp\timeline_io_test_rti1jav8\sample.timeline.json
2026-08-19 14:39:04,899 [INFO] src.timeline.project_io: プロジェクト読込: C:\Users\evolu\AppData\Local\Temp\timeline_io_test_rti1jav8\sample.timeline.json
2026-08-19 14:39:04,903 [INFO] src.timeline.project_io: プロジェクト保存: C:\Users\evolu\AppData\Local\Temp\timeline_io_test_7nzs3j9l\sample.timeline.json
2026-08-19 14:39:04,924 [WARNING] src.timeline.project_io: メディアの実体が見つかりません (1 件)。該当クリップを無効化します: m1
2026-08-19 14:39:04,928 [INFO] src.timeline.project_io: プロジェクト保存: C:\Users\evolu\AppData\Local\Temp\timeline_io_test_za_g9heu\sample.timeline.json
2026-08-19 14:39:04,951 [INFO] src.timeline.project_io: プロジェクト保存: C:\Users\evolu\AppData\Local\Temp\timeline_io_test_mk189qld\sample.timeline.json
2026-08-19 14:39:04,957 [WARNING] src.timeline.project_io: 編集点の区間が不正なため無視します: 20.000→15.000
2026-08-19 14:39:04,958 [WARNING] src.timeline.project_io: メディアの実体が見つかりません (1 件)。該当クリップを無効化します: m1
2026-08-19 14:39:04,959 [WARNING] src.timeline.project_io: 音声クリップ a1 のリンク先 no_such_clip が存在しないため除外します (該当区間は無音になります)
2026-08-19 14:39:04,960 [WARNING] src.timeline.project_io: トラック V1 でクリップ c2 が重複しているため 12.480 へ移動します
2026-08-19 14:39:04,964 [WARNING] src.timeline.project_io: クリップ c2 の尺 (0.001s) が下限 (0.050s) 未満のため除外します
2026-08-19 14:39:04,964 [WARNING] src.timeline.project_io: 音声クリップ a2 のリンク先 c2 が存在しないため除外します (該当区間は無音になります)
2026-08-19 14:39:04,970 [WARNING] src.timeline.builder: 寸法の設定が不正なため既定 8000 を使用します: 0
2026-08-19 14:43:20,950 [INFO] src.timeline.media_recovery: 本編素材を元動画から作り直します: C:\Users\evolu\AppData\Local\Temp\media_recovery_test_xt509f05\sample.mp4
2026-08-19 14:43:20,952 [WARNING] src.timeline.media_recovery: 素材が見つかりません: m2 (C:\Users\evolu\AppData\Local\Temp\media_recovery_test_m73e0xy7\gone.png)
2026-08-19 14:43:20,955 [INFO] src.timeline.media_recovery: 本編素材を元動画から作り直します: C:\Users\evolu\AppData\Local\Temp\media_recovery_test_zw6yeknx\sample.mp4
2026-08-19 14:43:20,956 [WARNING] src.timeline.media_recovery: 元動画が見つからないため本編素材を復旧できません: C:\Users\evolu\AppData\Local\Temp\media_recovery_test_2oobt8k0\no_such_input.mp4
2026-08-19 14:43:20,956 [WARNING] src.timeline.media_recovery: 素材が見つかりません: m1 (C:\Users\evolu\AppData\Local\Temp\media_recovery_test_2oobt8k0\work\loudness_normalized.mp4)
2026-08-19 14:43:20,957 [INFO] src.timeline.media_recovery: 本編素材は元動画そのものだったため、そのまま使います: C:\Users\evolu\AppData\Local\Temp\media_recovery_test_vdow_k47\sample.mp4
2026-08-19 14:43:20,959 [INFO] src.timeline.media_recovery: 素材を相対パスで見つけました: m2 → C:\Users\evolu\AppData\Local\Temp\media_recovery_test_6k6pcv5w\assets\logo.png
2026-08-19 14:43:20,961 [INFO] src.timeline.media_recovery: 設定に従い元動画をそのまま使います (音量は正規化前): C:\Users\evolu\AppData\Local\Temp\media_recovery_test_8uq5sblq\sample.mp4
2026-08-19 14:47:39,754 [INFO] src.archive.clip_writer: clip1 prepare 完了 (字幕 2 件)
2026-08-19 14:47:39,757 [INFO] src.archive.clip_writer: clip1 prepare 完了 (字幕 2 件)
2026-08-19 14:47:39,760 [INFO] src.archive.clip_writer: 編集点準備: 残す区間 2 件 / 想定尺 10.00s (素材 30.00s)
2026-08-19 14:47:39,760 [INFO] src.archive.clip_writer: clip1 prepare 完了 (字幕 2 件 / 実カットなし)
2026-08-19 14:47:39,763 [INFO] src.archive.clip_writer: 編集点準備: 残す区間 2 件 / 想定尺 10.00s (素材 30.00s)
2026-08-19 14:47:39,763 [INFO] src.archive.clip_writer: clip1 prepare 完了 (字幕 2 件 / 実カットなし)
2026-08-19 14:47:39,765 [INFO] src.archive.clip_writer: 編集点準備: 残す区間 2 件 / 想定尺 10.00s (素材 30.00s)
2026-08-19 14:47:39,765 [INFO] src.archive.clip_writer: clip1 prepare 完了 (字幕 2 件 / 実カットなし)
2026-08-19 14:47:39,767 [INFO] src.archive.clip_writer: 編集点準備: 残す区間 2 件 / 想定尺 10.00s (素材 30.00s)
2026-08-19 14:47:39,767 [INFO] src.archive.clip_writer: clip1 prepare 完了 (字幕 2 件 / 実カットなし)
2026-08-19 14:47:39,769 [INFO] src.archive.clip_writer: 編集点準備: 残す区間 2 件 / 想定尺 10.00s (素材 30.00s)
2026-08-19 14:47:39,769 [INFO] src.archive.clip_writer: clip1 prepare 完了 (字幕 2 件 / 実カットなし)
2026-08-19 14:47:39,770 [INFO] src.archive.clip_writer: 編集点準備: 残す区間 2 件 / 想定尺 10.00s (素材 30.00s)
2026-08-19 14:47:39,770 [INFO] src.archive.clip_writer: clip1 prepare 完了 (字幕 2 件 / 実カットなし)
2026-08-19 14:47:39,773 [INFO] src.archive.clip_writer: 編集点準備: 残す区間 2 件 / 想定尺 10.00s (素材 30.00s)
2026-08-19 14:47:39,773 [INFO] src.archive.clip_writer: clip1 prepare 完了 (字幕 0 件 / 実カットなし)
2026-08-19 14:47:39,773 [INFO] src.archive.clip_writer: 編集点準備: 残す区間 2 件 / 想定尺 10.00s (素材 30.00s)
2026-08-19 14:47:39,774 [INFO] src.archive.timeline_builder: アーカイブ Timeline 構築: 3 クリップ / V1 6 本 / S1 6 件 / 全長 30.0s
2026-08-19 14:47:39,774 [INFO] src.archive.timeline_builder: アーカイブ Timeline 構築: 3 クリップ / V1 6 本 / S1 6 件 / 全長 30.0s
2026-08-19 14:47:39,774 [INFO] src.archive.timeline_builder: アーカイブ Timeline 構築: 3 クリップ / V1 6 本 / S1 6 件 / 全長 30.0s
2026-08-19 14:47:39,774 [INFO] src.archive.timeline_builder: アーカイブ Timeline 構築: 3 クリップ / V1 6 本 / S1 6 件 / 全長 30.0s
2026-08-19 14:47:39,774 [INFO] src.archive.timeline_builder: アーカイブ Timeline 構築: 3 クリップ / V1 6 本 / S1 6 件 / 全長 30.0s
2026-08-19 14:47:39,776 [INFO] src.archive.timeline_builder: アーカイブ Timeline 構築: 3 クリップ / V1 6 本 / S1 6 件 / 全長 30.0s
2026-08-19 14:47:39,776 [INFO] src.archive.timeline_builder: アーカイブ Timeline 構築: 3 クリップ / V1 6 本 / S1 6 件 / 全長 30.0s
2026-08-19 14:47:39,776 [INFO] src.archive.timeline_builder: アーカイブ Timeline 構築: 3 クリップ / V1 6 本 / S1 6 件 / 全長 30.0s
2026-08-19 14:47:39,776 [INFO] src.archive.timeline_builder: アーカイブ Timeline 構築: 3 クリップ / V1 6 本 / S1 6 件 / 全長 30.0s
2026-08-19 14:47:39,777 [INFO] src.archive.timeline_builder: アーカイブ Timeline 構築: 1 クリップ / V1 1 本 / S1 2 件 / 全長 30.0s
2026-08-19 14:47:39,777 [INFO] src.archive.timeline_builder: clip1: クリップ終端で打ち切った字幕 1 件 / 載せなかった字幕 0 件
2026-08-19 14:47:39,777 [INFO] src.archive.timeline_builder: clip2: クリップ終端で打ち切った字幕 1 件 / 載せなかった字幕 0 件
2026-08-19 14:47:39,777 [INFO] src.archive.timeline_builder: clip3: クリップ終端で打ち切った字幕 1 件 / 載せなかった字幕 0 件
2026-08-19 14:47:39,777 [INFO] src.archive.timeline_builder: アーカイブ Timeline 構築: 3 クリップ / V1 6 本 / S1 3 件 / 全長 30.0s
2026-08-19 14:47:39,777 [INFO] src.archive.timeline_builder: clip1: クリップ終端で打ち切った字幕 1 件 / 載せなかった字幕 0 件
2026-08-19 14:47:39,777 [INFO] src.archive.timeline_builder: アーカイブ Timeline 構築: 2 クリップ / V1 4 本 / S1 3 件 / 全長 20.0s
2026-08-19 14:47:39,777 [INFO] src.archive.timeline_builder: clip1: クリップ終端で打ち切った字幕 1 件 / 載せなかった字幕 1 件
2026-08-19 14:47:39,777 [INFO] src.archive.timeline_builder: アーカイブ Timeline 構築: 2 クリップ / V1 4 本 / S1 2 件 / 全長 20.0s
2026-08-19 14:47:39,778 [INFO] src.archive.timeline_builder: clip1: クリップ終端で打ち切った字幕 1 件 / 載せなかった字幕 0 件
2026-08-19 14:47:39,778 [INFO] src.archive.timeline_builder: clip2: クリップ終端で打ち切った字幕 1 件 / 載せなかった字幕 0 件
2026-08-19 14:47:39,778 [INFO] src.archive.timeline_builder: アーカイブ Timeline 構築: 2 クリップ / V1 4 本 / S1 2 件 / 全長 20.0s
2026-08-19 14:47:39,778 [INFO] src.archive.timeline_builder: アーカイブ Timeline 構築: 3 クリップ / V1 6 本 / S1 6 件 / 全長 30.0s
2026-08-19 14:47:39,778 [INFO] src.archive.timeline_builder: アーカイブ Timeline 構築: 3 クリップ / V1 6 本 / S1 6 件 / 全長 30.0s
2026-08-19 14:47:39,779 [INFO] src.archive.timeline_builder: アーカイブ Timeline 構築: 3 クリップ / V1 6 本 / S1 6 件 / 全長 30.0s
2026-08-19 14:47:39,779 [INFO] src.archive.timeline_builder: アーカイブ Timeline 構築: 3 クリップ / V1 6 本 / S1 6 件 / 全長 30.0s
2026-08-19 14:47:39,779 [INFO] src.archive.timeline_builder: アーカイブ Timeline 構築: 3 クリップ / V1 6 本 / S1 6 件 / 全長 30.0s
2026-08-19 14:47:39,779 [INFO] src.archive.timeline_builder: アーカイブ Timeline 構築: 3 クリップ / V1 6 本 / S1 6 件 / 全長 30.0s
2026-08-19 14:47:39,779 [INFO] src.archive.timeline_builder: clip2 は使用しないため書き出しから除外します
2026-08-19 14:47:39,780 [INFO] src.archive.timeline_builder: アーカイブ Timeline 構築: 3 クリップ / V1 6 本 / S1 6 件 / 全長 30.0s
2026-08-19 14:47:39,780 [INFO] src.archive.timeline_builder: アーカイブ Timeline 構築: 3 クリップ / V1 6 本 / S1 6 件 / 全長 30.0s
2026-08-19 14:47:39,780 [INFO] src.archive.timeline_builder: アーカイブ Timeline 構築: 3 クリップ / V1 6 本 / S1 6 件 / 全長 30.0s
2026-08-19 14:47:39,780 [INFO] src.archive.timeline_builder: アーカイブ Timeline 構築: 3 クリップ / V1 6 本 / S1 6 件 / 全長 30.0s
2026-08-19 14:47:39,781 [INFO] src.archive.timeline_builder: アーカイブ Timeline 構築: 3 クリップ / V1 6 本 / S1 6 件 / 全長 30.0s
2026-08-19 14:47:39,781 [INFO] src.archive.timeline_builder: アーカイブ Timeline 構築: 3 クリップ / V1 6 本 / S1 6 件 / 全長 30.0s
2026-08-19 14:47:39,784 [WARNING] src.export.fcpxml_builder: タイムライン終端を超える字幕をクリップ末尾へクランプしました (丸め誤差の端数など)。
2026-08-19 14:47:39,786 [INFO] src.modules.loudness_normalizer: 入力ラウドネス: I=-9.2 LUFS / TP=-0.3 dBTP / LRA=5.1 LU → 目標 I=-14.0 LUFS / TP=-1.0 dBTP (offset 0.4 dB)
2026-08-19 14:47:39,794 [ERROR] src.modules.loudness_normalizer: ラウドネス正規化の適用に失敗 (元音声のまま継続): in.mp4
Traceback (most recent call last):
  File "D:\develop\autoedit\src\modules\loudness_normalizer.py", line 219, in normalize_file
    ffmpeg_runner.execute(
  File "C:\Users\evolu\AppData\Local\Programs\Python\Python312\Lib\unittest\mock.py", line 1139, in __call__
    return self._mock_call(*args, **kwargs)
           ^^^^^^^^^^^^^^^^^^^^^^^^^^^^^^^^
  File "C:\Users\evolu\AppData\Local\Programs\Python\Python312\Lib\unittest\mock.py", line 1143, in _mock_call
    return self._execute_mock_call(*args, **kwargs)
           ^^^^^^^^^^^^^^^^^^^^^^^^^^^^^^^^^^^^^^^^
  File "C:\Users\evolu\AppData\Local\Programs\Python\Python312\Lib\unittest\mock.py", line 1198, in _execute_mock_call
    raise effect
src.exceptions.FFmpegError: 失敗
2026-08-19 14:47:39,796 [INFO] src.modules.loudness_normalizer: ラウドネス正規化は無効のためスキップ
2026-08-19 14:47:39,796 [WARNING] src.modules.loudness_normalizer: ラウドネス測定に失敗したため正規化をスキップ (元音声のまま継続): in.mp4
2026-08-19 14:47:39,796 [INFO] src.modules.loudness_normalizer: 音声ストリームが無いためラウドネス正規化をスキップ: in.mp4
2026-08-19 14:47:39,803 [INFO] src.modules.loudness_normalizer: ラウドネス正規化 完了: out.mp4
2026-08-19 14:47:39,803 [INFO] src.modules.loudness_normalizer: 入力ラウドネス: I=-9.2 LUFS / TP=-0.3 dBTP / LRA=5.1 LU → 目標 I=-14.0 LUFS / TP=-1.0 dBTP (offset 0.4 dB)
2026-08-19 14:47:39,810 [INFO] src.modules.loudness_normalizer: ラウドネス正規化 完了: out.mp4
2026-08-19 14:47:39,813 [INFO] src.timeline.media_recovery: 本編素材を元動画から作り直します: C:\Users\evolu\AppData\Local\Temp\media_recovery_test_hyp7yotg\sample.mp4
2026-08-19 14:47:39,814 [WARNING] src.timeline.media_recovery: 素材が見つかりません: m2 (C:\Users\evolu\AppData\Local\Temp\media_recovery_test_0jeojej2\gone.png)
2026-08-19 14:47:39,816 [INFO] src.timeline.media_recovery: 本編素材を元動画から作り直します: C:\Users\evolu\AppData\Local\Temp\media_recovery_test_4u4d5tnq\sample.mp4
2026-08-19 14:47:39,818 [WARNING] src.timeline.media_recovery: 元動画が見つからないため本編素材を復旧できません: C:\Users\evolu\AppData\Local\Temp\media_recovery_test_opw4u_ab\no_such_input.mp4
2026-08-19 14:47:39,818 [WARNING] src.timeline.media_recovery: 素材が見つかりません: m1 (C:\Users\evolu\AppData\Local\Temp\media_recovery_test_opw4u_ab\work\loudness_normalized.mp4)
2026-08-19 14:47:39,820 [INFO] src.timeline.media_recovery: 本編素材は元動画そのものだったため、そのまま使います: C:\Users\evolu\AppData\Local\Temp\media_recovery_test_usf15phc\sample.mp4
2026-08-19 14:47:39,821 [INFO] src.timeline.media_recovery: 素材を相対パスで見つけました: m2 → C:\Users\evolu\AppData\Local\Temp\media_recovery_test_0u6f1bpm\assets\logo.png
2026-08-19 14:47:39,828 [INFO] src.timeline.media_recovery: 設定に従い元動画をそのまま使います (音量は正規化前): C:\Users\evolu\AppData\Local\Temp\media_recovery_test_ti5n5ayt\sample.mp4
2026-08-19 14:47:39,851 [WARNING] src.timeline.builder: フレーム間引きの設定が不正なため none を使用します: 'all'
2026-08-19 14:47:39,869 [WARNING] src.export.resolve_export: ソース総尺の取得に失敗 (タイムライン全長で代用): C:\Users\evolu\AppData\Local\Temp\resolve_export_test_6r3v_9z4\sample.mp4
2026-08-19 14:47:39,877 [WARNING] src.export.resolve_export: ソース総尺の取得に失敗 (タイムライン全長で代用): C:\Users\evolu\AppData\Local\Temp\resolve_export_test_hto62822\sample.mp4
2026-08-19 14:47:39,887 [WARNING] src.export.resolve_export: ソース総尺の取得に失敗 (タイムライン全長で代用): C:\Users\evolu\AppData\Local\Temp\resolve_export_test_dmoxol4_\sample.mp4
2026-08-19 14:47:39,898 [WARNING] src.export.resolve_export: ソース総尺の取得に失敗 (タイムライン全長で代用): C:\Users\evolu\AppData\Local\Temp\resolve_export_test_eq52lekg\sample.mp4
2026-08-19 14:47:39,898 [WARNING] src.export.resolve_export: テーマ演出はテキストと区間のみを出力します (ブラー・黒帯などの映像エフェクトは FCPXML で表現できません)。
2026-08-19 14:47:39,898 [WARNING] src.export.resolve_export: 字幕位置は配置(alignment)＋余白からの近似です。Resolve 取り込み時に位置が中央へ戻る場合があります (フォント/サイズ/色は保持)。
2026-08-19 14:47:39,910 [WARNING] src.export.resolve_export: ソース総尺の取得に失敗 (タイムライン全長で代用): C:\Users\evolu\AppData\Local\Temp\resolve_export_test_mxy_jlxv\sample.mp4
2026-08-19 14:47:39,921 [WARNING] src.export.resolve_export: ソース総尺の取得に失敗 (タイムライン全長で代用): C:\Users\evolu\AppData\Local\Temp\resolve_export_test_16oo1176\sample.mp4
2026-08-19 14:47:39,931 [WARNING] src.export.resolve_export: ソース総尺の取得に失敗 (タイムライン全長で代用): C:\Users\evolu\AppData\Local\Temp\resolve_export_test_5lnrkhb1\sample.mp4
2026-08-19 14:47:39,941 [WARNING] src.export.resolve_export: ソース総尺の取得に失敗 (タイムライン全長で代用): C:\Users\evolu\AppData\Local\Temp\resolve_export_test_5lnrkhb1\sample.mp4
2026-08-19 14:47:39,953 [WARNING] src.export.resolve_export: ソース総尺の取得に失敗 (タイムライン全長で代用): C:\Users\evolu\AppData\Local\Temp\resolve_export_test_ewjamrl5\sample.mp4
2026-08-19 14:47:39,953 [WARNING] src.export.resolve_export: 未対応の字幕出力方式 export.resolve.subtitle.mode=bogus のため caption で出力します
2026-08-19 14:47:39,965 [WARNING] src.export.resolve_export: ソース総尺の取得に失敗 (タイムライン全長で代用): C:\Users\evolu\AppData\Local\Temp\resolve_export_test_e7kgogi2\sample.mp4
2026-08-19 14:47:39,975 [WARNING] src.export.resolve_export: ソース総尺の取得に失敗 (タイムライン全長で代用): C:\Users\evolu\AppData\Local\Temp\resolve_export_test_gxwktrbd\sample.mp4
2026-08-19 14:47:39,986 [WARNING] src.export.resolve_export: ソース総尺の取得に失敗 (タイムライン全長で代用): C:\Users\evolu\AppData\Local\Temp\resolve_export_test_rmn84y00\sample.mp4
2026-08-19 14:47:39,996 [WARNING] src.export.resolve_export: ソース総尺の取得に失敗 (タイムライン全長で代用): C:\Users\evolu\AppData\Local\Temp\resolve_export_test_yrqt35f9\sample.mp4
2026-08-19 14:47:40,005 [WARNING] src.export.resolve_export: ソース総尺の取得に失敗 (タイムライン全長で代用): C:\Users\evolu\AppData\Local\Temp\resolve_export_test_unwh9ra3\sample.mp4
2026-08-19 14:47:40,014 [WARNING] src.export.resolve_export: ソース総尺の取得に失敗 (タイムライン全長で代用): C:\Users\evolu\AppData\Local\Temp\resolve_export_test_860sfclj\sample.mp4
2026-08-19 14:47:40,022 [WARNING] src.export.resolve_export: ソース総尺の取得に失敗 (タイムライン全長で代用): C:\Users\evolu\AppData\Local\Temp\resolve_export_test__4vykusl\sample.mp4
2026-08-19 14:47:40,031 [WARNING] src.export.resolve_export: ソース総尺の取得に失敗 (タイムライン全長で代用): C:\Users\evolu\AppData\Local\Temp\resolve_export_test_bhvgooms\sample.mp4
2026-08-19 14:47:40,041 [WARNING] src.export.resolve_export: ソース総尺の取得に失敗 (タイムライン全長で代用): C:\Users\evolu\AppData\Local\Temp\resolve_export_test_04jiz694\sample.mp4
2026-08-19 14:47:40,041 [INFO] src.export.resolve_export: 編集点が無いため全長 1 クリップとして出力します
2026-08-19 14:47:40,051 [WARNING] src.export.resolve_export: ソース総尺の取得に失敗 (タイムライン全長で代用): C:\Users\evolu\AppData\Local\Temp\resolve_export_test_vav2ehsk\sample.mp4
2026-08-19 14:47:40,051 [INFO] src.export.resolve_export: Resolve 出力開始: C:\Users\evolu\AppData\Local\Temp\resolve_export_test_vav2ehsk\out2.fcpxml (クリップ 1 件 / 字幕 caption 1 件 / title・テーマ 0 件 / 1920x1080 60fps)
2026-08-19 14:47:40,052 [INFO] src.export.resolve_export: 字幕トラックのスタイルは Resolve の字幕トラックヘッダー選択 → インスペクタ → Track Style で一括設定できます (Resolve 19 以降は Text+ スタイルも指定可)。
2026-08-19 14:47:40,052 [INFO] src.export.resolve_export: Resolve 出力完了: C:\Users\evolu\AppData\Local\Temp\resolve_export_test_vav2ehsk\out2.fcpxml (タイムライン尺 5.00s)
2026-08-19 14:47:40,062 [WARNING] src.export.resolve_export: ソース総尺の取得に失敗 (タイムライン全長で代用): C:\Users\evolu\AppData\Local\Temp\resolve_export_test_m96jngga\sample.mp4
2026-08-19 14:47:40,062 [INFO] src.export.resolve_export: Resolve 出力開始: C:\Users\evolu\AppData\Local\Temp\resolve_export_test_m96jngga\out3.fcpxml (クリップ 1 件 / 字幕 caption 0 件 / title・テーマ 0 件 / 1920x1080 60fps)
2026-08-19 14:47:40,063 [INFO] src.export.resolve_export: Resolve 出力完了: C:\Users\evolu\AppData\Local\Temp\resolve_export_test_m96jngga\out3.fcpxml (タイムライン尺 5.00s)
2026-08-19 14:47:40,073 [WARNING] src.export.resolve_export: ソース総尺の取得に失敗 (タイムライン全長で代用): C:\Users\evolu\AppData\Local\Temp\resolve_export_test_l7mifinh\sample.mp4
2026-08-19 14:47:40,074 [INFO] src.export.resolve_export: Resolve 出力開始: C:\Users\evolu\AppData\Local\Temp\resolve_export_test_l7mifinh\out.fcpxml (クリップ 1 件 / 字幕 caption 1 件 / title・テーマ 0 件 / 1920x1080 60fps)
2026-08-19 14:47:40,078 [INFO] src.export.resolve_export: SRT サイドカー出力: C:\Users\evolu\AppData\Local\Temp\resolve_export_test_l7mifinh\out.srt (1 件)
2026-08-19 14:47:40,078 [INFO] src.export.resolve_export: Resolve 出力完了: C:\Users\evolu\AppData\Local\Temp\resolve_export_test_l7mifinh\out.fcpxml / C:\Users\evolu\AppData\Local\Temp\resolve_export_test_l7mifinh\out.srt (タイムライン尺 5.00s)
2026-08-19 14:47:40,080 [INFO] src.export.resolve_export: Resolve 出力を中止 (上書きしない): C:\Users\evolu\AppData\Local\Temp\resolve_export_test_l7mifinh\out.fcpxml
2026-08-19 14:47:40,081 [INFO] src.modules.subtitle_generator: テロップ個別指定 フォント 0 件 / サイズ 0 件 / 文字色 1 件 / 縁の色 0 件
2026-08-19 14:47:40,084 [INFO] src.modules.subtitle_generator: テロップ個別指定 フォント 0 件 / サイズ 0 件 / 文字色 1 件 / 縁の色 0 件
2026-08-19 14:47:40,102 [INFO] src.modules.subtitle_generator: テロップ個別指定 フォント 0 件 / サイズ 0 件 / 文字色 0 件 / 縁の色 1 件
2026-08-19 14:47:40,104 [INFO] src.modules.subtitle_generator: テロップ個別指定 フォント 0 件 / サイズ 0 件 / 文字色 0 件 / 縁の色 1 件
2026-08-19 14:47:40,107 [INFO] src.modules.subtitle_generator: テロップ個別指定 フォント 1 件 / サイズ 1 件 / 文字色 1 件 / 縁の色 1 件
2026-08-19 14:47:40,117 [WARNING] src.timeline.commands: 映像トラックの上限 (3) に達しているため追加できません
2026-08-19 14:47:40,117 [INFO] src.timeline.commands: 字幕を追加できる空きがありません (2.000 秒)
2026-08-19 14:47:40,117 [INFO] src.timeline.commands: 字幕を追加できる空きがありません (0.990 秒)
2026-08-19 14:47:40,119 [INFO] src.timeline.commands: リップル: 10.000〜20.000s (10.00s) を除去 / 削除 1 件・短縮 0 件・移動 1 件
2026-08-19 14:47:40,119 [INFO] src.timeline.commands: リップル: 10.000〜20.000s (10.00s) を除去 / 削除 1 件・短縮 0 件・移動 1 件
2026-08-19 14:47:40,119 [INFO] src.timeline.commands: リップル: 10.000〜20.000s (10.00s) を除去 / 削除 1 件・短縮 0 件・移動 1 件
2026-08-19 14:47:40,119 [INFO] src.timeline.commands: リップル: 0.000〜10.000s (10.00s) を除去 / 削除 2 件・短縮 0 件・移動 1 件
2026-08-19 14:47:40,119 [INFO] src.timeline.commands: リップル: 10.000〜20.000s (10.00s) を除去 / 削除 1 件・短縮 0 件・移動 1 件
2026-08-19 14:47:40,121 [INFO] src.timeline.commands: リップル: 10.000〜20.000s (10.00s) を除去 / 削除 2 件・短縮 1 件・移動 2 件
2026-08-19 14:47:40,121 [INFO] src.timeline.commands: リップル: 10.000〜20.000s (10.00s) を除去 / 削除 2 件・短縮 1 件・移動 2 件
2026-08-19 14:47:40,121 [INFO] src.timeline.commands: リップル: 10.000〜20.000s (10.00s) を除去 / 削除 2 件・短縮 1 件・移動 2 件
2026-08-19 14:47:40,121 [INFO] src.timeline.commands: リップル: 10.000〜20.000s (10.00s) を除去 / 削除 2 件・短縮 1 件・移動 2 件
2026-08-19 14:47:40,121 [INFO] src.timeline.commands: リップル: 10.000〜20.000s (10.00s) を除去 / 削除 2 件・短縮 1 件・移動 2 件
2026-08-19 14:47:40,122 [INFO] src.timeline.commands: リップル: 10.000〜20.000s (10.00s) を除去 / 削除 2 件・短縮 1 件・移動 2 件
2026-08-19 14:47:40,122 [INFO] src.timeline.commands: リップル: 10.000〜20.000s (10.00s) を除去 / 削除 2 件・短縮 0 件・移動 3 件
2026-08-19 14:47:40,122 [INFO] src.timeline.commands: リップル: 10.000〜20.000s (10.00s) を除去 / 削除 1 件・短縮 0 件・移動 1 件
2026-08-19 14:47:40,122 [INFO] src.timeline.commands: リップル: 10.000〜20.000s (10.00s) を除去 / 削除 2 件・短縮 1 件・移動 2 件
2026-08-19 14:47:40,122 [INFO] src.timeline.commands: 残り尺が下限を割るためクリップごとリップル削除しました: c2
2026-08-19 14:47:40,122 [INFO] src.timeline.commands: リップル: 10.000〜20.000s (10.00s) を除去 / 削除 1 件・短縮 0 件・移動 2 件
2026-08-19 14:47:40,122 [INFO] src.timeline.commands: リップル: 15.000〜20.000s (5.00s) を除去 / 削除 0 件・短縮 1 件・移動 2 件
2026-08-19 14:47:40,122 [INFO] src.timeline.commands: リップル: 10.000〜15.000s (5.00s) を除去 / 削除 0 件・短縮 1 件・移動 2 件
2026-08-19 14:47:40,122 [INFO] src.timeline.commands: リップル: 15.000〜20.000s (5.00s) を除去 / 削除 0 件・短縮 1 件・移動 2 件
2026-08-19 14:47:40,122 [INFO] src.timeline.commands: リップル: 15.000〜20.000s (5.00s) を除去 / 削除 0 件・短縮 1 件・移動 2 件
2026-08-19 14:47:40,123 [INFO] src.timeline.commands: リップル: 26.000〜27.000s (1.00s) を除去 / 削除 0 件・短縮 2 件・移動 0 件
2026-08-19 14:47:40,123 [INFO] src.timeline.commands: リップル: 10.000〜20.000s (10.00s) を除去 / 削除 1 件・短縮 0 件・移動 1 件
2026-08-19 14:47:40,123 [INFO] src.timeline.commands: リップル: 10.000〜20.000s (10.00s) を除去 / 削除 1 件・短縮 0 件・移動 1 件
2026-08-19 14:47:40,124 [INFO] src.timeline.commands: リップル: 10.000〜20.000s (10.00s) を除去 / 削除 1 件・短縮 0 件・移動 1 件
2026-08-19 14:47:40,127 [INFO] src.timeline.project_io: プロジェクト保存: C:\Users\evolu\AppData\Local\Temp\timeline_io_test_d5y_etbn\sample.timeline.json
2026-08-19 14:47:40,150 [INFO] src.timeline.project_io: プロジェクト読込: C:\Users\evolu\AppData\Local\Temp\timeline_io_test_d5y_etbn\sample.timeline.json
2026-08-19 14:47:40,152 [INFO] src.timeline.project_io: プロジェクト保存: C:\Users\evolu\AppData\Local\Temp\timeline_io_test_d5y_etbn\sample.timeline.json
2026-08-19 14:47:40,154 [INFO] src.timeline.project_io: プロジェクト読込: C:\Users\evolu\AppData\Local\Temp\timeline_io_test_d5y_etbn\sample.timeline.json
2026-08-19 14:47:40,157 [INFO] src.timeline.project_io: プロジェクト保存: C:\Users\evolu\AppData\Local\Temp\timeline_io_test_lh1g2qor\sample.timeline.json
2026-08-19 14:47:40,177 [INFO] src.timeline.project_io: プロジェクト読込: C:\Users\evolu\AppData\Local\Temp\timeline_io_test_lh1g2qor\sample.timeline.json
2026-08-19 14:47:40,181 [INFO] src.timeline.project_io: プロジェクト保存: C:\Users\evolu\AppData\Local\Temp\timeline_io_test_5w8wq_a9\sample.timeline.json
2026-08-19 14:47:40,200 [WARNING] src.timeline.project_io: メディアの実体が見つかりません (1 件)。該当クリップを無効化します: m1
2026-08-19 14:47:40,205 [INFO] src.timeline.project_io: プロジェクト保存: C:\Users\evolu\AppData\Local\Temp\timeline_io_test_19cqnlx1\sample.timeline.json
2026-08-19 14:47:40,227 [INFO] src.timeline.project_io: プロジェクト保存: C:\Users\evolu\AppData\Local\Temp\timeline_io_test_ijx_5u3a\sample.timeline.json
2026-08-19 14:47:40,233 [WARNING] src.timeline.project_io: 編集点の区間が不正なため無視します: 20.000→15.000
2026-08-19 14:47:40,234 [WARNING] src.timeline.project_io: メディアの実体が見つかりません (1 件)。該当クリップを無効化します: m1
2026-08-19 14:47:40,235 [WARNING] src.timeline.project_io: 音声クリップ a1 のリンク先 no_such_clip が存在しないため除外します (該当区間は無音になります)
2026-08-19 14:47:40,236 [WARNING] src.timeline.project_io: トラック V1 でクリップ c2 が重複しているため 12.480 へ移動します
2026-08-19 14:47:40,240 [WARNING] src.timeline.project_io: クリップ c2 の尺 (0.001s) が下限 (0.050s) 未満のため除外します
2026-08-19 14:47:40,240 [WARNING] src.timeline.project_io: 音声クリップ a2 のリンク先 c2 が存在しないため除外します (該当区間は無音になります)
2026-08-19 14:47:40,245 [WARNING] src.timeline.builder: 寸法の設定が不正なため既定 8000 を使用します: 0
2026-08-19 14:48:08,375 [INFO] src.gui.timeline.timeline_editor_dialog: Timeline の自動保存を 60 秒ごとに行います
2026-08-19 14:48:08,380 [WARNING] src.timeline.frame_source: 素材を開けませんでした: C:\Users\evolu\AppData\Local\Temp\phase5_smoke_n0_i8byf\loudness_normalized.mp4 ([Errno 1094995529] Invalid data found when processing input: 'C:\\Users\\evolu\\AppData\\Local\\Temp\\phase5_smoke_n0_i8byf\\loudness_normalized.mp4')
2026-08-19 14:48:15,006 [WARNING] src.timeline.frame_source: 素材を開けませんでした: C:\Users\evolu\AppData\Local\Temp\phase5_smoke_88pq7zqm\loudness_normalized.mp4 ([Errno 1094995529] Invalid data found when processing input: 'C:\\Users\\evolu\\AppData\\Local\\Temp\\phase5_smoke_88pq7zqm\\loudness_normalized.mp4')
2026-08-19 14:48:15,007 [INFO] src.gui.timeline.timeline_editor_dialog: Timeline の自動保存を 60 秒ごとに行います
2026-08-19 14:48:15,015 [INFO] src.gui.timeline.timeline_editor_dialog: 素材をプロジェクトの隣へ複製しました: C:\Users\evolu\AppData\Local\Temp\phase5_smoke_88pq7zqm\input.media\loudness_normalized.mp4
2026-08-19 14:48:15,016 [INFO] src.timeline.project_io: プロジェクト保存: C:\Users\evolu\AppData\Local\Temp\phase5_smoke_88pq7zqm\input.timeline.json
2026-08-19 14:48:15,041 [INFO] src.timeline.project_io: プロジェクト保存: C:\Users\evolu\AppData\Local\Temp\phase5_smoke_88pq7zqm\input.timeline.autosave.json
2026-08-19 14:48:15,042 [INFO] src.timeline.project_io: プロジェクト保存: C:\Users\evolu\AppData\Local\Temp\phase5_smoke_88pq7zqm\input.timeline.json
2026-08-19 14:48:15,051 [INFO] src.timeline.project_io: プロジェクト読込: C:\Users\evolu\AppData\Local\Temp\phase5_smoke_88pq7zqm\input.timeline.json
2026-08-19 14:48:40,441 [INFO] src.timeline.media_recovery: 本編素材を元動画から作り直します: C:\Users\evolu\AppData\Local\Temp\media_recovery_test_k7qplon6\sample.mp4
2026-08-19 14:48:40,444 [WARNING] src.timeline.media_recovery: 素材が見つかりません: m2 (C:\Users\evolu\AppData\Local\Temp\media_recovery_test_u9qjpsvq\gone.png)
2026-08-19 14:48:40,483 [INFO] src.timeline.media_recovery: 本編素材を元動画から作り直します: C:\Users\evolu\AppData\Local\Temp\media_recovery_test_8t5nx3yw\sample.mp4
2026-08-19 14:48:40,484 [WARNING] src.timeline.media_recovery: 元動画が見つからないため本編素材を復旧できません: C:\Users\evolu\AppData\Local\Temp\media_recovery_test_undgqnxw\no_such_input.mp4
2026-08-19 14:48:40,484 [WARNING] src.timeline.media_recovery: 素材が見つかりません: m1 (C:\Users\evolu\AppData\Local\Temp\media_recovery_test_undgqnxw\work\loudness_normalized.mp4)
2026-08-19 14:48:40,486 [INFO] src.timeline.media_recovery: 本編素材は元動画そのものだったため、そのまま使います: C:\Users\evolu\AppData\Local\Temp\media_recovery_test_ql046fz0\sample.mp4
2026-08-19 14:48:40,488 [INFO] src.timeline.media_recovery: 素材を相対パスで見つけました: m2 → C:\Users\evolu\AppData\Local\Temp\media_recovery_test_707paady\assets\logo.png
2026-08-19 14:48:40,491 [INFO] src.timeline.media_recovery: 設定に従い元動画をそのまま使います (音量は正規化前): C:\Users\evolu\AppData\Local\Temp\media_recovery_test_7lm_prqk\sample.mp4
2026-08-19 14:48:40,494 [INFO] src.timeline.project_io: プロジェクト保存: C:\Users\evolu\AppData\Local\Temp\timeline_io_test_jwig5vs5\sample.timeline.json
2026-08-19 14:48:40,514 [INFO] src.timeline.project_io: プロジェクト読込: C:\Users\evolu\AppData\Local\Temp\timeline_io_test_jwig5vs5\sample.timeline.json
2026-08-19 14:48:40,516 [INFO] src.timeline.project_io: プロジェクト保存: C:\Users\evolu\AppData\Local\Temp\timeline_io_test_jwig5vs5\sample.timeline.json
2026-08-19 14:48:40,518 [INFO] src.timeline.project_io: プロジェクト読込: C:\Users\evolu\AppData\Local\Temp\timeline_io_test_jwig5vs5\sample.timeline.json
2026-08-19 14:48:40,521 [INFO] src.timeline.project_io: プロジェクト保存: C:\Users\evolu\AppData\Local\Temp\timeline_io_test_6hwlhps5\sample.timeline.json
2026-08-19 14:48:40,537 [INFO] src.timeline.project_io: プロジェクト読込: C:\Users\evolu\AppData\Local\Temp\timeline_io_test_6hwlhps5\sample.timeline.json
2026-08-19 14:48:40,542 [INFO] src.timeline.project_io: プロジェクト保存: C:\Users\evolu\AppData\Local\Temp\timeline_io_test_urz9lvf_\sample.timeline.json
2026-08-19 14:48:40,555 [WARNING] src.timeline.project_io: メディアの実体が見つかりません (1 件)。該当クリップを無効化します: m1
2026-08-19 14:48:40,560 [INFO] src.timeline.project_io: プロジェクト保存: C:\Users\evolu\AppData\Local\Temp\timeline_io_test_5zv5pa43\sample.timeline.json
2026-08-19 14:48:40,584 [INFO] src.timeline.project_io: プロジェクト保存: C:\Users\evolu\AppData\Local\Temp\timeline_io_test_bxze_xwb\sample.timeline.json
2026-08-19 14:48:40,591 [WARNING] src.timeline.project_io: 編集点の区間が不正なため無視します: 20.000→15.000
2026-08-19 14:48:40,591 [WARNING] src.timeline.project_io: メディアの実体が見つかりません (1 件)。該当クリップを無効化します: m1
2026-08-19 14:48:40,594 [WARNING] src.timeline.project_io: 音声クリップ a1 のリンク先 no_such_clip が存在しないため除外します (該当区間は無音になります)
2026-08-19 14:48:40,594 [WARNING] src.timeline.project_io: トラック V1 でクリップ c2 が重複しているため 12.480 へ移動します
2026-08-19 14:48:40,598 [WARNING] src.timeline.project_io: クリップ c2 の尺 (0.001s) が下限 (0.050s) 未満のため除外します
2026-08-19 14:48:40,598 [WARNING] src.timeline.project_io: 音声クリップ a2 のリンク先 c2 が存在しないため除外します (該当区間は無音になります)
2026-08-19 14:48:45,405 [INFO] src.timeline.media_recovery: 本編素材を元動画から作り直します: C:\Users\evolu\AppData\Local\Temp\media_recovery_test_envavab3\sample.mp4
2026-08-19 14:48:45,407 [WARNING] src.timeline.media_recovery: 素材が見つかりません: m2 (C:\Users\evolu\AppData\Local\Temp\media_recovery_test_9jb3nqz5\gone.png)
2026-08-19 14:48:45,414 [INFO] src.timeline.media_recovery: 本編素材を元動画から作り直します: C:\Users\evolu\AppData\Local\Temp\media_recovery_test_ydvet6nh\sample.mp4
2026-08-19 14:48:45,415 [WARNING] src.timeline.media_recovery: 元動画が見つからないため本編素材を復旧できません: C:\Users\evolu\AppData\Local\Temp\media_recovery_test_odxqa0u0\no_such_input.mp4
2026-08-19 14:48:45,415 [WARNING] src.timeline.media_recovery: 素材が見つかりません: m1 (C:\Users\evolu\AppData\Local\Temp\media_recovery_test_odxqa0u0\work\loudness_normalized.mp4)
2026-08-19 14:48:45,416 [INFO] src.timeline.media_recovery: 本編素材は元動画そのものだったため、そのまま使います: C:\Users\evolu\AppData\Local\Temp\media_recovery_test_fqixmcgi\sample.mp4
2026-08-19 14:48:45,417 [INFO] src.timeline.media_recovery: 素材を相対パスで見つけました: m2 → C:\Users\evolu\AppData\Local\Temp\media_recovery_test_y1bqkz58\assets\logo.png
2026-08-19 14:48:45,421 [INFO] src.timeline.media_recovery: 設定に従い元動画をそのまま使います (音量は正規化前): C:\Users\evolu\AppData\Local\Temp\media_recovery_test_3dmz5vgd\sample.mp4
2026-08-19 14:48:45,424 [INFO] src.timeline.project_io: プロジェクト保存: C:\Users\evolu\AppData\Local\Temp\timeline_io_test_4i9m78el\sample.timeline.json
2026-08-19 14:48:45,444 [INFO] src.timeline.project_io: プロジェクト読込: C:\Users\evolu\AppData\Local\Temp\timeline_io_test_4i9m78el\sample.timeline.json
2026-08-19 14:48:45,447 [INFO] src.timeline.project_io: プロジェクト保存: C:\Users\evolu\AppData\Local\Temp\timeline_io_test_4i9m78el\sample.timeline.json
2026-08-19 14:48:45,448 [INFO] src.timeline.project_io: プロジェクト読込: C:\Users\evolu\AppData\Local\Temp\timeline_io_test_4i9m78el\sample.timeline.json
2026-08-19 14:48:45,451 [INFO] src.timeline.project_io: プロジェクト保存: C:\Users\evolu\AppData\Local\Temp\timeline_io_test_ubwwjt4r\sample.timeline.json
2026-08-19 14:48:45,470 [INFO] src.timeline.project_io: プロジェクト読込: C:\Users\evolu\AppData\Local\Temp\timeline_io_test_ubwwjt4r\sample.timeline.json
2026-08-19 14:48:45,473 [INFO] src.timeline.project_io: プロジェクト保存: C:\Users\evolu\AppData\Local\Temp\timeline_io_test_t5ub0ulm\sample.timeline.json
2026-08-19 14:48:45,495 [WARNING] src.timeline.project_io: メディアの実体が見つかりません (1 件)。該当クリップを無効化します: m1
2026-08-19 14:48:45,500 [INFO] src.timeline.project_io: プロジェクト保存: C:\Users\evolu\AppData\Local\Temp\timeline_io_test_ouje43ki\sample.timeline.json
2026-08-19 14:48:45,520 [INFO] src.timeline.project_io: プロジェクト保存: C:\Users\evolu\AppData\Local\Temp\timeline_io_test_qzs1t2w5\sample.timeline.json
2026-08-19 14:48:45,525 [WARNING] src.timeline.project_io: 編集点の区間が不正なため無視します: 20.000→15.000
2026-08-19 14:48:45,526 [WARNING] src.timeline.project_io: メディアの実体が見つかりません (1 件)。該当クリップを無効化します: m1
2026-08-19 14:48:45,527 [WARNING] src.timeline.project_io: 音声クリップ a1 のリンク先 no_such_clip が存在しないため除外します (該当区間は無音になります)
2026-08-19 14:48:45,529 [WARNING] src.timeline.project_io: トラック V1 でクリップ c2 が重複しているため 12.480 へ移動します
2026-08-19 14:48:45,531 [WARNING] src.timeline.project_io: クリップ c2 の尺 (0.001s) が下限 (0.050s) 未満のため除外します
2026-08-19 14:48:45,532 [WARNING] src.timeline.project_io: 音声クリップ a2 のリンク先 c2 が存在しないため除外します (該当区間は無音になります)
2026-08-19 14:48:58,641 [INFO] src.archive.clip_writer: clip1 prepare 完了 (字幕 2 件)
2026-08-19 14:48:58,642 [INFO] src.archive.clip_writer: clip1 prepare 完了 (字幕 2 件)
2026-08-19 14:48:58,645 [INFO] src.archive.clip_writer: 編集点準備: 残す区間 2 件 / 想定尺 10.00s (素材 30.00s)
2026-08-19 14:48:58,645 [INFO] src.archive.clip_writer: clip1 prepare 完了 (字幕 2 件 / 実カットなし)
2026-08-19 14:48:58,648 [INFO] src.archive.clip_writer: 編集点準備: 残す区間 2 件 / 想定尺 10.00s (素材 30.00s)
2026-08-19 14:48:58,648 [INFO] src.archive.clip_writer: clip1 prepare 完了 (字幕 2 件 / 実カットなし)
2026-08-19 14:48:58,650 [INFO] src.archive.clip_writer: 編集点準備: 残す区間 2 件 / 想定尺 10.00s (素材 30.00s)
2026-08-19 14:48:58,650 [INFO] src.archive.clip_writer: clip1 prepare 完了 (字幕 2 件 / 実カットなし)
2026-08-19 14:48:58,652 [INFO] src.archive.clip_writer: 編集点準備: 残す区間 2 件 / 想定尺 10.00s (素材 30.00s)
2026-08-19 14:48:58,653 [INFO] src.archive.clip_writer: clip1 prepare 完了 (字幕 2 件 / 実カットなし)
2026-08-19 14:48:58,654 [INFO] src.archive.clip_writer: 編集点準備: 残す区間 2 件 / 想定尺 10.00s (素材 30.00s)
2026-08-19 14:48:58,655 [INFO] src.archive.clip_writer: clip1 prepare 完了 (字幕 2 件 / 実カットなし)
2026-08-19 14:48:58,656 [INFO] src.archive.clip_writer: 編集点準備: 残す区間 2 件 / 想定尺 10.00s (素材 30.00s)
2026-08-19 14:48:58,656 [INFO] src.archive.clip_writer: clip1 prepare 完了 (字幕 2 件 / 実カットなし)
2026-08-19 14:48:58,659 [INFO] src.archive.clip_writer: 編集点準備: 残す区間 2 件 / 想定尺 10.00s (素材 30.00s)
2026-08-19 14:48:58,659 [INFO] src.archive.clip_writer: clip1 prepare 完了 (字幕 0 件 / 実カットなし)
2026-08-19 14:48:58,660 [INFO] src.archive.clip_writer: 編集点準備: 残す区間 2 件 / 想定尺 10.00s (素材 30.00s)
2026-08-19 14:48:58,660 [INFO] src.archive.timeline_builder: アーカイブ Timeline 構築: 3 クリップ / V1 6 本 / S1 6 件 / 全長 30.0s
2026-08-19 14:48:58,660 [INFO] src.archive.timeline_builder: アーカイブ Timeline 構築: 3 クリップ / V1 6 本 / S1 6 件 / 全長 30.0s
2026-08-19 14:48:58,660 [INFO] src.archive.timeline_builder: アーカイブ Timeline 構築: 3 クリップ / V1 6 本 / S1 6 件 / 全長 30.0s
2026-08-19 14:48:58,660 [INFO] src.archive.timeline_builder: アーカイブ Timeline 構築: 3 クリップ / V1 6 本 / S1 6 件 / 全長 30.0s
2026-08-19 14:48:58,660 [INFO] src.archive.timeline_builder: アーカイブ Timeline 構築: 3 クリップ / V1 6 本 / S1 6 件 / 全長 30.0s
2026-08-19 14:48:58,661 [INFO] src.archive.timeline_builder: アーカイブ Timeline 構築: 3 クリップ / V1 6 本 / S1 6 件 / 全長 30.0s
2026-08-19 14:48:58,661 [INFO] src.archive.timeline_builder: アーカイブ Timeline 構築: 3 クリップ / V1 6 本 / S1 6 件 / 全長 30.0s
2026-08-19 14:48:58,661 [INFO] src.archive.timeline_builder: アーカイブ Timeline 構築: 3 クリップ / V1 6 本 / S1 6 件 / 全長 30.0s
2026-08-19 14:48:58,661 [INFO] src.archive.timeline_builder: アーカイブ Timeline 構築: 3 クリップ / V1 6 本 / S1 6 件 / 全長 30.0s
2026-08-19 14:48:58,661 [INFO] src.archive.timeline_builder: アーカイブ Timeline 構築: 1 クリップ / V1 1 本 / S1 2 件 / 全長 30.0s
2026-08-19 14:48:58,661 [INFO] src.archive.timeline_builder: clip1: クリップ終端で打ち切った字幕 1 件 / 載せなかった字幕 0 件
2026-08-19 14:48:58,661 [INFO] src.archive.timeline_builder: clip2: クリップ終端で打ち切った字幕 1 件 / 載せなかった字幕 0 件
2026-08-19 14:48:58,661 [INFO] src.archive.timeline_builder: clip3: クリップ終端で打ち切った字幕 1 件 / 載せなかった字幕 0 件
2026-08-19 14:48:58,661 [INFO] src.archive.timeline_builder: アーカイブ Timeline 構築: 3 クリップ / V1 6 本 / S1 3 件 / 全長 30.0s
2026-08-19 14:48:58,663 [INFO] src.archive.timeline_builder: clip1: クリップ終端で打ち切った字幕 1 件 / 載せなかった字幕 0 件
2026-08-19 14:48:58,663 [INFO] src.archive.timeline_builder: アーカイブ Timeline 構築: 2 クリップ / V1 4 本 / S1 3 件 / 全長 20.0s
2026-08-19 14:48:58,663 [INFO] src.archive.timeline_builder: clip1: クリップ終端で打ち切った字幕 1 件 / 載せなかった字幕 1 件
2026-08-19 14:48:58,663 [INFO] src.archive.timeline_builder: アーカイブ Timeline 構築: 2 クリップ / V1 4 本 / S1 2 件 / 全長 20.0s
2026-08-19 14:48:58,663 [INFO] src.archive.timeline_builder: clip1: クリップ終端で打ち切った字幕 1 件 / 載せなかった字幕 0 件
2026-08-19 14:48:58,663 [INFO] src.archive.timeline_builder: clip2: クリップ終端で打ち切った字幕 1 件 / 載せなかった字幕 0 件
2026-08-19 14:48:58,663 [INFO] src.archive.timeline_builder: アーカイブ Timeline 構築: 2 クリップ / V1 4 本 / S1 2 件 / 全長 20.0s
2026-08-19 14:48:58,663 [INFO] src.archive.timeline_builder: アーカイブ Timeline 構築: 3 クリップ / V1 6 本 / S1 6 件 / 全長 30.0s
2026-08-19 14:48:58,664 [INFO] src.archive.timeline_builder: アーカイブ Timeline 構築: 3 クリップ / V1 6 本 / S1 6 件 / 全長 30.0s
2026-08-19 14:48:58,664 [INFO] src.archive.timeline_builder: アーカイブ Timeline 構築: 3 クリップ / V1 6 本 / S1 6 件 / 全長 30.0s
2026-08-19 14:48:58,664 [INFO] src.archive.timeline_builder: アーカイブ Timeline 構築: 3 クリップ / V1 6 本 / S1 6 件 / 全長 30.0s
2026-08-19 14:48:58,664 [INFO] src.archive.timeline_builder: アーカイブ Timeline 構築: 3 クリップ / V1 6 本 / S1 6 件 / 全長 30.0s
2026-08-19 14:48:58,665 [INFO] src.archive.timeline_builder: アーカイブ Timeline 構築: 3 クリップ / V1 6 本 / S1 6 件 / 全長 30.0s
2026-08-19 14:48:58,665 [INFO] src.archive.timeline_builder: clip2 は使用しないため書き出しから除外します
2026-08-19 14:48:58,665 [INFO] src.archive.timeline_builder: アーカイブ Timeline 構築: 3 クリップ / V1 6 本 / S1 6 件 / 全長 30.0s
2026-08-19 14:48:58,665 [INFO] src.archive.timeline_builder: アーカイブ Timeline 構築: 3 クリップ / V1 6 本 / S1 6 件 / 全長 30.0s
2026-08-19 14:48:58,666 [INFO] src.archive.timeline_builder: アーカイブ Timeline 構築: 3 クリップ / V1 6 本 / S1 6 件 / 全長 30.0s
2026-08-19 14:48:58,666 [INFO] src.archive.timeline_builder: アーカイブ Timeline 構築: 3 クリップ / V1 6 本 / S1 6 件 / 全長 30.0s
2026-08-19 14:48:58,666 [INFO] src.archive.timeline_builder: アーカイブ Timeline 構築: 3 クリップ / V1 6 本 / S1 6 件 / 全長 30.0s
2026-08-19 14:48:58,666 [INFO] src.archive.timeline_builder: アーカイブ Timeline 構築: 3 クリップ / V1 6 本 / S1 6 件 / 全長 30.0s
2026-08-19 14:48:58,671 [WARNING] src.export.fcpxml_builder: タイムライン終端を超える字幕をクリップ末尾へクランプしました (丸め誤差の端数など)。
2026-08-19 14:48:58,674 [INFO] src.modules.loudness_normalizer: 入力ラウドネス: I=-9.2 LUFS / TP=-0.3 dBTP / LRA=5.1 LU → 目標 I=-14.0 LUFS / TP=-1.0 dBTP (offset 0.4 dB)
2026-08-19 14:48:58,679 [ERROR] src.modules.loudness_normalizer: ラウドネス正規化の適用に失敗 (元音声のまま継続): in.mp4
Traceback (most recent call last):
  File "D:\develop\autoedit\src\modules\loudness_normalizer.py", line 219, in normalize_file
    ffmpeg_runner.execute(
  File "C:\Users\evolu\AppData\Local\Programs\Python\Python312\Lib\unittest\mock.py", line 1139, in __call__
    return self._mock_call(*args, **kwargs)
           ^^^^^^^^^^^^^^^^^^^^^^^^^^^^^^^^
  File "C:\Users\evolu\AppData\Local\Programs\Python\Python312\Lib\unittest\mock.py", line 1143, in _mock_call
    return self._execute_mock_call(*args, **kwargs)
           ^^^^^^^^^^^^^^^^^^^^^^^^^^^^^^^^^^^^^^^^
  File "C:\Users\evolu\AppData\Local\Programs\Python\Python312\Lib\unittest\mock.py", line 1198, in _execute_mock_call
    raise effect
src.exceptions.FFmpegError: 失敗
2026-08-19 14:48:58,681 [INFO] src.modules.loudness_normalizer: ラウドネス正規化は無効のためスキップ
2026-08-19 14:48:58,681 [WARNING] src.modules.loudness_normalizer: ラウドネス測定に失敗したため正規化をスキップ (元音声のまま継続): in.mp4
2026-08-19 14:48:58,681 [INFO] src.modules.loudness_normalizer: 音声ストリームが無いためラウドネス正規化をスキップ: in.mp4
2026-08-19 14:48:58,688 [INFO] src.modules.loudness_normalizer: ラウドネス正規化 完了: out.mp4
2026-08-19 14:48:58,689 [INFO] src.modules.loudness_normalizer: 入力ラウドネス: I=-9.2 LUFS / TP=-0.3 dBTP / LRA=5.1 LU → 目標 I=-14.0 LUFS / TP=-1.0 dBTP (offset 0.4 dB)
2026-08-19 14:48:58,694 [INFO] src.modules.loudness_normalizer: ラウドネス正規化 完了: out.mp4
2026-08-19 14:48:58,696 [INFO] src.timeline.media_recovery: 本編素材を元動画から作り直します: C:\Users\evolu\AppData\Local\Temp\media_recovery_test_zmkcnqjd\sample.mp4
2026-08-19 14:48:58,699 [WARNING] src.timeline.media_recovery: 素材が見つかりません: m2 (C:\Users\evolu\AppData\Local\Temp\media_recovery_test_o3lyicy4\gone.png)
2026-08-19 14:48:58,701 [INFO] src.timeline.media_recovery: 素材を差し替え済みのフォルダで見つけました: m3 → C:\Users\evolu\AppData\Local\Temp\media_recovery_test_iyhflkxp\moved\logo2.png
2026-08-19 14:48:58,703 [INFO] src.timeline.media_recovery: 本編素材を元動画から作り直します: C:\Users\evolu\AppData\Local\Temp\media_recovery_test_mxrgqp5n\sample.mp4
2026-08-19 14:48:58,704 [WARNING] src.timeline.media_recovery: 元動画が見つからないため本編素材を復旧できません: C:\Users\evolu\AppData\Local\Temp\media_recovery_test_owxawvyn\no_such_input.mp4
2026-08-19 14:48:58,705 [WARNING] src.timeline.media_recovery: 素材が見つかりません: m1 (C:\Users\evolu\AppData\Local\Temp\media_recovery_test_owxawvyn\work\loudness_normalized.mp4)
2026-08-19 14:48:58,705 [INFO] src.timeline.media_recovery: 本編素材は元動画そのものだったため、そのまま使います: C:\Users\evolu\AppData\Local\Temp\media_recovery_test_2ckos3xb\sample.mp4
2026-08-19 14:48:58,707 [INFO] src.timeline.media_recovery: 素材を相対パスで見つけました: m2 → C:\Users\evolu\AppData\Local\Temp\media_recovery_test_xvhf_05x\assets\logo.png
2026-08-19 14:48:58,711 [INFO] src.timeline.media_recovery: 設定に従い元動画をそのまま使います (音量は正規化前): C:\Users\evolu\AppData\Local\Temp\media_recovery_test_seh2obt3\sample.mp4
2026-08-19 14:48:58,736 [WARNING] src.timeline.builder: フレーム間引きの設定が不正なため none を使用します: 'all'
2026-08-19 14:48:58,752 [WARNING] src.export.resolve_export: ソース総尺の取得に失敗 (タイムライン全長で代用): C:\Users\evolu\AppData\Local\Temp\resolve_export_test_f1j847bp\sample.mp4
2026-08-19 14:48:58,761 [WARNING] src.export.resolve_export: ソース総尺の取得に失敗 (タイムライン全長で代用): C:\Users\evolu\AppData\Local\Temp\resolve_export_test_cnb7bimg\sample.mp4
2026-08-19 14:48:58,770 [WARNING] src.export.resolve_export: ソース総尺の取得に失敗 (タイムライン全長で代用): C:\Users\evolu\AppData\Local\Temp\resolve_export_test_r_4xsm91\sample.mp4
2026-08-19 14:48:58,780 [WARNING] src.export.resolve_export: ソース総尺の取得に失敗 (タイムライン全長で代用): C:\Users\evolu\AppData\Local\Temp\resolve_export_test_azzgkzl8\sample.mp4
2026-08-19 14:48:58,780 [WARNING] src.export.resolve_export: テーマ演出はテキストと区間のみを出力します (ブラー・黒帯などの映像エフェクトは FCPXML で表現できません)。
2026-08-19 14:48:58,780 [WARNING] src.export.resolve_export: 字幕位置は配置(alignment)＋余白からの近似です。Resolve 取り込み時に位置が中央へ戻る場合があります (フォント/サイズ/色は保持)。
2026-08-19 14:48:58,790 [WARNING] src.export.resolve_export: ソース総尺の取得に失敗 (タイムライン全長で代用): C:\Users\evolu\AppData\Local\Temp\resolve_export_test_b8opa6eq\sample.mp4
2026-08-19 14:48:58,798 [WARNING] src.export.resolve_export: ソース総尺の取得に失敗 (タイムライン全長で代用): C:\Users\evolu\AppData\Local\Temp\resolve_export_test_g_oqf_pm\sample.mp4
2026-08-19 14:48:58,809 [WARNING] src.export.resolve_export: ソース総尺の取得に失敗 (タイムライン全長で代用): C:\Users\evolu\AppData\Local\Temp\resolve_export_test_xz_i4eef\sample.mp4
2026-08-19 14:48:58,820 [WARNING] src.export.resolve_export: ソース総尺の取得に失敗 (タイムライン全長で代用): C:\Users\evolu\AppData\Local\Temp\resolve_export_test_xz_i4eef\sample.mp4
2026-08-19 14:48:58,830 [WARNING] src.export.resolve_export: ソース総尺の取得に失敗 (タイムライン全長で代用): C:\Users\evolu\AppData\Local\Temp\resolve_export_test_0dbdfsnv\sample.mp4
2026-08-19 14:48:58,830 [WARNING] src.export.resolve_export: 未対応の字幕出力方式 export.resolve.subtitle.mode=bogus のため caption で出力します
2026-08-19 14:48:58,839 [WARNING] src.export.resolve_export: ソース総尺の取得に失敗 (タイムライン全長で代用): C:\Users\evolu\AppData\Local\Temp\resolve_export_test_qf24velf\sample.mp4
2026-08-19 14:48:58,848 [WARNING] src.export.resolve_export: ソース総尺の取得に失敗 (タイムライン全長で代用): C:\Users\evolu\AppData\Local\Temp\resolve_export_test_vd7y33z7\sample.mp4
2026-08-19 14:48:58,859 [WARNING] src.export.resolve_export: ソース総尺の取得に失敗 (タイムライン全長で代用): C:\Users\evolu\AppData\Local\Temp\resolve_export_test_07y6azgx\sample.mp4
2026-08-19 14:48:58,869 [WARNING] src.export.resolve_export: ソース総尺の取得に失敗 (タイムライン全長で代用): C:\Users\evolu\AppData\Local\Temp\resolve_export_test_enof33ha\sample.mp4
2026-08-19 14:48:58,877 [WARNING] src.export.resolve_export: ソース総尺の取得に失敗 (タイムライン全長で代用): C:\Users\evolu\AppData\Local\Temp\resolve_export_test_pl7cgs2b\sample.mp4
2026-08-19 14:48:58,887 [WARNING] src.export.resolve_export: ソース総尺の取得に失敗 (タイムライン全長で代用): C:\Users\evolu\AppData\Local\Temp\resolve_export_test_v27gdpz8\sample.mp4
2026-08-19 14:48:58,896 [WARNING] src.export.resolve_export: ソース総尺の取得に失敗 (タイムライン全長で代用): C:\Users\evolu\AppData\Local\Temp\resolve_export_test_0amrmnak\sample.mp4
2026-08-19 14:48:58,905 [WARNING] src.export.resolve_export: ソース総尺の取得に失敗 (タイムライン全長で代用): C:\Users\evolu\AppData\Local\Temp\resolve_export_test_pzhct0gm\sample.mp4
2026-08-19 14:48:58,916 [WARNING] src.export.resolve_export: ソース総尺の取得に失敗 (タイムライン全長で代用): C:\Users\evolu\AppData\Local\Temp\resolve_export_test_im_lvaww\sample.mp4
2026-08-19 14:48:58,916 [INFO] src.export.resolve_export: 編集点が無いため全長 1 クリップとして出力します
2026-08-19 14:48:58,925 [WARNING] src.export.resolve_export: ソース総尺の取得に失敗 (タイムライン全長で代用): C:\Users\evolu\AppData\Local\Temp\resolve_export_test_x6k_g_km\sample.mp4
2026-08-19 14:48:58,925 [INFO] src.export.resolve_export: Resolve 出力開始: C:\Users\evolu\AppData\Local\Temp\resolve_export_test_x6k_g_km\out2.fcpxml (クリップ 1 件 / 字幕 caption 1 件 / title・テーマ 0 件 / 1920x1080 60fps)
2026-08-19 14:48:58,926 [INFO] src.export.resolve_export: 字幕トラックのスタイルは Resolve の字幕トラックヘッダー選択 → インスペクタ → Track Style で一括設定できます (Resolve 19 以降は Text+ スタイルも指定可)。
2026-08-19 14:48:58,927 [INFO] src.export.resolve_export: Resolve 出力完了: C:\Users\evolu\AppData\Local\Temp\resolve_export_test_x6k_g_km\out2.fcpxml (タイムライン尺 5.00s)
2026-08-19 14:48:58,937 [WARNING] src.export.resolve_export: ソース総尺の取得に失敗 (タイムライン全長で代用): C:\Users\evolu\AppData\Local\Temp\resolve_export_test_pf36hh5_\sample.mp4
2026-08-19 14:48:58,937 [INFO] src.export.resolve_export: Resolve 出力開始: C:\Users\evolu\AppData\Local\Temp\resolve_export_test_pf36hh5_\out3.fcpxml (クリップ 1 件 / 字幕 caption 0 件 / title・テーマ 0 件 / 1920x1080 60fps)
2026-08-19 14:48:58,939 [INFO] src.export.resolve_export: Resolve 出力完了: C:\Users\evolu\AppData\Local\Temp\resolve_export_test_pf36hh5_\out3.fcpxml (タイムライン尺 5.00s)
2026-08-19 14:48:58,949 [WARNING] src.export.resolve_export: ソース総尺の取得に失敗 (タイムライン全長で代用): C:\Users\evolu\AppData\Local\Temp\resolve_export_test_5s_sbbhu\sample.mp4
2026-08-19 14:48:58,950 [INFO] src.export.resolve_export: Resolve 出力開始: C:\Users\evolu\AppData\Local\Temp\resolve_export_test_5s_sbbhu\out.fcpxml (クリップ 1 件 / 字幕 caption 1 件 / title・テーマ 0 件 / 1920x1080 60fps)
2026-08-19 14:48:58,954 [INFO] src.export.resolve_export: SRT サイドカー出力: C:\Users\evolu\AppData\Local\Temp\resolve_export_test_5s_sbbhu\out.srt (1 件)
2026-08-19 14:48:58,954 [INFO] src.export.resolve_export: Resolve 出力完了: C:\Users\evolu\AppData\Local\Temp\resolve_export_test_5s_sbbhu\out.fcpxml / C:\Users\evolu\AppData\Local\Temp\resolve_export_test_5s_sbbhu\out.srt (タイムライン尺 5.00s)
2026-08-19 14:48:58,956 [INFO] src.export.resolve_export: Resolve 出力を中止 (上書きしない): C:\Users\evolu\AppData\Local\Temp\resolve_export_test_5s_sbbhu\out.fcpxml
2026-08-19 14:48:58,956 [INFO] src.modules.subtitle_generator: テロップ個別指定 フォント 0 件 / サイズ 0 件 / 文字色 1 件 / 縁の色 0 件
2026-08-19 14:48:58,959 [INFO] src.modules.subtitle_generator: テロップ個別指定 フォント 0 件 / サイズ 0 件 / 文字色 1 件 / 縁の色 0 件
2026-08-19 14:48:58,981 [INFO] src.modules.subtitle_generator: テロップ個別指定 フォント 0 件 / サイズ 0 件 / 文字色 0 件 / 縁の色 1 件
2026-08-19 14:48:58,992 [INFO] src.modules.subtitle_generator: テロップ個別指定 フォント 0 件 / サイズ 0 件 / 文字色 0 件 / 縁の色 1 件
2026-08-19 14:48:58,994 [INFO] src.modules.subtitle_generator: テロップ個別指定 フォント 1 件 / サイズ 1 件 / 文字色 1 件 / 縁の色 1 件
2026-08-19 14:48:59,004 [WARNING] src.timeline.commands: 映像トラックの上限 (3) に達しているため追加できません
2026-08-19 14:48:59,006 [INFO] src.timeline.commands: 字幕を追加できる空きがありません (2.000 秒)
2026-08-19 14:48:59,006 [INFO] src.timeline.commands: 字幕を追加できる空きがありません (0.990 秒)
2026-08-19 14:48:59,007 [INFO] src.timeline.commands: リップル: 10.000〜20.000s (10.00s) を除去 / 削除 1 件・短縮 0 件・移動 1 件
2026-08-19 14:48:59,007 [INFO] src.timeline.commands: リップル: 10.000〜20.000s (10.00s) を除去 / 削除 1 件・短縮 0 件・移動 1 件
2026-08-19 14:48:59,007 [INFO] src.timeline.commands: リップル: 10.000〜20.000s (10.00s) を除去 / 削除 1 件・短縮 0 件・移動 1 件
2026-08-19 14:48:59,007 [INFO] src.timeline.commands: リップル: 0.000〜10.000s (10.00s) を除去 / 削除 2 件・短縮 0 件・移動 1 件
2026-08-19 14:48:59,007 [INFO] src.timeline.commands: リップル: 10.000〜20.000s (10.00s) を除去 / 削除 1 件・短縮 0 件・移動 1 件
2026-08-19 14:48:59,008 [INFO] src.timeline.commands: リップル: 10.000〜20.000s (10.00s) を除去 / 削除 2 件・短縮 1 件・移動 2 件
2026-08-19 14:48:59,008 [INFO] src.timeline.commands: リップル: 10.000〜20.000s (10.00s) を除去 / 削除 2 件・短縮 1 件・移動 2 件
2026-08-19 14:48:59,008 [INFO] src.timeline.commands: リップル: 10.000〜20.000s (10.00s) を除去 / 削除 2 件・短縮 1 件・移動 2 件
2026-08-19 14:48:59,009 [INFO] src.timeline.commands: リップル: 10.000〜20.000s (10.00s) を除去 / 削除 2 件・短縮 1 件・移動 2 件
2026-08-19 14:48:59,009 [INFO] src.timeline.commands: リップル: 10.000〜20.000s (10.00s) を除去 / 削除 2 件・短縮 1 件・移動 2 件
2026-08-19 14:48:59,009 [INFO] src.timeline.commands: リップル: 10.000〜20.000s (10.00s) を除去 / 削除 2 件・短縮 1 件・移動 2 件
2026-08-19 14:48:59,009 [INFO] src.timeline.commands: リップル: 10.000〜20.000s (10.00s) を除去 / 削除 2 件・短縮 0 件・移動 3 件
2026-08-19 14:48:59,009 [INFO] src.timeline.commands: リップル: 10.000〜20.000s (10.00s) を除去 / 削除 1 件・短縮 0 件・移動 1 件
2026-08-19 14:48:59,009 [INFO] src.timeline.commands: リップル: 10.000〜20.000s (10.00s) を除去 / 削除 2 件・短縮 1 件・移動 2 件
2026-08-19 14:48:59,010 [INFO] src.timeline.commands: 残り尺が下限を割るためクリップごとリップル削除しました: c2
2026-08-19 14:48:59,010 [INFO] src.timeline.commands: リップル: 10.000〜20.000s (10.00s) を除去 / 削除 1 件・短縮 0 件・移動 2 件
2026-08-19 14:48:59,010 [INFO] src.timeline.commands: リップル: 15.000〜20.000s (5.00s) を除去 / 削除 0 件・短縮 1 件・移動 2 件
2026-08-19 14:48:59,010 [INFO] src.timeline.commands: リップル: 10.000〜15.000s (5.00s) を除去 / 削除 0 件・短縮 1 件・移動 2 件
2026-08-19 14:48:59,010 [INFO] src.timeline.commands: リップル: 15.000〜20.000s (5.00s) を除去 / 削除 0 件・短縮 1 件・移動 2 件
2026-08-19 14:48:59,010 [INFO] src.timeline.commands: リップル: 15.000〜20.000s (5.00s) を除去 / 削除 0 件・短縮 1 件・移動 2 件
2026-08-19 14:48:59,010 [INFO] src.timeline.commands: リップル: 26.000〜27.000s (1.00s) を除去 / 削除 0 件・短縮 2 件・移動 0 件
2026-08-19 14:48:59,011 [INFO] src.timeline.commands: リップル: 10.000〜20.000s (10.00s) を除去 / 削除 1 件・短縮 0 件・移動 1 件
2026-08-19 14:48:59,011 [INFO] src.timeline.commands: リップル: 10.000〜20.000s (10.00s) を除去 / 削除 1 件・短縮 0 件・移動 1 件
2026-08-19 14:48:59,011 [INFO] src.timeline.commands: リップル: 10.000〜20.000s (10.00s) を除去 / 削除 1 件・短縮 0 件・移動 1 件
2026-08-19 14:48:59,016 [INFO] src.timeline.project_io: プロジェクト保存: C:\Users\evolu\AppData\Local\Temp\timeline_io_test_sm1_jy7z\sample.timeline.json
2026-08-19 14:48:59,039 [INFO] src.timeline.project_io: プロジェクト読込: C:\Users\evolu\AppData\Local\Temp\timeline_io_test_sm1_jy7z\sample.timeline.json
2026-08-19 14:48:59,041 [INFO] src.timeline.project_io: プロジェクト保存: C:\Users\evolu\AppData\Local\Temp\timeline_io_test_sm1_jy7z\sample.timeline.json
2026-08-19 14:48:59,042 [INFO] src.timeline.project_io: プロジェクト読込: C:\Users\evolu\AppData\Local\Temp\timeline_io_test_sm1_jy7z\sample.timeline.json
2026-08-19 14:48:59,046 [INFO] src.timeline.project_io: プロジェクト保存: C:\Users\evolu\AppData\Local\Temp\timeline_io_test_esp22ulz\sample.timeline.json
2026-08-19 14:48:59,068 [INFO] src.timeline.project_io: プロジェクト読込: C:\Users\evolu\AppData\Local\Temp\timeline_io_test_esp22ulz\sample.timeline.json
2026-08-19 14:48:59,071 [INFO] src.timeline.project_io: プロジェクト保存: C:\Users\evolu\AppData\Local\Temp\timeline_io_test_8imd6cs_\sample.timeline.json
2026-08-19 14:48:59,090 [WARNING] src.timeline.project_io: メディアの実体が見つかりません (1 件)。該当クリップを無効化します: m1
2026-08-19 14:48:59,094 [INFO] src.timeline.project_io: プロジェクト保存: C:\Users\evolu\AppData\Local\Temp\timeline_io_test_cjkhvpmp\sample.timeline.json
2026-08-19 14:48:59,116 [INFO] src.timeline.project_io: プロジェクト保存: C:\Users\evolu\AppData\Local\Temp\timeline_io_test_4pbm8nj7\sample.timeline.json
2026-08-19 14:48:59,123 [WARNING] src.timeline.project_io: 編集点の区間が不正なため無視します: 20.000→15.000
2026-08-19 14:48:59,124 [WARNING] src.timeline.project_io: メディアの実体が見つかりません (1 件)。該当クリップを無効化します: m1
2026-08-19 14:48:59,125 [WARNING] src.timeline.project_io: 音声クリップ a1 のリンク先 no_such_clip が存在しないため除外します (該当区間は無音になります)
2026-08-19 14:48:59,126 [WARNING] src.timeline.project_io: トラック V1 でクリップ c2 が重複しているため 12.480 へ移動します
2026-08-19 14:48:59,131 [WARNING] src.timeline.project_io: クリップ c2 の尺 (0.001s) が下限 (0.050s) 未満のため除外します
2026-08-19 14:48:59,131 [WARNING] src.timeline.project_io: 音声クリップ a2 のリンク先 c2 が存在しないため除外します (該当区間は無音になります)
2026-08-19 14:48:59,136 [WARNING] src.timeline.builder: 寸法の設定が不正なため既定 8000 を使用します: 0
2026-08-19 14:50:21,323 [INFO] src.archive.clip_writer: clip1 prepare 完了 (字幕 2 件)
2026-08-19 14:50:21,326 [INFO] src.archive.clip_writer: clip1 prepare 完了 (字幕 2 件)
2026-08-19 14:50:21,329 [INFO] src.archive.clip_writer: 編集点準備: 残す区間 2 件 / 想定尺 10.00s (素材 30.00s)
2026-08-19 14:50:21,329 [INFO] src.archive.clip_writer: clip1 prepare 完了 (字幕 2 件 / 実カットなし)
2026-08-19 14:50:21,332 [INFO] src.archive.clip_writer: 編集点準備: 残す区間 2 件 / 想定尺 10.00s (素材 30.00s)
2026-08-19 14:50:21,332 [INFO] src.archive.clip_writer: clip1 prepare 完了 (字幕 2 件 / 実カットなし)
2026-08-19 14:50:21,334 [INFO] src.archive.clip_writer: 編集点準備: 残す区間 2 件 / 想定尺 10.00s (素材 30.00s)
2026-08-19 14:50:21,334 [INFO] src.archive.clip_writer: clip1 prepare 完了 (字幕 2 件 / 実カットなし)
2026-08-19 14:50:21,336 [INFO] src.archive.clip_writer: 編集点準備: 残す区間 2 件 / 想定尺 10.00s (素材 30.00s)
2026-08-19 14:50:21,336 [INFO] src.archive.clip_writer: clip1 prepare 完了 (字幕 2 件 / 実カットなし)
2026-08-19 14:50:21,337 [INFO] src.archive.clip_writer: 編集点準備: 残す区間 2 件 / 想定尺 10.00s (素材 30.00s)
2026-08-19 14:50:21,338 [INFO] src.archive.clip_writer: clip1 prepare 完了 (字幕 2 件 / 実カットなし)
2026-08-19 14:50:21,339 [INFO] src.archive.clip_writer: 編集点準備: 残す区間 2 件 / 想定尺 10.00s (素材 30.00s)
2026-08-19 14:50:21,339 [INFO] src.archive.clip_writer: clip1 prepare 完了 (字幕 2 件 / 実カットなし)
2026-08-19 14:50:21,341 [INFO] src.archive.clip_writer: 編集点準備: 残す区間 2 件 / 想定尺 10.00s (素材 30.00s)
2026-08-19 14:50:21,341 [INFO] src.archive.clip_writer: clip1 prepare 完了 (字幕 0 件 / 実カットなし)
2026-08-19 14:50:21,341 [INFO] src.archive.clip_writer: 編集点準備: 残す区間 2 件 / 想定尺 10.00s (素材 30.00s)
2026-08-19 14:50:21,343 [INFO] src.archive.timeline_builder: アーカイブ Timeline 構築: 3 クリップ / V1 6 本 / S1 6 件 / 全長 30.0s
2026-08-19 14:50:21,343 [INFO] src.archive.timeline_builder: アーカイブ Timeline 構築: 3 クリップ / V1 6 本 / S1 6 件 / 全長 30.0s
2026-08-19 14:50:21,344 [INFO] src.archive.timeline_builder: アーカイブ Timeline 構築: 3 クリップ / V1 6 本 / S1 6 件 / 全長 30.0s
2026-08-19 14:50:21,344 [INFO] src.archive.timeline_builder: アーカイブ Timeline 構築: 3 クリップ / V1 6 本 / S1 6 件 / 全長 30.0s
2026-08-19 14:50:21,344 [INFO] src.archive.timeline_builder: アーカイブ Timeline 構築: 3 クリップ / V1 6 本 / S1 6 件 / 全長 30.0s
2026-08-19 14:50:21,344 [INFO] src.archive.timeline_builder: アーカイブ Timeline 構築: 3 クリップ / V1 6 本 / S1 6 件 / 全長 30.0s
2026-08-19 14:50:21,344 [INFO] src.archive.timeline_builder: アーカイブ Timeline 構築: 3 クリップ / V1 6 本 / S1 6 件 / 全長 30.0s
2026-08-19 14:50:21,344 [INFO] src.archive.timeline_builder: アーカイブ Timeline 構築: 3 クリップ / V1 6 本 / S1 6 件 / 全長 30.0s
2026-08-19 14:50:21,345 [INFO] src.archive.timeline_builder: アーカイブ Timeline 構築: 3 クリップ / V1 6 本 / S1 6 件 / 全長 30.0s
2026-08-19 14:50:21,345 [INFO] src.archive.timeline_builder: アーカイブ Timeline 構築: 1 クリップ / V1 1 本 / S1 2 件 / 全長 30.0s
2026-08-19 14:50:21,345 [INFO] src.archive.timeline_builder: clip1: クリップ終端で打ち切った字幕 1 件 / 載せなかった字幕 0 件
2026-08-19 14:50:21,346 [INFO] src.archive.timeline_builder: clip2: クリップ終端で打ち切った字幕 1 件 / 載せなかった字幕 0 件
2026-08-19 14:50:21,346 [INFO] src.archive.timeline_builder: clip3: クリップ終端で打ち切った字幕 1 件 / 載せなかった字幕 0 件
2026-08-19 14:50:21,346 [INFO] src.archive.timeline_builder: アーカイブ Timeline 構築: 3 クリップ / V1 6 本 / S1 3 件 / 全長 30.0s
2026-08-19 14:50:21,346 [INFO] src.archive.timeline_builder: clip1: クリップ終端で打ち切った字幕 1 件 / 載せなかった字幕 0 件
2026-08-19 14:50:21,346 [INFO] src.archive.timeline_builder: アーカイブ Timeline 構築: 2 クリップ / V1 4 本 / S1 3 件 / 全長 20.0s
2026-08-19 14:50:21,346 [INFO] src.archive.timeline_builder: clip1: クリップ終端で打ち切った字幕 1 件 / 載せなかった字幕 1 件
2026-08-19 14:50:21,346 [INFO] src.archive.timeline_builder: アーカイブ Timeline 構築: 2 クリップ / V1 4 本 / S1 2 件 / 全長 20.0s
2026-08-19 14:50:21,346 [INFO] src.archive.timeline_builder: clip1: クリップ終端で打ち切った字幕 1 件 / 載せなかった字幕 0 件
2026-08-19 14:50:21,346 [INFO] src.archive.timeline_builder: clip2: クリップ終端で打ち切った字幕 1 件 / 載せなかった字幕 0 件
2026-08-19 14:50:21,346 [INFO] src.archive.timeline_builder: アーカイブ Timeline 構築: 2 クリップ / V1 4 本 / S1 2 件 / 全長 20.0s
2026-08-19 14:50:21,346 [INFO] src.archive.timeline_builder: アーカイブ Timeline 構築: 3 クリップ / V1 6 本 / S1 6 件 / 全長 30.0s
2026-08-19 14:50:21,347 [INFO] src.archive.timeline_builder: アーカイブ Timeline 構築: 3 クリップ / V1 6 本 / S1 6 件 / 全長 30.0s
2026-08-19 14:50:21,347 [INFO] src.archive.timeline_builder: アーカイブ Timeline 構築: 3 クリップ / V1 6 本 / S1 6 件 / 全長 30.0s
2026-08-19 14:50:21,348 [INFO] src.archive.timeline_builder: アーカイブ Timeline 構築: 3 クリップ / V1 6 本 / S1 6 件 / 全長 30.0s
2026-08-19 14:50:21,348 [INFO] src.archive.timeline_builder: アーカイブ Timeline 構築: 3 クリップ / V1 6 本 / S1 6 件 / 全長 30.0s
2026-08-19 14:50:21,349 [INFO] src.archive.timeline_builder: アーカイブ Timeline 構築: 3 クリップ / V1 6 本 / S1 6 件 / 全長 30.0s
2026-08-19 14:50:21,349 [INFO] src.archive.timeline_builder: clip2 は使用しないため書き出しから除外します
2026-08-19 14:50:21,349 [INFO] src.archive.timeline_builder: アーカイブ Timeline 構築: 3 クリップ / V1 6 本 / S1 6 件 / 全長 30.0s
2026-08-19 14:50:21,350 [INFO] src.archive.timeline_builder: アーカイブ Timeline 構築: 3 クリップ / V1 6 本 / S1 6 件 / 全長 30.0s
2026-08-19 14:50:21,350 [INFO] src.archive.timeline_builder: アーカイブ Timeline 構築: 3 クリップ / V1 6 本 / S1 6 件 / 全長 30.0s
2026-08-19 14:50:21,350 [INFO] src.archive.timeline_builder: アーカイブ Timeline 構築: 3 クリップ / V1 6 本 / S1 6 件 / 全長 30.0s
2026-08-19 14:50:21,351 [INFO] src.archive.timeline_builder: アーカイブ Timeline 構築: 3 クリップ / V1 6 本 / S1 6 件 / 全長 30.0s
2026-08-19 14:50:21,351 [INFO] src.archive.timeline_builder: アーカイブ Timeline 構築: 3 クリップ / V1 6 本 / S1 6 件 / 全長 30.0s
2026-08-19 14:50:21,355 [WARNING] src.export.fcpxml_builder: タイムライン終端を超える字幕をクリップ末尾へクランプしました (丸め誤差の端数など)。
2026-08-19 14:50:21,357 [INFO] src.modules.loudness_normalizer: 入力ラウドネス: I=-9.2 LUFS / TP=-0.3 dBTP / LRA=5.1 LU → 目標 I=-14.0 LUFS / TP=-1.0 dBTP (offset 0.4 dB)
2026-08-19 14:50:21,363 [ERROR] src.modules.loudness_normalizer: ラウドネス正規化の適用に失敗 (元音声のまま継続): in.mp4
Traceback (most recent call last):
  File "D:\develop\autoedit\src\modules\loudness_normalizer.py", line 219, in normalize_file
    ffmpeg_runner.execute(
  File "C:\Users\evolu\AppData\Local\Programs\Python\Python312\Lib\unittest\mock.py", line 1139, in __call__
    return self._mock_call(*args, **kwargs)
           ^^^^^^^^^^^^^^^^^^^^^^^^^^^^^^^^
  File "C:\Users\evolu\AppData\Local\Programs\Python\Python312\Lib\unittest\mock.py", line 1143, in _mock_call
    return self._execute_mock_call(*args, **kwargs)
           ^^^^^^^^^^^^^^^^^^^^^^^^^^^^^^^^^^^^^^^^
  File "C:\Users\evolu\AppData\Local\Programs\Python\Python312\Lib\unittest\mock.py", line 1198, in _execute_mock_call
    raise effect
src.exceptions.FFmpegError: 失敗
2026-08-19 14:50:21,365 [INFO] src.modules.loudness_normalizer: ラウドネス正規化は無効のためスキップ
2026-08-19 14:50:21,366 [WARNING] src.modules.loudness_normalizer: ラウドネス測定に失敗したため正規化をスキップ (元音声のまま継続): in.mp4
2026-08-19 14:50:21,366 [INFO] src.modules.loudness_normalizer: 音声ストリームが無いためラウドネス正規化をスキップ: in.mp4
2026-08-19 14:50:21,371 [INFO] src.modules.loudness_normalizer: ラウドネス正規化 完了: out.mp4
2026-08-19 14:50:21,372 [INFO] src.modules.loudness_normalizer: 入力ラウドネス: I=-9.2 LUFS / TP=-0.3 dBTP / LRA=5.1 LU → 目標 I=-14.0 LUFS / TP=-1.0 dBTP (offset 0.4 dB)
2026-08-19 14:50:21,378 [INFO] src.modules.loudness_normalizer: ラウドネス正規化 完了: out.mp4
2026-08-19 14:50:21,380 [INFO] src.timeline.media_recovery: 本編素材を元動画から作り直します: C:\Users\evolu\AppData\Local\Temp\media_recovery_test_qhcedgpn\sample.mp4
2026-08-19 14:50:21,381 [WARNING] src.timeline.media_recovery: 素材が見つかりません: m2 (C:\Users\evolu\AppData\Local\Temp\media_recovery_test_h8pxsphk\gone.png)
2026-08-19 14:50:21,385 [INFO] src.timeline.media_recovery: 素材を差し替え済みのフォルダで見つけました: m3 → C:\Users\evolu\AppData\Local\Temp\media_recovery_test_wlo9iugx\moved\logo2.png
2026-08-19 14:50:21,386 [INFO] src.timeline.media_recovery: 本編素材を元動画から作り直します: C:\Users\evolu\AppData\Local\Temp\media_recovery_test_xbahaok9\sample.mp4
2026-08-19 14:50:21,387 [WARNING] src.timeline.media_recovery: 元動画が見つからないため本編素材を復旧できません: C:\Users\evolu\AppData\Local\Temp\media_recovery_test_upr_8epk\no_such_input.mp4
2026-08-19 14:50:21,388 [WARNING] src.timeline.media_recovery: 素材が見つかりません: m1 (C:\Users\evolu\AppData\Local\Temp\media_recovery_test_upr_8epk\work\loudness_normalized.mp4)
2026-08-19 14:50:21,389 [INFO] src.timeline.media_recovery: 本編素材は元動画そのものだったため、そのまま使います: C:\Users\evolu\AppData\Local\Temp\media_recovery_test_h7tdtsxk\sample.mp4
2026-08-19 14:50:21,392 [INFO] src.timeline.media_recovery: 素材を相対パスで見つけました: m2 → C:\Users\evolu\AppData\Local\Temp\media_recovery_test_dlkgituo\assets\logo.png
2026-08-19 14:50:21,396 [INFO] src.timeline.media_recovery: 設定に従い元動画をそのまま使います (音量は正規化前): C:\Users\evolu\AppData\Local\Temp\media_recovery_test_6hajqhgb\sample.mp4
2026-08-19 14:50:21,418 [WARNING] src.timeline.builder: フレーム間引きの設定が不正なため none を使用します: 'all'
2026-08-19 14:50:21,436 [WARNING] src.export.resolve_export: ソース総尺の取得に失敗 (タイムライン全長で代用): C:\Users\evolu\AppData\Local\Temp\resolve_export_test_z7ngtc4g\sample.mp4
2026-08-19 14:50:21,446 [WARNING] src.export.resolve_export: ソース総尺の取得に失敗 (タイムライン全長で代用): C:\Users\evolu\AppData\Local\Temp\resolve_export_test_5ajo_b_l\sample.mp4
2026-08-19 14:50:21,455 [WARNING] src.export.resolve_export: ソース総尺の取得に失敗 (タイムライン全長で代用): C:\Users\evolu\AppData\Local\Temp\resolve_export_test_7913m688\sample.mp4
2026-08-19 14:50:21,466 [WARNING] src.export.resolve_export: ソース総尺の取得に失敗 (タイムライン全長で代用): C:\Users\evolu\AppData\Local\Temp\resolve_export_test_45reeleq\sample.mp4
2026-08-19 14:50:21,466 [WARNING] src.export.resolve_export: テーマ演出はテキストと区間のみを出力します (ブラー・黒帯などの映像エフェクトは FCPXML で表現できません)。
2026-08-19 14:50:21,467 [WARNING] src.export.resolve_export: 字幕位置は配置(alignment)＋余白からの近似です。Resolve 取り込み時に位置が中央へ戻る場合があります (フォント/サイズ/色は保持)。
2026-08-19 14:50:21,477 [WARNING] src.export.resolve_export: ソース総尺の取得に失敗 (タイムライン全長で代用): C:\Users\evolu\AppData\Local\Temp\resolve_export_test_fpl0sbcp\sample.mp4
2026-08-19 14:50:21,487 [WARNING] src.export.resolve_export: ソース総尺の取得に失敗 (タイムライン全長で代用): C:\Users\evolu\AppData\Local\Temp\resolve_export_test_kks1sxgn\sample.mp4
2026-08-19 14:50:21,495 [WARNING] src.export.resolve_export: ソース総尺の取得に失敗 (タイムライン全長で代用): C:\Users\evolu\AppData\Local\Temp\resolve_export_test_rf_d5z4a\sample.mp4
2026-08-19 14:50:21,507 [WARNING] src.export.resolve_export: ソース総尺の取得に失敗 (タイムライン全長で代用): C:\Users\evolu\AppData\Local\Temp\resolve_export_test_rf_d5z4a\sample.mp4
2026-08-19 14:50:21,518 [WARNING] src.export.resolve_export: ソース総尺の取得に失敗 (タイムライン全長で代用): C:\Users\evolu\AppData\Local\Temp\resolve_export_test_jya6ewj4\sample.mp4
2026-08-19 14:50:21,518 [WARNING] src.export.resolve_export: 未対応の字幕出力方式 export.resolve.subtitle.mode=bogus のため caption で出力します
2026-08-19 14:50:21,528 [WARNING] src.export.resolve_export: ソース総尺の取得に失敗 (タイムライン全長で代用): C:\Users\evolu\AppData\Local\Temp\resolve_export_test_6coyp6iu\sample.mp4
2026-08-19 14:50:21,538 [WARNING] src.export.resolve_export: ソース総尺の取得に失敗 (タイムライン全長で代用): C:\Users\evolu\AppData\Local\Temp\resolve_export_test_hd_uppag\sample.mp4
2026-08-19 14:50:21,549 [WARNING] src.export.resolve_export: ソース総尺の取得に失敗 (タイムライン全長で代用): C:\Users\evolu\AppData\Local\Temp\resolve_export_test_8n658qho\sample.mp4
2026-08-19 14:50:21,558 [WARNING] src.export.resolve_export: ソース総尺の取得に失敗 (タイムライン全長で代用): C:\Users\evolu\AppData\Local\Temp\resolve_export_test_gde6woqt\sample.mp4
2026-08-19 14:50:21,570 [WARNING] src.export.resolve_export: ソース総尺の取得に失敗 (タイムライン全長で代用): C:\Users\evolu\AppData\Local\Temp\resolve_export_test_20rokc4o\sample.mp4
2026-08-19 14:50:21,583 [WARNING] src.export.resolve_export: ソース総尺の取得に失敗 (タイムライン全長で代用): C:\Users\evolu\AppData\Local\Temp\resolve_export_test_kqifyuqj\sample.mp4
2026-08-19 14:50:21,592 [WARNING] src.export.resolve_export: ソース総尺の取得に失敗 (タイムライン全長で代用): C:\Users\evolu\AppData\Local\Temp\resolve_export_test_zw4dkz13\sample.mp4
2026-08-19 14:50:21,601 [WARNING] src.export.resolve_export: ソース総尺の取得に失敗 (タイムライン全長で代用): C:\Users\evolu\AppData\Local\Temp\resolve_export_test_47evpzwq\sample.mp4
2026-08-19 14:50:21,611 [WARNING] src.export.resolve_export: ソース総尺の取得に失敗 (タイムライン全長で代用): C:\Users\evolu\AppData\Local\Temp\resolve_export_test_zgfdh3k0\sample.mp4
2026-08-19 14:50:21,611 [INFO] src.export.resolve_export: 編集点が無いため全長 1 クリップとして出力します
2026-08-19 14:50:21,625 [WARNING] src.export.resolve_export: ソース総尺の取得に失敗 (タイムライン全長で代用): C:\Users\evolu\AppData\Local\Temp\resolve_export_test_884ux4n5\sample.mp4
2026-08-19 14:50:21,625 [INFO] src.export.resolve_export: Resolve 出力開始: C:\Users\evolu\AppData\Local\Temp\resolve_export_test_884ux4n5\out2.fcpxml (クリップ 1 件 / 字幕 caption 1 件 / title・テーマ 0 件 / 1920x1080 60fps)
2026-08-19 14:50:21,627 [INFO] src.export.resolve_export: 字幕トラックのスタイルは Resolve の字幕トラックヘッダー選択 → インスペクタ → Track Style で一括設定できます (Resolve 19 以降は Text+ スタイルも指定可)。
2026-08-19 14:50:21,627 [INFO] src.export.resolve_export: Resolve 出力完了: C:\Users\evolu\AppData\Local\Temp\resolve_export_test_884ux4n5\out2.fcpxml (タイムライン尺 5.00s)
2026-08-19 14:50:21,637 [WARNING] src.export.resolve_export: ソース総尺の取得に失敗 (タイムライン全長で代用): C:\Users\evolu\AppData\Local\Temp\resolve_export_test_qxj8p4e3\sample.mp4
2026-08-19 14:50:21,637 [INFO] src.export.resolve_export: Resolve 出力開始: C:\Users\evolu\AppData\Local\Temp\resolve_export_test_qxj8p4e3\out3.fcpxml (クリップ 1 件 / 字幕 caption 0 件 / title・テーマ 0 件 / 1920x1080 60fps)
2026-08-19 14:50:21,638 [INFO] src.export.resolve_export: Resolve 出力完了: C:\Users\evolu\AppData\Local\Temp\resolve_export_test_qxj8p4e3\out3.fcpxml (タイムライン尺 5.00s)
2026-08-19 14:50:21,651 [WARNING] src.export.resolve_export: ソース総尺の取得に失敗 (タイムライン全長で代用): C:\Users\evolu\AppData\Local\Temp\resolve_export_test_tcsjb_eq\sample.mp4
2026-08-19 14:50:21,652 [INFO] src.export.resolve_export: Resolve 出力開始: C:\Users\evolu\AppData\Local\Temp\resolve_export_test_tcsjb_eq\out.fcpxml (クリップ 1 件 / 字幕 caption 1 件 / title・テーマ 0 件 / 1920x1080 60fps)
2026-08-19 14:50:21,653 [INFO] src.export.resolve_export: SRT サイドカー出力: C:\Users\evolu\AppData\Local\Temp\resolve_export_test_tcsjb_eq\out.srt (1 件)
2026-08-19 14:50:21,653 [INFO] src.export.resolve_export: Resolve 出力完了: C:\Users\evolu\AppData\Local\Temp\resolve_export_test_tcsjb_eq\out.fcpxml / C:\Users\evolu\AppData\Local\Temp\resolve_export_test_tcsjb_eq\out.srt (タイムライン尺 5.00s)
2026-08-19 14:50:21,655 [INFO] src.export.resolve_export: Resolve 出力を中止 (上書きしない): C:\Users\evolu\AppData\Local\Temp\resolve_export_test_tcsjb_eq\out.fcpxml
2026-08-19 14:50:21,657 [INFO] src.modules.subtitle_generator: テロップ個別指定 フォント 0 件 / サイズ 0 件 / 文字色 1 件 / 縁の色 0 件
2026-08-19 14:50:21,660 [INFO] src.modules.subtitle_generator: テロップ個別指定 フォント 0 件 / サイズ 0 件 / 文字色 1 件 / 縁の色 0 件
2026-08-19 14:50:21,677 [INFO] src.modules.subtitle_generator: テロップ個別指定 フォント 0 件 / サイズ 0 件 / 文字色 0 件 / 縁の色 1 件
2026-08-19 14:50:21,680 [INFO] src.modules.subtitle_generator: テロップ個別指定 フォント 0 件 / サイズ 0 件 / 文字色 0 件 / 縁の色 1 件
2026-08-19 14:50:21,682 [INFO] src.modules.subtitle_generator: テロップ個別指定 フォント 1 件 / サイズ 1 件 / 文字色 1 件 / 縁の色 1 件
2026-08-19 14:50:21,694 [WARNING] src.timeline.commands: 映像トラックの上限 (3) に達しているため追加できません
2026-08-19 14:50:21,695 [INFO] src.timeline.commands: 字幕を追加できる空きがありません (2.000 秒)
2026-08-19 14:50:21,695 [INFO] src.timeline.commands: 字幕を追加できる空きがありません (0.990 秒)
2026-08-19 14:50:21,696 [INFO] src.timeline.commands: リップル: 10.000〜20.000s (10.00s) を除去 / 削除 1 件・短縮 0 件・移動 1 件
2026-08-19 14:50:21,696 [INFO] src.timeline.commands: リップル: 10.000〜20.000s (10.00s) を除去 / 削除 1 件・短縮 0 件・移動 1 件
2026-08-19 14:50:21,696 [INFO] src.timeline.commands: リップル: 10.000〜20.000s (10.00s) を除去 / 削除 1 件・短縮 0 件・移動 1 件
2026-08-19 14:50:21,696 [INFO] src.timeline.commands: リップル: 0.000〜10.000s (10.00s) を除去 / 削除 2 件・短縮 0 件・移動 1 件
2026-08-19 14:50:21,696 [INFO] src.timeline.commands: リップル: 10.000〜20.000s (10.00s) を除去 / 削除 1 件・短縮 0 件・移動 1 件
2026-08-19 14:50:21,698 [INFO] src.timeline.commands: リップル: 10.000〜20.000s (10.00s) を除去 / 削除 2 件・短縮 1 件・移動 2 件
2026-08-19 14:50:21,699 [INFO] src.timeline.commands: リップル: 10.000〜20.000s (10.00s) を除去 / 削除 2 件・短縮 1 件・移動 2 件
2026-08-19 14:50:21,699 [INFO] src.timeline.commands: リップル: 10.000〜20.000s (10.00s) を除去 / 削除 2 件・短縮 1 件・移動 2 件
2026-08-19 14:50:21,699 [INFO] src.timeline.commands: リップル: 10.000〜20.000s (10.00s) を除去 / 削除 2 件・短縮 1 件・移動 2 件
2026-08-19 14:50:21,699 [INFO] src.timeline.commands: リップル: 10.000〜20.000s (10.00s) を除去 / 削除 2 件・短縮 1 件・移動 2 件
2026-08-19 14:50:21,699 [INFO] src.timeline.commands: リップル: 10.000〜20.000s (10.00s) を除去 / 削除 2 件・短縮 1 件・移動 2 件
2026-08-19 14:50:21,699 [INFO] src.timeline.commands: リップル: 10.000〜20.000s (10.00s) を除去 / 削除 2 件・短縮 0 件・移動 3 件
2026-08-19 14:50:21,699 [INFO] src.timeline.commands: リップル: 10.000〜20.000s (10.00s) を除去 / 削除 1 件・短縮 0 件・移動 1 件
2026-08-19 14:50:21,699 [INFO] src.timeline.commands: リップル: 10.000〜20.000s (10.00s) を除去 / 削除 2 件・短縮 1 件・移動 2 件
2026-08-19 14:50:21,699 [INFO] src.timeline.commands: 残り尺が下限を割るためクリップごとリップル削除しました: c2
2026-08-19 14:50:21,699 [INFO] src.timeline.commands: リップル: 10.000〜20.000s (10.00s) を除去 / 削除 1 件・短縮 0 件・移動 2 件
2026-08-19 14:50:21,700 [INFO] src.timeline.commands: リップル: 15.000〜20.000s (5.00s) を除去 / 削除 0 件・短縮 1 件・移動 2 件
2026-08-19 14:50:21,700 [INFO] src.timeline.commands: リップル: 10.000〜15.000s (5.00s) を除去 / 削除 0 件・短縮 1 件・移動 2 件
2026-08-19 14:50:21,700 [INFO] src.timeline.commands: リップル: 15.000〜20.000s (5.00s) を除去 / 削除 0 件・短縮 1 件・移動 2 件
2026-08-19 14:50:21,700 [INFO] src.timeline.commands: リップル: 15.000〜20.000s (5.00s) を除去 / 削除 0 件・短縮 1 件・移動 2 件
2026-08-19 14:50:21,700 [INFO] src.timeline.commands: リップル: 26.000〜27.000s (1.00s) を除去 / 削除 0 件・短縮 2 件・移動 0 件
2026-08-19 14:50:21,700 [INFO] src.timeline.commands: リップル: 10.000〜20.000s (10.00s) を除去 / 削除 1 件・短縮 0 件・移動 1 件
2026-08-19 14:50:21,701 [INFO] src.timeline.commands: リップル: 10.000〜20.000s (10.00s) を除去 / 削除 1 件・短縮 0 件・移動 1 件
2026-08-19 14:50:21,701 [INFO] src.timeline.commands: リップル: 10.000〜20.000s (10.00s) を除去 / 削除 1 件・短縮 0 件・移動 1 件
2026-08-19 14:50:21,705 [INFO] src.timeline.project_io: プロジェクト保存: C:\Users\evolu\AppData\Local\Temp\timeline_io_test_67usnnwa\sample.timeline.json
2026-08-19 14:50:21,729 [INFO] src.timeline.project_io: プロジェクト読込: C:\Users\evolu\AppData\Local\Temp\timeline_io_test_67usnnwa\sample.timeline.json
2026-08-19 14:50:21,731 [INFO] src.timeline.project_io: プロジェクト保存: C:\Users\evolu\AppData\Local\Temp\timeline_io_test_67usnnwa\sample.timeline.json
2026-08-19 14:50:21,732 [INFO] src.timeline.project_io: プロジェクト読込: C:\Users\evolu\AppData\Local\Temp\timeline_io_test_67usnnwa\sample.timeline.json
2026-08-19 14:50:21,735 [INFO] src.timeline.project_io: プロジェクト保存: C:\Users\evolu\AppData\Local\Temp\timeline_io_test_h14y7iim\sample.timeline.json
2026-08-19 14:50:21,753 [INFO] src.timeline.project_io: プロジェクト読込: C:\Users\evolu\AppData\Local\Temp\timeline_io_test_h14y7iim\sample.timeline.json
2026-08-19 14:50:21,757 [INFO] src.timeline.project_io: プロジェクト保存: C:\Users\evolu\AppData\Local\Temp\timeline_io_test_yr5q9p6r\sample.timeline.json
2026-08-19 14:50:21,783 [WARNING] src.timeline.project_io: メディアの実体が見つかりません (1 件)。該当クリップを無効化します: m1
2026-08-19 14:50:21,787 [INFO] src.timeline.project_io: プロジェクト保存: C:\Users\evolu\AppData\Local\Temp\timeline_io_test_0yh93q3o\sample.timeline.json
2026-08-19 14:50:21,807 [INFO] src.timeline.project_io: プロジェクト保存: C:\Users\evolu\AppData\Local\Temp\timeline_io_test_e0nhvq9w\sample.timeline.json
2026-08-19 14:50:21,816 [WARNING] src.timeline.project_io: 編集点の区間が不正なため無視します: 20.000→15.000
2026-08-19 14:50:21,817 [WARNING] src.timeline.project_io: メディアの実体が見つかりません (1 件)。該当クリップを無効化します: m1
2026-08-19 14:50:21,818 [WARNING] src.timeline.project_io: 音声クリップ a1 のリンク先 no_such_clip が存在しないため除外します (該当区間は無音になります)
2026-08-19 14:50:21,820 [WARNING] src.timeline.project_io: トラック V1 でクリップ c2 が重複しているため 12.480 へ移動します
2026-08-19 14:50:21,824 [WARNING] src.timeline.project_io: クリップ c2 の尺 (0.001s) が下限 (0.050s) 未満のため除外します
2026-08-19 14:50:21,824 [WARNING] src.timeline.project_io: 音声クリップ a2 のリンク先 c2 が存在しないため除外します (該当区間は無音になります)
2026-08-19 14:50:21,829 [WARNING] src.timeline.builder: 寸法の設定が不正なため既定 8000 を使用します: 0
2026-08-19 14:54:57,630 [INFO] src.modules.subtitle_generator: VAD フィルタ有効 (min_silence=500ms, speech_pad=100ms, condition_on_previous_text=False)
2026-08-19 14:54:57,630 [WARNING] src.modules.subtitle_generator: VAD 付き認識に失敗したため VAD 無しで再試行します: VAD の初期化に失敗しました (テスト)
2026-08-19 14:54:57,630 [INFO] src.modules.subtitle_generator: VAD フィルタ有効 (min_silence=800ms, speech_pad=100ms, condition_on_previous_text=False)
2026-08-19 14:54:57,630 [INFO] src.modules.subtitle_generator: VAD フィルタ有効 (min_silence=500ms, speech_pad=100ms, condition_on_previous_text=False)
2026-08-19 14:56:12,945 [INFO] src.archive.clip_writer: clip1 prepare 完了 (字幕 2 件)
2026-08-19 14:56:12,947 [INFO] src.archive.clip_writer: clip1 prepare 完了 (字幕 2 件)
2026-08-19 14:56:12,949 [INFO] src.archive.clip_writer: 編集点準備: 残す区間 2 件 / 想定尺 10.00s (素材 30.00s)
2026-08-19 14:56:12,950 [INFO] src.archive.clip_writer: clip1 prepare 完了 (字幕 2 件 / 実カットなし)
2026-08-19 14:56:12,951 [INFO] src.archive.clip_writer: 編集点準備: 残す区間 2 件 / 想定尺 10.00s (素材 30.00s)
2026-08-19 14:56:12,951 [INFO] src.archive.clip_writer: clip1 prepare 完了 (字幕 2 件 / 実カットなし)
2026-08-19 14:56:12,954 [INFO] src.archive.clip_writer: 編集点準備: 残す区間 2 件 / 想定尺 10.00s (素材 30.00s)
2026-08-19 14:56:12,954 [INFO] src.archive.clip_writer: clip1 prepare 完了 (字幕 2 件 / 実カットなし)
2026-08-19 14:56:12,956 [INFO] src.archive.clip_writer: 編集点準備: 残す区間 2 件 / 想定尺 10.00s (素材 30.00s)
2026-08-19 14:56:12,956 [INFO] src.archive.clip_writer: clip1 prepare 完了 (字幕 2 件 / 実カットなし)
2026-08-19 14:56:12,957 [INFO] src.archive.clip_writer: 編集点準備: 残す区間 2 件 / 想定尺 10.00s (素材 30.00s)
2026-08-19 14:56:12,957 [INFO] src.archive.clip_writer: clip1 prepare 完了 (字幕 2 件 / 実カットなし)
2026-08-19 14:56:12,960 [INFO] src.archive.clip_writer: 編集点準備: 残す区間 2 件 / 想定尺 10.00s (素材 30.00s)
2026-08-19 14:56:12,960 [INFO] src.archive.clip_writer: clip1 prepare 完了 (字幕 2 件 / 実カットなし)
2026-08-19 14:56:12,961 [INFO] src.archive.clip_writer: 編集点準備: 残す区間 2 件 / 想定尺 10.00s (素材 30.00s)
2026-08-19 14:56:12,962 [INFO] src.archive.clip_writer: clip1 prepare 完了 (字幕 0 件 / 実カットなし)
2026-08-19 14:56:12,962 [INFO] src.archive.clip_writer: 編集点準備: 残す区間 2 件 / 想定尺 10.00s (素材 30.00s)
2026-08-19 14:56:12,964 [INFO] src.archive.timeline_builder: アーカイブ Timeline 構築: 3 クリップ / V1 6 本 / S1 6 件 / 全長 30.0s
2026-08-19 14:56:12,964 [INFO] src.archive.timeline_builder: アーカイブ Timeline 構築: 3 クリップ / V1 6 本 / S1 6 件 / 全長 30.0s
2026-08-19 14:56:12,964 [INFO] src.archive.timeline_builder: アーカイブ Timeline 構築: 3 クリップ / V1 6 本 / S1 6 件 / 全長 30.0s
2026-08-19 14:56:12,964 [INFO] src.archive.timeline_builder: アーカイブ Timeline 構築: 3 クリップ / V1 6 本 / S1 6 件 / 全長 30.0s
2026-08-19 14:56:12,964 [INFO] src.archive.timeline_builder: アーカイブ Timeline 構築: 3 クリップ / V1 6 本 / S1 6 件 / 全長 30.0s
2026-08-19 14:56:12,965 [INFO] src.archive.timeline_builder: アーカイブ Timeline 構築: 3 クリップ / V1 6 本 / S1 6 件 / 全長 30.0s
2026-08-19 14:56:12,965 [INFO] src.archive.timeline_builder: アーカイブ Timeline 構築: 3 クリップ / V1 6 本 / S1 6 件 / 全長 30.0s
2026-08-19 14:56:12,965 [INFO] src.archive.timeline_builder: アーカイブ Timeline 構築: 3 クリップ / V1 6 本 / S1 6 件 / 全長 30.0s
2026-08-19 14:56:12,965 [INFO] src.archive.timeline_builder: アーカイブ Timeline 構築: 3 クリップ / V1 6 本 / S1 6 件 / 全長 30.0s
2026-08-19 14:56:12,965 [INFO] src.archive.timeline_builder: アーカイブ Timeline 構築: 1 クリップ / V1 1 本 / S1 2 件 / 全長 30.0s
2026-08-19 14:56:12,966 [INFO] src.archive.timeline_builder: clip1: クリップ終端で打ち切った字幕 1 件 / 載せなかった字幕 0 件
2026-08-19 14:56:12,966 [INFO] src.archive.timeline_builder: clip2: クリップ終端で打ち切った字幕 1 件 / 載せなかった字幕 0 件
2026-08-19 14:56:12,966 [INFO] src.archive.timeline_builder: clip3: クリップ終端で打ち切った字幕 1 件 / 載せなかった字幕 0 件
2026-08-19 14:56:12,966 [INFO] src.archive.timeline_builder: アーカイブ Timeline 構築: 3 クリップ / V1 6 本 / S1 3 件 / 全長 30.0s
2026-08-19 14:56:12,966 [INFO] src.archive.timeline_builder: clip1: クリップ終端で打ち切った字幕 1 件 / 載せなかった字幕 0 件
2026-08-19 14:56:12,966 [INFO] src.archive.timeline_builder: アーカイブ Timeline 構築: 2 クリップ / V1 4 本 / S1 3 件 / 全長 20.0s
2026-08-19 14:56:12,966 [INFO] src.archive.timeline_builder: clip1: クリップ終端で打ち切った字幕 1 件 / 載せなかった字幕 1 件
2026-08-19 14:56:12,966 [INFO] src.archive.timeline_builder: アーカイブ Timeline 構築: 2 クリップ / V1 4 本 / S1 2 件 / 全長 20.0s
2026-08-19 14:56:12,966 [INFO] src.archive.timeline_builder: clip1: クリップ終端で打ち切った字幕 1 件 / 載せなかった字幕 0 件
2026-08-19 14:56:12,966 [INFO] src.archive.timeline_builder: clip2: クリップ終端で打ち切った字幕 1 件 / 載せなかった字幕 0 件
2026-08-19 14:56:12,967 [INFO] src.archive.timeline_builder: アーカイブ Timeline 構築: 2 クリップ / V1 4 本 / S1 2 件 / 全長 20.0s
2026-08-19 14:56:12,967 [INFO] src.archive.timeline_builder: アーカイブ Timeline 構築: 3 クリップ / V1 6 本 / S1 6 件 / 全長 30.0s
2026-08-19 14:56:12,967 [INFO] src.archive.timeline_builder: アーカイブ Timeline 構築: 3 クリップ / V1 6 本 / S1 6 件 / 全長 30.0s
2026-08-19 14:56:12,968 [INFO] src.archive.timeline_builder: アーカイブ Timeline 構築: 3 クリップ / V1 6 本 / S1 6 件 / 全長 30.0s
2026-08-19 14:56:12,968 [INFO] src.archive.timeline_builder: アーカイブ Timeline 構築: 3 クリップ / V1 6 本 / S1 6 件 / 全長 30.0s
2026-08-19 14:56:12,968 [INFO] src.archive.timeline_builder: アーカイブ Timeline 構築: 3 クリップ / V1 6 本 / S1 6 件 / 全長 30.0s
2026-08-19 14:56:12,969 [INFO] src.archive.timeline_builder: アーカイブ Timeline 構築: 3 クリップ / V1 6 本 / S1 6 件 / 全長 30.0s
2026-08-19 14:56:12,969 [INFO] src.archive.timeline_builder: clip2 は使用しないため書き出しから除外します
2026-08-19 14:56:12,969 [INFO] src.archive.timeline_builder: アーカイブ Timeline 構築: 3 クリップ / V1 6 本 / S1 6 件 / 全長 30.0s
2026-08-19 14:56:12,970 [INFO] src.archive.timeline_builder: アーカイブ Timeline 構築: 3 クリップ / V1 6 本 / S1 6 件 / 全長 30.0s
2026-08-19 14:56:12,970 [INFO] src.archive.timeline_builder: アーカイブ Timeline 構築: 3 クリップ / V1 6 本 / S1 6 件 / 全長 30.0s
2026-08-19 14:56:12,970 [INFO] src.archive.timeline_builder: アーカイブ Timeline 構築: 3 クリップ / V1 6 本 / S1 6 件 / 全長 30.0s
2026-08-19 14:56:12,971 [INFO] src.archive.timeline_builder: アーカイブ Timeline 構築: 3 クリップ / V1 6 本 / S1 6 件 / 全長 30.0s
2026-08-19 14:56:12,971 [INFO] src.archive.timeline_builder: アーカイブ Timeline 構築: 3 クリップ / V1 6 本 / S1 6 件 / 全長 30.0s
2026-08-19 14:56:12,974 [WARNING] src.export.fcpxml_builder: タイムライン終端を超える字幕をクリップ末尾へクランプしました (丸め誤差の端数など)。
2026-08-19 14:56:12,977 [INFO] src.modules.loudness_normalizer: 入力ラウドネス: I=-9.2 LUFS / TP=-0.3 dBTP / LRA=5.1 LU → 目標 I=-14.0 LUFS / TP=-1.0 dBTP (offset 0.4 dB)
2026-08-19 14:56:12,982 [ERROR] src.modules.loudness_normalizer: ラウドネス正規化の適用に失敗 (元音声のまま継続): in.mp4
Traceback (most recent call last):
  File "D:\develop\autoedit\src\modules\loudness_normalizer.py", line 219, in normalize_file
    ffmpeg_runner.execute(
  File "C:\Users\evolu\AppData\Local\Programs\Python\Python312\Lib\unittest\mock.py", line 1139, in __call__
    return self._mock_call(*args, **kwargs)
           ^^^^^^^^^^^^^^^^^^^^^^^^^^^^^^^^
  File "C:\Users\evolu\AppData\Local\Programs\Python\Python312\Lib\unittest\mock.py", line 1143, in _mock_call
    return self._execute_mock_call(*args, **kwargs)
           ^^^^^^^^^^^^^^^^^^^^^^^^^^^^^^^^^^^^^^^^
  File "C:\Users\evolu\AppData\Local\Programs\Python\Python312\Lib\unittest\mock.py", line 1198, in _execute_mock_call
    raise effect
src.exceptions.FFmpegError: 失敗
2026-08-19 14:56:12,983 [INFO] src.modules.loudness_normalizer: ラウドネス正規化は無効のためスキップ
2026-08-19 14:56:12,984 [WARNING] src.modules.loudness_normalizer: ラウドネス測定に失敗したため正規化をスキップ (元音声のまま継続): in.mp4
2026-08-19 14:56:12,984 [INFO] src.modules.loudness_normalizer: 音声ストリームが無いためラウドネス正規化をスキップ: in.mp4
2026-08-19 14:56:12,990 [INFO] src.modules.loudness_normalizer: ラウドネス正規化 完了: out.mp4
2026-08-19 14:56:12,991 [INFO] src.modules.loudness_normalizer: 入力ラウドネス: I=-9.2 LUFS / TP=-0.3 dBTP / LRA=5.1 LU → 目標 I=-14.0 LUFS / TP=-1.0 dBTP (offset 0.4 dB)
2026-08-19 14:56:12,997 [INFO] src.modules.loudness_normalizer: ラウドネス正規化 完了: out.mp4
2026-08-19 14:56:12,997 [INFO] src.timeline.media_recovery: 本編素材を元動画から作り直します: C:\Users\evolu\AppData\Local\Temp\media_recovery_test__ocvh7h_\sample.mp4
2026-08-19 14:56:12,999 [WARNING] src.timeline.media_recovery: 素材が見つかりません: m2 (C:\Users\evolu\AppData\Local\Temp\media_recovery_test_any5n1x0\gone.png)
2026-08-19 14:56:13,002 [INFO] src.timeline.media_recovery: 素材を差し替え済みのフォルダで見つけました: m3 → C:\Users\evolu\AppData\Local\Temp\media_recovery_test_9foaabey\moved\logo2.png
2026-08-19 14:56:13,003 [INFO] src.timeline.media_recovery: 本編素材を元動画から作り直します: C:\Users\evolu\AppData\Local\Temp\media_recovery_test_po495f9s\sample.mp4
2026-08-19 14:56:13,005 [WARNING] src.timeline.media_recovery: 元動画が見つからないため本編素材を復旧できません: C:\Users\evolu\AppData\Local\Temp\media_recovery_test_bidyqhkk\no_such_input.mp4
2026-08-19 14:56:13,005 [WARNING] src.timeline.media_recovery: 素材が見つかりません: m1 (C:\Users\evolu\AppData\Local\Temp\media_recovery_test_bidyqhkk\work\loudness_normalized.mp4)
2026-08-19 14:56:13,006 [INFO] src.timeline.media_recovery: 本編素材は元動画そのものだったため、そのまま使います: C:\Users\evolu\AppData\Local\Temp\media_recovery_test_pv19yqnw\sample.mp4
2026-08-19 14:56:13,008 [INFO] src.timeline.media_recovery: 素材を相対パスで見つけました: m2 → C:\Users\evolu\AppData\Local\Temp\media_recovery_test__ei7_zs0\assets\logo.png
2026-08-19 14:56:13,011 [INFO] src.timeline.media_recovery: 設定に従い元動画をそのまま使います (音量は正規化前): C:\Users\evolu\AppData\Local\Temp\media_recovery_test_q4dy4_tu\sample.mp4
2026-08-19 14:56:13,033 [WARNING] src.timeline.builder: フレーム間引きの設定が不正なため none を使用します: 'all'
2026-08-19 14:56:13,054 [WARNING] src.export.resolve_export: ソース総尺の取得に失敗 (タイムライン全長で代用): C:\Users\evolu\AppData\Local\Temp\resolve_export_test_wzj_59v2\sample.mp4
2026-08-19 14:56:13,068 [WARNING] src.export.resolve_export: ソース総尺の取得に失敗 (タイムライン全長で代用): C:\Users\evolu\AppData\Local\Temp\resolve_export_test_v9v9m7qr\sample.mp4
2026-08-19 14:56:13,077 [WARNING] src.export.resolve_export: ソース総尺の取得に失敗 (タイムライン全長で代用): C:\Users\evolu\AppData\Local\Temp\resolve_export_test_im3vcsep\sample.mp4
2026-08-19 14:56:13,087 [WARNING] src.export.resolve_export: ソース総尺の取得に失敗 (タイムライン全長で代用): C:\Users\evolu\AppData\Local\Temp\resolve_export_test_5gfyfdbu\sample.mp4
2026-08-19 14:56:13,087 [WARNING] src.export.resolve_export: テーマ演出はテキストと区間のみを出力します (ブラー・黒帯などの映像エフェクトは FCPXML で表現できません)。
2026-08-19 14:56:13,087 [WARNING] src.export.resolve_export: 字幕位置は配置(alignment)＋余白からの近似です。Resolve 取り込み時に位置が中央へ戻る場合があります (フォント/サイズ/色は保持)。
2026-08-19 14:56:13,098 [WARNING] src.export.resolve_export: ソース総尺の取得に失敗 (タイムライン全長で代用): C:\Users\evolu\AppData\Local\Temp\resolve_export_test__umb1ze5\sample.mp4
2026-08-19 14:56:13,108 [WARNING] src.export.resolve_export: ソース総尺の取得に失敗 (タイムライン全長で代用): C:\Users\evolu\AppData\Local\Temp\resolve_export_test_zrlbafwb\sample.mp4
2026-08-19 14:56:13,117 [WARNING] src.export.resolve_export: ソース総尺の取得に失敗 (タイムライン全長で代用): C:\Users\evolu\AppData\Local\Temp\resolve_export_test_9tv_gtwg\sample.mp4
2026-08-19 14:56:13,130 [WARNING] src.export.resolve_export: ソース総尺の取得に失敗 (タイムライン全長で代用): C:\Users\evolu\AppData\Local\Temp\resolve_export_test_9tv_gtwg\sample.mp4
2026-08-19 14:56:13,139 [WARNING] src.export.resolve_export: ソース総尺の取得に失敗 (タイムライン全長で代用): C:\Users\evolu\AppData\Local\Temp\resolve_export_test_2pevb_k2\sample.mp4
2026-08-19 14:56:13,139 [WARNING] src.export.resolve_export: 未対応の字幕出力方式 export.resolve.subtitle.mode=bogus のため caption で出力します
2026-08-19 14:56:13,148 [WARNING] src.export.resolve_export: ソース総尺の取得に失敗 (タイムライン全長で代用): C:\Users\evolu\AppData\Local\Temp\resolve_export_test_qde2g59i\sample.mp4
2026-08-19 14:56:13,157 [WARNING] src.export.resolve_export: ソース総尺の取得に失敗 (タイムライン全長で代用): C:\Users\evolu\AppData\Local\Temp\resolve_export_test_5h7ndl63\sample.mp4
2026-08-19 14:56:13,167 [WARNING] src.export.resolve_export: ソース総尺の取得に失敗 (タイムライン全長で代用): C:\Users\evolu\AppData\Local\Temp\resolve_export_test_olkwt7ru\sample.mp4
2026-08-19 14:56:13,177 [WARNING] src.export.resolve_export: ソース総尺の取得に失敗 (タイムライン全長で代用): C:\Users\evolu\AppData\Local\Temp\resolve_export_test_mgllhg9l\sample.mp4
2026-08-19 14:56:13,187 [WARNING] src.export.resolve_export: ソース総尺の取得に失敗 (タイムライン全長で代用): C:\Users\evolu\AppData\Local\Temp\resolve_export_test_sakwmzgk\sample.mp4
2026-08-19 14:56:13,199 [WARNING] src.export.resolve_export: ソース総尺の取得に失敗 (タイムライン全長で代用): C:\Users\evolu\AppData\Local\Temp\resolve_export_test_9b7iqf6v\sample.mp4
2026-08-19 14:56:13,210 [WARNING] src.export.resolve_export: ソース総尺の取得に失敗 (タイムライン全長で代用): C:\Users\evolu\AppData\Local\Temp\resolve_export_test_2ovdxrwv\sample.mp4
2026-08-19 14:56:13,218 [WARNING] src.export.resolve_export: ソース総尺の取得に失敗 (タイムライン全長で代用): C:\Users\evolu\AppData\Local\Temp\resolve_export_test_o63ksb5g\sample.mp4
2026-08-19 14:56:13,227 [WARNING] src.export.resolve_export: ソース総尺の取得に失敗 (タイムライン全長で代用): C:\Users\evolu\AppData\Local\Temp\resolve_export_test__8_1yzlo\sample.mp4
2026-08-19 14:56:13,228 [INFO] src.export.resolve_export: 編集点が無いため全長 1 クリップとして出力します
2026-08-19 14:56:13,237 [WARNING] src.export.resolve_export: ソース総尺の取得に失敗 (タイムライン全長で代用): C:\Users\evolu\AppData\Local\Temp\resolve_export_test_96h0ooif\sample.mp4
2026-08-19 14:56:13,237 [INFO] src.export.resolve_export: Resolve 出力開始: C:\Users\evolu\AppData\Local\Temp\resolve_export_test_96h0ooif\out2.fcpxml (クリップ 1 件 / 字幕 caption 1 件 / title・テーマ 0 件 / 1920x1080 60fps)
2026-08-19 14:56:13,238 [INFO] src.export.resolve_export: 字幕トラックのスタイルは Resolve の字幕トラックヘッダー選択 → インスペクタ → Track Style で一括設定できます (Resolve 19 以降は Text+ スタイルも指定可)。
2026-08-19 14:56:13,238 [INFO] src.export.resolve_export: Resolve 出力完了: C:\Users\evolu\AppData\Local\Temp\resolve_export_test_96h0ooif\out2.fcpxml (タイムライン尺 5.00s)
2026-08-19 14:56:13,249 [WARNING] src.export.resolve_export: ソース総尺の取得に失敗 (タイムライン全長で代用): C:\Users\evolu\AppData\Local\Temp\resolve_export_test__3kp8lhi\sample.mp4
2026-08-19 14:56:13,249 [INFO] src.export.resolve_export: Resolve 出力開始: C:\Users\evolu\AppData\Local\Temp\resolve_export_test__3kp8lhi\out3.fcpxml (クリップ 1 件 / 字幕 caption 0 件 / title・テーマ 0 件 / 1920x1080 60fps)
2026-08-19 14:56:13,250 [INFO] src.export.resolve_export: Resolve 出力完了: C:\Users\evolu\AppData\Local\Temp\resolve_export_test__3kp8lhi\out3.fcpxml (タイムライン尺 5.00s)
2026-08-19 14:56:13,260 [WARNING] src.export.resolve_export: ソース総尺の取得に失敗 (タイムライン全長で代用): C:\Users\evolu\AppData\Local\Temp\resolve_export_test_e387er8m\sample.mp4
2026-08-19 14:56:13,262 [INFO] src.export.resolve_export: Resolve 出力開始: C:\Users\evolu\AppData\Local\Temp\resolve_export_test_e387er8m\out.fcpxml (クリップ 1 件 / 字幕 caption 1 件 / title・テーマ 0 件 / 1920x1080 60fps)
2026-08-19 14:56:13,264 [INFO] src.export.resolve_export: SRT サイドカー出力: C:\Users\evolu\AppData\Local\Temp\resolve_export_test_e387er8m\out.srt (1 件)
2026-08-19 14:56:13,264 [INFO] src.export.resolve_export: Resolve 出力完了: C:\Users\evolu\AppData\Local\Temp\resolve_export_test_e387er8m\out.fcpxml / C:\Users\evolu\AppData\Local\Temp\resolve_export_test_e387er8m\out.srt (タイムライン尺 5.00s)
2026-08-19 14:56:13,265 [INFO] src.export.resolve_export: Resolve 出力を中止 (上書きしない): C:\Users\evolu\AppData\Local\Temp\resolve_export_test_e387er8m\out.fcpxml
2026-08-19 14:56:13,265 [INFO] src.modules.subtitle_generator: テロップ個別指定 フォント 0 件 / サイズ 0 件 / 文字色 1 件 / 縁の色 0 件
2026-08-19 14:56:13,269 [INFO] src.modules.subtitle_generator: テロップ個別指定 フォント 0 件 / サイズ 0 件 / 文字色 1 件 / 縁の色 0 件
2026-08-19 14:56:13,289 [INFO] src.modules.subtitle_generator: テロップ個別指定 フォント 0 件 / サイズ 0 件 / 文字色 0 件 / 縁の色 1 件
2026-08-19 14:56:13,293 [INFO] src.modules.subtitle_generator: テロップ個別指定 フォント 0 件 / サイズ 0 件 / 文字色 0 件 / 縁の色 1 件
2026-08-19 14:56:13,295 [INFO] src.modules.subtitle_generator: テロップ個別指定 フォント 1 件 / サイズ 1 件 / 文字色 1 件 / 縁の色 1 件
2026-08-19 14:56:13,313 [INFO] src.modules.subtitle_generator: VAD フィルタ有効 (min_silence=500ms, speech_pad=100ms, condition_on_previous_text=False)
2026-08-19 14:56:13,314 [WARNING] src.modules.subtitle_generator: VAD 付き認識に失敗したため VAD 無しで再試行します: VAD の初期化に失敗しました (テスト)
2026-08-19 14:56:13,314 [INFO] src.modules.subtitle_generator: VAD フィルタ有効 (min_silence=800ms, speech_pad=100ms, condition_on_previous_text=False)
2026-08-19 14:56:13,314 [INFO] src.modules.subtitle_generator: VAD フィルタ有効 (min_silence=500ms, speech_pad=100ms, condition_on_previous_text=False)
2026-08-19 14:56:13,322 [WARNING] src.timeline.commands: 映像トラックの上限 (3) に達しているため追加できません
2026-08-19 14:56:13,323 [INFO] src.timeline.commands: 字幕を追加できる空きがありません (2.000 秒)
2026-08-19 14:56:13,323 [INFO] src.timeline.commands: 字幕を追加できる空きがありません (0.990 秒)
2026-08-19 14:56:13,323 [INFO] src.timeline.commands: リップル: 10.000〜20.000s (10.00s) を除去 / 削除 1 件・短縮 0 件・移動 1 件
2026-08-19 14:56:13,324 [INFO] src.timeline.commands: リップル: 10.000〜20.000s (10.00s) を除去 / 削除 1 件・短縮 0 件・移動 1 件
2026-08-19 14:56:13,324 [INFO] src.timeline.commands: リップル: 10.000〜20.000s (10.00s) を除去 / 削除 1 件・短縮 0 件・移動 1 件
2026-08-19 14:56:13,324 [INFO] src.timeline.commands: リップル: 0.000〜10.000s (10.00s) を除去 / 削除 2 件・短縮 0 件・移動 1 件
2026-08-19 14:56:13,324 [INFO] src.timeline.commands: リップル: 10.000〜20.000s (10.00s) を除去 / 削除 1 件・短縮 0 件・移動 1 件
2026-08-19 14:56:13,325 [INFO] src.timeline.commands: リップル: 10.000〜20.000s (10.00s) を除去 / 削除 2 件・短縮 1 件・移動 2 件
2026-08-19 14:56:13,325 [INFO] src.timeline.commands: リップル: 10.000〜20.000s (10.00s) を除去 / 削除 2 件・短縮 1 件・移動 2 件
2026-08-19 14:56:13,325 [INFO] src.timeline.commands: リップル: 10.000〜20.000s (10.00s) を除去 / 削除 2 件・短縮 1 件・移動 2 件
2026-08-19 14:56:13,325 [INFO] src.timeline.commands: リップル: 10.000〜20.000s (10.00s) を除去 / 削除 2 件・短縮 1 件・移動 2 件
2026-08-19 14:56:13,325 [INFO] src.timeline.commands: リップル: 10.000〜20.000s (10.00s) を除去 / 削除 2 件・短縮 1 件・移動 2 件
2026-08-19 14:56:13,325 [INFO] src.timeline.commands: リップル: 10.000〜20.000s (10.00s) を除去 / 削除 2 件・短縮 1 件・移動 2 件
2026-08-19 14:56:13,325 [INFO] src.timeline.commands: リップル: 10.000〜20.000s (10.00s) を除去 / 削除 2 件・短縮 0 件・移動 3 件
2026-08-19 14:56:13,325 [INFO] src.timeline.commands: リップル: 10.000〜20.000s (10.00s) を除去 / 削除 1 件・短縮 0 件・移動 1 件
2026-08-19 14:56:13,325 [INFO] src.timeline.commands: リップル: 10.000〜20.000s (10.00s) を除去 / 削除 2 件・短縮 1 件・移動 2 件
2026-08-19 14:56:13,325 [INFO] src.timeline.commands: 残り尺が下限を割るためクリップごとリップル削除しました: c2
2026-08-19 14:56:13,325 [INFO] src.timeline.commands: リップル: 10.000〜20.000s (10.00s) を除去 / 削除 1 件・短縮 0 件・移動 2 件
2026-08-19 14:56:13,325 [INFO] src.timeline.commands: リップル: 15.000〜20.000s (5.00s) を除去 / 削除 0 件・短縮 1 件・移動 2 件
2026-08-19 14:56:13,327 [INFO] src.timeline.commands: リップル: 10.000〜15.000s (5.00s) を除去 / 削除 0 件・短縮 1 件・移動 2 件
2026-08-19 14:56:13,327 [INFO] src.timeline.commands: リップル: 15.000〜20.000s (5.00s) を除去 / 削除 0 件・短縮 1 件・移動 2 件
2026-08-19 14:56:13,327 [INFO] src.timeline.commands: リップル: 15.000〜20.000s (5.00s) を除去 / 削除 0 件・短縮 1 件・移動 2 件
2026-08-19 14:56:13,327 [INFO] src.timeline.commands: リップル: 26.000〜27.000s (1.00s) を除去 / 削除 0 件・短縮 2 件・移動 0 件
2026-08-19 14:56:13,328 [INFO] src.timeline.commands: リップル: 10.000〜20.000s (10.00s) を除去 / 削除 1 件・短縮 0 件・移動 1 件
2026-08-19 14:56:13,328 [INFO] src.timeline.commands: リップル: 10.000〜20.000s (10.00s) を除去 / 削除 1 件・短縮 0 件・移動 1 件
2026-08-19 14:56:13,328 [INFO] src.timeline.commands: リップル: 10.000〜20.000s (10.00s) を除去 / 削除 1 件・短縮 0 件・移動 1 件
2026-08-19 14:56:13,332 [INFO] src.timeline.project_io: プロジェクト保存: C:\Users\evolu\AppData\Local\Temp\timeline_io_test_yj8tcmd8\sample.timeline.json
2026-08-19 14:56:13,352 [INFO] src.timeline.project_io: プロジェクト読込: C:\Users\evolu\AppData\Local\Temp\timeline_io_test_yj8tcmd8\sample.timeline.json
2026-08-19 14:56:13,355 [INFO] src.timeline.project_io: プロジェクト保存: C:\Users\evolu\AppData\Local\Temp\timeline_io_test_yj8tcmd8\sample.timeline.json
2026-08-19 14:56:13,357 [INFO] src.timeline.project_io: プロジェクト読込: C:\Users\evolu\AppData\Local\Temp\timeline_io_test_yj8tcmd8\sample.timeline.json
2026-08-19 14:56:13,360 [INFO] src.timeline.project_io: プロジェクト保存: C:\Users\evolu\AppData\Local\Temp\timeline_io_test_88nlyuor\sample.timeline.json
2026-08-19 14:56:13,379 [INFO] src.timeline.project_io: プロジェクト読込: C:\Users\evolu\AppData\Local\Temp\timeline_io_test_88nlyuor\sample.timeline.json
2026-08-19 14:56:13,383 [INFO] src.timeline.project_io: プロジェクト保存: C:\Users\evolu\AppData\Local\Temp\timeline_io_test_tlh6xb48\sample.timeline.json
2026-08-19 14:56:13,402 [WARNING] src.timeline.project_io: メディアの実体が見つかりません (1 件)。該当クリップを無効化します: m1
2026-08-19 14:56:13,406 [INFO] src.timeline.project_io: プロジェクト保存: C:\Users\evolu\AppData\Local\Temp\timeline_io_test_iaswkira\sample.timeline.json
2026-08-19 14:56:13,419 [INFO] src.timeline.project_io: プロジェクト保存: C:\Users\evolu\AppData\Local\Temp\timeline_io_test_nhcguxfo\sample.timeline.json
2026-08-19 14:56:13,425 [WARNING] src.timeline.project_io: 編集点の区間が不正なため無視します: 20.000→15.000
2026-08-19 14:56:13,426 [WARNING] src.timeline.project_io: メディアの実体が見つかりません (1 件)。該当クリップを無効化します: m1
2026-08-19 14:56:13,427 [WARNING] src.timeline.project_io: 音声クリップ a1 のリンク先 no_such_clip が存在しないため除外します (該当区間は無音になります)
2026-08-19 14:56:13,428 [WARNING] src.timeline.project_io: トラック V1 でクリップ c2 が重複しているため 12.480 へ移動します
2026-08-19 14:56:13,432 [WARNING] src.timeline.project_io: クリップ c2 の尺 (0.001s) が下限 (0.050s) 未満のため除外します
2026-08-19 14:56:13,432 [WARNING] src.timeline.project_io: 音声クリップ a2 のリンク先 c2 が存在しないため除外します (該当区間は無音になります)
2026-08-19 14:56:13,436 [WARNING] src.timeline.builder: 寸法の設定が不正なため既定 8000 を使用します: 0
2026-08-19 15:11:28,269 [INFO] src.archive.clip_writer: clip1 prepare 完了 (字幕 2 件)
2026-08-19 15:11:28,272 [INFO] src.archive.clip_writer: clip1 prepare 完了 (字幕 2 件)
2026-08-19 15:11:28,276 [INFO] src.archive.clip_writer: 編集点準備: 残す区間 2 件 / 想定尺 10.00s (素材 30.00s)
2026-08-19 15:11:28,276 [INFO] src.archive.clip_writer: clip1 prepare 完了 (字幕 2 件 / 実カットなし)
2026-08-19 15:11:28,277 [INFO] src.archive.clip_writer: 編集点準備: 残す区間 2 件 / 想定尺 10.00s (素材 30.00s)
2026-08-19 15:11:28,277 [INFO] src.archive.clip_writer: clip1 prepare 完了 (字幕 2 件 / 実カットなし)
2026-08-19 15:11:28,280 [INFO] src.archive.clip_writer: 編集点準備: 残す区間 2 件 / 想定尺 10.00s (素材 30.00s)
2026-08-19 15:11:28,280 [INFO] src.archive.clip_writer: clip1 prepare 完了 (字幕 2 件 / 実カットなし)
2026-08-19 15:11:28,282 [INFO] src.archive.clip_writer: 編集点準備: 残す区間 2 件 / 想定尺 10.00s (素材 30.00s)
2026-08-19 15:11:28,282 [INFO] src.archive.clip_writer: clip1 prepare 完了 (字幕 2 件 / 実カットなし)
2026-08-19 15:11:28,283 [INFO] src.archive.clip_writer: 編集点準備: 残す区間 2 件 / 想定尺 10.00s (素材 30.00s)
2026-08-19 15:11:28,283 [INFO] src.archive.clip_writer: clip1 prepare 完了 (字幕 2 件 / 実カットなし)
2026-08-19 15:11:28,285 [INFO] src.archive.clip_writer: 編集点準備: 残す区間 2 件 / 想定尺 10.00s (素材 30.00s)
2026-08-19 15:11:28,285 [INFO] src.archive.clip_writer: clip1 prepare 完了 (字幕 2 件 / 実カットなし)
2026-08-19 15:11:28,287 [INFO] src.archive.clip_writer: 編集点準備: 残す区間 2 件 / 想定尺 10.00s (素材 30.00s)
2026-08-19 15:11:28,287 [INFO] src.archive.clip_writer: clip1 prepare 完了 (字幕 0 件 / 実カットなし)
2026-08-19 15:11:28,288 [INFO] src.archive.clip_writer: 編集点準備: 残す区間 2 件 / 想定尺 10.00s (素材 30.00s)
2026-08-19 15:11:28,289 [INFO] src.archive.timeline_builder: アーカイブ Timeline 構築: 3 クリップ / V1 6 本 / S1 6 件 / 全長 30.0s
2026-08-19 15:11:28,290 [INFO] src.archive.timeline_builder: アーカイブ Timeline 構築: 3 クリップ / V1 6 本 / S1 6 件 / 全長 30.0s
2026-08-19 15:11:28,290 [INFO] src.archive.timeline_builder: アーカイブ Timeline 構築: 3 クリップ / V1 6 本 / S1 6 件 / 全長 30.0s
2026-08-19 15:11:28,290 [INFO] src.archive.timeline_builder: アーカイブ Timeline 構築: 3 クリップ / V1 6 本 / S1 6 件 / 全長 30.0s
2026-08-19 15:11:28,290 [INFO] src.archive.timeline_builder: アーカイブ Timeline 構築: 3 クリップ / V1 6 本 / S1 6 件 / 全長 30.0s
2026-08-19 15:11:28,291 [INFO] src.archive.timeline_builder: アーカイブ Timeline 構築: 3 クリップ / V1 6 本 / S1 6 件 / 全長 30.0s
2026-08-19 15:11:28,291 [INFO] src.archive.timeline_builder: アーカイブ Timeline 構築: 3 クリップ / V1 6 本 / S1 6 件 / 全長 30.0s
2026-08-19 15:11:28,291 [INFO] src.archive.timeline_builder: アーカイブ Timeline 構築: 3 クリップ / V1 6 本 / S1 6 件 / 全長 30.0s
2026-08-19 15:11:28,291 [INFO] src.archive.timeline_builder: アーカイブ Timeline 構築: 3 クリップ / V1 6 本 / S1 6 件 / 全長 30.0s
2026-08-19 15:11:28,291 [INFO] src.archive.timeline_builder: アーカイブ Timeline 構築: 1 クリップ / V1 1 本 / S1 2 件 / 全長 30.0s
2026-08-19 15:11:28,292 [INFO] src.archive.timeline_builder: clip1: クリップ終端で打ち切った字幕 1 件 / 載せなかった字幕 0 件
2026-08-19 15:11:28,292 [INFO] src.archive.timeline_builder: clip2: クリップ終端で打ち切った字幕 1 件 / 載せなかった字幕 0 件
2026-08-19 15:11:28,292 [INFO] src.archive.timeline_builder: clip3: クリップ終端で打ち切った字幕 1 件 / 載せなかった字幕 0 件
2026-08-19 15:11:28,292 [INFO] src.archive.timeline_builder: アーカイブ Timeline 構築: 3 クリップ / V1 6 本 / S1 3 件 / 全長 30.0s
2026-08-19 15:11:28,292 [INFO] src.archive.timeline_builder: clip1: クリップ終端で打ち切った字幕 1 件 / 載せなかった字幕 0 件
2026-08-19 15:11:28,293 [INFO] src.archive.timeline_builder: アーカイブ Timeline 構築: 2 クリップ / V1 4 本 / S1 3 件 / 全長 20.0s
2026-08-19 15:11:28,293 [INFO] src.archive.timeline_builder: clip1: クリップ終端で打ち切った字幕 1 件 / 載せなかった字幕 1 件
2026-08-19 15:11:28,293 [INFO] src.archive.timeline_builder: アーカイブ Timeline 構築: 2 クリップ / V1 4 本 / S1 2 件 / 全長 20.0s
2026-08-19 15:11:28,293 [INFO] src.archive.timeline_builder: clip1: クリップ終端で打ち切った字幕 1 件 / 載せなかった字幕 0 件
2026-08-19 15:11:28,293 [INFO] src.archive.timeline_builder: clip2: クリップ終端で打ち切った字幕 1 件 / 載せなかった字幕 0 件
2026-08-19 15:11:28,293 [INFO] src.archive.timeline_builder: アーカイブ Timeline 構築: 2 クリップ / V1 4 本 / S1 2 件 / 全長 20.0s
2026-08-19 15:11:28,293 [INFO] src.archive.timeline_builder: アーカイブ Timeline 構築: 3 クリップ / V1 6 本 / S1 6 件 / 全長 30.0s
2026-08-19 15:11:28,294 [INFO] src.archive.timeline_builder: アーカイブ Timeline 構築: 3 クリップ / V1 6 本 / S1 6 件 / 全長 30.0s
2026-08-19 15:11:28,294 [INFO] src.archive.timeline_builder: アーカイブ Timeline 構築: 3 クリップ / V1 6 本 / S1 6 件 / 全長 30.0s
2026-08-19 15:11:28,294 [INFO] src.archive.timeline_builder: アーカイブ Timeline 構築: 3 クリップ / V1 6 本 / S1 6 件 / 全長 30.0s
2026-08-19 15:11:28,294 [INFO] src.archive.timeline_builder: アーカイブ Timeline 構築: 3 クリップ / V1 6 本 / S1 6 件 / 全長 30.0s
2026-08-19 15:11:28,295 [INFO] src.archive.timeline_builder: アーカイブ Timeline 構築: 3 クリップ / V1 6 本 / S1 6 件 / 全長 30.0s
2026-08-19 15:11:28,295 [INFO] src.archive.timeline_builder: clip2 は使用しないため書き出しから除外します
2026-08-19 15:11:28,295 [INFO] src.archive.timeline_builder: アーカイブ Timeline 構築: 3 クリップ / V1 6 本 / S1 6 件 / 全長 30.0s
2026-08-19 15:11:28,296 [INFO] src.archive.timeline_builder: アーカイブ Timeline 構築: 3 クリップ / V1 6 本 / S1 6 件 / 全長 30.0s
2026-08-19 15:11:28,296 [INFO] src.archive.timeline_builder: アーカイブ Timeline 構築: 3 クリップ / V1 6 本 / S1 6 件 / 全長 30.0s
2026-08-19 15:11:28,296 [INFO] src.archive.timeline_builder: アーカイブ Timeline 構築: 3 クリップ / V1 6 本 / S1 6 件 / 全長 30.0s
2026-08-19 15:11:28,297 [INFO] src.archive.timeline_builder: アーカイブ Timeline 構築: 3 クリップ / V1 6 本 / S1 6 件 / 全長 30.0s
2026-08-19 15:11:28,297 [INFO] src.archive.timeline_builder: アーカイブ Timeline 構築: 3 クリップ / V1 6 本 / S1 6 件 / 全長 30.0s
2026-08-19 15:11:28,300 [WARNING] src.export.fcpxml_builder: タイムライン終端を超える字幕をクリップ末尾へクランプしました (丸め誤差の端数など)。
2026-08-19 15:11:28,302 [INFO] src.modules.loudness_normalizer: 入力ラウドネス: I=-9.2 LUFS / TP=-0.3 dBTP / LRA=5.1 LU → 目標 I=-14.0 LUFS / TP=-1.0 dBTP (offset 0.4 dB)
2026-08-19 15:11:28,310 [ERROR] src.modules.loudness_normalizer: ラウドネス正規化の適用に失敗 (元音声のまま継続): in.mp4
Traceback (most recent call last):
  File "D:\develop\autoedit\src\modules\loudness_normalizer.py", line 219, in normalize_file
    ffmpeg_runner.execute(
  File "C:\Users\evolu\AppData\Local\Programs\Python\Python312\Lib\unittest\mock.py", line 1139, in __call__
    return self._mock_call(*args, **kwargs)
           ^^^^^^^^^^^^^^^^^^^^^^^^^^^^^^^^
  File "C:\Users\evolu\AppData\Local\Programs\Python\Python312\Lib\unittest\mock.py", line 1143, in _mock_call
    return self._execute_mock_call(*args, **kwargs)
           ^^^^^^^^^^^^^^^^^^^^^^^^^^^^^^^^^^^^^^^^
  File "C:\Users\evolu\AppData\Local\Programs\Python\Python312\Lib\unittest\mock.py", line 1198, in _execute_mock_call
    raise effect
src.exceptions.FFmpegError: 失敗
2026-08-19 15:11:28,312 [INFO] src.modules.loudness_normalizer: ラウドネス正規化は無効のためスキップ
2026-08-19 15:11:28,312 [WARNING] src.modules.loudness_normalizer: ラウドネス測定に失敗したため正規化をスキップ (元音声のまま継続): in.mp4
2026-08-19 15:11:28,313 [INFO] src.modules.loudness_normalizer: 音声ストリームが無いためラウドネス正規化をスキップ: in.mp4
2026-08-19 15:11:28,319 [INFO] src.modules.loudness_normalizer: ラウドネス正規化 完了: out.mp4
2026-08-19 15:11:28,320 [INFO] src.modules.loudness_normalizer: 入力ラウドネス: I=-9.2 LUFS / TP=-0.3 dBTP / LRA=5.1 LU → 目標 I=-14.0 LUFS / TP=-1.0 dBTP (offset 0.4 dB)
2026-08-19 15:11:28,326 [INFO] src.modules.loudness_normalizer: ラウドネス正規化 完了: out.mp4
2026-08-19 15:11:28,328 [INFO] src.timeline.media_recovery: 本編素材を元動画から作り直します: C:\Users\evolu\AppData\Local\Temp\media_recovery_test_w33gmf_1\sample.mp4
2026-08-19 15:11:28,330 [WARNING] src.timeline.media_recovery: 素材が見つかりません: m2 (C:\Users\evolu\AppData\Local\Temp\media_recovery_test_scxajb_s\gone.png)
2026-08-19 15:11:28,333 [INFO] src.timeline.media_recovery: 素材を差し替え済みのフォルダで見つけました: m3 → C:\Users\evolu\AppData\Local\Temp\media_recovery_test_wy33aagn\moved\logo2.png
2026-08-19 15:11:28,335 [INFO] src.timeline.media_recovery: 本編素材を元動画から作り直します: C:\Users\evolu\AppData\Local\Temp\media_recovery_test_ziwtreb7\sample.mp4
2026-08-19 15:11:28,337 [WARNING] src.timeline.media_recovery: 元動画が見つからないため本編素材を復旧できません: C:\Users\evolu\AppData\Local\Temp\media_recovery_test_ss8duj42\no_such_input.mp4
2026-08-19 15:11:28,337 [WARNING] src.timeline.media_recovery: 素材が見つかりません: m1 (C:\Users\evolu\AppData\Local\Temp\media_recovery_test_ss8duj42\work\loudness_normalized.mp4)
2026-08-19 15:11:28,338 [INFO] src.timeline.media_recovery: 本編素材は元動画そのものだったため、そのまま使います: C:\Users\evolu\AppData\Local\Temp\media_recovery_test_1aiwez6u\sample.mp4
2026-08-19 15:11:28,339 [INFO] src.timeline.media_recovery: 素材を相対パスで見つけました: m2 → C:\Users\evolu\AppData\Local\Temp\media_recovery_test_y5bwvik4\assets\logo.png
2026-08-19 15:11:28,342 [INFO] src.timeline.media_recovery: 設定に従い元動画をそのまま使います (音量は正規化前): C:\Users\evolu\AppData\Local\Temp\media_recovery_test_aezjt59a\sample.mp4
2026-08-19 15:11:28,366 [WARNING] src.timeline.builder: フレーム間引きの設定が不正なため none を使用します: 'all'
2026-08-19 15:11:28,383 [WARNING] src.export.resolve_export: ソース総尺の取得に失敗 (タイムライン全長で代用): C:\Users\evolu\AppData\Local\Temp\resolve_export_test_pcbn0ifg\sample.mp4
2026-08-19 15:11:28,394 [WARNING] src.export.resolve_export: ソース総尺の取得に失敗 (タイムライン全長で代用): C:\Users\evolu\AppData\Local\Temp\resolve_export_test_cpw93nlb\sample.mp4
2026-08-19 15:11:28,403 [WARNING] src.export.resolve_export: ソース総尺の取得に失敗 (タイムライン全長で代用): C:\Users\evolu\AppData\Local\Temp\resolve_export_test_7dsu2kif\sample.mp4
2026-08-19 15:11:28,413 [WARNING] src.export.resolve_export: ソース総尺の取得に失敗 (タイムライン全長で代用): C:\Users\evolu\AppData\Local\Temp\resolve_export_test_77mzzaep\sample.mp4
2026-08-19 15:11:28,413 [WARNING] src.export.resolve_export: テーマ演出はテキストと区間のみを出力します (ブラー・黒帯などの映像エフェクトは FCPXML で表現できません)。
2026-08-19 15:11:28,413 [WARNING] src.export.resolve_export: 字幕位置は配置(alignment)＋余白からの近似です。Resolve 取り込み時に位置が中央へ戻る場合があります (フォント/サイズ/色は保持)。
2026-08-19 15:11:28,422 [WARNING] src.export.resolve_export: ソース総尺の取得に失敗 (タイムライン全長で代用): C:\Users\evolu\AppData\Local\Temp\resolve_export_test_f3uzncu4\sample.mp4
2026-08-19 15:11:28,433 [WARNING] src.export.resolve_export: ソース総尺の取得に失敗 (タイムライン全長で代用): C:\Users\evolu\AppData\Local\Temp\resolve_export_test_s9kii8ip\sample.mp4
2026-08-19 15:11:28,442 [WARNING] src.export.resolve_export: ソース総尺の取得に失敗 (タイムライン全長で代用): C:\Users\evolu\AppData\Local\Temp\resolve_export_test_gjnc8lhk\sample.mp4
2026-08-19 15:11:28,451 [WARNING] src.export.resolve_export: ソース総尺の取得に失敗 (タイムライン全長で代用): C:\Users\evolu\AppData\Local\Temp\resolve_export_test_gjnc8lhk\sample.mp4
2026-08-19 15:11:28,460 [WARNING] src.export.resolve_export: ソース総尺の取得に失敗 (タイムライン全長で代用): C:\Users\evolu\AppData\Local\Temp\resolve_export_test_mnwu5y25\sample.mp4
2026-08-19 15:11:28,460 [WARNING] src.export.resolve_export: 未対応の字幕出力方式 export.resolve.subtitle.mode=bogus のため caption で出力します
2026-08-19 15:11:28,470 [WARNING] src.export.resolve_export: ソース総尺の取得に失敗 (タイムライン全長で代用): C:\Users\evolu\AppData\Local\Temp\resolve_export_test_c801p_yx\sample.mp4
2026-08-19 15:11:28,480 [WARNING] src.export.resolve_export: ソース総尺の取得に失敗 (タイムライン全長で代用): C:\Users\evolu\AppData\Local\Temp\resolve_export_test_ck8hsf3e\sample.mp4
2026-08-19 15:11:28,490 [WARNING] src.export.resolve_export: ソース総尺の取得に失敗 (タイムライン全長で代用): C:\Users\evolu\AppData\Local\Temp\resolve_export_test_1wjj4ovx\sample.mp4
2026-08-19 15:11:28,499 [WARNING] src.export.resolve_export: ソース総尺の取得に失敗 (タイムライン全長で代用): C:\Users\evolu\AppData\Local\Temp\resolve_export_test_pshgodzt\sample.mp4
2026-08-19 15:11:28,509 [WARNING] src.export.resolve_export: ソース総尺の取得に失敗 (タイムライン全長で代用): C:\Users\evolu\AppData\Local\Temp\resolve_export_test_z6wqrq6h\sample.mp4
2026-08-19 15:11:28,518 [WARNING] src.export.resolve_export: ソース総尺の取得に失敗 (タイムライン全長で代用): C:\Users\evolu\AppData\Local\Temp\resolve_export_test_52s90wjy\sample.mp4
2026-08-19 15:11:28,528 [WARNING] src.export.resolve_export: ソース総尺の取得に失敗 (タイムライン全長で代用): C:\Users\evolu\AppData\Local\Temp\resolve_export_test_ck0n2b1u\sample.mp4
2026-08-19 15:11:28,538 [WARNING] src.export.resolve_export: ソース総尺の取得に失敗 (タイムライン全長で代用): C:\Users\evolu\AppData\Local\Temp\resolve_export_test_71ryr1s6\sample.mp4
2026-08-19 15:11:28,549 [WARNING] src.export.resolve_export: ソース総尺の取得に失敗 (タイムライン全長で代用): C:\Users\evolu\AppData\Local\Temp\resolve_export_test_qegl_2s9\sample.mp4
2026-08-19 15:11:28,549 [INFO] src.export.resolve_export: 編集点が無いため全長 1 クリップとして出力します
2026-08-19 15:11:28,560 [WARNING] src.export.resolve_export: ソース総尺の取得に失敗 (タイムライン全長で代用): C:\Users\evolu\AppData\Local\Temp\resolve_export_test_n7fvn5ph\sample.mp4
2026-08-19 15:11:28,560 [INFO] src.export.resolve_export: Resolve 出力開始: C:\Users\evolu\AppData\Local\Temp\resolve_export_test_n7fvn5ph\out2.fcpxml (クリップ 1 件 / 字幕 caption 1 件 / title・テーマ 0 件 / 1920x1080 60fps)
2026-08-19 15:11:28,561 [INFO] src.export.resolve_export: 字幕トラックのスタイルは Resolve の字幕トラックヘッダー選択 → インスペクタ → Track Style で一括設定できます (Resolve 19 以降は Text+ スタイルも指定可)。
2026-08-19 15:11:28,561 [INFO] src.export.resolve_export: Resolve 出力完了: C:\Users\evolu\AppData\Local\Temp\resolve_export_test_n7fvn5ph\out2.fcpxml (タイムライン尺 5.00s)
2026-08-19 15:11:28,570 [WARNING] src.export.resolve_export: ソース総尺の取得に失敗 (タイムライン全長で代用): C:\Users\evolu\AppData\Local\Temp\resolve_export_test_reztiwl9\sample.mp4
2026-08-19 15:11:28,570 [INFO] src.export.resolve_export: Resolve 出力開始: C:\Users\evolu\AppData\Local\Temp\resolve_export_test_reztiwl9\out3.fcpxml (クリップ 1 件 / 字幕 caption 0 件 / title・テーマ 0 件 / 1920x1080 60fps)
2026-08-19 15:11:28,571 [INFO] src.export.resolve_export: Resolve 出力完了: C:\Users\evolu\AppData\Local\Temp\resolve_export_test_reztiwl9\out3.fcpxml (タイムライン尺 5.00s)
2026-08-19 15:11:28,581 [WARNING] src.export.resolve_export: ソース総尺の取得に失敗 (タイムライン全長で代用): C:\Users\evolu\AppData\Local\Temp\resolve_export_test_qmti727x\sample.mp4
2026-08-19 15:11:28,581 [INFO] src.export.resolve_export: Resolve 出力開始: C:\Users\evolu\AppData\Local\Temp\resolve_export_test_qmti727x\out.fcpxml (クリップ 1 件 / 字幕 caption 1 件 / title・テーマ 0 件 / 1920x1080 60fps)
2026-08-19 15:11:28,587 [INFO] src.export.resolve_export: SRT サイドカー出力: C:\Users\evolu\AppData\Local\Temp\resolve_export_test_qmti727x\out.srt (1 件)
2026-08-19 15:11:28,587 [INFO] src.export.resolve_export: Resolve 出力完了: C:\Users\evolu\AppData\Local\Temp\resolve_export_test_qmti727x\out.fcpxml / C:\Users\evolu\AppData\Local\Temp\resolve_export_test_qmti727x\out.srt (タイムライン尺 5.00s)
2026-08-19 15:11:28,588 [INFO] src.export.resolve_export: Resolve 出力を中止 (上書きしない): C:\Users\evolu\AppData\Local\Temp\resolve_export_test_qmti727x\out.fcpxml
2026-08-19 15:11:28,589 [INFO] src.modules.subtitle_generator: テロップ個別指定 フォント 0 件 / サイズ 0 件 / 文字色 1 件 / 縁の色 0 件
2026-08-19 15:11:28,592 [INFO] src.modules.subtitle_generator: テロップ個別指定 フォント 0 件 / サイズ 0 件 / 文字色 1 件 / 縁の色 0 件
2026-08-19 15:11:28,607 [INFO] src.modules.subtitle_generator: テロップ個別指定 フォント 0 件 / サイズ 0 件 / 文字色 0 件 / 縁の色 1 件
2026-08-19 15:11:28,610 [INFO] src.modules.subtitle_generator: テロップ個別指定 フォント 0 件 / サイズ 0 件 / 文字色 0 件 / 縁の色 1 件
2026-08-19 15:11:28,612 [INFO] src.modules.subtitle_generator: テロップ個別指定 フォント 1 件 / サイズ 1 件 / 文字色 1 件 / 縁の色 1 件
2026-08-19 15:11:28,615 [INFO] src.modules.subtitle_generator: VAD フィルタ有効 (min_silence=500ms, speech_pad=100ms, condition_on_previous_text=False)
2026-08-19 15:11:28,615 [WARNING] src.modules.subtitle_generator: VAD 付き認識に失敗したため VAD 無しで再試行します: VAD の初期化に失敗しました (テスト)
2026-08-19 15:11:28,615 [INFO] src.modules.subtitle_generator: VAD フィルタ有効 (min_silence=800ms, speech_pad=100ms, condition_on_previous_text=False)
2026-08-19 15:11:28,615 [INFO] src.modules.subtitle_generator: VAD フィルタ有効 (min_silence=500ms, speech_pad=100ms, condition_on_previous_text=False)
2026-08-19 15:11:28,623 [WARNING] src.timeline.commands: 映像トラックの上限 (3) に達しているため追加できません
2026-08-19 15:11:28,623 [INFO] src.timeline.commands: 字幕を追加できる空きがありません (2.000 秒)
2026-08-19 15:11:28,623 [INFO] src.timeline.commands: 字幕を追加できる空きがありません (0.990 秒)
2026-08-19 15:11:28,625 [INFO] src.timeline.commands: リップル: 10.000〜20.000s (10.00s) を除去 / 削除 1 件・短縮 0 件・移動 1 件
2026-08-19 15:11:28,625 [INFO] src.timeline.commands: リップル: 10.000〜20.000s (10.00s) を除去 / 削除 1 件・短縮 0 件・移動 1 件
2026-08-19 15:11:28,625 [INFO] src.timeline.commands: リップル: 10.000〜20.000s (10.00s) を除去 / 削除 1 件・短縮 0 件・移動 1 件
2026-08-19 15:11:28,625 [INFO] src.timeline.commands: リップル: 0.000〜10.000s (10.00s) を除去 / 削除 2 件・短縮 0 件・移動 1 件
2026-08-19 15:11:28,625 [INFO] src.timeline.commands: リップル: 10.000〜20.000s (10.00s) を除去 / 削除 1 件・短縮 0 件・移動 1 件
2026-08-19 15:11:28,626 [INFO] src.timeline.commands: リップル: 10.000〜20.000s (10.00s) を除去 / 削除 2 件・短縮 1 件・移動 2 件
2026-08-19 15:11:28,626 [INFO] src.timeline.commands: リップル: 10.000〜20.000s (10.00s) を除去 / 削除 2 件・短縮 1 件・移動 2 件
2026-08-19 15:11:28,627 [INFO] src.timeline.commands: リップル: 10.000〜20.000s (10.00s) を除去 / 削除 2 件・短縮 1 件・移動 2 件
2026-08-19 15:11:28,627 [INFO] src.timeline.commands: リップル: 10.000〜20.000s (10.00s) を除去 / 削除 2 件・短縮 1 件・移動 2 件
2026-08-19 15:11:28,627 [INFO] src.timeline.commands: リップル: 10.000〜20.000s (10.00s) を除去 / 削除 2 件・短縮 1 件・移動 2 件
2026-08-19 15:11:28,627 [INFO] src.timeline.commands: リップル: 10.000〜20.000s (10.00s) を除去 / 削除 2 件・短縮 1 件・移動 2 件
2026-08-19 15:11:28,627 [INFO] src.timeline.commands: リップル: 10.000〜20.000s (10.00s) を除去 / 削除 2 件・短縮 0 件・移動 3 件
2026-08-19 15:11:28,627 [INFO] src.timeline.commands: リップル: 10.000〜20.000s (10.00s) を除去 / 削除 1 件・短縮 0 件・移動 1 件
2026-08-19 15:11:28,627 [INFO] src.timeline.commands: リップル: 10.000〜20.000s (10.00s) を除去 / 削除 2 件・短縮 1 件・移動 2 件
2026-08-19 15:11:28,627 [INFO] src.timeline.commands: 残り尺が下限を割るためクリップごとリップル削除しました: c2
2026-08-19 15:11:28,627 [INFO] src.timeline.commands: リップル: 10.000〜20.000s (10.00s) を除去 / 削除 1 件・短縮 0 件・移動 2 件
2026-08-19 15:11:28,627 [INFO] src.timeline.commands: リップル: 15.000〜20.000s (5.00s) を除去 / 削除 0 件・短縮 1 件・移動 2 件
2026-08-19 15:11:28,628 [INFO] src.timeline.commands: リップル: 10.000〜15.000s (5.00s) を除去 / 削除 0 件・短縮 1 件・移動 2 件
2026-08-19 15:11:28,628 [INFO] src.timeline.commands: リップル: 15.000〜20.000s (5.00s) を除去 / 削除 0 件・短縮 1 件・移動 2 件
2026-08-19 15:11:28,628 [INFO] src.timeline.commands: リップル: 15.000〜20.000s (5.00s) を除去 / 削除 0 件・短縮 1 件・移動 2 件
2026-08-19 15:11:28,628 [INFO] src.timeline.commands: リップル: 26.000〜27.000s (1.00s) を除去 / 削除 0 件・短縮 2 件・移動 0 件
2026-08-19 15:11:28,628 [INFO] src.timeline.commands: リップル: 10.000〜20.000s (10.00s) を除去 / 削除 1 件・短縮 0 件・移動 1 件
2026-08-19 15:11:28,628 [INFO] src.timeline.commands: リップル: 10.000〜20.000s (10.00s) を除去 / 削除 1 件・短縮 0 件・移動 1 件
2026-08-19 15:11:28,629 [INFO] src.timeline.commands: リップル: 10.000〜20.000s (10.00s) を除去 / 削除 1 件・短縮 0 件・移動 1 件
2026-08-19 15:11:28,632 [INFO] src.timeline.project_io: プロジェクト保存: C:\Users\evolu\AppData\Local\Temp\timeline_io_test_3wimqsed\sample.timeline.json
2026-08-19 15:11:28,654 [INFO] src.timeline.project_io: プロジェクト読込: C:\Users\evolu\AppData\Local\Temp\timeline_io_test_3wimqsed\sample.timeline.json
2026-08-19 15:11:28,656 [INFO] src.timeline.project_io: プロジェクト保存: C:\Users\evolu\AppData\Local\Temp\timeline_io_test_3wimqsed\sample.timeline.json
2026-08-19 15:11:28,658 [INFO] src.timeline.project_io: プロジェクト読込: C:\Users\evolu\AppData\Local\Temp\timeline_io_test_3wimqsed\sample.timeline.json
2026-08-19 15:11:28,661 [INFO] src.timeline.project_io: プロジェクト保存: C:\Users\evolu\AppData\Local\Temp\timeline_io_test_kmu2j5cs\sample.timeline.json
2026-08-19 15:11:28,680 [INFO] src.timeline.project_io: プロジェクト読込: C:\Users\evolu\AppData\Local\Temp\timeline_io_test_kmu2j5cs\sample.timeline.json
2026-08-19 15:11:28,683 [INFO] src.timeline.project_io: プロジェクト保存: C:\Users\evolu\AppData\Local\Temp\timeline_io_test_3tiip3m9\sample.timeline.json
2026-08-19 15:11:28,705 [WARNING] src.timeline.project_io: メディアの実体が見つかりません (1 件)。該当クリップを無効化します: m1
2026-08-19 15:11:28,709 [INFO] src.timeline.project_io: プロジェクト保存: C:\Users\evolu\AppData\Local\Temp\timeline_io_test_5i99flea\sample.timeline.json
2026-08-19 15:11:28,733 [INFO] src.timeline.project_io: プロジェクト保存: C:\Users\evolu\AppData\Local\Temp\timeline_io_test_n3z4yyjp\sample.timeline.json
2026-08-19 15:11:28,740 [WARNING] src.timeline.project_io: 編集点の区間が不正なため無視します: 20.000→15.000
2026-08-19 15:11:28,740 [WARNING] src.timeline.project_io: メディアの実体が見つかりません (1 件)。該当クリップを無効化します: m1
2026-08-19 15:11:28,742 [WARNING] src.timeline.project_io: 音声クリップ a1 のリンク先 no_such_clip が存在しないため除外します (該当区間は無音になります)
2026-08-19 15:11:28,743 [WARNING] src.timeline.project_io: トラック V1 でクリップ c2 が重複しているため 12.480 へ移動します
2026-08-19 15:11:28,747 [WARNING] src.timeline.project_io: クリップ c2 の尺 (0.001s) が下限 (0.050s) 未満のため除外します
2026-08-19 15:11:28,747 [WARNING] src.timeline.project_io: 音声クリップ a2 のリンク先 c2 が存在しないため除外します (該当区間は無音になります)
2026-08-19 15:11:28,752 [WARNING] src.timeline.builder: 寸法の設定が不正なため既定 8000 を使用します: 0
