2026-09-17 00:06:57,155 [INFO] src.blur.models: モデルを読み込みました: yolox_tiny.onnx
2026-09-17 00:07:06,211 [INFO] src.blur.models: モデルを読み込みました: yolox_tiny.onnx
2026-09-17 00:12:37,492 [INFO] src.blur.models: モデルを読み込みました: yolox_tiny.onnx
2026-09-17 00:12:37,564 [INFO] src.blur.models: モデルを読み込みました: osnet_x0_25.onnx
2026-09-17 00:13:14,304 [INFO] src.archive.timeline_builder: アーカイブ Timeline 構築: 2 クリップ / V1 2 本 / S1 0 件 / 全長 60.0s
2026-09-17 00:13:14,305 [INFO] src.archive.timeline_builder: アーカイブ Timeline 構築: 2 クリップ / V1 2 本 / S1 0 件 / 全長 60.0s
2026-09-17 00:13:14,305 [WARNING] src.archive.marker_source: VOD 外のマーカーを 2 件除外しました (尺 7200.0s)
2026-09-17 00:13:14,312 [INFO] src.archive.clip_writer: clip1 prepare 完了 (字幕 2 件)
2026-09-17 00:13:14,314 [INFO] src.archive.clip_writer: clip1 prepare 完了 (字幕 2 件)
2026-09-17 00:13:14,315 [INFO] src.archive.clip_writer: 編集点準備: 残す区間 2 件 / 想定尺 10.00s (素材 30.00s)
2026-09-17 00:13:14,315 [INFO] src.archive.clip_writer: clip1 prepare 完了 (字幕 2 件 / 実カットなし)
2026-09-17 00:13:14,316 [INFO] src.archive.clip_writer: 編集点準備: 残す区間 2 件 / 想定尺 10.00s (素材 30.00s)
2026-09-17 00:13:14,316 [INFO] src.archive.clip_writer: clip1 prepare 完了 (字幕 2 件 / 実カットなし)
2026-09-17 00:13:14,318 [INFO] src.archive.clip_writer: 編集点準備: 残す区間 2 件 / 想定尺 10.00s (素材 30.00s)
2026-09-17 00:13:14,318 [INFO] src.archive.clip_writer: clip1 prepare 完了 (字幕 2 件 / 実カットなし)
2026-09-17 00:13:14,319 [INFO] src.archive.clip_writer: 編集点準備: 残す区間 2 件 / 想定尺 10.00s (素材 30.00s)
2026-09-17 00:13:14,319 [INFO] src.archive.clip_writer: clip1 prepare 完了 (字幕 2 件 / 実カットなし)
2026-09-17 00:13:14,320 [INFO] src.archive.clip_writer: 編集点準備: 残す区間 2 件 / 想定尺 10.00s (素材 30.00s)
2026-09-17 00:13:14,320 [INFO] src.archive.clip_writer: clip1 prepare 完了 (字幕 2 件 / 実カットなし)
2026-09-17 00:13:14,321 [INFO] src.archive.clip_writer: 編集点準備: 残す区間 2 件 / 想定尺 10.00s (素材 30.00s)
2026-09-17 00:13:14,321 [INFO] src.archive.clip_writer: clip1 prepare 完了 (字幕 2 件 / 実カットなし)
2026-09-17 00:13:14,322 [INFO] src.archive.clip_writer: 編集点準備: 残す区間 2 件 / 想定尺 10.00s (素材 30.00s)
2026-09-17 00:13:14,322 [INFO] src.archive.clip_writer: clip1 prepare 完了 (字幕 0 件 / 実カットなし)
2026-09-17 00:13:14,323 [INFO] src.archive.clip_writer: 編集点準備: 残す区間 2 件 / 想定尺 10.00s (素材 30.00s)
2026-09-17 00:13:14,325 [INFO] src.timeline.project_io: プロジェクト保存: C:\Users\evolu\AppData\Local\Temp\archive_resume_cyppojog\vod.archive.timeline.json
2026-09-17 00:13:14,339 [INFO] src.timeline.project_io: プロジェクト読込: C:\Users\evolu\AppData\Local\Temp\archive_resume_cyppojog\vod.archive.timeline.json
2026-09-17 00:13:14,345 [INFO] src.timeline.project_io: プロジェクト保存: C:\Users\evolu\AppData\Local\Temp\archive_resume_ss05bk4o\vod.archive.timeline.json
2026-09-17 00:13:14,345 [INFO] src.timeline.project_io: プロジェクト保存: C:\Users\evolu\AppData\Local\Temp\archive_resume_ss05bk4o\clip.timeline.json
2026-09-17 00:13:14,345 [INFO] src.archive.project_resume: ==================================================
2026-09-17 00:13:14,345 [INFO] src.archive.project_resume: 保存済みアーカイブプロジェクトから再開: C:\Users\evolu\AppData\Local\Temp\archive_resume_ss05bk4o\clip.timeline.json
2026-09-17 00:13:14,358 [INFO] src.timeline.project_io: プロジェクト読込: C:\Users\evolu\AppData\Local\Temp\archive_resume_ss05bk4o\clip.timeline.json
2026-09-17 00:13:14,364 [INFO] src.timeline.project_io: プロジェクト保存: C:\Users\evolu\AppData\Local\Temp\archive_resume_c605sy0p\vod.archive.timeline.json
2026-09-17 00:13:14,375 [INFO] src.timeline.project_io: プロジェクト読込: C:\Users\evolu\AppData\Local\Temp\archive_resume_c605sy0p\vod.archive.timeline.json
2026-09-17 00:13:14,375 [INFO] src.archive.project_resume: 音声サイドカーが無いため clip1 の正規化をやり直します
2026-09-17 00:13:14,381 [INFO] src.archive.project_resume: 音声サイドカーが無いため clip2 の正規化をやり直します
2026-09-17 00:13:14,383 [INFO] src.timeline.project_io: プロジェクト保存: C:\Users\evolu\AppData\Local\Temp\archive_resume_brn91ta2\vod.archive.timeline.json
2026-09-17 00:13:14,399 [INFO] src.timeline.project_io: プロジェクト読込: C:\Users\evolu\AppData\Local\Temp\archive_resume_brn91ta2\vod.archive.timeline.json
2026-09-17 00:13:14,400 [INFO] src.archive.project_resume: 音声サイドカーが無いため clip1 の正規化をやり直します
2026-09-17 00:13:14,401 [INFO] src.archive.project_resume: 音声サイドカーが無いため clip2 の正規化をやり直します
2026-09-17 00:13:14,402 [INFO] src.timeline.project_io: プロジェクト保存: C:\Users\evolu\AppData\Local\Temp\archive_resume_kv6fn2if\vod.archive.timeline.json
2026-09-17 00:13:14,402 [INFO] src.archive.project_resume: ==================================================
2026-09-17 00:13:14,402 [INFO] src.archive.project_resume: 保存済みアーカイブプロジェクトから再開: C:\Users\evolu\AppData\Local\Temp\archive_resume_kv6fn2if\no_such.timeline.json
2026-09-17 00:13:14,409 [INFO] src.timeline.project_io: プロジェクト保存: C:\Users\evolu\AppData\Local\Temp\archive_resume_7va37gkn\vod.archive.timeline.json
2026-09-17 00:13:14,418 [INFO] src.timeline.project_io: プロジェクト読込: C:\Users\evolu\AppData\Local\Temp\archive_resume_7va37gkn\vod.archive.timeline.json
2026-09-17 00:13:14,428 [INFO] src.timeline.project_io: プロジェクト保存: C:\Users\evolu\AppData\Local\Temp\archive_resume_g0fgbhap\vod.archive.timeline.json
2026-09-17 00:13:14,434 [INFO] src.timeline.project_io: プロジェクト読込: C:\Users\evolu\AppData\Local\Temp\archive_resume_g0fgbhap\vod.archive.timeline.json
2026-09-17 00:13:14,434 [INFO] src.archive.project_resume: 設定に従い切り出したままの音量で使います: clip1
2026-09-17 00:13:14,443 [INFO] src.archive.project_resume: 設定に従い切り出したままの音量で使います: clip2
2026-09-17 00:13:14,443 [WARNING] src.timeline.media_sidecar: 音声サイドカーの尺が保存値と合いません (100.00s / 期待 103.00s) → 使いません
2026-09-17 00:13:14,443 [INFO] src.archive.timeline_builder: アーカイブ Timeline 構築: 2 クリップ / V1 2 本 / S1 0 件 / 全長 200.0s
2026-09-17 00:13:14,443 [INFO] src.archive.timeline_builder: セクション追加: clip3 を 200.00s へ挿入 (VOD 900.0-950.0 / 尺 50.00s)
2026-09-17 00:13:14,443 [INFO] src.archive.timeline_builder: アーカイブ Timeline 構築: 2 クリップ / V1 2 本 / S1 0 件 / 全長 200.0s
2026-09-17 00:13:14,443 [INFO] src.timeline.commands: 貼り付けの割り込み: V1 の 0.000s へ 50.00s を確保 / 移動 2 件・分割 0 件・切詰 0 件
2026-09-17 00:13:14,443 [INFO] src.timeline.commands: 貼り付けの割り込み: S1 の 0.000s へ 50.00s を確保 / 移動 0 件・分割 0 件・切詰 0 件
2026-09-17 00:13:14,443 [INFO] src.archive.timeline_builder: セクション追加: clip3 を 0.00s へ挿入 (VOD 0.0-50.0 / 尺 50.00s)
2026-09-17 00:13:14,443 [INFO] src.archive.timeline_builder: アーカイブ Timeline 構築: 2 クリップ / V1 2 本 / S1 0 件 / 全長 200.0s
2026-09-17 00:13:14,443 [INFO] src.timeline.commands: 貼り付けの割り込み: V1 の 100.000s へ 50.00s を確保 / 移動 1 件・分割 0 件・切詰 0 件
2026-09-17 00:13:14,443 [INFO] src.timeline.commands: 貼り付けの割り込み: S1 の 100.000s へ 50.00s を確保 / 移動 0 件・分割 0 件・切詰 0 件
2026-09-17 00:13:14,443 [INFO] src.archive.timeline_builder: セクション追加: clip3 を 100.00s へ挿入 (VOD 250.0-300.0 / 尺 50.00s)
2026-09-17 00:13:14,443 [INFO] src.archive.timeline_builder: アーカイブ Timeline 構築: 3 クリップ / V1 3 本 / S1 0 件 / 全長 300.0s
2026-09-17 00:13:14,443 [INFO] src.timeline.commands: 貼り付けの割り込み: V1 の 100.000s へ 50.00s を確保 / 移動 2 件・分割 0 件・切詰 0 件
2026-09-17 00:13:14,443 [INFO] src.timeline.commands: 貼り付けの割り込み: S1 の 100.000s へ 50.00s を確保 / 移動 0 件・分割 0 件・切詰 0 件
2026-09-17 00:13:14,443 [INFO] src.archive.timeline_builder: セクション追加: clip4 を 100.00s へ挿入 (VOD 250.0-300.0 / 尺 50.00s)
2026-09-17 00:13:14,443 [INFO] src.timeline.commands: 貼り付けの割り込み: V1 の 0.000s へ 50.00s を確保 / 移動 4 件・分割 0 件・切詰 0 件
2026-09-17 00:13:14,443 [INFO] src.timeline.commands: 貼り付けの割り込み: S1 の 0.000s へ 50.00s を確保 / 移動 0 件・分割 0 件・切詰 0 件
2026-09-17 00:13:14,443 [INFO] src.archive.timeline_builder: セクション追加: clip5 を 0.00s へ挿入 (VOD 0.0-50.0 / 尺 50.00s)
2026-09-17 00:13:14,443 [INFO] src.archive.timeline_builder: セクション追加: clip6 を 400.00s へ挿入 (VOD 900.0-950.0 / 尺 50.00s)
2026-09-17 00:13:14,443 [INFO] src.archive.timeline_builder: アーカイブ Timeline 構築: 1 クリップ / V1 1 本 / S1 0 件 / 全長 100.0s
2026-09-17 00:13:14,443 [INFO] src.archive.timeline_builder: セクション追加: clip2 を 100.00s へ挿入 (VOD 300.0-400.0 / 尺 100.00s)
2026-09-17 00:13:14,443 [INFO] src.archive.timeline_builder: アーカイブ Timeline 構築: 3 クリップ / V1 3 本 / S1 0 件 / 全長 300.0s
2026-09-17 00:13:14,443 [INFO] src.timeline.commands: 貼り付けの割り込み: V1 の 100.000s へ 50.00s を確保 / 移動 2 件・分割 0 件・切詰 0 件
2026-09-17 00:13:14,443 [INFO] src.timeline.commands: 貼り付けの割り込み: S1 の 100.000s へ 50.00s を確保 / 移動 0 件・分割 0 件・切詰 0 件
2026-09-17 00:13:14,443 [INFO] src.archive.timeline_builder: セクション追加: clip4 を 100.00s へ挿入 (VOD 250.0-300.0 / 尺 50.00s)
2026-09-17 00:13:14,443 [INFO] src.archive.timeline_builder: アーカイブ Timeline 構築: 2 クリップ / V1 2 本 / S1 0 件 / 全長 200.0s
2026-09-17 00:13:14,443 [INFO] src.archive.timeline_builder: セクション追加: clip3 を 200.00s へ挿入 (VOD 900.0-950.0 / 尺 50.00s)
2026-09-17 00:13:14,443 [INFO] src.archive.timeline_builder: アーカイブ Timeline 構築: 2 クリップ / V1 2 本 / S1 0 件 / 全長 200.0s
2026-09-17 00:13:14,443 [INFO] src.archive.timeline_builder: アーカイブ Timeline 構築: 1 クリップ / V1 1 本 / S1 0 件 / 全長 100.0s
2026-09-17 00:13:14,443 [INFO] src.archive.timeline_builder: セクション追加: clip2 を 100.00s へ挿入 (VOD 450.0-600.0 / 尺 150.00s)
2026-09-17 00:13:14,443 [INFO] src.archive.timeline_builder: アーカイブ Timeline 構築: 2 クリップ / V1 2 本 / S1 0 件 / 全長 200.0s
2026-09-17 00:13:14,443 [INFO] src.archive.timeline_builder: セクション追加: clip3 を 200.00s へ挿入 (VOD 500.0-600.0 / 尺 100.00s)
2026-09-17 00:13:14,443 [INFO] src.archive.timeline_builder: セクション統合: clip2 へ 1 件を畳み込み (VOD 400.0-600.0)
2026-09-17 00:13:14,443 [INFO] src.archive.timeline_builder: アーカイブ Timeline 構築: 2 クリップ / V1 2 本 / S1 0 件 / 全長 200.0s
2026-09-17 00:13:14,443 [INFO] src.archive.timeline_builder: セクション追加: clip3 を 200.00s へ挿入 (VOD 500.0-600.0 / 尺 100.00s)
2026-09-17 00:13:14,443 [INFO] src.archive.timeline_builder: セクション統合: clip2 へ 1 件を畳み込み (VOD 400.0-600.0)
2026-09-17 00:13:14,443 [INFO] src.archive.timeline_builder: アーカイブ Timeline 構築: 3 クリップ / V1 3 本 / S1 0 件 / 全長 300.0s
2026-09-17 00:13:14,443 [INFO] src.timeline.commands: 貼り付けの割り込み: V1 の 200.000s へ 100.00s を確保 / 移動 1 件・分割 0 件・切詰 0 件
2026-09-17 00:13:14,443 [INFO] src.timeline.commands: 貼り付けの割り込み: S1 の 200.000s へ 100.00s を確保 / 移動 0 件・分割 0 件・切詰 0 件
2026-09-17 00:13:14,443 [INFO] src.archive.timeline_builder: セクション追加: clip4 を 200.00s へ挿入 (VOD 500.0-600.0 / 尺 100.00s)
2026-09-17 00:13:14,443 [INFO] src.archive.timeline_builder: セクション統合: clip2 へ 1 件を畳み込み (VOD 400.0-600.0)
2026-09-17 00:13:14,443 [INFO] src.archive.timeline_builder: アーカイブ Timeline 構築: 3 クリップ / V1 3 本 / S1 0 件 / 全長 300.0s
2026-09-17 00:13:14,443 [INFO] src.timeline.commands: 貼り付けの割り込み: V1 の 100.000s へ 200.00s を確保 / 移動 2 件・分割 0 件・切詰 0 件
2026-09-17 00:13:14,443 [INFO] src.timeline.commands: 貼り付けの割り込み: S1 の 100.000s へ 200.00s を確保 / 移動 0 件・分割 0 件・切詰 0 件
2026-09-17 00:13:14,443 [INFO] src.archive.timeline_builder: セクション追加: clip4 を 100.00s へ挿入 (VOD 200.0-400.0 / 尺 200.00s)
2026-09-17 00:13:14,443 [INFO] src.timeline.commands: 貼り付けの割り込み: V1 の 400.000s へ 200.00s を確保 / 移動 1 件・分割 0 件・切詰 0 件
2026-09-17 00:13:14,443 [INFO] src.timeline.commands: 貼り付けの割り込み: S1 の 400.000s へ 200.00s を確保 / 移動 0 件・分割 0 件・切詰 0 件
2026-09-17 00:13:14,443 [INFO] src.archive.timeline_builder: セクション追加: clip5 を 400.00s へ挿入 (VOD 500.0-700.0 / 尺 200.00s)
2026-09-17 00:13:14,443 [INFO] src.archive.timeline_builder: セクション統合: clip1 へ 4 件を畳み込み (VOD 100.0-800.0)
2026-09-17 00:13:14,443 [INFO] src.archive.timeline_builder: アーカイブ Timeline 構築: 1 クリップ / V1 1 本 / S1 0 件 / 全長 100.0s
2026-09-17 00:13:14,443 [INFO] src.archive.timeline_builder: セクション追加: clip2 を 100.00s へ挿入 (VOD 200.0-300.0 / 尺 100.00s)
2026-09-17 00:13:14,443 [INFO] src.archive.timeline_builder: セクション統合: clip1 へ 1 件を畳み込み (VOD 100.0-300.0)
2026-09-17 00:13:14,443 [INFO] src.archive.timeline_builder: アーカイブ Timeline 構築: 2 クリップ / V1 2 本 / S1 0 件 / 全長 200.0s
2026-09-17 00:13:14,443 [INFO] src.timeline.commands: 貼り付けの割り込み: V1 の 100.000s へ 50.00s を確保 / 移動 1 件・分割 0 件・切詰 0 件
2026-09-17 00:13:14,443 [INFO] src.timeline.commands: 貼り付けの割り込み: S1 の 100.000s へ 50.00s を確保 / 移動 0 件・分割 0 件・切詰 0 件
2026-09-17 00:13:14,443 [INFO] src.archive.timeline_builder: セクション追加: clip3 を 100.00s へ挿入 (VOD 250.0-300.0 / 尺 50.00s)
2026-09-17 00:13:14,443 [INFO] src.archive.timeline_builder: アーカイブ Timeline 構築: 2 クリップ / V1 2 本 / S1 0 件 / 全長 200.0s
2026-09-17 00:13:14,443 [INFO] src.archive.timeline_builder: セクション追加: clip3 を 200.00s へ挿入 (VOD 500.0-600.0 / 尺 100.00s)
2026-09-17 00:13:14,443 [INFO] src.archive.timeline_builder: セクション統合: clip2 へ 1 件を畳み込み (VOD 400.0-600.0)
2026-09-17 00:13:14,450 [INFO] src.archive.timeline_builder: アーカイブ Timeline 構築: 3 クリップ / V1 3 本 / S1 0 件 / 全長 300.0s
2026-09-17 00:13:14,450 [INFO] src.timeline.commands: 貼り付けの割り込み: V1 の 100.000s へ 50.00s を確保 / 移動 2 件・分割 0 件・切詰 0 件
2026-09-17 00:13:14,450 [INFO] src.timeline.commands: 貼り付けの割り込み: S1 の 100.000s へ 50.00s を確保 / 移動 0 件・分割 0 件・切詰 0 件
2026-09-17 00:13:14,450 [INFO] src.archive.timeline_builder: セクション追加: clip4 を 100.00s へ挿入 (VOD 250.0-300.0 / 尺 50.00s)
2026-09-17 00:13:14,450 [INFO] src.archive.timeline_builder: アーカイブ Timeline 構築: 1 クリップ / V1 1 本 / S1 0 件 / 全長 30.0s
2026-09-17 00:13:14,450 [INFO] src.archive.timeline_builder: アーカイブ Timeline 構築: 1 クリップ / V1 1 本 / S1 0 件 / 全長 30.0s
2026-09-17 00:13:14,450 [INFO] src.archive.timeline_builder: アーカイブ Timeline 構築: 1 クリップ / V1 1 本 / S1 0 件 / 全長 30.0s
2026-09-17 00:13:14,450 [INFO] src.archive.timeline_builder: アーカイブ Timeline 構築: 1 クリップ / V1 1 本 / S1 0 件 / 全長 30.0s
2026-09-17 00:13:14,450 [INFO] src.archive.timeline_builder: アーカイブ Timeline 構築: 1 クリップ / V1 1 本 / S1 0 件 / 全長 30.0s
2026-09-17 00:13:14,450 [INFO] src.archive.timeline_builder: アーカイブ Timeline 構築: 3 クリップ / V1 6 本 / S1 6 件 / 全長 30.0s
2026-09-17 00:13:14,450 [INFO] src.archive.timeline_builder: アーカイブ Timeline 構築: 3 クリップ / V1 6 本 / S1 6 件 / 全長 30.0s
2026-09-17 00:13:14,450 [INFO] src.archive.timeline_builder: アーカイブ Timeline 構築: 3 クリップ / V1 6 本 / S1 6 件 / 全長 30.0s
2026-09-17 00:13:14,452 [INFO] src.archive.timeline_builder: アーカイブ Timeline 構築: 3 クリップ / V1 6 本 / S1 6 件 / 全長 30.0s
2026-09-17 00:13:14,452 [INFO] src.archive.timeline_builder: アーカイブ Timeline 構築: 3 クリップ / V1 6 本 / S1 6 件 / 全長 30.0s
2026-09-17 00:13:14,452 [INFO] src.archive.timeline_builder: アーカイブ Timeline 構築: 3 クリップ / V1 6 本 / S1 6 件 / 全長 30.0s
2026-09-17 00:13:14,452 [INFO] src.archive.timeline_builder: アーカイブ Timeline 構築: 3 クリップ / V1 6 本 / S1 6 件 / 全長 30.0s
2026-09-17 00:13:14,452 [INFO] src.archive.timeline_builder: アーカイブ Timeline 構築: 3 クリップ / V1 6 本 / S1 6 件 / 全長 30.0s
2026-09-17 00:13:14,452 [INFO] src.archive.timeline_builder: アーカイブ Timeline 構築: 3 クリップ / V1 6 本 / S1 6 件 / 全長 30.0s
2026-09-17 00:13:14,452 [INFO] src.archive.timeline_builder: アーカイブ Timeline 構築: 1 クリップ / V1 1 本 / S1 2 件 / 全長 30.0s
2026-09-17 00:13:14,452 [INFO] src.archive.timeline_builder: clip1: クリップ終端で打ち切った字幕 1 件 / 載せなかった字幕 0 件
2026-09-17 00:13:14,452 [INFO] src.archive.timeline_builder: clip2: クリップ終端で打ち切った字幕 1 件 / 載せなかった字幕 0 件
2026-09-17 00:13:14,452 [INFO] src.archive.timeline_builder: clip3: クリップ終端で打ち切った字幕 1 件 / 載せなかった字幕 0 件
2026-09-17 00:13:14,452 [INFO] src.archive.timeline_builder: アーカイブ Timeline 構築: 3 クリップ / V1 6 本 / S1 3 件 / 全長 30.0s
2026-09-17 00:13:14,452 [INFO] src.archive.timeline_builder: clip1: クリップ終端で打ち切った字幕 1 件 / 載せなかった字幕 0 件
2026-09-17 00:13:14,452 [INFO] src.archive.timeline_builder: アーカイブ Timeline 構築: 2 クリップ / V1 4 本 / S1 3 件 / 全長 20.0s
2026-09-17 00:13:14,452 [INFO] src.archive.timeline_builder: clip1: クリップ終端で打ち切った字幕 1 件 / 載せなかった字幕 1 件
2026-09-17 00:13:14,452 [INFO] src.archive.timeline_builder: アーカイブ Timeline 構築: 2 クリップ / V1 4 本 / S1 2 件 / 全長 20.0s
2026-09-17 00:13:14,454 [INFO] src.archive.timeline_builder: clip1: クリップ終端で打ち切った字幕 1 件 / 載せなかった字幕 0 件
2026-09-17 00:13:14,454 [INFO] src.archive.timeline_builder: clip2: クリップ終端で打ち切った字幕 1 件 / 載せなかった字幕 0 件
2026-09-17 00:13:14,454 [INFO] src.archive.timeline_builder: アーカイブ Timeline 構築: 2 クリップ / V1 4 本 / S1 2 件 / 全長 20.0s
2026-09-17 00:13:14,454 [INFO] src.archive.timeline_builder: アーカイブ Timeline 構築: 3 クリップ / V1 6 本 / S1 6 件 / 全長 30.0s
2026-09-17 00:13:14,454 [INFO] src.archive.timeline_builder: アーカイブ Timeline 構築: 3 クリップ / V1 6 本 / S1 6 件 / 全長 30.0s
2026-09-17 00:13:14,454 [INFO] src.archive.timeline_builder: アーカイブ Timeline 構築: 3 クリップ / V1 6 本 / S1 6 件 / 全長 30.0s
2026-09-17 00:13:14,454 [INFO] src.archive.timeline_builder: アーカイブ Timeline 構築: 3 クリップ / V1 6 本 / S1 6 件 / 全長 30.0s
2026-09-17 00:13:14,454 [INFO] src.archive.timeline_builder: アーカイブ Timeline 構築: 3 クリップ / V1 6 本 / S1 6 件 / 全長 30.0s
2026-09-17 00:13:14,454 [INFO] src.archive.timeline_builder: アーカイブ Timeline 構築: 3 クリップ / V1 6 本 / S1 6 件 / 全長 30.0s
2026-09-17 00:13:14,454 [INFO] src.archive.timeline_builder: アーカイブ Timeline 構築: 3 クリップ / V1 6 本 / S1 6 件 / 全長 30.0s
2026-09-17 00:13:14,454 [INFO] src.archive.timeline_builder: clip2 は使用しないため書き出しから除外します
2026-09-17 00:13:14,454 [INFO] src.archive.timeline_builder: アーカイブ Timeline 構築: 3 クリップ / V1 6 本 / S1 6 件 / 全長 30.0s
2026-09-17 00:13:14,456 [INFO] src.archive.timeline_builder: アーカイブ Timeline 構築: 3 クリップ / V1 6 本 / S1 6 件 / 全長 30.0s
2026-09-17 00:13:14,456 [INFO] src.archive.timeline_builder: アーカイブ Timeline 構築: 3 クリップ / V1 6 本 / S1 6 件 / 全長 30.0s
2026-09-17 00:13:14,456 [INFO] src.archive.timeline_builder: アーカイブ Timeline 構築: 3 クリップ / V1 6 本 / S1 6 件 / 全長 30.0s
2026-09-17 00:13:14,456 [INFO] src.archive.timeline_builder: アーカイブ Timeline 構築: 3 クリップ / V1 6 本 / S1 6 件 / 全長 30.0s
2026-09-17 00:13:14,456 [INFO] src.archive.timeline_builder: アーカイブ Timeline 構築: 3 クリップ / V1 6 本 / S1 6 件 / 全長 30.0s
2026-09-17 00:13:14,456 [WARNING] src.blur.config: 未知の blur.default_policy のため既定を使用します: なにか変な値
2026-09-17 00:13:14,456 [WARNING] src.blur.config: 未知の blur.render.mode のため既定を使用します: unknown
2026-09-17 00:13:14,594 [INFO] src.blur.tracker: 人物クラスタリング: tracklet 2 本 → 人物 2 人 (主役 p1)
2026-09-17 00:13:14,594 [INFO] src.blur.tracker: 人物クラスタリング: tracklet 2 本 → 人物 1 人 (主役 p1)
2026-09-17 00:13:14,594 [INFO] src.blur.tracker: 人物クラスタリング: tracklet 2 本 → 人物 2 人 (主役 p1)
2026-09-17 00:13:14,597 [WARNING] src.modules.blur_overlay: ぼかしマスクが見つからないため、ぼかしを省略します: 
2026-09-17 00:13:14,604 [INFO] src.blur.mask_builder: ぼかしマスク: 1200 フレーム / 480x270 / 対象 1 件
2026-09-17 00:13:15,231 [INFO] src.blur.mask_builder: ぼかしマスクを書き出しました: mask.mkv (0.4 MB)
2026-09-17 00:13:15,238 [INFO] src.blur.mask_builder: ぼかしマスク: 1200 フレーム / 480x270 / 対象 1 件
2026-09-17 00:13:15,829 [INFO] src.blur.mask_builder: ぼかしマスクを書き出しました: mask.mkv (0.4 MB)
2026-09-17 00:13:15,933 [INFO] src.blur.mask_builder: ぼかす対象が無いためマスクを作りません
2026-09-17 00:13:15,933 [INFO] src.blur.mask_builder: ぼかしマスク: 1200 フレーム / 270x480 / 対象 1 件
2026-09-17 00:13:16,537 [INFO] src.blur.mask_builder: ぼかしマスクを書き出しました: mask.mkv (0.4 MB)
2026-09-17 00:13:16,553 [INFO] src.timeline.renderer: ベース映像構築: 1 クリップ / ギャップ 0 件 / 合計 5.0s
2026-09-17 00:13:16,559 [INFO] src.timeline.renderer: ベース映像の尺: モデル 5.000s / 実測 5.000s (差 +0.000s / 1 部品)
2026-09-17 00:13:16,559 [INFO] src.timeline.renderer: 字幕焼き込み: 1 件
2026-09-17 00:13:16,568 [INFO] src.timeline.renderer: ベース映像構築: 1 クリップ / ギャップ 0 件 / 合計 5.0s
2026-09-17 00:13:16,570 [INFO] src.timeline.renderer: ベース映像の尺: モデル 5.000s / 実測 5.000s (差 +0.000s / 1 部品)
2026-09-17 00:13:16,570 [INFO] src.timeline.renderer: 字幕焼き込み: 1 件
2026-09-17 00:13:16,575 [INFO] src.timeline.renderer: ベース映像構築: 1 クリップ / ギャップ 0 件 / 合計 5.0s
2026-09-17 00:13:16,575 [INFO] src.timeline.renderer: ベース映像の尺: モデル 5.000s / 実測 5.000s (差 +0.000s / 1 部品)
2026-09-17 00:13:16,575 [INFO] src.timeline.renderer: オーバーレイ・字幕が無いため合成をスキップします
2026-09-17 00:13:16,575 [INFO] src.modules.blur_overlay: ぼかしを焼き込みます: blur_applied.mp4
2026-09-17 00:13:16,575 [INFO] src.timeline.renderer: ベース映像構築: 1 クリップ / ギャップ 0 件 / 合計 5.0s
2026-09-17 00:13:16,585 [INFO] src.timeline.renderer: ベース映像の尺: モデル 5.000s / 実測 5.000s (差 +0.000s / 1 部品)
2026-09-17 00:13:16,585 [INFO] src.timeline.renderer: オーバーレイ・字幕が無いため合成をスキップします
2026-09-17 00:13:16,587 [INFO] src.modules.blur_overlay: ぼかしを焼き込みます: blur_applied.mp4
2026-09-17 00:13:16,589 [INFO] src.timeline.renderer: ベース映像構築: 1 クリップ / ギャップ 0 件 / 合計 5.0s
2026-09-17 00:13:16,592 [INFO] src.timeline.renderer: ベース映像の尺: モデル 5.000s / 実測 5.000s (差 +0.000s / 1 部品)
2026-09-17 00:13:16,592 [INFO] src.timeline.renderer: 字幕焼き込み: 1 件
2026-09-17 00:13:16,596 [INFO] src.timeline.renderer: ベース映像構築: 1 クリップ / ギャップ 0 件 / 合計 5.0s
2026-09-17 00:13:16,599 [INFO] src.timeline.renderer: ベース映像の尺: モデル 5.000s / 実測 5.000s (差 +0.000s / 1 部品)
2026-09-17 00:13:16,599 [ERROR] src.blur.mask_builder: ぼかしの解析結果が見つからないためマスクを作れません: C:\Users\evolu\AppData\Local\Temp\tmp1sua36m3\timeline.blur.json
2026-09-17 00:13:16,600 [INFO] src.timeline.renderer: ベース映像構築: 1 クリップ / ギャップ 0 件 / 合計 5.0s
2026-09-17 00:13:16,602 [INFO] src.timeline.renderer: ベース映像の尺: モデル 5.000s / 実測 5.000s (差 +0.000s / 1 部品)
2026-09-17 00:13:16,602 [ERROR] src.blur.mask_builder: ぼかしの解析結果が見つからないためマスクを作れません: C:\Users\evolu\AppData\Local\Temp\tmppn12sznv\timeline.blur.json
2026-09-17 00:13:16,602 [INFO] src.timeline.renderer: ベース映像構築: 1 クリップ / ギャップ 0 件 / 合計 5.0s
2026-09-17 00:13:16,606 [INFO] src.timeline.renderer: ベース映像の尺: モデル 5.000s / 実測 5.000s (差 +0.000s / 1 部品)
2026-09-17 00:13:16,606 [ERROR] src.blur.mask_builder: ぼかしの解析結果が見つからないためマスクを作れません: C:\Users\evolu\AppData\Local\Temp\tmpvkqlytkq\timeline.blur.json
2026-09-17 00:13:16,606 [WARNING] src.timeline.renderer: 利用者の指示により、ぼかしを入れずに出力します
2026-09-17 00:13:16,606 [INFO] src.timeline.renderer: オーバーレイ・字幕が無いため合成をスキップします
2026-09-17 00:13:16,609 [INFO] src.timeline.renderer: 中間形式を最終形式へ変換: .mov → mp4 (音声のみ再エンコード)
2026-09-17 00:13:16,610 [INFO] src.timeline.renderer: ベース映像構築: 1 クリップ / ギャップ 0 件 / 合計 5.0s
2026-09-17 00:13:16,613 [INFO] src.timeline.renderer: ベース映像の尺: モデル 5.000s / 実測 5.000s (差 +0.000s / 1 部品)
2026-09-17 00:13:16,613 [INFO] src.timeline.renderer: オーバーレイ・字幕が無いため合成をスキップします
2026-09-17 00:13:16,616 [INFO] src.timeline.renderer: 中間形式を最終形式へ変換: .mov → mp4 (音声のみ再エンコード)
2026-09-17 00:13:17,673 [INFO] src.modules.subtitle_generator: 縦動画のため字幕設定を縦用へ上書き (font/改行/配置/余白)
2026-09-17 00:13:17,673 [WARNING] src.modules.comment_decor: コメント背景がキャンバスに収まらないため詰めました (推定幅 1181px / 使える幅 1080px)。font_size か max_line_length を下げると解消します
2026-09-17 00:13:17,673 [INFO] src.modules.comment_decor: コメントアイコン: 2 件 / 位置 2 種類
2026-09-17 00:13:17,673 [INFO] src.modules.comment_decor: コメントアイコン: 2 件 / 位置 1 種類
2026-09-17 00:13:17,673 [INFO] src.modules.comment_decor: コメントアイコン: 1 件 / 位置 1 種類
2026-09-17 00:13:17,673 [INFO] src.modules.subtitle_generator: 縦動画のため字幕設定を縦用へ上書き (font/改行/配置/余白)
2026-09-17 00:13:17,673 [WARNING] src.modules.comment_decor: コメントアイコンがキャンバスに収まらないため位置を詰めました (要求 x=-190.0 y=465.0 → x=0.0 y=465.0)。subtitle.comment_margin_l を大きくすると解消します
2026-09-17 00:13:17,673 [INFO] src.modules.subtitle_generator: コメント背景: 1 件
2026-09-17 00:13:17,693 [WARNING] src.modules.subtitle_generator: コメントの Layer が逆転しているため本文を 6 へ引き上げます (背景=5 / 本文=1)
2026-09-17 00:13:17,695 [INFO] src.modules.subtitle_generator: コメント背景: 1 件
2026-09-17 00:13:17,728 [WARNING] src.modules.subtitle_generator: コメントの配置は左寄せ (1/4/7) のみ対応のため 4 を使用します: 2
2026-09-17 00:13:17,731 [INFO] src.modules.subtitle_generator: 縦動画のため字幕設定を縦用へ上書き (font/改行/配置/余白)
2026-09-17 00:13:17,731 [WARNING] src.export.fcpxml_builder: タイムライン終端を超える字幕をクリップ末尾へクランプしました (丸め誤差の端数など)。
2026-09-17 00:13:17,749 [INFO] src.modules.loudness_normalizer: 入力ラウドネス: I=-9.2 LUFS / TP=-0.3 dBTP / LRA=5.1 LU → 目標 I=-14.0 LUFS / TP=-1.0 dBTP (offset 0.4 dB)
2026-09-17 00:13:17,749 [ERROR] src.modules.loudness_normalizer: ラウドネス正規化の適用に失敗 (元音声のまま継続): in.mp4
Traceback (most recent call last):
  File "D:\develop\autoedit\src\modules\loudness_normalizer.py", line 219, in normalize_file
    ffmpeg_runner.execute(
  File "C:\Users\evolu\AppData\Local\Programs\Python\Python312\Lib\unittest\mock.py", line 1139, in __call__
    return self._mock_call(*args, **kwargs)
           ^^^^^^^^^^^^^^^^^^^^^^^^^^^^^^^^
  File "C:\Users\evolu\AppData\Local\Programs\Python\Python312\Lib\unittest\mock.py", line 1143, in _mock_call
    return self._execute_mock_call(*args, **kwargs)
           ^^^^^^^^^^^^^^^^^^^^^^^^^^^^^^^^^^^^^^^^
  File "C:\Users\evolu\AppData\Local\Programs\Python\Python312\Lib\unittest\mock.py", line 1198, in _execute_mock_call
    raise effect
src.exceptions.FFmpegError: 失敗
2026-09-17 00:13:17,762 [INFO] src.modules.loudness_normalizer: ラウドネス正規化は無効のためスキップ
2026-09-17 00:13:17,762 [WARNING] src.modules.loudness_normalizer: ラウドネス測定に失敗したため正規化をスキップ (元音声のまま継続): in.mp4
2026-09-17 00:13:17,762 [INFO] src.modules.loudness_normalizer: 音声ストリームが無いためラウドネス正規化をスキップ: in.mp4
2026-09-17 00:13:17,774 [INFO] src.modules.loudness_normalizer: ラウドネス正規化 完了: out.mp4
2026-09-17 00:13:17,774 [INFO] src.modules.loudness_normalizer: 入力ラウドネス: I=-9.2 LUFS / TP=-0.3 dBTP / LRA=5.1 LU → 目標 I=-14.0 LUFS / TP=-1.0 dBTP (offset 0.4 dB)
2026-09-17 00:13:17,778 [INFO] src.modules.loudness_normalizer: ラウドネス正規化 完了: out.mp4
2026-09-17 00:13:17,778 [INFO] src.timeline.media_recovery: 本編素材を元動画から作り直します: C:\Users\evolu\AppData\Local\Temp\media_recovery_test_xx0c22zm\sample.mp4
2026-09-17 00:13:17,778 [WARNING] src.timeline.media_recovery: 素材が見つかりません: m2 (C:\Users\evolu\AppData\Local\Temp\media_recovery_test_kfiskc8s\gone.png)
2026-09-17 00:13:17,789 [INFO] src.timeline.media_recovery: 素材を差し替え済みのフォルダで見つけました: m3 → C:\Users\evolu\AppData\Local\Temp\media_recovery_test_olni2rig\moved\logo2.png
2026-09-17 00:13:17,789 [INFO] src.timeline.media_recovery: 本編素材を元動画から作り直します: C:\Users\evolu\AppData\Local\Temp\media_recovery_test_ni4p691i\sample.mp4
2026-09-17 00:13:17,791 [WARNING] src.timeline.media_recovery: 元動画が見つからないため本編素材を復旧できません: C:\Users\evolu\AppData\Local\Temp\media_recovery_test_1ysnz8q9\no_such_input.mp4
2026-09-17 00:13:17,791 [WARNING] src.timeline.media_recovery: 素材が見つかりません: m1 (C:\Users\evolu\AppData\Local\Temp\media_recovery_test_1ysnz8q9\work\loudness_normalized.mp4)
2026-09-17 00:13:17,791 [INFO] src.timeline.media_recovery: 本編素材は元動画そのものだったため、そのまま使います: C:\Users\evolu\AppData\Local\Temp\media_recovery_test_wk664_rt\sample.mp4
2026-09-17 00:13:17,793 [INFO] src.timeline.media_recovery: 素材を相対パスで見つけました: m2 → C:\Users\evolu\AppData\Local\Temp\media_recovery_test_oprum3a3\assets\logo.png
2026-09-17 00:13:17,795 [INFO] src.timeline.media_recovery: 設定に従い元動画をそのまま使います (音量は正規化前): C:\Users\evolu\AppData\Local\Temp\media_recovery_test_oxioz2xp\sample.mp4
2026-09-17 00:13:17,796 [INFO] src.services.points: ポイントを予約しました: clip/video 25pt (watermark=False)
2026-09-17 00:13:17,796 [WARNING] src.services.points: ポイント残高を取得できませんでした: 断
2026-09-17 00:13:17,797 [INFO] src.services.points: ポイントを予約しました: clip/video 25pt (watermark=False)
2026-09-17 00:13:17,797 [WARNING] src.services.points: ポイントのcommitを送信できませんでした (再送します): 接続できません
2026-09-17 00:13:17,809 [INFO] src.services.points: ポイントを予約しました: clip/video 25pt (watermark=False)
2026-09-17 00:13:17,822 [WARNING] src.services.points: ポイントのcommitを送信できませんでした (再送します): 断
2026-09-17 00:13:17,826 [INFO] src.services.points: 保留していたポイント処理を 2 件送信しました。
2026-09-17 00:13:17,826 [WARNING] src.services.points: ポイントを予約できませんでした: 再ログインが必要です。
2026-09-17 00:13:17,838 [INFO] src.services.points: ポイントを予約しました: clip/video 25pt (watermark=False)
2026-09-17 00:13:17,838 [WARNING] src.services.points: ポイントのcancelが拒否されました: 確定済み
2026-09-17 00:13:17,838 [INFO] src.services.points: 保留していたポイント処理を 1 件送信しました。
2026-09-17 00:13:17,840 [INFO] src.services.points: ポイントを予約しました: clip/video 25pt (watermark=False)
2026-09-17 00:13:17,841 [INFO] src.services.points: サブスク判定のキャッシュが古いため watermark を入れます。
2026-09-17 00:13:17,841 [WARNING] src.services.points: ポイントを予約できませんでした (オフライン): 接続できません
2026-09-17 00:13:17,858 [WARNING] src.services.points: ポイントを予約できませんでした (オフライン): 接続できません
2026-09-17 00:13:17,858 [WARNING] src.services.points: ポイントを予約できませんでした (オフライン): 接続できません
2026-09-17 00:13:17,858 [WARNING] src.services.points: ポイントを予約できませんでした: 想定外
2026-09-17 00:13:17,865 [INFO] src.services.points: ポイントを予約しました: clip/resolveProject 0pt (watermark=False)
2026-09-17 00:13:17,876 [INFO] src.services.points: ポイントを予約しました: clip/video 25pt (watermark=False)
2026-09-17 00:13:17,877 [INFO] src.services.points: ポイントを予約しました: archive/video 0pt (watermark=True)
2026-09-17 00:13:17,892 [WARNING] src.timeline.builder: フレーム間引きの設定が不正なため none を使用します: 'all'
2026-09-17 00:13:17,902 [INFO] src.timeline.project_io: プロジェクト保存: C:\Users\evolu\AppData\Local\Temp\library_summary_1f08wbot\vod.archive.timeline.json
2026-09-17 00:13:17,928 [WARNING] src.timeline.project_io: プロジェクトの概要を読めませんでした: C:\Users\evolu\AppData\Local\Temp\library_summary_v6kuloc7\broken.timeline.json
2026-09-17 00:13:17,931 [INFO] src.timeline.project_io: プロジェクト保存: C:\Users\evolu\AppData\Local\Temp\library_summary_mwpxu07u\sample.timeline.json
2026-09-17 00:13:17,944 [INFO] src.timeline.project_io: プロジェクト保存: C:\Users\evolu\AppData\Local\Temp\library_summary_gztyordw\sample.timeline.json
2026-09-17 00:13:17,965 [INFO] src.timeline.project_io: プロジェクト保存: C:\Users\evolu\AppData\Local\Temp\library_rename_cx2gb9wl\old.timeline.json
2026-09-17 00:13:17,968 [INFO] src.timeline.project_io: プロジェクト保存: C:\Users\evolu\AppData\Local\Temp\library_rename_lqcwhwhc\old.timeline.json
2026-09-17 00:13:17,968 [INFO] src.timeline.project_io: プロジェクト保存: C:\Users\evolu\AppData\Local\Temp\library_rename_fc72gdsw\old.timeline.json
2026-09-17 00:13:17,983 [INFO] src.timeline.project_io: プロジェクトを改名しました: old.timeline.json → new.timeline.json
2026-09-17 00:13:17,999 [INFO] src.timeline.project_io: プロジェクト保存: C:\Users\evolu\AppData\Local\Temp\library_rename_45vggqr8\old.timeline.json
2026-09-17 00:13:18,013 [INFO] src.timeline.project_io: プロジェクトを改名しました: old.timeline.json → new.timeline.json
2026-09-17 00:13:18,015 [INFO] src.timeline.project_io: プロジェクト保存: C:\Users\evolu\AppData\Local\Temp\library_rename_0lpo00vn\old.timeline.json
2026-09-17 00:13:18,021 [INFO] src.timeline.project_io: プロジェクトが 5 件見つかりました (新しい 2 件を表示します)
2026-09-17 00:13:18,036 [WARNING] src.export.resolve_export: ソース総尺の取得に失敗 (タイムライン全長で代用): C:\Users\evolu\AppData\Local\Temp\resolve_export_test_0uki8rbz\sample.mp4
2026-09-17 00:13:18,043 [WARNING] src.export.resolve_export: ソース総尺の取得に失敗 (タイムライン全長で代用): C:\Users\evolu\AppData\Local\Temp\resolve_export_test_ekcbxb15\sample.mp4
2026-09-17 00:13:18,047 [WARNING] src.export.resolve_export: ソース総尺の取得に失敗 (タイムライン全長で代用): C:\Users\evolu\AppData\Local\Temp\resolve_export_test_2xvlom4i\sample.mp4
2026-09-17 00:13:18,059 [WARNING] src.export.resolve_export: ソース総尺の取得に失敗 (タイムライン全長で代用): C:\Users\evolu\AppData\Local\Temp\resolve_export_test_92wcsjwj\sample.mp4
2026-09-17 00:13:18,059 [WARNING] src.export.resolve_export: テーマ演出はテキストと区間のみを出力します (ブラー・黒帯などの映像エフェクトは FCPXML で表現できません)。
2026-09-17 00:13:18,059 [WARNING] src.export.resolve_export: 字幕位置は配置(alignment)＋余白からの近似です。Resolve 取り込み時に位置が中央へ戻る場合があります (フォント/サイズ/色は保持)。
2026-09-17 00:13:18,062 [WARNING] src.export.resolve_export: ソース総尺の取得に失敗 (タイムライン全長で代用): C:\Users\evolu\AppData\Local\Temp\resolve_export_test_3hqvcadj\sample.mp4
2026-09-17 00:13:18,075 [WARNING] src.export.resolve_export: ソース総尺の取得に失敗 (タイムライン全長で代用): C:\Users\evolu\AppData\Local\Temp\resolve_export_test_dj85n8pt\sample.mp4
2026-09-17 00:13:18,079 [WARNING] src.export.resolve_export: ソース総尺の取得に失敗 (タイムライン全長で代用): C:\Users\evolu\AppData\Local\Temp\resolve_export_test_8tpycy61\sample.mp4
2026-09-17 00:13:18,091 [WARNING] src.export.resolve_export: ソース総尺の取得に失敗 (タイムライン全長で代用): C:\Users\evolu\AppData\Local\Temp\resolve_export_test_8tpycy61\sample.mp4
2026-09-17 00:13:18,095 [WARNING] src.export.resolve_export: ソース総尺の取得に失敗 (タイムライン全長で代用): C:\Users\evolu\AppData\Local\Temp\resolve_export_test_s60plylk\sample.mp4
2026-09-17 00:13:18,095 [WARNING] src.export.resolve_export: 未対応の字幕出力方式 export.resolve.subtitle.mode=bogus のため caption で出力します
2026-09-17 00:13:18,108 [WARNING] src.export.resolve_export: ソース総尺の取得に失敗 (タイムライン全長で代用): C:\Users\evolu\AppData\Local\Temp\resolve_export_test_yta91z4k\sample.mp4
2026-09-17 00:13:18,113 [WARNING] src.export.resolve_export: ソース総尺の取得に失敗 (タイムライン全長で代用): C:\Users\evolu\AppData\Local\Temp\resolve_export_test_5gsi2jz3\sample.mp4
2026-09-17 00:13:18,123 [WARNING] src.export.resolve_export: ソース総尺の取得に失敗 (タイムライン全長で代用): C:\Users\evolu\AppData\Local\Temp\resolve_export_test_um0imlm7\sample.mp4
2026-09-17 00:13:18,129 [WARNING] src.export.resolve_export: ソース総尺の取得に失敗 (タイムライン全長で代用): C:\Users\evolu\AppData\Local\Temp\resolve_export_test_zvpl1rqf\sample.mp4
2026-09-17 00:13:18,139 [WARNING] src.export.resolve_export: ソース総尺の取得に失敗 (タイムライン全長で代用): C:\Users\evolu\AppData\Local\Temp\resolve_export_test_a0vmag1w\sample.mp4
2026-09-17 00:13:18,146 [WARNING] src.export.resolve_export: ソース総尺の取得に失敗 (タイムライン全長で代用): C:\Users\evolu\AppData\Local\Temp\resolve_export_test_kr4kkxn0\sample.mp4
2026-09-17 00:13:18,156 [WARNING] src.export.resolve_export: ソース総尺の取得に失敗 (タイムライン全長で代用): C:\Users\evolu\AppData\Local\Temp\resolve_export_test_kbk0zlxp\sample.mp4
2026-09-17 00:13:18,165 [WARNING] src.export.resolve_export: ソース総尺の取得に失敗 (タイムライン全長で代用): C:\Users\evolu\AppData\Local\Temp\resolve_export_test_j7m3x7iv\sample.mp4
2026-09-17 00:13:18,172 [WARNING] src.export.resolve_export: ソース総尺の取得に失敗 (タイムライン全長で代用): C:\Users\evolu\AppData\Local\Temp\resolve_export_test_vdmggwdc\sample.mp4
2026-09-17 00:13:18,172 [INFO] src.export.resolve_export: 編集点が無いため全長 1 クリップとして出力します
2026-09-17 00:13:18,180 [WARNING] src.export.resolve_export: ソース総尺の取得に失敗 (タイムライン全長で代用): C:\Users\evolu\AppData\Local\Temp\resolve_export_test_cz8x3nbj\sample.mp4
2026-09-17 00:13:18,180 [INFO] src.export.resolve_export: Resolve 出力開始: C:\Users\evolu\AppData\Local\Temp\resolve_export_test_cz8x3nbj\out2.fcpxml (クリップ 1 件 / 字幕 caption 1 件 / title・テーマ 0 件 / 1920x1080 60fps)
2026-09-17 00:13:18,181 [INFO] src.export.resolve_export: 字幕トラックのスタイルは Resolve の字幕トラックヘッダー選択 → インスペクタ → Track Style で一括設定できます (Resolve 19 以降は Text+ スタイルも指定可)。
2026-09-17 00:13:18,181 [INFO] src.export.resolve_export: Resolve 出力完了: C:\Users\evolu\AppData\Local\Temp\resolve_export_test_cz8x3nbj\out2.fcpxml (タイムライン尺 5.00s)
2026-09-17 00:13:18,190 [WARNING] src.export.resolve_export: ソース総尺の取得に失敗 (タイムライン全長で代用): C:\Users\evolu\AppData\Local\Temp\resolve_export_test_k8jh9xnw\sample.mp4
2026-09-17 00:13:18,190 [INFO] src.export.resolve_export: Resolve 出力開始: C:\Users\evolu\AppData\Local\Temp\resolve_export_test_k8jh9xnw\out3.fcpxml (クリップ 1 件 / 字幕 caption 0 件 / title・テーマ 0 件 / 1920x1080 60fps)
2026-09-17 00:13:18,192 [INFO] src.export.resolve_export: Resolve 出力完了: C:\Users\evolu\AppData\Local\Temp\resolve_export_test_k8jh9xnw\out3.fcpxml (タイムライン尺 5.00s)
2026-09-17 00:13:18,199 [WARNING] src.export.resolve_export: ソース総尺の取得に失敗 (タイムライン全長で代用): C:\Users\evolu\AppData\Local\Temp\resolve_export_test_y48dsdd7\sample.mp4
2026-09-17 00:13:18,199 [INFO] src.export.resolve_export: Resolve 出力開始: C:\Users\evolu\AppData\Local\Temp\resolve_export_test_y48dsdd7\out.fcpxml (クリップ 1 件 / 字幕 caption 1 件 / title・テーマ 0 件 / 1920x1080 60fps)
2026-09-17 00:13:18,204 [INFO] src.export.resolve_export: SRT サイドカー出力: C:\Users\evolu\AppData\Local\Temp\resolve_export_test_y48dsdd7\out.srt (1 件)
2026-09-17 00:13:18,204 [INFO] src.export.resolve_export: Resolve 出力完了: C:\Users\evolu\AppData\Local\Temp\resolve_export_test_y48dsdd7\out.fcpxml / C:\Users\evolu\AppData\Local\Temp\resolve_export_test_y48dsdd7\out.srt (タイムライン尺 5.00s)
2026-09-17 00:13:18,215 [INFO] src.export.resolve_export: Resolve 出力を中止 (上書きしない): C:\Users\evolu\AppData\Local\Temp\resolve_export_test_y48dsdd7\out.fcpxml
2026-09-17 00:13:18,228 [INFO] src.modules.subtitle_generator: 縦動画のため字幕設定を縦用へ上書き (font/改行/配置/余白)
2026-09-17 00:13:18,235 [WARNING] src.services.stretheus_auth: API の日時を解釈できませんでした。
2026-09-17 00:13:18,240 [INFO] src.services.stretheus_auth: Stretheus のログインページを開きます (ポート64761)
2026-09-17 00:13:18,245 [INFO] src.services.stretheus_auth: Stretheus へログインしました。
2026-09-17 00:13:19,296 [INFO] src.services.stretheus_auth: Stretheus のログインページを開きます (ポート64769)
2026-09-17 00:13:19,300 [INFO] src.services.stretheus_auth: Stretheus へログインしました。
2026-09-17 00:13:20,357 [INFO] src.services.stretheus_auth: Stretheus のログインページを開きます (ポート64777)
2026-09-17 00:13:20,357 [INFO] src.services.stretheus_auth: Stretheus へログインしました。
2026-09-17 00:13:20,876 [INFO] src.services.stretheus_auth: Stretheus のログインページを開きます (ポート64782)
2026-09-17 00:13:20,880 [INFO] src.services.stretheus_auth: Stretheus へログインしました。
2026-09-17 00:13:21,396 [INFO] src.services.stretheus_auth: Stretheus のログインページを開きます (ポート64788)
2026-09-17 00:13:21,400 [INFO] src.services.stretheus_auth: Stretheus へログインしました。
2026-09-17 00:13:21,924 [INFO] src.services.stretheus_auth: Stretheus のログインページを開きます (ポート64794)
2026-09-17 00:13:21,950 [INFO] src.services.stretheus_auth: Stretheus へログインしました。
2026-09-17 00:13:22,449 [INFO] src.modules.subtitle_generator: テロップ個別指定 フォント 0 件 / サイズ 0 件 / 文字色 1 件 / 縁の色 0 件
2026-09-17 00:13:22,466 [INFO] src.modules.subtitle_generator: テロップ個別指定 フォント 0 件 / サイズ 0 件 / 文字色 1 件 / 縁の色 0 件
2026-09-17 00:13:22,505 [INFO] src.modules.subtitle_generator: テロップ個別指定 フォント 0 件 / サイズ 0 件 / 文字色 0 件 / 縁の色 1 件
2026-09-17 00:13:22,513 [INFO] src.modules.subtitle_generator: テロップ個別指定 フォント 0 件 / サイズ 0 件 / 文字色 0 件 / 縁の色 1 件
2026-09-17 00:13:22,528 [INFO] src.modules.subtitle_generator: テロップ個別指定 フォント 1 件 / サイズ 1 件 / 文字色 1 件 / 縁の色 1 件
2026-09-17 00:13:22,543 [INFO] src.timeline.commands: コメント用の字幕トラックを作成しました: S2
2026-09-17 00:13:22,544 [INFO] src.timeline.commands: 移動先 S2 が空いていないため役割だけ変更しました: s1
2026-09-17 00:13:22,544 [INFO] src.timeline.commands: コメント用の字幕トラックを作成しました: S2
2026-09-17 00:13:22,544 [INFO] src.timeline.commands: コメント用の字幕トラックを作成しました: S2
2026-09-17 00:13:22,544 [INFO] src.timeline.commands: コメント用の字幕トラックを作成しました: S2
2026-09-17 00:13:22,545 [INFO] src.timeline.project_io: プロジェクト保存: C:\Users\evolu\AppData\Local\Temp\tmpw8p3gwiu\sample.timeline.json
2026-09-17 00:13:22,559 [INFO] src.modules.subtitle_generator: VAD フィルタ有効 (min_silence=500ms, speech_pad=100ms, condition_on_previous_text=False)
2026-09-17 00:13:22,559 [WARNING] src.modules.subtitle_generator: VAD 付き認識に失敗したため VAD 無しで再試行します: VAD の初期化に失敗しました (テスト)
2026-09-17 00:13:22,559 [INFO] src.modules.subtitle_generator: VAD フィルタ有効 (min_silence=800ms, speech_pad=100ms, condition_on_previous_text=False)
2026-09-17 00:13:22,560 [INFO] src.modules.subtitle_generator: VAD フィルタ有効 (min_silence=500ms, speech_pad=100ms, condition_on_previous_text=False)
2026-09-17 00:13:22,560 [INFO] src.timeline.commands: 貼り付けの割り込み: V1 の 5.000s へ 10.00s を確保 / 移動 2 件・分割 1 件・切詰 0 件
2026-09-17 00:13:22,560 [INFO] src.timeline.commands: 貼り付けの割り込み: V2 の 5.000s へ 10.00s を確保 / 移動 2 件・分割 0 件・切詰 0 件
2026-09-17 00:13:22,560 [INFO] src.timeline.commands: 貼り付けの割り込み: S1 の 5.000s へ 10.00s を確保 / 移動 1 件・分割 0 件・切詰 0 件
2026-09-17 00:13:22,560 [INFO] src.timeline.commands: 貼り付けの割り込み: V1 の 5.000s へ 10.00s を確保 / 移動 2 件・分割 1 件・切詰 0 件
2026-09-17 00:13:22,560 [INFO] src.timeline.commands: 貼り付けの割り込み: V2 の 5.000s へ 10.00s を確保 / 移動 2 件・分割 0 件・切詰 0 件
2026-09-17 00:13:22,560 [INFO] src.timeline.commands: 貼り付けの割り込み: S1 の 5.000s へ 10.00s を確保 / 移動 1 件・分割 0 件・切詰 0 件
2026-09-17 00:13:22,560 [INFO] src.timeline.commands: 貼り付けの割り込み: V1 の 5.000s へ 10.00s を確保 / 移動 2 件・分割 1 件・切詰 0 件
2026-09-17 00:13:22,560 [INFO] src.timeline.commands: 貼り付けの割り込み: V2 の 5.000s へ 10.00s を確保 / 移動 2 件・分割 0 件・切詰 0 件
2026-09-17 00:13:22,560 [INFO] src.timeline.commands: 貼り付けの割り込み: S1 の 5.000s へ 10.00s を確保 / 移動 1 件・分割 0 件・切詰 0 件
2026-09-17 00:13:22,560 [INFO] src.timeline.commands: 貼り付けの割り込み: V1 の 5.000s へ 15.00s を確保 / 移動 3 件・分割 0 件・切詰 0 件
2026-09-17 00:13:22,560 [INFO] src.timeline.commands: 貼り付けの割り込み: V2 の 5.000s へ 15.00s を確保 / 移動 2 件・分割 0 件・切詰 0 件
2026-09-17 00:13:22,560 [INFO] src.timeline.commands: 貼り付けの割り込み: S1 の 5.000s へ 15.00s を確保 / 移動 1 件・分割 0 件・切詰 0 件
2026-09-17 00:13:22,560 [INFO] src.timeline.commands: 貼り付けの割り込み: V1 の 10.020s へ 10.02s を確保 / 移動 2 件・分割 0 件・切詰 0 件
2026-09-17 00:13:22,560 [INFO] src.timeline.commands: 貼り付けの割り込み: V2 の 10.020s へ 10.02s を確保 / 移動 1 件・分割 0 件・切詰 0 件
2026-09-17 00:13:22,560 [INFO] src.timeline.commands: 貼り付けの割り込み: S1 の 10.020s へ 10.02s を確保 / 移動 1 件・分割 0 件・切詰 0 件
2026-09-17 00:13:22,560 [INFO] src.timeline.commands: 貼り付けの割り込み: V1 の 19.980s へ 9.98s を確保 / 移動 1 件・分割 0 件・切詰 1 件
2026-09-17 00:13:22,560 [INFO] src.timeline.commands: 貼り付けの割り込み: V2 の 19.980s へ 9.98s を確保 / 移動 1 件・分割 0 件・切詰 0 件
2026-09-17 00:13:22,560 [INFO] src.timeline.commands: 貼り付けの割り込み: S1 の 19.980s へ 9.98s を確保 / 移動 0 件・分割 0 件・切詰 0 件
2026-09-17 00:13:22,560 [WARNING] src.timeline.commands: 素材が見つからないため貼り付けません: D:\develop\autoedit\tests\存在しない素材.mp4
2026-09-17 00:13:22,560 [INFO] src.timeline.commands: 貼り付けの割り込み: V1 の 5.000s へ 10.00s を確保 / 移動 2 件・分割 1 件・切詰 0 件
2026-09-17 00:13:22,560 [INFO] src.timeline.commands: 貼り付けの割り込み: V2 の 5.000s へ 10.00s を確保 / 移動 2 件・分割 0 件・切詰 0 件
2026-09-17 00:13:22,560 [INFO] src.timeline.commands: 貼り付けの割り込み: S1 の 5.000s へ 10.00s を確保 / 移動 1 件・分割 0 件・切詰 0 件
2026-09-17 00:13:22,560 [INFO] src.timeline.commands: 貼り付けの割り込み: V1 の 5.000s へ 10.00s を確保 / 移動 2 件・分割 1 件・切詰 0 件
2026-09-17 00:13:22,560 [INFO] src.timeline.commands: 貼り付けの割り込み: V2 の 5.000s へ 10.00s を確保 / 移動 2 件・分割 0 件・切詰 0 件
2026-09-17 00:13:22,560 [INFO] src.timeline.commands: 貼り付けの割り込み: S1 の 5.000s へ 10.00s を確保 / 移動 1 件・分割 0 件・切詰 0 件
2026-09-17 00:13:22,560 [INFO] src.timeline.commands: 貼り付けの割り込み: V1 の 5.000s へ 10.00s を確保 / 移動 2 件・分割 1 件・切詰 0 件
2026-09-17 00:13:22,560 [INFO] src.timeline.commands: 貼り付けの割り込み: V2 の 5.000s へ 10.00s を確保 / 移動 2 件・分割 0 件・切詰 0 件
2026-09-17 00:13:22,560 [INFO] src.timeline.commands: 貼り付けの割り込み: S1 の 5.000s へ 10.00s を確保 / 移動 1 件・分割 0 件・切詰 0 件
2026-09-17 00:13:22,560 [INFO] src.timeline.commands: 貼り付けの割り込み: V1 の 5.000s へ 10.00s を確保 / 移動 2 件・分割 1 件・切詰 0 件
2026-09-17 00:13:22,560 [INFO] src.timeline.commands: 貼り付けの割り込み: V2 の 5.000s へ 10.00s を確保 / 移動 2 件・分割 0 件・切詰 0 件
2026-09-17 00:13:22,560 [INFO] src.timeline.commands: 貼り付けの割り込み: S1 の 5.000s へ 10.00s を確保 / 移動 1 件・分割 0 件・切詰 0 件
2026-09-17 00:13:22,560 [INFO] src.timeline.commands: 貼り付けの割り込み: V1 の 5.000s へ 10.00s を確保 / 移動 2 件・分割 1 件・切詰 0 件
2026-09-17 00:13:22,560 [INFO] src.timeline.commands: 貼り付けの割り込み: V2 の 5.000s へ 10.00s を確保 / 移動 2 件・分割 0 件・切詰 0 件
2026-09-17 00:13:22,560 [INFO] src.timeline.commands: 貼り付けの割り込み: S1 の 5.000s へ 10.00s を確保 / 移動 1 件・分割 0 件・切詰 0 件
2026-09-17 00:13:22,560 [INFO] src.timeline.commands: 貼り付けの割り込み: V2 の 4.000s へ 2.00s を確保 / 移動 2 件・分割 0 件・切詰 0 件
2026-09-17 00:13:22,560 [INFO] src.timeline.commands: 貼り付けの割り込み: V2 の 4.000s へ 2.00s を確保 / 移動 2 件・分割 0 件・切詰 0 件
2026-09-17 00:13:22,560 [INFO] src.timeline.commands: 貼り付けの割り込み: V2 の 4.000s へ 2.00s を確保 / 移動 2 件・分割 0 件・切詰 0 件
2026-09-17 00:13:22,560 [INFO] src.timeline.clipboard: Timeline のノードをコピーしました: 1 件
2026-09-17 00:13:22,560 [INFO] src.timeline.clipboard: Timeline のノードをコピーしました: 1 件
2026-09-17 00:13:22,560 [INFO] src.timeline.commands: 貼り付けの割り込み: V1 の 4.000s へ 2.00s を確保 / 移動 2 件・分割 1 件・切詰 0 件
2026-09-17 00:13:22,560 [INFO] src.timeline.commands: 貼り付けの割り込み: V2 の 4.000s へ 2.00s を確保 / 移動 2 件・分割 0 件・切詰 0 件
2026-09-17 00:13:22,560 [INFO] src.timeline.commands: 貼り付けの割り込み: S1 の 4.000s へ 2.00s を確保 / 移動 1 件・分割 0 件・切詰 0 件
2026-09-17 00:13:22,560 [INFO] src.timeline.commands: 貼り付けの割り込み: V2 の 4.000s へ 2.00s を確保 / 移動 2 件・分割 0 件・切詰 0 件
2026-09-17 00:13:22,560 [INFO] src.timeline.commands: 貼り付けの割り込み: V1 の 5.000s へ 10.00s を確保 / 移動 2 件・分割 1 件・切詰 0 件
2026-09-17 00:13:22,560 [INFO] src.timeline.commands: 貼り付けの割り込み: V2 の 5.000s へ 10.00s を確保 / 移動 2 件・分割 0 件・切詰 0 件
2026-09-17 00:13:22,560 [INFO] src.timeline.commands: 貼り付けの割り込み: V1 の 5.000s へ 10.00s を確保 / 移動 2 件・分割 1 件・切詰 0 件
2026-09-17 00:13:22,560 [WARNING] src.timeline.builder: 貼り付けの設定が不正なため既定 base_syncs_all を使用します: 'なにか'
2026-09-17 00:13:22,560 [WARNING] src.timeline.builder: 貼り付けの設定が不正なため既定 split を使用します: 123
2026-09-17 00:13:22,560 [INFO] src.timeline.commands: 貼り付けの割り込み: V1 の 5.000s へ 10.00s を確保 / 移動 2 件・分割 1 件・切詰 0 件
2026-09-17 00:13:22,560 [INFO] src.timeline.commands: 貼り付けの割り込み: V2 の 5.000s へ 10.00s を確保 / 移動 2 件・分割 0 件・切詰 0 件
2026-09-17 00:13:22,560 [INFO] src.timeline.commands: 貼り付けの割り込み: S1 の 5.000s へ 10.00s を確保 / 移動 1 件・分割 0 件・切詰 0 件
2026-09-17 00:13:22,560 [WARNING] src.timeline.commands: 映像トラックの上限 (3) に達しているため追加できません
2026-09-17 00:13:22,560 [INFO] src.timeline.commands: 字幕を追加できる空きがありません (2.000 秒)
2026-09-17 00:13:22,560 [INFO] src.timeline.commands: 字幕を追加できる空きがありません (0.990 秒)
2026-09-17 00:13:22,576 [INFO] src.timeline.commands: リップル: 10.000〜20.000s (10.00s) を除去 / 削除 1 件・短縮 0 件・移動 1 件
2026-09-17 00:13:22,576 [INFO] src.timeline.commands: リップル: 10.000〜20.000s (10.00s) を除去 / 削除 1 件・短縮 0 件・移動 1 件
2026-09-17 00:13:22,576 [INFO] src.timeline.commands: リップル: 10.000〜20.000s (10.00s) を除去 / 削除 1 件・短縮 0 件・移動 1 件
2026-09-17 00:13:22,576 [INFO] src.timeline.commands: リップル: 0.000〜10.000s (10.00s) を除去 / 削除 2 件・短縮 0 件・移動 1 件
2026-09-17 00:13:22,576 [INFO] src.timeline.commands: リップル: 10.000〜20.000s (10.00s) を除去 / 削除 1 件・短縮 0 件・移動 1 件
2026-09-17 00:13:22,578 [INFO] src.timeline.commands: リップル: 10.000〜20.000s (10.00s) を除去 / 削除 2 件・短縮 1 件・移動 2 件
2026-09-17 00:13:22,578 [INFO] src.timeline.commands: リップル: 10.000〜20.000s (10.00s) を除去 / 削除 2 件・短縮 1 件・移動 2 件
2026-09-17 00:13:22,578 [INFO] src.timeline.commands: リップル: 10.000〜20.000s (10.00s) を除去 / 削除 2 件・短縮 1 件・移動 2 件
2026-09-17 00:13:22,578 [INFO] src.timeline.commands: リップル: 10.000〜20.000s (10.00s) を除去 / 削除 2 件・短縮 1 件・移動 2 件
2026-09-17 00:13:22,578 [INFO] src.timeline.commands: リップル: 10.000〜20.000s (10.00s) を除去 / 削除 2 件・短縮 1 件・移動 2 件
2026-09-17 00:13:22,578 [INFO] src.timeline.commands: リップル: 10.000〜20.000s (10.00s) を除去 / 削除 2 件・短縮 1 件・移動 2 件
2026-09-17 00:13:22,578 [INFO] src.timeline.commands: リップル: 10.000〜20.000s (10.00s) を除去 / 削除 2 件・短縮 0 件・移動 3 件
2026-09-17 00:13:22,578 [INFO] src.timeline.commands: リップル: 10.000〜20.000s (10.00s) を除去 / 削除 1 件・短縮 0 件・移動 1 件
2026-09-17 00:13:22,578 [INFO] src.timeline.commands: リップル: 10.000〜20.000s (10.00s) を除去 / 削除 2 件・短縮 1 件・移動 2 件
2026-09-17 00:13:22,578 [INFO] src.timeline.commands: 残り尺が下限を割るためクリップごとリップル削除しました: c2
2026-09-17 00:13:22,578 [INFO] src.timeline.commands: リップル: 10.000〜20.000s (10.00s) を除去 / 削除 1 件・短縮 0 件・移動 2 件
2026-09-17 00:13:22,578 [INFO] src.timeline.commands: リップル: 15.000〜20.000s (5.00s) を除去 / 削除 0 件・短縮 1 件・移動 2 件
2026-09-17 00:13:22,578 [INFO] src.timeline.commands: リップル: 10.000〜15.000s (5.00s) を除去 / 削除 0 件・短縮 1 件・移動 2 件
2026-09-17 00:13:22,578 [INFO] src.timeline.commands: リップル: 15.000〜20.000s (5.00s) を除去 / 削除 0 件・短縮 1 件・移動 2 件
2026-09-17 00:13:22,578 [INFO] src.timeline.commands: リップル: 15.000〜20.000s (5.00s) を除去 / 削除 0 件・短縮 1 件・移動 2 件
2026-09-17 00:13:22,578 [INFO] src.timeline.commands: リップル: 26.000〜27.000s (1.00s) を除去 / 削除 0 件・短縮 2 件・移動 0 件
2026-09-17 00:13:22,578 [INFO] src.timeline.commands: リップル: 10.000〜20.000s (10.00s) を除去 / 削除 1 件・短縮 0 件・移動 1 件
2026-09-17 00:13:22,578 [INFO] src.timeline.commands: リップル: 10.000〜20.000s (10.00s) を除去 / 削除 1 件・短縮 0 件・移動 1 件
2026-09-17 00:13:22,578 [INFO] src.timeline.commands: リップル: 10.000〜20.000s (10.00s) を除去 / 削除 1 件・短縮 0 件・移動 1 件
2026-09-17 00:13:22,578 [INFO] src.timeline.project_io: プロジェクト保存: C:\Users\evolu\AppData\Local\Temp\timeline_io_test_l8sd2a56\sample.timeline.json
2026-09-17 00:13:22,594 [INFO] src.timeline.project_io: プロジェクト読込: C:\Users\evolu\AppData\Local\Temp\timeline_io_test_l8sd2a56\sample.timeline.json
2026-09-17 00:13:22,603 [INFO] src.timeline.project_io: プロジェクト保存: C:\Users\evolu\AppData\Local\Temp\timeline_io_test_l8sd2a56\sample.timeline.json
2026-09-17 00:13:22,603 [INFO] src.timeline.project_io: プロジェクト読込: C:\Users\evolu\AppData\Local\Temp\timeline_io_test_l8sd2a56\sample.timeline.json
2026-09-17 00:13:22,608 [INFO] src.timeline.project_io: プロジェクト保存: C:\Users\evolu\AppData\Local\Temp\timeline_io_test_ej2gebzn\sample.timeline.json
2026-09-17 00:13:22,623 [INFO] src.timeline.project_io: プロジェクト読込: C:\Users\evolu\AppData\Local\Temp\timeline_io_test_ej2gebzn\sample.timeline.json
2026-09-17 00:13:22,625 [INFO] src.timeline.project_io: プロジェクト保存: C:\Users\evolu\AppData\Local\Temp\timeline_io_test_l8qtsbor\sample.timeline.json
2026-09-17 00:13:22,640 [WARNING] src.timeline.project_io: メディアの実体が見つかりません (1 件)。該当クリップを無効化します: m1
2026-09-17 00:13:22,644 [INFO] src.timeline.project_io: プロジェクト保存: C:\Users\evolu\AppData\Local\Temp\timeline_io_test_950m3r7r\sample.timeline.json
2026-09-17 00:13:22,659 [INFO] src.timeline.project_io: プロジェクト保存: C:\Users\evolu\AppData\Local\Temp\timeline_io_test_2rwo97uc\sample.timeline.json
2026-09-17 00:13:22,661 [WARNING] src.timeline.project_io: 編集点の区間が不正なため無視します: 20.000→15.000
2026-09-17 00:13:22,661 [WARNING] src.timeline.project_io: メディアの実体が見つかりません (1 件)。該当クリップを無効化します: m1
2026-09-17 00:13:22,661 [WARNING] src.timeline.project_io: 音声クリップ a1 のリンク先 no_such_clip が存在しないため除外します (該当区間は無音になります)
2026-09-17 00:13:22,661 [WARNING] src.timeline.project_io: トラック V1 でクリップ c2 が重複しているため 12.480 へ移動します
2026-09-17 00:13:22,712 [WARNING] src.timeline.project_io: クリップ c2 の尺 (0.001s) が下限 (0.050s) 未満のため除外します
2026-09-17 00:13:22,712 [WARNING] src.timeline.project_io: 音声クリップ a2 のリンク先 c2 が存在しないため除外します (該当区間は無音になります)
2026-09-17 00:13:22,778 [INFO] src.utils.trash: ゴミ箱へ移動しました (2 件)
2026-09-17 00:13:22,795 [WARNING] src.timeline.builder: 寸法の設定が不正なため既定 8000 を使用します: 0
2026-09-17 00:13:27,151 [INFO] src.archive.timeline_builder: アーカイブ Timeline 構築: 2 クリップ / V1 2 本 / S1 0 件 / 全長 60.0s
2026-09-17 00:13:27,163 [INFO] src.archive.timeline_builder: アーカイブ Timeline 構築: 2 クリップ / V1 2 本 / S1 0 件 / 全長 60.0s
2026-09-17 00:13:27,163 [WARNING] src.archive.marker_source: VOD 外のマーカーを 2 件除外しました (尺 7200.0s)
2026-09-17 00:13:27,165 [INFO] src.archive.clip_writer: clip1 prepare 完了 (字幕 2 件)
2026-09-17 00:13:27,167 [INFO] src.archive.clip_writer: clip1 prepare 完了 (字幕 2 件)
2026-09-17 00:13:27,167 [INFO] src.archive.clip_writer: 編集点準備: 残す区間 2 件 / 想定尺 10.00s (素材 30.00s)
2026-09-17 00:13:27,167 [INFO] src.archive.clip_writer: clip1 prepare 完了 (字幕 2 件 / 実カットなし)
2026-09-17 00:13:27,169 [INFO] src.archive.clip_writer: 編集点準備: 残す区間 2 件 / 想定尺 10.00s (素材 30.00s)
2026-09-17 00:13:27,169 [INFO] src.archive.clip_writer: clip1 prepare 完了 (字幕 2 件 / 実カットなし)
2026-09-17 00:13:27,171 [INFO] src.archive.clip_writer: 編集点準備: 残す区間 2 件 / 想定尺 10.00s (素材 30.00s)
2026-09-17 00:13:27,171 [INFO] src.archive.clip_writer: clip1 prepare 完了 (字幕 2 件 / 実カットなし)
2026-09-17 00:13:27,173 [INFO] src.archive.clip_writer: 編集点準備: 残す区間 2 件 / 想定尺 10.00s (素材 30.00s)
2026-09-17 00:13:27,173 [INFO] src.archive.clip_writer: clip1 prepare 完了 (字幕 2 件 / 実カットなし)
2026-09-17 00:13:27,173 [INFO] src.archive.clip_writer: 編集点準備: 残す区間 2 件 / 想定尺 10.00s (素材 30.00s)
2026-09-17 00:13:27,173 [INFO] src.archive.clip_writer: clip1 prepare 完了 (字幕 2 件 / 実カットなし)
2026-09-17 00:13:27,173 [INFO] src.archive.clip_writer: 編集点準備: 残す区間 2 件 / 想定尺 10.00s (素材 30.00s)
2026-09-17 00:13:27,173 [INFO] src.archive.clip_writer: clip1 prepare 完了 (字幕 2 件 / 実カットなし)
2026-09-17 00:13:27,178 [INFO] src.archive.clip_writer: 編集点準備: 残す区間 2 件 / 想定尺 10.00s (素材 30.00s)
2026-09-17 00:13:27,178 [INFO] src.archive.clip_writer: clip1 prepare 完了 (字幕 0 件 / 実カットなし)
2026-09-17 00:13:27,178 [INFO] src.archive.clip_writer: 編集点準備: 残す区間 2 件 / 想定尺 10.00s (素材 30.00s)
2026-09-17 00:13:27,180 [INFO] src.timeline.project_io: プロジェクト保存: C:\Users\evolu\AppData\Local\Temp\archive_resume_9ue4xppj\vod.archive.timeline.json
2026-09-17 00:13:27,198 [INFO] src.timeline.project_io: プロジェクト読込: C:\Users\evolu\AppData\Local\Temp\archive_resume_9ue4xppj\vod.archive.timeline.json
2026-09-17 00:13:27,205 [INFO] src.timeline.project_io: プロジェクト保存: C:\Users\evolu\AppData\Local\Temp\archive_resume_31d0gwe1\vod.archive.timeline.json
2026-09-17 00:13:27,206 [INFO] src.timeline.project_io: プロジェクト保存: C:\Users\evolu\AppData\Local\Temp\archive_resume_31d0gwe1\clip.timeline.json
2026-09-17 00:13:27,206 [INFO] src.archive.project_resume: ==================================================
2026-09-17 00:13:27,206 [INFO] src.archive.project_resume: 保存済みアーカイブプロジェクトから再開: C:\Users\evolu\AppData\Local\Temp\archive_resume_31d0gwe1\clip.timeline.json
2026-09-17 00:13:27,218 [INFO] src.timeline.project_io: プロジェクト読込: C:\Users\evolu\AppData\Local\Temp\archive_resume_31d0gwe1\clip.timeline.json
2026-09-17 00:13:27,230 [INFO] src.timeline.project_io: プロジェクト保存: C:\Users\evolu\AppData\Local\Temp\archive_resume_6mm2owtw\vod.archive.timeline.json
2026-09-17 00:13:27,240 [INFO] src.timeline.project_io: プロジェクト読込: C:\Users\evolu\AppData\Local\Temp\archive_resume_6mm2owtw\vod.archive.timeline.json
2026-09-17 00:13:27,246 [INFO] src.archive.project_resume: 音声サイドカーが無いため clip1 の正規化をやり直します
2026-09-17 00:13:27,247 [INFO] src.archive.project_resume: 音声サイドカーが無いため clip2 の正規化をやり直します
2026-09-17 00:13:27,250 [INFO] src.timeline.project_io: プロジェクト保存: C:\Users\evolu\AppData\Local\Temp\archive_resume_smn3ll3t\vod.archive.timeline.json
2026-09-17 00:13:27,262 [INFO] src.timeline.project_io: プロジェクト読込: C:\Users\evolu\AppData\Local\Temp\archive_resume_smn3ll3t\vod.archive.timeline.json
2026-09-17 00:13:27,262 [INFO] src.archive.project_resume: 音声サイドカーが無いため clip1 の正規化をやり直します
2026-09-17 00:13:27,264 [INFO] src.archive.project_resume: 音声サイドカーが無いため clip2 の正規化をやり直します
2026-09-17 00:13:27,267 [INFO] src.timeline.project_io: プロジェクト保存: C:\Users\evolu\AppData\Local\Temp\archive_resume_w1p5oofv\vod.archive.timeline.json
2026-09-17 00:13:27,267 [INFO] src.archive.project_resume: ==================================================
2026-09-17 00:13:27,267 [INFO] src.archive.project_resume: 保存済みアーカイブプロジェクトから再開: C:\Users\evolu\AppData\Local\Temp\archive_resume_w1p5oofv\no_such.timeline.json
2026-09-17 00:13:27,270 [INFO] src.timeline.project_io: プロジェクト保存: C:\Users\evolu\AppData\Local\Temp\archive_resume_tusm5ww2\vod.archive.timeline.json
2026-09-17 00:13:27,284 [INFO] src.timeline.project_io: プロジェクト読込: C:\Users\evolu\AppData\Local\Temp\archive_resume_tusm5ww2\vod.archive.timeline.json
2026-09-17 00:13:27,290 [INFO] src.timeline.project_io: プロジェクト保存: C:\Users\evolu\AppData\Local\Temp\archive_resume_k19z7rhk\vod.archive.timeline.json
2026-09-17 00:13:27,304 [INFO] src.timeline.project_io: プロジェクト読込: C:\Users\evolu\AppData\Local\Temp\archive_resume_k19z7rhk\vod.archive.timeline.json
2026-09-17 00:13:27,304 [INFO] src.archive.project_resume: 設定に従い切り出したままの音量で使います: clip1
2026-09-17 00:13:27,304 [INFO] src.archive.project_resume: 設定に従い切り出したままの音量で使います: clip2
2026-09-17 00:13:27,307 [WARNING] src.timeline.media_sidecar: 音声サイドカーの尺が保存値と合いません (100.00s / 期待 103.00s) → 使いません
2026-09-17 00:13:27,307 [INFO] src.archive.timeline_builder: アーカイブ Timeline 構築: 2 クリップ / V1 2 本 / S1 0 件 / 全長 200.0s
2026-09-17 00:13:27,307 [INFO] src.archive.timeline_builder: セクション追加: clip3 を 200.00s へ挿入 (VOD 900.0-950.0 / 尺 50.00s)
2026-09-17 00:13:27,307 [INFO] src.archive.timeline_builder: アーカイブ Timeline 構築: 2 クリップ / V1 2 本 / S1 0 件 / 全長 200.0s
2026-09-17 00:13:27,308 [INFO] src.timeline.commands: 貼り付けの割り込み: V1 の 0.000s へ 50.00s を確保 / 移動 2 件・分割 0 件・切詰 0 件
2026-09-17 00:13:27,308 [INFO] src.timeline.commands: 貼り付けの割り込み: S1 の 0.000s へ 50.00s を確保 / 移動 0 件・分割 0 件・切詰 0 件
2026-09-17 00:13:27,308 [INFO] src.archive.timeline_builder: セクション追加: clip3 を 0.00s へ挿入 (VOD 0.0-50.0 / 尺 50.00s)
2026-09-17 00:13:27,308 [INFO] src.archive.timeline_builder: アーカイブ Timeline 構築: 2 クリップ / V1 2 本 / S1 0 件 / 全長 200.0s
2026-09-17 00:13:27,308 [INFO] src.timeline.commands: 貼り付けの割り込み: V1 の 100.000s へ 50.00s を確保 / 移動 1 件・分割 0 件・切詰 0 件
2026-09-17 00:13:27,308 [INFO] src.timeline.commands: 貼り付けの割り込み: S1 の 100.000s へ 50.00s を確保 / 移動 0 件・分割 0 件・切詰 0 件
2026-09-17 00:13:27,308 [INFO] src.archive.timeline_builder: セクション追加: clip3 を 100.00s へ挿入 (VOD 250.0-300.0 / 尺 50.00s)
2026-09-17 00:13:27,308 [INFO] src.archive.timeline_builder: アーカイブ Timeline 構築: 3 クリップ / V1 3 本 / S1 0 件 / 全長 300.0s
2026-09-17 00:13:27,308 [INFO] src.timeline.commands: 貼り付けの割り込み: V1 の 100.000s へ 50.00s を確保 / 移動 2 件・分割 0 件・切詰 0 件
2026-09-17 00:13:27,308 [INFO] src.timeline.commands: 貼り付けの割り込み: S1 の 100.000s へ 50.00s を確保 / 移動 0 件・分割 0 件・切詰 0 件
2026-09-17 00:13:27,310 [INFO] src.archive.timeline_builder: セクション追加: clip4 を 100.00s へ挿入 (VOD 250.0-300.0 / 尺 50.00s)
2026-09-17 00:13:27,310 [INFO] src.timeline.commands: 貼り付けの割り込み: V1 の 0.000s へ 50.00s を確保 / 移動 4 件・分割 0 件・切詰 0 件
2026-09-17 00:13:27,310 [INFO] src.timeline.commands: 貼り付けの割り込み: S1 の 0.000s へ 50.00s を確保 / 移動 0 件・分割 0 件・切詰 0 件
2026-09-17 00:13:27,310 [INFO] src.archive.timeline_builder: セクション追加: clip5 を 0.00s へ挿入 (VOD 0.0-50.0 / 尺 50.00s)
2026-09-17 00:13:27,310 [INFO] src.archive.timeline_builder: セクション追加: clip6 を 400.00s へ挿入 (VOD 900.0-950.0 / 尺 50.00s)
2026-09-17 00:13:27,310 [INFO] src.archive.timeline_builder: アーカイブ Timeline 構築: 1 クリップ / V1 1 本 / S1 0 件 / 全長 100.0s
2026-09-17 00:13:27,310 [INFO] src.archive.timeline_builder: セクション追加: clip2 を 100.00s へ挿入 (VOD 300.0-400.0 / 尺 100.00s)
2026-09-17 00:13:27,311 [INFO] src.archive.timeline_builder: アーカイブ Timeline 構築: 3 クリップ / V1 3 本 / S1 0 件 / 全長 300.0s
2026-09-17 00:13:27,311 [INFO] src.timeline.commands: 貼り付けの割り込み: V1 の 100.000s へ 50.00s を確保 / 移動 2 件・分割 0 件・切詰 0 件
2026-09-17 00:13:27,311 [INFO] src.timeline.commands: 貼り付けの割り込み: S1 の 100.000s へ 50.00s を確保 / 移動 0 件・分割 0 件・切詰 0 件
2026-09-17 00:13:27,311 [INFO] src.archive.timeline_builder: セクション追加: clip4 を 100.00s へ挿入 (VOD 250.0-300.0 / 尺 50.00s)
2026-09-17 00:13:27,311 [INFO] src.archive.timeline_builder: アーカイブ Timeline 構築: 2 クリップ / V1 2 本 / S1 0 件 / 全長 200.0s
2026-09-17 00:13:27,311 [INFO] src.archive.timeline_builder: セクション追加: clip3 を 200.00s へ挿入 (VOD 900.0-950.0 / 尺 50.00s)
2026-09-17 00:13:27,311 [INFO] src.archive.timeline_builder: アーカイブ Timeline 構築: 2 クリップ / V1 2 本 / S1 0 件 / 全長 200.0s
2026-09-17 00:13:27,311 [INFO] src.archive.timeline_builder: アーカイブ Timeline 構築: 1 クリップ / V1 1 本 / S1 0 件 / 全長 100.0s
2026-09-17 00:13:27,312 [INFO] src.archive.timeline_builder: セクション追加: clip2 を 100.00s へ挿入 (VOD 450.0-600.0 / 尺 150.00s)
2026-09-17 00:13:27,312 [INFO] src.archive.timeline_builder: アーカイブ Timeline 構築: 2 クリップ / V1 2 本 / S1 0 件 / 全長 200.0s
2026-09-17 00:13:27,312 [INFO] src.archive.timeline_builder: セクション追加: clip3 を 200.00s へ挿入 (VOD 500.0-600.0 / 尺 100.00s)
2026-09-17 00:13:27,312 [INFO] src.archive.timeline_builder: セクション統合: clip2 へ 1 件を畳み込み (VOD 400.0-600.0)
2026-09-17 00:13:27,312 [INFO] src.archive.timeline_builder: アーカイブ Timeline 構築: 2 クリップ / V1 2 本 / S1 0 件 / 全長 200.0s
2026-09-17 00:13:27,312 [INFO] src.archive.timeline_builder: セクション追加: clip3 を 200.00s へ挿入 (VOD 500.0-600.0 / 尺 100.00s)
2026-09-17 00:13:27,312 [INFO] src.archive.timeline_builder: セクション統合: clip2 へ 1 件を畳み込み (VOD 400.0-600.0)
2026-09-17 00:13:27,312 [INFO] src.archive.timeline_builder: アーカイブ Timeline 構築: 3 クリップ / V1 3 本 / S1 0 件 / 全長 300.0s
2026-09-17 00:13:27,312 [INFO] src.timeline.commands: 貼り付けの割り込み: V1 の 200.000s へ 100.00s を確保 / 移動 1 件・分割 0 件・切詰 0 件
2026-09-17 00:13:27,312 [INFO] src.timeline.commands: 貼り付けの割り込み: S1 の 200.000s へ 100.00s を確保 / 移動 0 件・分割 0 件・切詰 0 件
2026-09-17 00:13:27,312 [INFO] src.archive.timeline_builder: セクション追加: clip4 を 200.00s へ挿入 (VOD 500.0-600.0 / 尺 100.00s)
2026-09-17 00:13:27,312 [INFO] src.archive.timeline_builder: セクション統合: clip2 へ 1 件を畳み込み (VOD 400.0-600.0)
2026-09-17 00:13:27,313 [INFO] src.archive.timeline_builder: アーカイブ Timeline 構築: 3 クリップ / V1 3 本 / S1 0 件 / 全長 300.0s
2026-09-17 00:13:27,313 [INFO] src.timeline.commands: 貼り付けの割り込み: V1 の 100.000s へ 200.00s を確保 / 移動 2 件・分割 0 件・切詰 0 件
2026-09-17 00:13:27,313 [INFO] src.timeline.commands: 貼り付けの割り込み: S1 の 100.000s へ 200.00s を確保 / 移動 0 件・分割 0 件・切詰 0 件
2026-09-17 00:13:27,313 [INFO] src.archive.timeline_builder: セクション追加: clip4 を 100.00s へ挿入 (VOD 200.0-400.0 / 尺 200.00s)
2026-09-17 00:13:27,313 [INFO] src.timeline.commands: 貼り付けの割り込み: V1 の 400.000s へ 200.00s を確保 / 移動 1 件・分割 0 件・切詰 0 件
2026-09-17 00:13:27,313 [INFO] src.timeline.commands: 貼り付けの割り込み: S1 の 400.000s へ 200.00s を確保 / 移動 0 件・分割 0 件・切詰 0 件
2026-09-17 00:13:27,313 [INFO] src.archive.timeline_builder: セクション追加: clip5 を 400.00s へ挿入 (VOD 500.0-700.0 / 尺 200.00s)
2026-09-17 00:13:27,313 [INFO] src.archive.timeline_builder: セクション統合: clip1 へ 4 件を畳み込み (VOD 100.0-800.0)
2026-09-17 00:13:27,313 [INFO] src.archive.timeline_builder: アーカイブ Timeline 構築: 1 クリップ / V1 1 本 / S1 0 件 / 全長 100.0s
2026-09-17 00:13:27,313 [INFO] src.archive.timeline_builder: セクション追加: clip2 を 100.00s へ挿入 (VOD 200.0-300.0 / 尺 100.00s)
2026-09-17 00:13:27,313 [INFO] src.archive.timeline_builder: セクション統合: clip1 へ 1 件を畳み込み (VOD 100.0-300.0)
2026-09-17 00:13:27,313 [INFO] src.archive.timeline_builder: アーカイブ Timeline 構築: 2 クリップ / V1 2 本 / S1 0 件 / 全長 200.0s
2026-09-17 00:13:27,313 [INFO] src.timeline.commands: 貼り付けの割り込み: V1 の 100.000s へ 50.00s を確保 / 移動 1 件・分割 0 件・切詰 0 件
2026-09-17 00:13:27,314 [INFO] src.timeline.commands: 貼り付けの割り込み: S1 の 100.000s へ 50.00s を確保 / 移動 0 件・分割 0 件・切詰 0 件
2026-09-17 00:13:27,314 [INFO] src.archive.timeline_builder: セクション追加: clip3 を 100.00s へ挿入 (VOD 250.0-300.0 / 尺 50.00s)
2026-09-17 00:13:27,314 [INFO] src.archive.timeline_builder: アーカイブ Timeline 構築: 2 クリップ / V1 2 本 / S1 0 件 / 全長 200.0s
2026-09-17 00:13:27,314 [INFO] src.archive.timeline_builder: セクション追加: clip3 を 200.00s へ挿入 (VOD 500.0-600.0 / 尺 100.00s)
2026-09-17 00:13:27,314 [INFO] src.archive.timeline_builder: セクション統合: clip2 へ 1 件を畳み込み (VOD 400.0-600.0)
2026-09-17 00:13:27,314 [INFO] src.archive.timeline_builder: アーカイブ Timeline 構築: 3 クリップ / V1 3 本 / S1 0 件 / 全長 300.0s
2026-09-17 00:13:27,314 [INFO] src.timeline.commands: 貼り付けの割り込み: V1 の 100.000s へ 50.00s を確保 / 移動 2 件・分割 0 件・切詰 0 件
2026-09-17 00:13:27,314 [INFO] src.timeline.commands: 貼り付けの割り込み: S1 の 100.000s へ 50.00s を確保 / 移動 0 件・分割 0 件・切詰 0 件
2026-09-17 00:13:27,314 [INFO] src.archive.timeline_builder: セクション追加: clip4 を 100.00s へ挿入 (VOD 250.0-300.0 / 尺 50.00s)
2026-09-17 00:13:27,314 [INFO] src.archive.timeline_builder: アーカイブ Timeline 構築: 1 クリップ / V1 1 本 / S1 0 件 / 全長 30.0s
2026-09-17 00:13:27,315 [INFO] src.archive.timeline_builder: アーカイブ Timeline 構築: 1 クリップ / V1 1 本 / S1 0 件 / 全長 30.0s
2026-09-17 00:13:27,315 [INFO] src.archive.timeline_builder: アーカイブ Timeline 構築: 1 クリップ / V1 1 本 / S1 0 件 / 全長 30.0s
2026-09-17 00:13:27,315 [INFO] src.archive.timeline_builder: アーカイブ Timeline 構築: 1 クリップ / V1 1 本 / S1 0 件 / 全長 30.0s
2026-09-17 00:13:27,315 [INFO] src.archive.timeline_builder: アーカイブ Timeline 構築: 1 クリップ / V1 1 本 / S1 0 件 / 全長 30.0s
2026-09-17 00:13:27,315 [INFO] src.archive.timeline_builder: アーカイブ Timeline 構築: 3 クリップ / V1 6 本 / S1 6 件 / 全長 30.0s
2026-09-17 00:13:27,315 [INFO] src.archive.timeline_builder: アーカイブ Timeline 構築: 3 クリップ / V1 6 本 / S1 6 件 / 全長 30.0s
2026-09-17 00:13:27,315 [INFO] src.archive.timeline_builder: アーカイブ Timeline 構築: 3 クリップ / V1 6 本 / S1 6 件 / 全長 30.0s
2026-09-17 00:13:27,316 [INFO] src.archive.timeline_builder: アーカイブ Timeline 構築: 3 クリップ / V1 6 本 / S1 6 件 / 全長 30.0s
2026-09-17 00:13:27,316 [INFO] src.archive.timeline_builder: アーカイブ Timeline 構築: 3 クリップ / V1 6 本 / S1 6 件 / 全長 30.0s
2026-09-17 00:13:27,316 [INFO] src.archive.timeline_builder: アーカイブ Timeline 構築: 3 クリップ / V1 6 本 / S1 6 件 / 全長 30.0s
2026-09-17 00:13:27,316 [INFO] src.archive.timeline_builder: アーカイブ Timeline 構築: 3 クリップ / V1 6 本 / S1 6 件 / 全長 30.0s
2026-09-17 00:13:27,316 [INFO] src.archive.timeline_builder: アーカイブ Timeline 構築: 3 クリップ / V1 6 本 / S1 6 件 / 全長 30.0s
2026-09-17 00:13:27,316 [INFO] src.archive.timeline_builder: アーカイブ Timeline 構築: 3 クリップ / V1 6 本 / S1 6 件 / 全長 30.0s
2026-09-17 00:13:27,316 [INFO] src.archive.timeline_builder: アーカイブ Timeline 構築: 1 クリップ / V1 1 本 / S1 2 件 / 全長 30.0s
2026-09-17 00:13:27,316 [INFO] src.archive.timeline_builder: clip1: クリップ終端で打ち切った字幕 1 件 / 載せなかった字幕 0 件
2026-09-17 00:13:27,316 [INFO] src.archive.timeline_builder: clip2: クリップ終端で打ち切った字幕 1 件 / 載せなかった字幕 0 件
2026-09-17 00:13:27,316 [INFO] src.archive.timeline_builder: clip3: クリップ終端で打ち切った字幕 1 件 / 載せなかった字幕 0 件
2026-09-17 00:13:27,316 [INFO] src.archive.timeline_builder: アーカイブ Timeline 構築: 3 クリップ / V1 6 本 / S1 3 件 / 全長 30.0s
2026-09-17 00:13:27,316 [INFO] src.archive.timeline_builder: clip1: クリップ終端で打ち切った字幕 1 件 / 載せなかった字幕 0 件
2026-09-17 00:13:27,317 [INFO] src.archive.timeline_builder: アーカイブ Timeline 構築: 2 クリップ / V1 4 本 / S1 3 件 / 全長 20.0s
2026-09-17 00:13:27,317 [INFO] src.archive.timeline_builder: clip1: クリップ終端で打ち切った字幕 1 件 / 載せなかった字幕 1 件
2026-09-17 00:13:27,317 [INFO] src.archive.timeline_builder: アーカイブ Timeline 構築: 2 クリップ / V1 4 本 / S1 2 件 / 全長 20.0s
2026-09-17 00:13:27,317 [INFO] src.archive.timeline_builder: clip1: クリップ終端で打ち切った字幕 1 件 / 載せなかった字幕 0 件
2026-09-17 00:13:27,317 [INFO] src.archive.timeline_builder: clip2: クリップ終端で打ち切った字幕 1 件 / 載せなかった字幕 0 件
2026-09-17 00:13:27,317 [INFO] src.archive.timeline_builder: アーカイブ Timeline 構築: 2 クリップ / V1 4 本 / S1 2 件 / 全長 20.0s
2026-09-17 00:13:27,317 [INFO] src.archive.timeline_builder: アーカイブ Timeline 構築: 3 クリップ / V1 6 本 / S1 6 件 / 全長 30.0s
2026-09-17 00:13:27,317 [INFO] src.archive.timeline_builder: アーカイブ Timeline 構築: 3 クリップ / V1 6 本 / S1 6 件 / 全長 30.0s
2026-09-17 00:13:27,318 [INFO] src.archive.timeline_builder: アーカイブ Timeline 構築: 3 クリップ / V1 6 本 / S1 6 件 / 全長 30.0s
2026-09-17 00:13:27,318 [INFO] src.archive.timeline_builder: アーカイブ Timeline 構築: 3 クリップ / V1 6 本 / S1 6 件 / 全長 30.0s
2026-09-17 00:13:27,318 [INFO] src.archive.timeline_builder: アーカイブ Timeline 構築: 3 クリップ / V1 6 本 / S1 6 件 / 全長 30.0s
2026-09-17 00:13:27,318 [INFO] src.archive.timeline_builder: アーカイブ Timeline 構築: 3 クリップ / V1 6 本 / S1 6 件 / 全長 30.0s
2026-09-17 00:13:27,319 [INFO] src.archive.timeline_builder: アーカイブ Timeline 構築: 3 クリップ / V1 6 本 / S1 6 件 / 全長 30.0s
2026-09-17 00:13:27,319 [INFO] src.archive.timeline_builder: clip2 は使用しないため書き出しから除外します
2026-09-17 00:13:27,319 [INFO] src.archive.timeline_builder: アーカイブ Timeline 構築: 3 クリップ / V1 6 本 / S1 6 件 / 全長 30.0s
2026-09-17 00:13:27,319 [INFO] src.archive.timeline_builder: アーカイブ Timeline 構築: 3 クリップ / V1 6 本 / S1 6 件 / 全長 30.0s
2026-09-17 00:13:27,319 [INFO] src.archive.timeline_builder: アーカイブ Timeline 構築: 3 クリップ / V1 6 本 / S1 6 件 / 全長 30.0s
2026-09-17 00:13:27,320 [INFO] src.archive.timeline_builder: アーカイブ Timeline 構築: 3 クリップ / V1 6 本 / S1 6 件 / 全長 30.0s
2026-09-17 00:13:27,320 [INFO] src.archive.timeline_builder: アーカイブ Timeline 構築: 3 クリップ / V1 6 本 / S1 6 件 / 全長 30.0s
2026-09-17 00:13:27,320 [INFO] src.archive.timeline_builder: アーカイブ Timeline 構築: 3 クリップ / V1 6 本 / S1 6 件 / 全長 30.0s
2026-09-17 00:13:27,320 [WARNING] src.blur.config: 未知の blur.default_policy のため既定を使用します: なにか変な値
2026-09-17 00:13:27,320 [WARNING] src.blur.config: 未知の blur.render.mode のため既定を使用します: unknown
2026-09-17 00:13:27,405 [INFO] src.blur.tracker: 人物クラスタリング: tracklet 2 本 → 人物 2 人 (主役 p1)
2026-09-17 00:13:27,406 [INFO] src.blur.tracker: 人物クラスタリング: tracklet 2 本 → 人物 1 人 (主役 p1)
2026-09-17 00:13:27,406 [INFO] src.blur.tracker: 人物クラスタリング: tracklet 2 本 → 人物 2 人 (主役 p1)
2026-09-17 00:13:27,409 [WARNING] src.modules.blur_overlay: ぼかしマスクが見つからないため、ぼかしを省略します: 
2026-09-17 00:13:27,416 [INFO] src.blur.mask_builder: ぼかしマスク: 1200 フレーム / 480x270 / 対象 1 件
2026-09-17 00:13:28,031 [INFO] src.blur.mask_builder: ぼかしマスクを書き出しました: mask.mkv (0.4 MB)
2026-09-17 00:13:28,031 [INFO] src.blur.mask_builder: ぼかしマスク: 1200 フレーム / 480x270 / 対象 1 件
2026-09-17 00:13:28,627 [INFO] src.blur.mask_builder: ぼかしマスクを書き出しました: mask.mkv (0.4 MB)
2026-09-17 00:13:28,739 [INFO] src.blur.mask_builder: ぼかす対象が無いためマスクを作りません
2026-09-17 00:13:28,739 [INFO] src.blur.mask_builder: ぼかしマスク: 1200 フレーム / 270x480 / 対象 1 件
2026-09-17 00:13:29,336 [INFO] src.blur.mask_builder: ぼかしマスクを書き出しました: mask.mkv (0.4 MB)
2026-09-17 00:13:29,348 [INFO] src.timeline.renderer: ベース映像構築: 1 クリップ / ギャップ 0 件 / 合計 5.0s
2026-09-17 00:13:29,351 [INFO] src.timeline.renderer: ベース映像の尺: モデル 5.000s / 実測 5.000s (差 +0.000s / 1 部品)
2026-09-17 00:13:29,351 [INFO] src.timeline.renderer: 字幕焼き込み: 1 件
2026-09-17 00:13:29,355 [INFO] src.timeline.renderer: ベース映像構築: 1 クリップ / ギャップ 0 件 / 合計 5.0s
2026-09-17 00:13:29,365 [INFO] src.timeline.renderer: ベース映像の尺: モデル 5.000s / 実測 5.000s (差 +0.000s / 1 部品)
2026-09-17 00:13:29,365 [INFO] src.timeline.renderer: 字幕焼き込み: 1 件
2026-09-17 00:13:29,365 [INFO] src.timeline.renderer: ベース映像構築: 1 クリップ / ギャップ 0 件 / 合計 5.0s
2026-09-17 00:13:29,371 [INFO] src.timeline.renderer: ベース映像の尺: モデル 5.000s / 実測 5.000s (差 +0.000s / 1 部品)
2026-09-17 00:13:29,371 [INFO] src.timeline.renderer: オーバーレイ・字幕が無いため合成をスキップします
2026-09-17 00:13:29,371 [INFO] src.modules.blur_overlay: ぼかしを焼き込みます: blur_applied.mp4
2026-09-17 00:13:29,371 [INFO] src.timeline.renderer: ベース映像構築: 1 クリップ / ギャップ 0 件 / 合計 5.0s
2026-09-17 00:13:29,380 [INFO] src.timeline.renderer: ベース映像の尺: モデル 5.000s / 実測 5.000s (差 +0.000s / 1 部品)
2026-09-17 00:13:29,380 [INFO] src.timeline.renderer: オーバーレイ・字幕が無いため合成をスキップします
2026-09-17 00:13:29,381 [INFO] src.modules.blur_overlay: ぼかしを焼き込みます: blur_applied.mp4
2026-09-17 00:13:29,381 [INFO] src.timeline.renderer: ベース映像構築: 1 クリップ / ギャップ 0 件 / 合計 5.0s
2026-09-17 00:13:29,389 [INFO] src.timeline.renderer: ベース映像の尺: モデル 5.000s / 実測 5.000s (差 +0.000s / 1 部品)
2026-09-17 00:13:29,389 [INFO] src.timeline.renderer: 字幕焼き込み: 1 件
2026-09-17 00:13:29,393 [INFO] src.timeline.renderer: ベース映像構築: 1 クリップ / ギャップ 0 件 / 合計 5.0s
2026-09-17 00:13:29,396 [INFO] src.timeline.renderer: ベース映像の尺: モデル 5.000s / 実測 5.000s (差 +0.000s / 1 部品)
2026-09-17 00:13:29,396 [ERROR] src.blur.mask_builder: ぼかしの解析結果が見つからないためマスクを作れません: C:\Users\evolu\AppData\Local\Temp\tmpqnlxdf12\timeline.blur.json
2026-09-17 00:13:29,396 [INFO] src.timeline.renderer: ベース映像構築: 1 クリップ / ギャップ 0 件 / 合計 5.0s
2026-09-17 00:13:29,400 [INFO] src.timeline.renderer: ベース映像の尺: モデル 5.000s / 実測 5.000s (差 +0.000s / 1 部品)
2026-09-17 00:13:29,400 [ERROR] src.blur.mask_builder: ぼかしの解析結果が見つからないためマスクを作れません: C:\Users\evolu\AppData\Local\Temp\tmpz00ab9fb\timeline.blur.json
2026-09-17 00:13:29,401 [INFO] src.timeline.renderer: ベース映像構築: 1 クリップ / ギャップ 0 件 / 合計 5.0s
2026-09-17 00:13:29,402 [INFO] src.timeline.renderer: ベース映像の尺: モデル 5.000s / 実測 5.000s (差 +0.000s / 1 部品)
2026-09-17 00:13:29,402 [ERROR] src.blur.mask_builder: ぼかしの解析結果が見つからないためマスクを作れません: C:\Users\evolu\AppData\Local\Temp\tmpe_44dwxd\timeline.blur.json
2026-09-17 00:13:29,402 [WARNING] src.timeline.renderer: 利用者の指示により、ぼかしを入れずに出力します
2026-09-17 00:13:29,402 [INFO] src.timeline.renderer: オーバーレイ・字幕が無いため合成をスキップします
2026-09-17 00:13:29,402 [INFO] src.timeline.renderer: 中間形式を最終形式へ変換: .mov → mp4 (音声のみ再エンコード)
2026-09-17 00:13:29,402 [INFO] src.timeline.renderer: ベース映像構築: 1 クリップ / ギャップ 0 件 / 合計 5.0s
2026-09-17 00:13:29,402 [INFO] src.timeline.renderer: ベース映像の尺: モデル 5.000s / 実測 5.000s (差 +0.000s / 1 部品)
2026-09-17 00:13:29,402 [INFO] src.timeline.renderer: オーバーレイ・字幕が無いため合成をスキップします
2026-09-17 00:13:29,415 [INFO] src.timeline.renderer: 中間形式を最終形式へ変換: .mov → mp4 (音声のみ再エンコード)
2026-09-17 00:13:30,489 [INFO] src.modules.subtitle_generator: 縦動画のため字幕設定を縦用へ上書き (font/改行/配置/余白)
2026-09-17 00:13:30,489 [WARNING] src.modules.comment_decor: コメント背景がキャンバスに収まらないため詰めました (推定幅 1181px / 使える幅 1080px)。font_size か max_line_length を下げると解消します
2026-09-17 00:13:30,489 [INFO] src.modules.comment_decor: コメントアイコン: 2 件 / 位置 2 種類
2026-09-17 00:13:30,489 [INFO] src.modules.comment_decor: コメントアイコン: 2 件 / 位置 1 種類
2026-09-17 00:13:30,489 [INFO] src.modules.comment_decor: コメントアイコン: 1 件 / 位置 1 種類
2026-09-17 00:13:30,489 [INFO] src.modules.subtitle_generator: 縦動画のため字幕設定を縦用へ上書き (font/改行/配置/余白)
2026-09-17 00:13:30,489 [WARNING] src.modules.comment_decor: コメントアイコンがキャンバスに収まらないため位置を詰めました (要求 x=-190.0 y=465.0 → x=0.0 y=465.0)。subtitle.comment_margin_l を大きくすると解消します
2026-09-17 00:13:30,490 [INFO] src.modules.subtitle_generator: コメント背景: 1 件
2026-09-17 00:13:30,495 [WARNING] src.modules.subtitle_generator: コメントの Layer が逆転しているため本文を 6 へ引き上げます (背景=5 / 本文=1)
2026-09-17 00:13:30,495 [INFO] src.modules.subtitle_generator: コメント背景: 1 件
2026-09-17 00:13:30,496 [WARNING] src.modules.subtitle_generator: コメントの配置は左寄せ (1/4/7) のみ対応のため 4 を使用します: 2
2026-09-17 00:13:30,505 [INFO] src.modules.subtitle_generator: 縦動画のため字幕設定を縦用へ上書き (font/改行/配置/余白)
2026-09-17 00:13:30,507 [WARNING] src.export.fcpxml_builder: タイムライン終端を超える字幕をクリップ末尾へクランプしました (丸め誤差の端数など)。
2026-09-17 00:13:30,512 [INFO] src.modules.loudness_normalizer: 入力ラウドネス: I=-9.2 LUFS / TP=-0.3 dBTP / LRA=5.1 LU → 目標 I=-14.0 LUFS / TP=-1.0 dBTP (offset 0.4 dB)
2026-09-17 00:13:30,516 [ERROR] src.modules.loudness_normalizer: ラウドネス正規化の適用に失敗 (元音声のまま継続): in.mp4
Traceback (most recent call last):
  File "D:\develop\autoedit\src\modules\loudness_normalizer.py", line 219, in normalize_file
    ffmpeg_runner.execute(
  File "C:\Users\evolu\AppData\Local\Programs\Python\Python312\Lib\unittest\mock.py", line 1139, in __call__
    return self._mock_call(*args, **kwargs)
           ^^^^^^^^^^^^^^^^^^^^^^^^^^^^^^^^
  File "C:\Users\evolu\AppData\Local\Programs\Python\Python312\Lib\unittest\mock.py", line 1143, in _mock_call
    return self._execute_mock_call(*args, **kwargs)
           ^^^^^^^^^^^^^^^^^^^^^^^^^^^^^^^^^^^^^^^^
  File "C:\Users\evolu\AppData\Local\Programs\Python\Python312\Lib\unittest\mock.py", line 1198, in _execute_mock_call
    raise effect
src.exceptions.FFmpegError: 失敗
2026-09-17 00:13:30,516 [INFO] src.modules.loudness_normalizer: ラウドネス正規化は無効のためスキップ
2026-09-17 00:13:30,516 [WARNING] src.modules.loudness_normalizer: ラウドネス測定に失敗したため正規化をスキップ (元音声のまま継続): in.mp4
2026-09-17 00:13:30,516 [INFO] src.modules.loudness_normalizer: 音声ストリームが無いためラウドネス正規化をスキップ: in.mp4
2026-09-17 00:13:30,523 [INFO] src.modules.loudness_normalizer: ラウドネス正規化 完了: out.mp4
2026-09-17 00:13:30,524 [INFO] src.modules.loudness_normalizer: 入力ラウドネス: I=-9.2 LUFS / TP=-0.3 dBTP / LRA=5.1 LU → 目標 I=-14.0 LUFS / TP=-1.0 dBTP (offset 0.4 dB)
2026-09-17 00:13:30,528 [INFO] src.modules.loudness_normalizer: ラウドネス正規化 完了: out.mp4
2026-09-17 00:13:30,528 [INFO] src.timeline.media_recovery: 本編素材を元動画から作り直します: C:\Users\evolu\AppData\Local\Temp\media_recovery_test_7mcv8lqx\sample.mp4
2026-09-17 00:13:30,528 [WARNING] src.timeline.media_recovery: 素材が見つかりません: m2 (C:\Users\evolu\AppData\Local\Temp\media_recovery_test_kze_uttw\gone.png)
2026-09-17 00:13:30,528 [INFO] src.timeline.media_recovery: 素材を差し替え済みのフォルダで見つけました: m3 → C:\Users\evolu\AppData\Local\Temp\media_recovery_test_81dyjyhv\moved\logo2.png
2026-09-17 00:13:30,528 [INFO] src.timeline.media_recovery: 本編素材を元動画から作り直します: C:\Users\evolu\AppData\Local\Temp\media_recovery_test_b5tcea_e\sample.mp4
2026-09-17 00:13:30,528 [WARNING] src.timeline.media_recovery: 元動画が見つからないため本編素材を復旧できません: C:\Users\evolu\AppData\Local\Temp\media_recovery_test_ntvsjfex\no_such_input.mp4
2026-09-17 00:13:30,528 [WARNING] src.timeline.media_recovery: 素材が見つかりません: m1 (C:\Users\evolu\AppData\Local\Temp\media_recovery_test_ntvsjfex\work\loudness_normalized.mp4)
2026-09-17 00:13:30,528 [INFO] src.timeline.media_recovery: 本編素材は元動画そのものだったため、そのまま使います: C:\Users\evolu\AppData\Local\Temp\media_recovery_test_wi0rmgad\sample.mp4
2026-09-17 00:13:30,528 [INFO] src.timeline.media_recovery: 素材を相対パスで見つけました: m2 → C:\Users\evolu\AppData\Local\Temp\media_recovery_test_fyqz3zid\assets\logo.png
2026-09-17 00:13:30,538 [INFO] src.timeline.media_recovery: 設定に従い元動画をそのまま使います (音量は正規化前): C:\Users\evolu\AppData\Local\Temp\media_recovery_test_p7h0c_m9\sample.mp4
2026-09-17 00:13:30,539 [INFO] src.services.points: ポイントを予約しました: clip/video 25pt (watermark=False)
2026-09-17 00:13:30,539 [WARNING] src.services.points: ポイント残高を取得できませんでした: 断
2026-09-17 00:13:30,541 [INFO] src.services.points: ポイントを予約しました: clip/video 25pt (watermark=False)
2026-09-17 00:13:30,541 [WARNING] src.services.points: ポイントのcommitを送信できませんでした (再送します): 接続できません
2026-09-17 00:13:30,556 [INFO] src.services.points: ポイントを予約しました: clip/video 25pt (watermark=False)
2026-09-17 00:13:30,558 [WARNING] src.services.points: ポイントのcommitを送信できませんでした (再送します): 断
2026-09-17 00:13:30,559 [INFO] src.services.points: 保留していたポイント処理を 2 件送信しました。
2026-09-17 00:13:30,559 [WARNING] src.services.points: ポイントを予約できませんでした: 再ログインが必要です。
2026-09-17 00:13:30,559 [INFO] src.services.points: ポイントを予約しました: clip/video 25pt (watermark=False)
2026-09-17 00:13:30,562 [WARNING] src.services.points: ポイントのcancelが拒否されました: 確定済み
2026-09-17 00:13:30,562 [INFO] src.services.points: 保留していたポイント処理を 1 件送信しました。
2026-09-17 00:13:30,562 [INFO] src.services.points: ポイントを予約しました: clip/video 25pt (watermark=False)
2026-09-17 00:13:30,573 [INFO] src.services.points: サブスク判定のキャッシュが古いため watermark を入れます。
2026-09-17 00:13:30,573 [WARNING] src.services.points: ポイントを予約できませんでした (オフライン): 接続できません
2026-09-17 00:13:30,587 [WARNING] src.services.points: ポイントを予約できませんでした (オフライン): 接続できません
2026-09-17 00:13:30,587 [WARNING] src.services.points: ポイントを予約できませんでした (オフライン): 接続できません
2026-09-17 00:13:30,588 [WARNING] src.services.points: ポイントを予約できませんでした: 想定外
2026-09-17 00:13:30,588 [INFO] src.services.points: ポイントを予約しました: clip/resolveProject 0pt (watermark=False)
2026-09-17 00:13:30,600 [INFO] src.services.points: ポイントを予約しました: clip/video 25pt (watermark=False)
2026-09-17 00:13:30,601 [INFO] src.services.points: ポイントを予約しました: archive/video 0pt (watermark=True)
2026-09-17 00:13:30,617 [WARNING] src.timeline.builder: フレーム間引きの設定が不正なため none を使用します: 'all'
2026-09-17 00:13:30,625 [INFO] src.timeline.project_io: プロジェクト保存: C:\Users\evolu\AppData\Local\Temp\library_summary_ikhhryi6\vod.archive.timeline.json
2026-09-17 00:13:30,642 [WARNING] src.timeline.project_io: プロジェクトの概要を読めませんでした: C:\Users\evolu\AppData\Local\Temp\library_summary_iw_4c346\broken.timeline.json
2026-09-17 00:13:30,642 [INFO] src.timeline.project_io: プロジェクト保存: C:\Users\evolu\AppData\Local\Temp\library_summary_t1nmsxko\sample.timeline.json
2026-09-17 00:13:30,659 [INFO] src.timeline.project_io: プロジェクト保存: C:\Users\evolu\AppData\Local\Temp\library_summary_mmn69wdv\sample.timeline.json
2026-09-17 00:13:30,673 [INFO] src.timeline.project_io: プロジェクト保存: C:\Users\evolu\AppData\Local\Temp\library_rename_a2dr4t0l\old.timeline.json
2026-09-17 00:13:30,676 [INFO] src.timeline.project_io: プロジェクト保存: C:\Users\evolu\AppData\Local\Temp\library_rename_ylopsuhu\old.timeline.json
2026-09-17 00:13:30,676 [INFO] src.timeline.project_io: プロジェクト保存: C:\Users\evolu\AppData\Local\Temp\library_rename_w4cvwdr1\old.timeline.json
2026-09-17 00:13:30,692 [INFO] src.timeline.project_io: プロジェクトを改名しました: old.timeline.json → new.timeline.json
2026-09-17 00:13:30,710 [INFO] src.timeline.project_io: プロジェクト保存: C:\Users\evolu\AppData\Local\Temp\library_rename_wzh1w0w9\old.timeline.json
2026-09-17 00:13:30,727 [INFO] src.timeline.project_io: プロジェクトを改名しました: old.timeline.json → new.timeline.json
2026-09-17 00:13:30,727 [INFO] src.timeline.project_io: プロジェクト保存: C:\Users\evolu\AppData\Local\Temp\library_rename_hvmivpcs\old.timeline.json
2026-09-17 00:13:30,732 [INFO] src.timeline.project_io: プロジェクトが 5 件見つかりました (新しい 2 件を表示します)
2026-09-17 00:13:30,746 [WARNING] src.export.resolve_export: ソース総尺の取得に失敗 (タイムライン全長で代用): C:\Users\evolu\AppData\Local\Temp\resolve_export_test_fw504y2j\sample.mp4
2026-09-17 00:13:30,754 [WARNING] src.export.resolve_export: ソース総尺の取得に失敗 (タイムライン全長で代用): C:\Users\evolu\AppData\Local\Temp\resolve_export_test_fwsj80ha\sample.mp4
2026-09-17 00:13:30,762 [WARNING] src.export.resolve_export: ソース総尺の取得に失敗 (タイムライン全長で代用): C:\Users\evolu\AppData\Local\Temp\resolve_export_test_cowz0vjl\sample.mp4
2026-09-17 00:13:30,769 [WARNING] src.export.resolve_export: ソース総尺の取得に失敗 (タイムライン全長で代用): C:\Users\evolu\AppData\Local\Temp\resolve_export_test_cx4a73_o\sample.mp4
2026-09-17 00:13:30,769 [WARNING] src.export.resolve_export: テーマ演出はテキストと区間のみを出力します (ブラー・黒帯などの映像エフェクトは FCPXML で表現できません)。
2026-09-17 00:13:30,769 [WARNING] src.export.resolve_export: 字幕位置は配置(alignment)＋余白からの近似です。Resolve 取り込み時に位置が中央へ戻る場合があります (フォント/サイズ/色は保持)。
2026-09-17 00:13:30,778 [WARNING] src.export.resolve_export: ソース総尺の取得に失敗 (タイムライン全長で代用): C:\Users\evolu\AppData\Local\Temp\resolve_export_test_nu9yvi0u\sample.mp4
2026-09-17 00:13:30,787 [WARNING] src.export.resolve_export: ソース総尺の取得に失敗 (タイムライン全長で代用): C:\Users\evolu\AppData\Local\Temp\resolve_export_test_r2m76l0n\sample.mp4
2026-09-17 00:13:30,795 [WARNING] src.export.resolve_export: ソース総尺の取得に失敗 (タイムライン全長で代用): C:\Users\evolu\AppData\Local\Temp\resolve_export_test_2v_e549v\sample.mp4
2026-09-17 00:13:30,802 [WARNING] src.export.resolve_export: ソース総尺の取得に失敗 (タイムライン全長で代用): C:\Users\evolu\AppData\Local\Temp\resolve_export_test_2v_e549v\sample.mp4
2026-09-17 00:13:30,812 [WARNING] src.export.resolve_export: ソース総尺の取得に失敗 (タイムライン全長で代用): C:\Users\evolu\AppData\Local\Temp\resolve_export_test_luowgwpa\sample.mp4
2026-09-17 00:13:30,812 [WARNING] src.export.resolve_export: 未対応の字幕出力方式 export.resolve.subtitle.mode=bogus のため caption で出力します
2026-09-17 00:13:30,825 [WARNING] src.export.resolve_export: ソース総尺の取得に失敗 (タイムライン全長で代用): C:\Users\evolu\AppData\Local\Temp\resolve_export_test_kaf763yz\sample.mp4
2026-09-17 00:13:30,833 [WARNING] src.export.resolve_export: ソース総尺の取得に失敗 (タイムライン全長で代用): C:\Users\evolu\AppData\Local\Temp\resolve_export_test_f6ey6epl\sample.mp4
2026-09-17 00:13:30,843 [WARNING] src.export.resolve_export: ソース総尺の取得に失敗 (タイムライン全長で代用): C:\Users\evolu\AppData\Local\Temp\resolve_export_test_4i5zobix\sample.mp4
2026-09-17 00:13:30,851 [WARNING] src.export.resolve_export: ソース総尺の取得に失敗 (タイムライン全長で代用): C:\Users\evolu\AppData\Local\Temp\resolve_export_test_80ceq7c4\sample.mp4
2026-09-17 00:13:30,858 [WARNING] src.export.resolve_export: ソース総尺の取得に失敗 (タイムライン全長で代用): C:\Users\evolu\AppData\Local\Temp\resolve_export_test_l17gwkh2\sample.mp4
2026-09-17 00:13:30,867 [WARNING] src.export.resolve_export: ソース総尺の取得に失敗 (タイムライン全長で代用): C:\Users\evolu\AppData\Local\Temp\resolve_export_test_tkjgdlv4\sample.mp4
2026-09-17 00:13:30,874 [WARNING] src.export.resolve_export: ソース総尺の取得に失敗 (タイムライン全長で代用): C:\Users\evolu\AppData\Local\Temp\resolve_export_test_im2maw6m\sample.mp4
2026-09-17 00:13:30,883 [WARNING] src.export.resolve_export: ソース総尺の取得に失敗 (タイムライン全長で代用): C:\Users\evolu\AppData\Local\Temp\resolve_export_test_e9fbn2tc\sample.mp4
2026-09-17 00:13:30,890 [WARNING] src.export.resolve_export: ソース総尺の取得に失敗 (タイムライン全長で代用): C:\Users\evolu\AppData\Local\Temp\resolve_export_test_6b04s16y\sample.mp4
2026-09-17 00:13:30,890 [INFO] src.export.resolve_export: 編集点が無いため全長 1 クリップとして出力します
2026-09-17 00:13:30,898 [WARNING] src.export.resolve_export: ソース総尺の取得に失敗 (タイムライン全長で代用): C:\Users\evolu\AppData\Local\Temp\resolve_export_test_f777rb8r\sample.mp4
2026-09-17 00:13:30,898 [INFO] src.export.resolve_export: Resolve 出力開始: C:\Users\evolu\AppData\Local\Temp\resolve_export_test_f777rb8r\out2.fcpxml (クリップ 1 件 / 字幕 caption 1 件 / title・テーマ 0 件 / 1920x1080 60fps)
2026-09-17 00:13:30,900 [INFO] src.export.resolve_export: 字幕トラックのスタイルは Resolve の字幕トラックヘッダー選択 → インスペクタ → Track Style で一括設定できます (Resolve 19 以降は Text+ スタイルも指定可)。
2026-09-17 00:13:30,900 [INFO] src.export.resolve_export: Resolve 出力完了: C:\Users\evolu\AppData\Local\Temp\resolve_export_test_f777rb8r\out2.fcpxml (タイムライン尺 5.00s)
2026-09-17 00:13:30,911 [WARNING] src.export.resolve_export: ソース総尺の取得に失敗 (タイムライン全長で代用): C:\Users\evolu\AppData\Local\Temp\resolve_export_test_pwztlp78\sample.mp4
2026-09-17 00:13:30,911 [INFO] src.export.resolve_export: Resolve 出力開始: C:\Users\evolu\AppData\Local\Temp\resolve_export_test_pwztlp78\out3.fcpxml (クリップ 1 件 / 字幕 caption 0 件 / title・テーマ 0 件 / 1920x1080 60fps)
2026-09-17 00:13:30,912 [INFO] src.export.resolve_export: Resolve 出力完了: C:\Users\evolu\AppData\Local\Temp\resolve_export_test_pwztlp78\out3.fcpxml (タイムライン尺 5.00s)
2026-09-17 00:13:30,922 [WARNING] src.export.resolve_export: ソース総尺の取得に失敗 (タイムライン全長で代用): C:\Users\evolu\AppData\Local\Temp\resolve_export_test_t7n6y7fp\sample.mp4
2026-09-17 00:13:30,922 [INFO] src.export.resolve_export: Resolve 出力開始: C:\Users\evolu\AppData\Local\Temp\resolve_export_test_t7n6y7fp\out.fcpxml (クリップ 1 件 / 字幕 caption 1 件 / title・テーマ 0 件 / 1920x1080 60fps)
2026-09-17 00:13:30,925 [INFO] src.export.resolve_export: SRT サイドカー出力: C:\Users\evolu\AppData\Local\Temp\resolve_export_test_t7n6y7fp\out.srt (1 件)
2026-09-17 00:13:30,925 [INFO] src.export.resolve_export: Resolve 出力完了: C:\Users\evolu\AppData\Local\Temp\resolve_export_test_t7n6y7fp\out.fcpxml / C:\Users\evolu\AppData\Local\Temp\resolve_export_test_t7n6y7fp\out.srt (タイムライン尺 5.00s)
2026-09-17 00:13:30,927 [INFO] src.export.resolve_export: Resolve 出力を中止 (上書きしない): C:\Users\evolu\AppData\Local\Temp\resolve_export_test_t7n6y7fp\out.fcpxml
2026-09-17 00:13:30,943 [INFO] src.modules.subtitle_generator: 縦動画のため字幕設定を縦用へ上書き (font/改行/配置/余白)
2026-09-17 00:13:30,947 [WARNING] src.services.stretheus_auth: API の日時を解釈できませんでした。
2026-09-17 00:13:30,965 [INFO] src.services.stretheus_auth: Stretheus のログインページを開きます (ポート64802)
2026-09-17 00:13:30,997 [INFO] src.services.stretheus_auth: Stretheus へログインしました。
2026-09-17 00:13:32,048 [INFO] src.services.stretheus_auth: Stretheus のログインページを開きます (ポート64810)
2026-09-17 00:13:32,060 [INFO] src.services.stretheus_auth: Stretheus へログインしました。
2026-09-17 00:13:33,097 [INFO] src.services.stretheus_auth: Stretheus のログインページを開きます (ポート64818)
2026-09-17 00:13:33,126 [INFO] src.services.stretheus_auth: Stretheus へログインしました。
2026-09-17 00:13:33,655 [INFO] src.services.stretheus_auth: Stretheus のログインページを開きます (ポート64823)
2026-09-17 00:13:33,658 [INFO] src.services.stretheus_auth: Stretheus へログインしました。
2026-09-17 00:13:34,170 [INFO] src.services.stretheus_auth: Stretheus のログインページを開きます (ポート64829)
2026-09-17 00:13:34,186 [INFO] src.services.stretheus_auth: Stretheus へログインしました。
2026-09-17 00:13:34,715 [INFO] src.services.stretheus_auth: Stretheus のログインページを開きます (ポート64835)
2026-09-17 00:13:34,734 [INFO] src.services.stretheus_auth: Stretheus へログインしました。
2026-09-17 00:13:35,246 [INFO] src.modules.subtitle_generator: テロップ個別指定 フォント 0 件 / サイズ 0 件 / 文字色 1 件 / 縁の色 0 件
2026-09-17 00:13:35,251 [INFO] src.modules.subtitle_generator: テロップ個別指定 フォント 0 件 / サイズ 0 件 / 文字色 1 件 / 縁の色 0 件
2026-09-17 00:13:35,263 [INFO] src.modules.subtitle_generator: テロップ個別指定 フォント 0 件 / サイズ 0 件 / 文字色 0 件 / 縁の色 1 件
2026-09-17 00:13:35,263 [INFO] src.modules.subtitle_generator: テロップ個別指定 フォント 0 件 / サイズ 0 件 / 文字色 0 件 / 縁の色 1 件
2026-09-17 00:13:35,263 [INFO] src.modules.subtitle_generator: テロップ個別指定 フォント 1 件 / サイズ 1 件 / 文字色 1 件 / 縁の色 1 件
2026-09-17 00:13:35,268 [INFO] src.timeline.commands: コメント用の字幕トラックを作成しました: S2
2026-09-17 00:13:35,268 [INFO] src.timeline.commands: 移動先 S2 が空いていないため役割だけ変更しました: s1
2026-09-17 00:13:35,268 [INFO] src.timeline.commands: コメント用の字幕トラックを作成しました: S2
2026-09-17 00:13:35,268 [INFO] src.timeline.commands: コメント用の字幕トラックを作成しました: S2
2026-09-17 00:13:35,270 [INFO] src.timeline.commands: コメント用の字幕トラックを作成しました: S2
2026-09-17 00:13:35,270 [INFO] src.timeline.project_io: プロジェクト保存: C:\Users\evolu\AppData\Local\Temp\tmpt3g3gmjw\sample.timeline.json
2026-09-17 00:13:35,278 [INFO] src.modules.subtitle_generator: VAD フィルタ有効 (min_silence=500ms, speech_pad=100ms, condition_on_previous_text=False)
2026-09-17 00:13:35,278 [WARNING] src.modules.subtitle_generator: VAD 付き認識に失敗したため VAD 無しで再試行します: VAD の初期化に失敗しました (テスト)
2026-09-17 00:13:35,278 [INFO] src.modules.subtitle_generator: VAD フィルタ有効 (min_silence=800ms, speech_pad=100ms, condition_on_previous_text=False)
2026-09-17 00:13:35,278 [INFO] src.modules.subtitle_generator: VAD フィルタ有効 (min_silence=500ms, speech_pad=100ms, condition_on_previous_text=False)
2026-09-17 00:13:35,292 [INFO] src.timeline.commands: 貼り付けの割り込み: V1 の 5.000s へ 10.00s を確保 / 移動 2 件・分割 1 件・切詰 0 件
2026-09-17 00:13:35,292 [INFO] src.timeline.commands: 貼り付けの割り込み: V2 の 5.000s へ 10.00s を確保 / 移動 2 件・分割 0 件・切詰 0 件
2026-09-17 00:13:35,292 [INFO] src.timeline.commands: 貼り付けの割り込み: S1 の 5.000s へ 10.00s を確保 / 移動 1 件・分割 0 件・切詰 0 件
2026-09-17 00:13:35,292 [INFO] src.timeline.commands: 貼り付けの割り込み: V1 の 5.000s へ 10.00s を確保 / 移動 2 件・分割 1 件・切詰 0 件
2026-09-17 00:13:35,292 [INFO] src.timeline.commands: 貼り付けの割り込み: V2 の 5.000s へ 10.00s を確保 / 移動 2 件・分割 0 件・切詰 0 件
2026-09-17 00:13:35,292 [INFO] src.timeline.commands: 貼り付けの割り込み: S1 の 5.000s へ 10.00s を確保 / 移動 1 件・分割 0 件・切詰 0 件
2026-09-17 00:13:35,292 [INFO] src.timeline.commands: 貼り付けの割り込み: V1 の 5.000s へ 10.00s を確保 / 移動 2 件・分割 1 件・切詰 0 件
2026-09-17 00:13:35,292 [INFO] src.timeline.commands: 貼り付けの割り込み: V2 の 5.000s へ 10.00s を確保 / 移動 2 件・分割 0 件・切詰 0 件
2026-09-17 00:13:35,292 [INFO] src.timeline.commands: 貼り付けの割り込み: S1 の 5.000s へ 10.00s を確保 / 移動 1 件・分割 0 件・切詰 0 件
2026-09-17 00:13:35,292 [INFO] src.timeline.commands: 貼り付けの割り込み: V1 の 5.000s へ 15.00s を確保 / 移動 3 件・分割 0 件・切詰 0 件
2026-09-17 00:13:35,292 [INFO] src.timeline.commands: 貼り付けの割り込み: V2 の 5.000s へ 15.00s を確保 / 移動 2 件・分割 0 件・切詰 0 件
2026-09-17 00:13:35,292 [INFO] src.timeline.commands: 貼り付けの割り込み: S1 の 5.000s へ 15.00s を確保 / 移動 1 件・分割 0 件・切詰 0 件
2026-09-17 00:13:35,294 [INFO] src.timeline.commands: 貼り付けの割り込み: V1 の 10.020s へ 10.02s を確保 / 移動 2 件・分割 0 件・切詰 0 件
2026-09-17 00:13:35,294 [INFO] src.timeline.commands: 貼り付けの割り込み: V2 の 10.020s へ 10.02s を確保 / 移動 1 件・分割 0 件・切詰 0 件
2026-09-17 00:13:35,294 [INFO] src.timeline.commands: 貼り付けの割り込み: S1 の 10.020s へ 10.02s を確保 / 移動 1 件・分割 0 件・切詰 0 件
2026-09-17 00:13:35,294 [INFO] src.timeline.commands: 貼り付けの割り込み: V1 の 19.980s へ 9.98s を確保 / 移動 1 件・分割 0 件・切詰 1 件
2026-09-17 00:13:35,294 [INFO] src.timeline.commands: 貼り付けの割り込み: V2 の 19.980s へ 9.98s を確保 / 移動 1 件・分割 0 件・切詰 0 件
2026-09-17 00:13:35,294 [INFO] src.timeline.commands: 貼り付けの割り込み: S1 の 19.980s へ 9.98s を確保 / 移動 0 件・分割 0 件・切詰 0 件
2026-09-17 00:13:35,294 [WARNING] src.timeline.commands: 素材が見つからないため貼り付けません: D:\develop\autoedit\tests\存在しない素材.mp4
2026-09-17 00:13:35,294 [INFO] src.timeline.commands: 貼り付けの割り込み: V1 の 5.000s へ 10.00s を確保 / 移動 2 件・分割 1 件・切詰 0 件
2026-09-17 00:13:35,294 [INFO] src.timeline.commands: 貼り付けの割り込み: V2 の 5.000s へ 10.00s を確保 / 移動 2 件・分割 0 件・切詰 0 件
2026-09-17 00:13:35,294 [INFO] src.timeline.commands: 貼り付けの割り込み: S1 の 5.000s へ 10.00s を確保 / 移動 1 件・分割 0 件・切詰 0 件
2026-09-17 00:13:35,295 [INFO] src.timeline.commands: 貼り付けの割り込み: V1 の 5.000s へ 10.00s を確保 / 移動 2 件・分割 1 件・切詰 0 件
2026-09-17 00:13:35,295 [INFO] src.timeline.commands: 貼り付けの割り込み: V2 の 5.000s へ 10.00s を確保 / 移動 2 件・分割 0 件・切詰 0 件
2026-09-17 00:13:35,295 [INFO] src.timeline.commands: 貼り付けの割り込み: S1 の 5.000s へ 10.00s を確保 / 移動 1 件・分割 0 件・切詰 0 件
2026-09-17 00:13:35,295 [INFO] src.timeline.commands: 貼り付けの割り込み: V1 の 5.000s へ 10.00s を確保 / 移動 2 件・分割 1 件・切詰 0 件
2026-09-17 00:13:35,295 [INFO] src.timeline.commands: 貼り付けの割り込み: V2 の 5.000s へ 10.00s を確保 / 移動 2 件・分割 0 件・切詰 0 件
2026-09-17 00:13:35,295 [INFO] src.timeline.commands: 貼り付けの割り込み: S1 の 5.000s へ 10.00s を確保 / 移動 1 件・分割 0 件・切詰 0 件
2026-09-17 00:13:35,295 [INFO] src.timeline.commands: 貼り付けの割り込み: V1 の 5.000s へ 10.00s を確保 / 移動 2 件・分割 1 件・切詰 0 件
2026-09-17 00:13:35,295 [INFO] src.timeline.commands: 貼り付けの割り込み: V2 の 5.000s へ 10.00s を確保 / 移動 2 件・分割 0 件・切詰 0 件
2026-09-17 00:13:35,295 [INFO] src.timeline.commands: 貼り付けの割り込み: S1 の 5.000s へ 10.00s を確保 / 移動 1 件・分割 0 件・切詰 0 件
2026-09-17 00:13:35,295 [INFO] src.timeline.commands: 貼り付けの割り込み: V1 の 5.000s へ 10.00s を確保 / 移動 2 件・分割 1 件・切詰 0 件
2026-09-17 00:13:35,295 [INFO] src.timeline.commands: 貼り付けの割り込み: V2 の 5.000s へ 10.00s を確保 / 移動 2 件・分割 0 件・切詰 0 件
2026-09-17 00:13:35,295 [INFO] src.timeline.commands: 貼り付けの割り込み: S1 の 5.000s へ 10.00s を確保 / 移動 1 件・分割 0 件・切詰 0 件
2026-09-17 00:13:35,295 [INFO] src.timeline.commands: 貼り付けの割り込み: V2 の 4.000s へ 2.00s を確保 / 移動 2 件・分割 0 件・切詰 0 件
2026-09-17 00:13:35,296 [INFO] src.timeline.commands: 貼り付けの割り込み: V2 の 4.000s へ 2.00s を確保 / 移動 2 件・分割 0 件・切詰 0 件
2026-09-17 00:13:35,296 [INFO] src.timeline.commands: 貼り付けの割り込み: V2 の 4.000s へ 2.00s を確保 / 移動 2 件・分割 0 件・切詰 0 件
2026-09-17 00:13:35,296 [INFO] src.timeline.clipboard: Timeline のノードをコピーしました: 1 件
2026-09-17 00:13:35,296 [INFO] src.timeline.clipboard: Timeline のノードをコピーしました: 1 件
2026-09-17 00:13:35,296 [INFO] src.timeline.commands: 貼り付けの割り込み: V1 の 4.000s へ 2.00s を確保 / 移動 2 件・分割 1 件・切詰 0 件
2026-09-17 00:13:35,296 [INFO] src.timeline.commands: 貼り付けの割り込み: V2 の 4.000s へ 2.00s を確保 / 移動 2 件・分割 0 件・切詰 0 件
2026-09-17 00:13:35,296 [INFO] src.timeline.commands: 貼り付けの割り込み: S1 の 4.000s へ 2.00s を確保 / 移動 1 件・分割 0 件・切詰 0 件
2026-09-17 00:13:35,297 [INFO] src.timeline.commands: 貼り付けの割り込み: V2 の 4.000s へ 2.00s を確保 / 移動 2 件・分割 0 件・切詰 0 件
2026-09-17 00:13:35,297 [INFO] src.timeline.commands: 貼り付けの割り込み: V1 の 5.000s へ 10.00s を確保 / 移動 2 件・分割 1 件・切詰 0 件
2026-09-17 00:13:35,297 [INFO] src.timeline.commands: 貼り付けの割り込み: V2 の 5.000s へ 10.00s を確保 / 移動 2 件・分割 0 件・切詰 0 件
2026-09-17 00:13:35,297 [INFO] src.timeline.commands: 貼り付けの割り込み: V1 の 5.000s へ 10.00s を確保 / 移動 2 件・分割 1 件・切詰 0 件
2026-09-17 00:13:35,297 [WARNING] src.timeline.builder: 貼り付けの設定が不正なため既定 base_syncs_all を使用します: 'なにか'
2026-09-17 00:13:35,297 [WARNING] src.timeline.builder: 貼り付けの設定が不正なため既定 split を使用します: 123
2026-09-17 00:13:35,297 [INFO] src.timeline.commands: 貼り付けの割り込み: V1 の 5.000s へ 10.00s を確保 / 移動 2 件・分割 1 件・切詰 0 件
2026-09-17 00:13:35,297 [INFO] src.timeline.commands: 貼り付けの割り込み: V2 の 5.000s へ 10.00s を確保 / 移動 2 件・分割 0 件・切詰 0 件
2026-09-17 00:13:35,297 [INFO] src.timeline.commands: 貼り付けの割り込み: S1 の 5.000s へ 10.00s を確保 / 移動 1 件・分割 0 件・切詰 0 件
2026-09-17 00:13:35,298 [WARNING] src.timeline.commands: 映像トラックの上限 (3) に達しているため追加できません
2026-09-17 00:13:35,299 [INFO] src.timeline.commands: 字幕を追加できる空きがありません (2.000 秒)
2026-09-17 00:13:35,299 [INFO] src.timeline.commands: 字幕を追加できる空きがありません (0.990 秒)
2026-09-17 00:13:35,299 [INFO] src.timeline.commands: リップル: 10.000〜20.000s (10.00s) を除去 / 削除 1 件・短縮 0 件・移動 1 件
2026-09-17 00:13:35,299 [INFO] src.timeline.commands: リップル: 10.000〜20.000s (10.00s) を除去 / 削除 1 件・短縮 0 件・移動 1 件
2026-09-17 00:13:35,299 [INFO] src.timeline.commands: リップル: 10.000〜20.000s (10.00s) を除去 / 削除 1 件・短縮 0 件・移動 1 件
2026-09-17 00:13:35,299 [INFO] src.timeline.commands: リップル: 0.000〜10.000s (10.00s) を除去 / 削除 2 件・短縮 0 件・移動 1 件
2026-09-17 00:13:35,300 [INFO] src.timeline.commands: リップル: 10.000〜20.000s (10.00s) を除去 / 削除 1 件・短縮 0 件・移動 1 件
2026-09-17 00:13:35,301 [INFO] src.timeline.commands: リップル: 10.000〜20.000s (10.00s) を除去 / 削除 2 件・短縮 1 件・移動 2 件
2026-09-17 00:13:35,301 [INFO] src.timeline.commands: リップル: 10.000〜20.000s (10.00s) を除去 / 削除 2 件・短縮 1 件・移動 2 件
2026-09-17 00:13:35,301 [INFO] src.timeline.commands: リップル: 10.000〜20.000s (10.00s) を除去 / 削除 2 件・短縮 1 件・移動 2 件
2026-09-17 00:13:35,301 [INFO] src.timeline.commands: リップル: 10.000〜20.000s (10.00s) を除去 / 削除 2 件・短縮 1 件・移動 2 件
2026-09-17 00:13:35,301 [INFO] src.timeline.commands: リップル: 10.000〜20.000s (10.00s) を除去 / 削除 2 件・短縮 1 件・移動 2 件
2026-09-17 00:13:35,301 [INFO] src.timeline.commands: リップル: 10.000〜20.000s (10.00s) を除去 / 削除 2 件・短縮 1 件・移動 2 件
2026-09-17 00:13:35,302 [INFO] src.timeline.commands: リップル: 10.000〜20.000s (10.00s) を除去 / 削除 2 件・短縮 0 件・移動 3 件
2026-09-17 00:13:35,302 [INFO] src.timeline.commands: リップル: 10.000〜20.000s (10.00s) を除去 / 削除 1 件・短縮 0 件・移動 1 件
2026-09-17 00:13:35,302 [INFO] src.timeline.commands: リップル: 10.000〜20.000s (10.00s) を除去 / 削除 2 件・短縮 1 件・移動 2 件
2026-09-17 00:13:35,302 [INFO] src.timeline.commands: 残り尺が下限を割るためクリップごとリップル削除しました: c2
2026-09-17 00:13:35,302 [INFO] src.timeline.commands: リップル: 10.000〜20.000s (10.00s) を除去 / 削除 1 件・短縮 0 件・移動 2 件
2026-09-17 00:13:35,303 [INFO] src.timeline.commands: リップル: 15.000〜20.000s (5.00s) を除去 / 削除 0 件・短縮 1 件・移動 2 件
2026-09-17 00:13:35,303 [INFO] src.timeline.commands: リップル: 10.000〜15.000s (5.00s) を除去 / 削除 0 件・短縮 1 件・移動 2 件
2026-09-17 00:13:35,303 [INFO] src.timeline.commands: リップル: 15.000〜20.000s (5.00s) を除去 / 削除 0 件・短縮 1 件・移動 2 件
2026-09-17 00:13:35,303 [INFO] src.timeline.commands: リップル: 15.000〜20.000s (5.00s) を除去 / 削除 0 件・短縮 1 件・移動 2 件
2026-09-17 00:13:35,303 [INFO] src.timeline.commands: リップル: 26.000〜27.000s (1.00s) を除去 / 削除 0 件・短縮 2 件・移動 0 件
2026-09-17 00:13:35,304 [INFO] src.timeline.commands: リップル: 10.000〜20.000s (10.00s) を除去 / 削除 1 件・短縮 0 件・移動 1 件
2026-09-17 00:13:35,304 [INFO] src.timeline.commands: リップル: 10.000〜20.000s (10.00s) を除去 / 削除 1 件・短縮 0 件・移動 1 件
2026-09-17 00:13:35,304 [INFO] src.timeline.commands: リップル: 10.000〜20.000s (10.00s) を除去 / 削除 1 件・短縮 0 件・移動 1 件
2026-09-17 00:13:35,306 [INFO] src.timeline.project_io: プロジェクト保存: C:\Users\evolu\AppData\Local\Temp\timeline_io_test_m44vs6xl\sample.timeline.json
2026-09-17 00:13:35,321 [INFO] src.timeline.project_io: プロジェクト読込: C:\Users\evolu\AppData\Local\Temp\timeline_io_test_m44vs6xl\sample.timeline.json
2026-09-17 00:13:35,325 [INFO] src.timeline.project_io: プロジェクト保存: C:\Users\evolu\AppData\Local\Temp\timeline_io_test_m44vs6xl\sample.timeline.json
2026-09-17 00:13:35,325 [INFO] src.timeline.project_io: プロジェクト読込: C:\Users\evolu\AppData\Local\Temp\timeline_io_test_m44vs6xl\sample.timeline.json
2026-09-17 00:13:35,325 [INFO] src.timeline.project_io: プロジェクト保存: C:\Users\evolu\AppData\Local\Temp\timeline_io_test_x5_tbc68\sample.timeline.json
2026-09-17 00:13:35,338 [INFO] src.timeline.project_io: プロジェクト読込: C:\Users\evolu\AppData\Local\Temp\timeline_io_test_x5_tbc68\sample.timeline.json
2026-09-17 00:13:35,343 [INFO] src.timeline.project_io: プロジェクト保存: C:\Users\evolu\AppData\Local\Temp\timeline_io_test_on6bdeiz\sample.timeline.json
2026-09-17 00:13:35,360 [WARNING] src.timeline.project_io: メディアの実体が見つかりません (1 件)。該当クリップを無効化します: m1
2026-09-17 00:13:35,363 [INFO] src.timeline.project_io: プロジェクト保存: C:\Users\evolu\AppData\Local\Temp\timeline_io_test_olvbbv5j\sample.timeline.json
2026-09-17 00:13:35,381 [INFO] src.timeline.project_io: プロジェクト保存: C:\Users\evolu\AppData\Local\Temp\timeline_io_test_gkvunf82\sample.timeline.json
2026-09-17 00:13:35,384 [WARNING] src.timeline.project_io: 編集点の区間が不正なため無視します: 20.000→15.000
2026-09-17 00:13:35,386 [WARNING] src.timeline.project_io: メディアの実体が見つかりません (1 件)。該当クリップを無効化します: m1
2026-09-17 00:13:35,386 [WARNING] src.timeline.project_io: 音声クリップ a1 のリンク先 no_such_clip が存在しないため除外します (該当区間は無音になります)
2026-09-17 00:13:35,389 [WARNING] src.timeline.project_io: トラック V1 でクリップ c2 が重複しているため 12.480 へ移動します
2026-09-17 00:13:35,393 [WARNING] src.timeline.project_io: クリップ c2 の尺 (0.001s) が下限 (0.050s) 未満のため除外します
2026-09-17 00:13:35,393 [WARNING] src.timeline.project_io: 音声クリップ a2 のリンク先 c2 が存在しないため除外します (該当区間は無音になります)
2026-09-17 00:13:35,457 [INFO] src.utils.trash: ゴミ箱へ移動しました (2 件)
2026-09-17 00:13:35,458 [WARNING] src.timeline.builder: 寸法の設定が不正なため既定 8000 を使用します: 0
2026-09-17 00:13:45,403 [INFO] src.archive.timeline_builder: アーカイブ Timeline 構築: 2 クリップ / V1 2 本 / S1 0 件 / 全長 60.0s
2026-09-17 00:13:45,403 [INFO] src.archive.timeline_builder: アーカイブ Timeline 構築: 2 クリップ / V1 2 本 / S1 0 件 / 全長 60.0s
2026-09-17 00:13:45,403 [WARNING] src.archive.marker_source: VOD 外のマーカーを 2 件除外しました (尺 7200.0s)
2026-09-17 00:13:45,407 [INFO] src.archive.clip_writer: clip1 prepare 完了 (字幕 2 件)
2026-09-17 00:13:45,407 [INFO] src.archive.clip_writer: clip1 prepare 完了 (字幕 2 件)
2026-09-17 00:13:45,409 [INFO] src.archive.clip_writer: 編集点準備: 残す区間 2 件 / 想定尺 10.00s (素材 30.00s)
2026-09-17 00:13:45,409 [INFO] src.archive.clip_writer: clip1 prepare 完了 (字幕 2 件 / 実カットなし)
2026-09-17 00:13:45,409 [INFO] src.archive.clip_writer: 編集点準備: 残す区間 2 件 / 想定尺 10.00s (素材 30.00s)
2026-09-17 00:13:45,409 [INFO] src.archive.clip_writer: clip1 prepare 完了 (字幕 2 件 / 実カットなし)
2026-09-17 00:13:45,411 [INFO] src.archive.clip_writer: 編集点準備: 残す区間 2 件 / 想定尺 10.00s (素材 30.00s)
2026-09-17 00:13:45,411 [INFO] src.archive.clip_writer: clip1 prepare 完了 (字幕 2 件 / 実カットなし)
2026-09-17 00:13:45,411 [INFO] src.archive.clip_writer: 編集点準備: 残す区間 2 件 / 想定尺 10.00s (素材 30.00s)
2026-09-17 00:13:45,411 [INFO] src.archive.clip_writer: clip1 prepare 完了 (字幕 2 件 / 実カットなし)
2026-09-17 00:13:45,411 [INFO] src.archive.clip_writer: 編集点準備: 残す区間 2 件 / 想定尺 10.00s (素材 30.00s)
2026-09-17 00:13:45,411 [INFO] src.archive.clip_writer: clip1 prepare 完了 (字幕 2 件 / 実カットなし)
2026-09-17 00:13:45,416 [INFO] src.archive.clip_writer: 編集点準備: 残す区間 2 件 / 想定尺 10.00s (素材 30.00s)
2026-09-17 00:13:45,416 [INFO] src.archive.clip_writer: clip1 prepare 完了 (字幕 2 件 / 実カットなし)
2026-09-17 00:13:45,416 [INFO] src.archive.clip_writer: 編集点準備: 残す区間 2 件 / 想定尺 10.00s (素材 30.00s)
2026-09-17 00:13:45,416 [INFO] src.archive.clip_writer: clip1 prepare 完了 (字幕 0 件 / 実カットなし)
2026-09-17 00:13:45,418 [INFO] src.archive.clip_writer: 編集点準備: 残す区間 2 件 / 想定尺 10.00s (素材 30.00s)
2026-09-17 00:13:45,425 [INFO] src.timeline.project_io: プロジェクト保存: C:\Users\evolu\AppData\Local\Temp\archive_resume_migk64hw\vod.archive.timeline.json
2026-09-17 00:13:45,443 [INFO] src.timeline.project_io: プロジェクト読込: C:\Users\evolu\AppData\Local\Temp\archive_resume_migk64hw\vod.archive.timeline.json
2026-09-17 00:13:45,450 [INFO] src.timeline.project_io: プロジェクト保存: C:\Users\evolu\AppData\Local\Temp\archive_resume_hec095li\vod.archive.timeline.json
2026-09-17 00:13:45,453 [INFO] src.timeline.project_io: プロジェクト保存: C:\Users\evolu\AppData\Local\Temp\archive_resume_hec095li\clip.timeline.json
2026-09-17 00:13:45,453 [INFO] src.archive.project_resume: ==================================================
2026-09-17 00:13:45,453 [INFO] src.archive.project_resume: 保存済みアーカイブプロジェクトから再開: C:\Users\evolu\AppData\Local\Temp\archive_resume_hec095li\clip.timeline.json
2026-09-17 00:13:45,469 [INFO] src.timeline.project_io: プロジェクト読込: C:\Users\evolu\AppData\Local\Temp\archive_resume_hec095li\clip.timeline.json
2026-09-17 00:13:45,474 [INFO] src.timeline.project_io: プロジェクト保存: C:\Users\evolu\AppData\Local\Temp\archive_resume_gq2sn102\vod.archive.timeline.json
2026-09-17 00:13:45,487 [INFO] src.timeline.project_io: プロジェクト読込: C:\Users\evolu\AppData\Local\Temp\archive_resume_gq2sn102\vod.archive.timeline.json
2026-09-17 00:13:45,489 [INFO] src.archive.project_resume: 音声サイドカーが無いため clip1 の正規化をやり直します
2026-09-17 00:13:45,490 [INFO] src.archive.project_resume: 音声サイドカーが無いため clip2 の正規化をやり直します
2026-09-17 00:13:45,495 [INFO] src.timeline.project_io: プロジェクト保存: C:\Users\evolu\AppData\Local\Temp\archive_resume_aq05xqjs\vod.archive.timeline.json
2026-09-17 00:13:45,509 [INFO] src.timeline.project_io: プロジェクト読込: C:\Users\evolu\AppData\Local\Temp\archive_resume_aq05xqjs\vod.archive.timeline.json
2026-09-17 00:13:45,510 [INFO] src.archive.project_resume: 音声サイドカーが無いため clip1 の正規化をやり直します
2026-09-17 00:13:45,511 [INFO] src.archive.project_resume: 音声サイドカーが無いため clip2 の正規化をやり直します
2026-09-17 00:13:45,515 [INFO] src.timeline.project_io: プロジェクト保存: C:\Users\evolu\AppData\Local\Temp\archive_resume_o5atck0r\vod.archive.timeline.json
2026-09-17 00:13:45,516 [INFO] src.archive.project_resume: ==================================================
2026-09-17 00:13:45,516 [INFO] src.archive.project_resume: 保存済みアーカイブプロジェクトから再開: C:\Users\evolu\AppData\Local\Temp\archive_resume_o5atck0r\no_such.timeline.json
2026-09-17 00:13:45,518 [INFO] src.timeline.project_io: プロジェクト保存: C:\Users\evolu\AppData\Local\Temp\archive_resume_pn39zbpg\vod.archive.timeline.json
2026-09-17 00:13:45,525 [INFO] src.timeline.project_io: プロジェクト読込: C:\Users\evolu\AppData\Local\Temp\archive_resume_pn39zbpg\vod.archive.timeline.json
2026-09-17 00:13:45,533 [INFO] src.timeline.project_io: プロジェクト保存: C:\Users\evolu\AppData\Local\Temp\archive_resume_k5gbdovi\vod.archive.timeline.json
2026-09-17 00:13:45,544 [INFO] src.timeline.project_io: プロジェクト読込: C:\Users\evolu\AppData\Local\Temp\archive_resume_k5gbdovi\vod.archive.timeline.json
2026-09-17 00:13:45,546 [INFO] src.archive.project_resume: 設定に従い切り出したままの音量で使います: clip1
2026-09-17 00:13:45,546 [INFO] src.archive.project_resume: 設定に従い切り出したままの音量で使います: clip2
2026-09-17 00:13:45,547 [WARNING] src.timeline.media_sidecar: 音声サイドカーの尺が保存値と合いません (100.00s / 期待 103.00s) → 使いません
2026-09-17 00:13:45,547 [INFO] src.archive.timeline_builder: アーカイブ Timeline 構築: 2 クリップ / V1 2 本 / S1 0 件 / 全長 200.0s
2026-09-17 00:13:45,547 [INFO] src.archive.timeline_builder: セクション追加: clip3 を 200.00s へ挿入 (VOD 900.0-950.0 / 尺 50.00s)
2026-09-17 00:13:45,547 [INFO] src.archive.timeline_builder: アーカイブ Timeline 構築: 2 クリップ / V1 2 本 / S1 0 件 / 全長 200.0s
2026-09-17 00:13:45,547 [INFO] src.timeline.commands: 貼り付けの割り込み: V1 の 0.000s へ 50.00s を確保 / 移動 2 件・分割 0 件・切詰 0 件
2026-09-17 00:13:45,547 [INFO] src.timeline.commands: 貼り付けの割り込み: S1 の 0.000s へ 50.00s を確保 / 移動 0 件・分割 0 件・切詰 0 件
2026-09-17 00:13:45,547 [INFO] src.archive.timeline_builder: セクション追加: clip3 を 0.00s へ挿入 (VOD 0.0-50.0 / 尺 50.00s)
2026-09-17 00:13:45,548 [INFO] src.archive.timeline_builder: アーカイブ Timeline 構築: 2 クリップ / V1 2 本 / S1 0 件 / 全長 200.0s
2026-09-17 00:13:45,548 [INFO] src.timeline.commands: 貼り付けの割り込み: V1 の 100.000s へ 50.00s を確保 / 移動 1 件・分割 0 件・切詰 0 件
2026-09-17 00:13:45,548 [INFO] src.timeline.commands: 貼り付けの割り込み: S1 の 100.000s へ 50.00s を確保 / 移動 0 件・分割 0 件・切詰 0 件
2026-09-17 00:13:45,548 [INFO] src.archive.timeline_builder: セクション追加: clip3 を 100.00s へ挿入 (VOD 250.0-300.0 / 尺 50.00s)
2026-09-17 00:13:45,548 [INFO] src.archive.timeline_builder: アーカイブ Timeline 構築: 3 クリップ / V1 3 本 / S1 0 件 / 全長 300.0s
2026-09-17 00:13:45,548 [INFO] src.timeline.commands: 貼り付けの割り込み: V1 の 100.000s へ 50.00s を確保 / 移動 2 件・分割 0 件・切詰 0 件
2026-09-17 00:13:45,548 [INFO] src.timeline.commands: 貼り付けの割り込み: S1 の 100.000s へ 50.00s を確保 / 移動 0 件・分割 0 件・切詰 0 件
2026-09-17 00:13:45,548 [INFO] src.archive.timeline_builder: セクション追加: clip4 を 100.00s へ挿入 (VOD 250.0-300.0 / 尺 50.00s)
2026-09-17 00:13:45,548 [INFO] src.timeline.commands: 貼り付けの割り込み: V1 の 0.000s へ 50.00s を確保 / 移動 4 件・分割 0 件・切詰 0 件
2026-09-17 00:13:45,548 [INFO] src.timeline.commands: 貼り付けの割り込み: S1 の 0.000s へ 50.00s を確保 / 移動 0 件・分割 0 件・切詰 0 件
2026-09-17 00:13:45,548 [INFO] src.archive.timeline_builder: セクション追加: clip5 を 0.00s へ挿入 (VOD 0.0-50.0 / 尺 50.00s)
2026-09-17 00:13:45,549 [INFO] src.archive.timeline_builder: セクション追加: clip6 を 400.00s へ挿入 (VOD 900.0-950.0 / 尺 50.00s)
2026-09-17 00:13:45,549 [INFO] src.archive.timeline_builder: アーカイブ Timeline 構築: 1 クリップ / V1 1 本 / S1 0 件 / 全長 100.0s
2026-09-17 00:13:45,549 [INFO] src.archive.timeline_builder: セクション追加: clip2 を 100.00s へ挿入 (VOD 300.0-400.0 / 尺 100.00s)
2026-09-17 00:13:45,549 [INFO] src.archive.timeline_builder: アーカイブ Timeline 構築: 3 クリップ / V1 3 本 / S1 0 件 / 全長 300.0s
2026-09-17 00:13:45,549 [INFO] src.timeline.commands: 貼り付けの割り込み: V1 の 100.000s へ 50.00s を確保 / 移動 2 件・分割 0 件・切詰 0 件
2026-09-17 00:13:45,549 [INFO] src.timeline.commands: 貼り付けの割り込み: S1 の 100.000s へ 50.00s を確保 / 移動 0 件・分割 0 件・切詰 0 件
2026-09-17 00:13:45,549 [INFO] src.archive.timeline_builder: セクション追加: clip4 を 100.00s へ挿入 (VOD 250.0-300.0 / 尺 50.00s)
2026-09-17 00:13:45,549 [INFO] src.archive.timeline_builder: アーカイブ Timeline 構築: 2 クリップ / V1 2 本 / S1 0 件 / 全長 200.0s
2026-09-17 00:13:45,549 [INFO] src.archive.timeline_builder: セクション追加: clip3 を 200.00s へ挿入 (VOD 900.0-950.0 / 尺 50.00s)
2026-09-17 00:13:45,550 [INFO] src.archive.timeline_builder: アーカイブ Timeline 構築: 2 クリップ / V1 2 本 / S1 0 件 / 全長 200.0s
2026-09-17 00:13:45,550 [INFO] src.archive.timeline_builder: アーカイブ Timeline 構築: 1 クリップ / V1 1 本 / S1 0 件 / 全長 100.0s
2026-09-17 00:13:45,550 [INFO] src.archive.timeline_builder: セクション追加: clip2 を 100.00s へ挿入 (VOD 450.0-600.0 / 尺 150.00s)
2026-09-17 00:13:45,550 [INFO] src.archive.timeline_builder: アーカイブ Timeline 構築: 2 クリップ / V1 2 本 / S1 0 件 / 全長 200.0s
2026-09-17 00:13:45,550 [INFO] src.archive.timeline_builder: セクション追加: clip3 を 200.00s へ挿入 (VOD 500.0-600.0 / 尺 100.00s)
2026-09-17 00:13:45,550 [INFO] src.archive.timeline_builder: セクション統合: clip2 へ 1 件を畳み込み (VOD 400.0-600.0)
2026-09-17 00:13:45,550 [INFO] src.archive.timeline_builder: アーカイブ Timeline 構築: 2 クリップ / V1 2 本 / S1 0 件 / 全長 200.0s
2026-09-17 00:13:45,550 [INFO] src.archive.timeline_builder: セクション追加: clip3 を 200.00s へ挿入 (VOD 500.0-600.0 / 尺 100.00s)
2026-09-17 00:13:45,550 [INFO] src.archive.timeline_builder: セクション統合: clip2 へ 1 件を畳み込み (VOD 400.0-600.0)
2026-09-17 00:13:45,550 [INFO] src.archive.timeline_builder: アーカイブ Timeline 構築: 3 クリップ / V1 3 本 / S1 0 件 / 全長 300.0s
2026-09-17 00:13:45,550 [INFO] src.timeline.commands: 貼り付けの割り込み: V1 の 200.000s へ 100.00s を確保 / 移動 1 件・分割 0 件・切詰 0 件
2026-09-17 00:13:45,550 [INFO] src.timeline.commands: 貼り付けの割り込み: S1 の 200.000s へ 100.00s を確保 / 移動 0 件・分割 0 件・切詰 0 件
2026-09-17 00:13:45,550 [INFO] src.archive.timeline_builder: セクション追加: clip4 を 200.00s へ挿入 (VOD 500.0-600.0 / 尺 100.00s)
2026-09-17 00:13:45,550 [INFO] src.archive.timeline_builder: セクション統合: clip2 へ 1 件を畳み込み (VOD 400.0-600.0)
2026-09-17 00:13:45,550 [INFO] src.archive.timeline_builder: アーカイブ Timeline 構築: 3 クリップ / V1 3 本 / S1 0 件 / 全長 300.0s
2026-09-17 00:13:45,550 [INFO] src.timeline.commands: 貼り付けの割り込み: V1 の 100.000s へ 200.00s を確保 / 移動 2 件・分割 0 件・切詰 0 件
2026-09-17 00:13:45,552 [INFO] src.timeline.commands: 貼り付けの割り込み: S1 の 100.000s へ 200.00s を確保 / 移動 0 件・分割 0 件・切詰 0 件
2026-09-17 00:13:45,552 [INFO] src.archive.timeline_builder: セクション追加: clip4 を 100.00s へ挿入 (VOD 200.0-400.0 / 尺 200.00s)
2026-09-17 00:13:45,552 [INFO] src.timeline.commands: 貼り付けの割り込み: V1 の 400.000s へ 200.00s を確保 / 移動 1 件・分割 0 件・切詰 0 件
2026-09-17 00:13:45,552 [INFO] src.timeline.commands: 貼り付けの割り込み: S1 の 400.000s へ 200.00s を確保 / 移動 0 件・分割 0 件・切詰 0 件
2026-09-17 00:13:45,552 [INFO] src.archive.timeline_builder: セクション追加: clip5 を 400.00s へ挿入 (VOD 500.0-700.0 / 尺 200.00s)
2026-09-17 00:13:45,552 [INFO] src.archive.timeline_builder: セクション統合: clip1 へ 4 件を畳み込み (VOD 100.0-800.0)
2026-09-17 00:13:45,552 [INFO] src.archive.timeline_builder: アーカイブ Timeline 構築: 1 クリップ / V1 1 本 / S1 0 件 / 全長 100.0s
2026-09-17 00:13:45,552 [INFO] src.archive.timeline_builder: セクション追加: clip2 を 100.00s へ挿入 (VOD 200.0-300.0 / 尺 100.00s)
2026-09-17 00:13:45,552 [INFO] src.archive.timeline_builder: セクション統合: clip1 へ 1 件を畳み込み (VOD 100.0-300.0)
2026-09-17 00:13:45,552 [INFO] src.archive.timeline_builder: アーカイブ Timeline 構築: 2 クリップ / V1 2 本 / S1 0 件 / 全長 200.0s
2026-09-17 00:13:45,552 [INFO] src.timeline.commands: 貼り付けの割り込み: V1 の 100.000s へ 50.00s を確保 / 移動 1 件・分割 0 件・切詰 0 件
2026-09-17 00:13:45,552 [INFO] src.timeline.commands: 貼り付けの割り込み: S1 の 100.000s へ 50.00s を確保 / 移動 0 件・分割 0 件・切詰 0 件
2026-09-17 00:13:45,552 [INFO] src.archive.timeline_builder: セクション追加: clip3 を 100.00s へ挿入 (VOD 250.0-300.0 / 尺 50.00s)
2026-09-17 00:13:45,553 [INFO] src.archive.timeline_builder: アーカイブ Timeline 構築: 2 クリップ / V1 2 本 / S1 0 件 / 全長 200.0s
2026-09-17 00:13:45,553 [INFO] src.archive.timeline_builder: セクション追加: clip3 を 200.00s へ挿入 (VOD 500.0-600.0 / 尺 100.00s)
2026-09-17 00:13:45,553 [INFO] src.archive.timeline_builder: セクション統合: clip2 へ 1 件を畳み込み (VOD 400.0-600.0)
2026-09-17 00:13:45,553 [INFO] src.archive.timeline_builder: アーカイブ Timeline 構築: 3 クリップ / V1 3 本 / S1 0 件 / 全長 300.0s
2026-09-17 00:13:45,553 [INFO] src.timeline.commands: 貼り付けの割り込み: V1 の 100.000s へ 50.00s を確保 / 移動 2 件・分割 0 件・切詰 0 件
2026-09-17 00:13:45,553 [INFO] src.timeline.commands: 貼り付けの割り込み: S1 の 100.000s へ 50.00s を確保 / 移動 0 件・分割 0 件・切詰 0 件
2026-09-17 00:13:45,553 [INFO] src.archive.timeline_builder: セクション追加: clip4 を 100.00s へ挿入 (VOD 250.0-300.0 / 尺 50.00s)
2026-09-17 00:13:45,553 [INFO] src.archive.timeline_builder: アーカイブ Timeline 構築: 1 クリップ / V1 1 本 / S1 0 件 / 全長 30.0s
2026-09-17 00:13:45,553 [INFO] src.archive.timeline_builder: アーカイブ Timeline 構築: 1 クリップ / V1 1 本 / S1 0 件 / 全長 30.0s
2026-09-17 00:13:45,553 [INFO] src.archive.timeline_builder: アーカイブ Timeline 構築: 1 クリップ / V1 1 本 / S1 0 件 / 全長 30.0s
2026-09-17 00:13:45,553 [INFO] src.archive.timeline_builder: アーカイブ Timeline 構築: 1 クリップ / V1 1 本 / S1 0 件 / 全長 30.0s
2026-09-17 00:13:45,553 [INFO] src.archive.timeline_builder: アーカイブ Timeline 構築: 1 クリップ / V1 1 本 / S1 0 件 / 全長 30.0s
2026-09-17 00:13:45,554 [INFO] src.archive.timeline_builder: アーカイブ Timeline 構築: 3 クリップ / V1 6 本 / S1 6 件 / 全長 30.0s
2026-09-17 00:13:45,554 [INFO] src.archive.timeline_builder: アーカイブ Timeline 構築: 3 クリップ / V1 6 本 / S1 6 件 / 全長 30.0s
2026-09-17 00:13:45,554 [INFO] src.archive.timeline_builder: アーカイブ Timeline 構築: 3 クリップ / V1 6 本 / S1 6 件 / 全長 30.0s
2026-09-17 00:13:45,554 [INFO] src.archive.timeline_builder: アーカイブ Timeline 構築: 3 クリップ / V1 6 本 / S1 6 件 / 全長 30.0s
2026-09-17 00:13:45,554 [INFO] src.archive.timeline_builder: アーカイブ Timeline 構築: 3 クリップ / V1 6 本 / S1 6 件 / 全長 30.0s
2026-09-17 00:13:45,555 [INFO] src.archive.timeline_builder: アーカイブ Timeline 構築: 3 クリップ / V1 6 本 / S1 6 件 / 全長 30.0s
2026-09-17 00:13:45,555 [INFO] src.archive.timeline_builder: アーカイブ Timeline 構築: 3 クリップ / V1 6 本 / S1 6 件 / 全長 30.0s
2026-09-17 00:13:45,555 [INFO] src.archive.timeline_builder: アーカイブ Timeline 構築: 3 クリップ / V1 6 本 / S1 6 件 / 全長 30.0s
2026-09-17 00:13:45,555 [INFO] src.archive.timeline_builder: アーカイブ Timeline 構築: 3 クリップ / V1 6 本 / S1 6 件 / 全長 30.0s
2026-09-17 00:13:45,555 [INFO] src.archive.timeline_builder: アーカイブ Timeline 構築: 1 クリップ / V1 1 本 / S1 2 件 / 全長 30.0s
2026-09-17 00:13:45,555 [INFO] src.archive.timeline_builder: clip1: クリップ終端で打ち切った字幕 1 件 / 載せなかった字幕 0 件
2026-09-17 00:13:45,555 [INFO] src.archive.timeline_builder: clip2: クリップ終端で打ち切った字幕 1 件 / 載せなかった字幕 0 件
2026-09-17 00:13:45,556 [INFO] src.archive.timeline_builder: clip3: クリップ終端で打ち切った字幕 1 件 / 載せなかった字幕 0 件
2026-09-17 00:13:45,556 [INFO] src.archive.timeline_builder: アーカイブ Timeline 構築: 3 クリップ / V1 6 本 / S1 3 件 / 全長 30.0s
2026-09-17 00:13:45,556 [INFO] src.archive.timeline_builder: clip1: クリップ終端で打ち切った字幕 1 件 / 載せなかった字幕 0 件
2026-09-17 00:13:45,556 [INFO] src.archive.timeline_builder: アーカイブ Timeline 構築: 2 クリップ / V1 4 本 / S1 3 件 / 全長 20.0s
2026-09-17 00:13:45,556 [INFO] src.archive.timeline_builder: clip1: クリップ終端で打ち切った字幕 1 件 / 載せなかった字幕 1 件
2026-09-17 00:13:45,556 [INFO] src.archive.timeline_builder: アーカイブ Timeline 構築: 2 クリップ / V1 4 本 / S1 2 件 / 全長 20.0s
2026-09-17 00:13:45,556 [INFO] src.archive.timeline_builder: clip1: クリップ終端で打ち切った字幕 1 件 / 載せなかった字幕 0 件
2026-09-17 00:13:45,556 [INFO] src.archive.timeline_builder: clip2: クリップ終端で打ち切った字幕 1 件 / 載せなかった字幕 0 件
2026-09-17 00:13:45,556 [INFO] src.archive.timeline_builder: アーカイブ Timeline 構築: 2 クリップ / V1 4 本 / S1 2 件 / 全長 20.0s
2026-09-17 00:13:45,556 [INFO] src.archive.timeline_builder: アーカイブ Timeline 構築: 3 クリップ / V1 6 本 / S1 6 件 / 全長 30.0s
2026-09-17 00:13:45,557 [INFO] src.archive.timeline_builder: アーカイブ Timeline 構築: 3 クリップ / V1 6 本 / S1 6 件 / 全長 30.0s
2026-09-17 00:13:45,557 [INFO] src.archive.timeline_builder: アーカイブ Timeline 構築: 3 クリップ / V1 6 本 / S1 6 件 / 全長 30.0s
2026-09-17 00:13:45,557 [INFO] src.archive.timeline_builder: アーカイブ Timeline 構築: 3 クリップ / V1 6 本 / S1 6 件 / 全長 30.0s
2026-09-17 00:13:45,558 [INFO] src.archive.timeline_builder: アーカイブ Timeline 構築: 3 クリップ / V1 6 本 / S1 6 件 / 全長 30.0s
2026-09-17 00:13:45,558 [INFO] src.archive.timeline_builder: アーカイブ Timeline 構築: 3 クリップ / V1 6 本 / S1 6 件 / 全長 30.0s
2026-09-17 00:13:45,558 [INFO] src.archive.timeline_builder: アーカイブ Timeline 構築: 3 クリップ / V1 6 本 / S1 6 件 / 全長 30.0s
2026-09-17 00:13:45,558 [INFO] src.archive.timeline_builder: clip2 は使用しないため書き出しから除外します
2026-09-17 00:13:45,558 [INFO] src.archive.timeline_builder: アーカイブ Timeline 構築: 3 クリップ / V1 6 本 / S1 6 件 / 全長 30.0s
2026-09-17 00:13:45,559 [INFO] src.archive.timeline_builder: アーカイブ Timeline 構築: 3 クリップ / V1 6 本 / S1 6 件 / 全長 30.0s
2026-09-17 00:13:45,559 [INFO] src.archive.timeline_builder: アーカイブ Timeline 構築: 3 クリップ / V1 6 本 / S1 6 件 / 全長 30.0s
2026-09-17 00:13:45,559 [INFO] src.archive.timeline_builder: アーカイブ Timeline 構築: 3 クリップ / V1 6 本 / S1 6 件 / 全長 30.0s
2026-09-17 00:13:45,560 [INFO] src.archive.timeline_builder: アーカイブ Timeline 構築: 3 クリップ / V1 6 本 / S1 6 件 / 全長 30.0s
2026-09-17 00:13:45,560 [INFO] src.archive.timeline_builder: アーカイブ Timeline 構築: 3 クリップ / V1 6 本 / S1 6 件 / 全長 30.0s
2026-09-17 00:13:45,560 [WARNING] src.blur.config: 未知の blur.default_policy のため既定を使用します: なにか変な値
2026-09-17 00:13:45,560 [WARNING] src.blur.config: 未知の blur.render.mode のため既定を使用します: unknown
2026-09-17 00:13:45,564 [INFO] src.blur.tracker: 人物クラスタリング: tracklet 2 本 → 人物 2 人 (主役 p1)
2026-09-17 00:13:45,564 [INFO] src.blur.tracker: 人物クラスタリング: tracklet 2 本 → 人物 1 人 (主役 p1)
2026-09-17 00:13:45,564 [INFO] src.blur.tracker: 人物クラスタリング: tracklet 2 本 → 人物 2 人 (主役 p1)
2026-09-17 00:13:45,569 [WARNING] src.modules.blur_overlay: ぼかしマスクが見つからないため、ぼかしを省略します: 
2026-09-17 00:13:45,575 [INFO] src.blur.mask_builder: ぼかしマスク: 1200 フレーム / 480x270 / 対象 1 件
2026-09-17 00:13:46,202 [INFO] src.blur.mask_builder: ぼかしマスクを書き出しました: mask.mkv (0.4 MB)
2026-09-17 00:13:46,204 [INFO] src.blur.mask_builder: ぼかしマスク: 1200 フレーム / 480x270 / 対象 1 件
2026-09-17 00:13:46,773 [INFO] src.blur.mask_builder: ぼかしマスクを書き出しました: mask.mkv (0.4 MB)
2026-09-17 00:13:46,889 [INFO] src.blur.mask_builder: ぼかす対象が無いためマスクを作りません
2026-09-17 00:13:46,890 [INFO] src.blur.mask_builder: ぼかしマスク: 1200 フレーム / 270x480 / 対象 1 件
2026-09-17 00:13:47,448 [INFO] src.blur.mask_builder: ぼかしマスクを書き出しました: mask.mkv (0.4 MB)
2026-09-17 00:13:47,464 [INFO] src.timeline.renderer: ベース映像構築: 1 クリップ / ギャップ 0 件 / 合計 5.0s
2026-09-17 00:13:47,475 [INFO] src.timeline.renderer: ベース映像の尺: モデル 5.000s / 実測 5.000s (差 +0.000s / 1 部品)
2026-09-17 00:13:47,476 [INFO] src.timeline.renderer: 字幕焼き込み: 1 件
2026-09-17 00:13:47,480 [INFO] src.timeline.renderer: ベース映像構築: 1 クリップ / ギャップ 0 件 / 合計 5.0s
2026-09-17 00:13:47,485 [INFO] src.timeline.renderer: ベース映像の尺: モデル 5.000s / 実測 5.000s (差 +0.000s / 1 部品)
2026-09-17 00:13:47,485 [INFO] src.timeline.renderer: 字幕焼き込み: 1 件
2026-09-17 00:13:47,487 [INFO] src.timeline.renderer: ベース映像構築: 1 クリップ / ギャップ 0 件 / 合計 5.0s
2026-09-17 00:13:47,492 [INFO] src.timeline.renderer: ベース映像の尺: モデル 5.000s / 実測 5.000s (差 +0.000s / 1 部品)
2026-09-17 00:13:47,492 [INFO] src.timeline.renderer: オーバーレイ・字幕が無いため合成をスキップします
2026-09-17 00:13:47,493 [INFO] src.modules.blur_overlay: ぼかしを焼き込みます: blur_applied.mp4
2026-09-17 00:13:47,496 [INFO] src.timeline.renderer: ベース映像構築: 1 クリップ / ギャップ 0 件 / 合計 5.0s
2026-09-17 00:13:47,496 [INFO] src.timeline.renderer: ベース映像の尺: モデル 5.000s / 実測 5.000s (差 +0.000s / 1 部品)
2026-09-17 00:13:47,496 [INFO] src.timeline.renderer: オーバーレイ・字幕が無いため合成をスキップします
2026-09-17 00:13:47,496 [INFO] src.modules.blur_overlay: ぼかしを焼き込みます: blur_applied.mp4
2026-09-17 00:13:47,496 [INFO] src.timeline.renderer: ベース映像構築: 1 クリップ / ギャップ 0 件 / 合計 5.0s
2026-09-17 00:13:47,496 [INFO] src.timeline.renderer: ベース映像の尺: モデル 5.000s / 実測 5.000s (差 +0.000s / 1 部品)
2026-09-17 00:13:47,496 [INFO] src.timeline.renderer: 字幕焼き込み: 1 件
2026-09-17 00:13:47,510 [INFO] src.timeline.renderer: ベース映像構築: 1 クリップ / ギャップ 0 件 / 合計 5.0s
2026-09-17 00:13:47,512 [INFO] src.timeline.renderer: ベース映像の尺: モデル 5.000s / 実測 5.000s (差 +0.000s / 1 部品)
2026-09-17 00:13:47,512 [ERROR] src.blur.mask_builder: ぼかしの解析結果が見つからないためマスクを作れません: C:\Users\evolu\AppData\Local\Temp\tmphclcwwga\timeline.blur.json
2026-09-17 00:13:47,512 [INFO] src.timeline.renderer: ベース映像構築: 1 クリップ / ギャップ 0 件 / 合計 5.0s
2026-09-17 00:13:47,515 [INFO] src.timeline.renderer: ベース映像の尺: モデル 5.000s / 実測 5.000s (差 +0.000s / 1 部品)
2026-09-17 00:13:47,515 [ERROR] src.blur.mask_builder: ぼかしの解析結果が見つからないためマスクを作れません: C:\Users\evolu\AppData\Local\Temp\tmpsmnrqu0z\timeline.blur.json
2026-09-17 00:13:47,515 [INFO] src.timeline.renderer: ベース映像構築: 1 クリップ / ギャップ 0 件 / 合計 5.0s
2026-09-17 00:13:47,515 [INFO] src.timeline.renderer: ベース映像の尺: モデル 5.000s / 実測 5.000s (差 +0.000s / 1 部品)
2026-09-17 00:13:47,515 [ERROR] src.blur.mask_builder: ぼかしの解析結果が見つからないためマスクを作れません: C:\Users\evolu\AppData\Local\Temp\tmp96zf0nw2\timeline.blur.json
2026-09-17 00:13:47,515 [WARNING] src.timeline.renderer: 利用者の指示により、ぼかしを入れずに出力します
2026-09-17 00:13:47,515 [INFO] src.timeline.renderer: オーバーレイ・字幕が無いため合成をスキップします
2026-09-17 00:13:47,522 [INFO] src.timeline.renderer: 中間形式を最終形式へ変換: .mov → mp4 (音声のみ再エンコード)
2026-09-17 00:13:47,524 [INFO] src.timeline.renderer: ベース映像構築: 1 クリップ / ギャップ 0 件 / 合計 5.0s
2026-09-17 00:13:47,527 [INFO] src.timeline.renderer: ベース映像の尺: モデル 5.000s / 実測 5.000s (差 +0.000s / 1 部品)
2026-09-17 00:13:47,527 [INFO] src.timeline.renderer: オーバーレイ・字幕が無いため合成をスキップします
2026-09-17 00:13:47,529 [INFO] src.timeline.renderer: 中間形式を最終形式へ変換: .mov → mp4 (音声のみ再エンコード)
2026-09-17 00:13:48,517 [INFO] src.modules.subtitle_generator: 縦動画のため字幕設定を縦用へ上書き (font/改行/配置/余白)
2026-09-17 00:13:48,517 [WARNING] src.modules.comment_decor: コメント背景がキャンバスに収まらないため詰めました (推定幅 1181px / 使える幅 1080px)。font_size か max_line_length を下げると解消します
2026-09-17 00:13:48,517 [INFO] src.modules.comment_decor: コメントアイコン: 2 件 / 位置 2 種類
2026-09-17 00:13:48,517 [INFO] src.modules.comment_decor: コメントアイコン: 2 件 / 位置 1 種類
2026-09-17 00:13:48,518 [INFO] src.modules.comment_decor: コメントアイコン: 1 件 / 位置 1 種類
2026-09-17 00:13:48,518 [INFO] src.modules.subtitle_generator: 縦動画のため字幕設定を縦用へ上書き (font/改行/配置/余白)
2026-09-17 00:13:48,518 [WARNING] src.modules.comment_decor: コメントアイコンがキャンバスに収まらないため位置を詰めました (要求 x=-190.0 y=465.0 → x=0.0 y=465.0)。subtitle.comment_margin_l を大きくすると解消します
2026-09-17 00:13:48,518 [INFO] src.modules.subtitle_generator: コメント背景: 1 件
2026-09-17 00:13:48,521 [WARNING] src.modules.subtitle_generator: コメントの Layer が逆転しているため本文を 6 へ引き上げます (背景=5 / 本文=1)
2026-09-17 00:13:48,521 [INFO] src.modules.subtitle_generator: コメント背景: 1 件
2026-09-17 00:13:48,527 [WARNING] src.modules.subtitle_generator: コメントの配置は左寄せ (1/4/7) のみ対応のため 4 を使用します: 2
2026-09-17 00:13:48,527 [INFO] src.modules.subtitle_generator: 縦動画のため字幕設定を縦用へ上書き (font/改行/配置/余白)
2026-09-17 00:13:48,527 [WARNING] src.export.fcpxml_builder: タイムライン終端を超える字幕をクリップ末尾へクランプしました (丸め誤差の端数など)。
2026-09-17 00:13:48,540 [INFO] src.modules.loudness_normalizer: 入力ラウドネス: I=-9.2 LUFS / TP=-0.3 dBTP / LRA=5.1 LU → 目標 I=-14.0 LUFS / TP=-1.0 dBTP (offset 0.4 dB)
2026-09-17 00:13:48,543 [ERROR] src.modules.loudness_normalizer: ラウドネス正規化の適用に失敗 (元音声のまま継続): in.mp4
Traceback (most recent call last):
  File "D:\develop\autoedit\src\modules\loudness_normalizer.py", line 219, in normalize_file
    ffmpeg_runner.execute(
  File "C:\Users\evolu\AppData\Local\Programs\Python\Python312\Lib\unittest\mock.py", line 1139, in __call__
    return self._mock_call(*args, **kwargs)
           ^^^^^^^^^^^^^^^^^^^^^^^^^^^^^^^^
  File "C:\Users\evolu\AppData\Local\Programs\Python\Python312\Lib\unittest\mock.py", line 1143, in _mock_call
    return self._execute_mock_call(*args, **kwargs)
           ^^^^^^^^^^^^^^^^^^^^^^^^^^^^^^^^^^^^^^^^
  File "C:\Users\evolu\AppData\Local\Programs\Python\Python312\Lib\unittest\mock.py", line 1198, in _execute_mock_call
    raise effect
src.exceptions.FFmpegError: 失敗
2026-09-17 00:13:48,543 [INFO] src.modules.loudness_normalizer: ラウドネス正規化は無効のためスキップ
2026-09-17 00:13:48,543 [WARNING] src.modules.loudness_normalizer: ラウドネス測定に失敗したため正規化をスキップ (元音声のまま継続): in.mp4
2026-09-17 00:13:48,543 [INFO] src.modules.loudness_normalizer: 音声ストリームが無いためラウドネス正規化をスキップ: in.mp4
2026-09-17 00:13:48,543 [INFO] src.modules.loudness_normalizer: ラウドネス正規化 完了: out.mp4
2026-09-17 00:13:48,543 [INFO] src.modules.loudness_normalizer: 入力ラウドネス: I=-9.2 LUFS / TP=-0.3 dBTP / LRA=5.1 LU → 目標 I=-14.0 LUFS / TP=-1.0 dBTP (offset 0.4 dB)
2026-09-17 00:13:48,557 [INFO] src.modules.loudness_normalizer: ラウドネス正規化 完了: out.mp4
2026-09-17 00:13:48,559 [INFO] src.timeline.media_recovery: 本編素材を元動画から作り直します: C:\Users\evolu\AppData\Local\Temp\media_recovery_test_oolcecb8\sample.mp4
2026-09-17 00:13:48,559 [WARNING] src.timeline.media_recovery: 素材が見つかりません: m2 (C:\Users\evolu\AppData\Local\Temp\media_recovery_test_k20tsipx\gone.png)
2026-09-17 00:13:48,559 [INFO] src.timeline.media_recovery: 素材を差し替え済みのフォルダで見つけました: m3 → C:\Users\evolu\AppData\Local\Temp\media_recovery_test_qldajz89\moved\logo2.png
2026-09-17 00:13:48,559 [INFO] src.timeline.media_recovery: 本編素材を元動画から作り直します: C:\Users\evolu\AppData\Local\Temp\media_recovery_test_5ffdzmq1\sample.mp4
2026-09-17 00:13:48,559 [WARNING] src.timeline.media_recovery: 元動画が見つからないため本編素材を復旧できません: C:\Users\evolu\AppData\Local\Temp\media_recovery_test_46x5aoln\no_such_input.mp4
2026-09-17 00:13:48,559 [WARNING] src.timeline.media_recovery: 素材が見つかりません: m1 (C:\Users\evolu\AppData\Local\Temp\media_recovery_test_46x5aoln\work\loudness_normalized.mp4)
2026-09-17 00:13:48,559 [INFO] src.timeline.media_recovery: 本編素材は元動画そのものだったため、そのまま使います: C:\Users\evolu\AppData\Local\Temp\media_recovery_test_asie4_hw\sample.mp4
2026-09-17 00:13:48,559 [INFO] src.timeline.media_recovery: 素材を相対パスで見つけました: m2 → C:\Users\evolu\AppData\Local\Temp\media_recovery_test_9attfo18\assets\logo.png
2026-09-17 00:13:48,559 [INFO] src.timeline.media_recovery: 設定に従い元動画をそのまま使います (音量は正規化前): C:\Users\evolu\AppData\Local\Temp\media_recovery_test_guquu_x4\sample.mp4
2026-09-17 00:13:48,559 [INFO] src.services.points: ポイントを予約しました: clip/video 25pt (watermark=False)
2026-09-17 00:13:48,559 [WARNING] src.services.points: ポイント残高を取得できませんでした: 断
2026-09-17 00:13:48,559 [INFO] src.services.points: ポイントを予約しました: clip/video 25pt (watermark=False)
2026-09-17 00:13:48,559 [WARNING] src.services.points: ポイントのcommitを送信できませんでした (再送します): 接続できません
2026-09-17 00:13:48,575 [INFO] src.services.points: ポイントを予約しました: clip/video 25pt (watermark=False)
2026-09-17 00:13:48,575 [WARNING] src.services.points: ポイントのcommitを送信できませんでした (再送します): 断
2026-09-17 00:13:48,575 [INFO] src.services.points: 保留していたポイント処理を 2 件送信しました。
2026-09-17 00:13:48,586 [WARNING] src.services.points: ポイントを予約できませんでした: 再ログインが必要です。
2026-09-17 00:13:48,586 [INFO] src.services.points: ポイントを予約しました: clip/video 25pt (watermark=False)
2026-09-17 00:13:48,586 [WARNING] src.services.points: ポイントのcancelが拒否されました: 確定済み
2026-09-17 00:13:48,586 [INFO] src.services.points: 保留していたポイント処理を 1 件送信しました。
2026-09-17 00:13:48,589 [INFO] src.services.points: ポイントを予約しました: clip/video 25pt (watermark=False)
2026-09-17 00:13:48,598 [INFO] src.services.points: サブスク判定のキャッシュが古いため watermark を入れます。
2026-09-17 00:13:48,598 [WARNING] src.services.points: ポイントを予約できませんでした (オフライン): 接続できません
2026-09-17 00:13:48,609 [WARNING] src.services.points: ポイントを予約できませんでした (オフライン): 接続できません
2026-09-17 00:13:48,609 [WARNING] src.services.points: ポイントを予約できませんでした (オフライン): 接続できません
2026-09-17 00:13:48,611 [WARNING] src.services.points: ポイントを予約できませんでした: 想定外
2026-09-17 00:13:48,611 [INFO] src.services.points: ポイントを予約しました: clip/resolveProject 0pt (watermark=False)
2026-09-17 00:13:48,624 [INFO] src.services.points: ポイントを予約しました: clip/video 25pt (watermark=False)
2026-09-17 00:13:48,625 [INFO] src.services.points: ポイントを予約しました: archive/video 0pt (watermark=True)
2026-09-17 00:13:48,641 [WARNING] src.timeline.builder: フレーム間引きの設定が不正なため none を使用します: 'all'
2026-09-17 00:13:48,652 [INFO] src.timeline.project_io: プロジェクト保存: C:\Users\evolu\AppData\Local\Temp\library_summary_c5t8kzi6\vod.archive.timeline.json
2026-09-17 00:13:48,668 [WARNING] src.timeline.project_io: プロジェクトの概要を読めませんでした: C:\Users\evolu\AppData\Local\Temp\library_summary_uwzpvjt8\broken.timeline.json
2026-09-17 00:13:48,668 [INFO] src.timeline.project_io: プロジェクト保存: C:\Users\evolu\AppData\Local\Temp\library_summary_qazrr9g4\sample.timeline.json
2026-09-17 00:13:48,682 [INFO] src.timeline.project_io: プロジェクト保存: C:\Users\evolu\AppData\Local\Temp\library_summary_ebw52co7\sample.timeline.json
2026-09-17 00:13:48,692 [INFO] src.timeline.project_io: プロジェクト保存: C:\Users\evolu\AppData\Local\Temp\library_rename_52t3fsok\old.timeline.json
2026-09-17 00:13:48,699 [INFO] src.timeline.project_io: プロジェクト保存: C:\Users\evolu\AppData\Local\Temp\library_rename_hvtw0jel\old.timeline.json
2026-09-17 00:13:48,699 [INFO] src.timeline.project_io: プロジェクト保存: C:\Users\evolu\AppData\Local\Temp\library_rename_fvihcty3\old.timeline.json
2026-09-17 00:13:48,717 [INFO] src.timeline.project_io: プロジェクトを改名しました: old.timeline.json → new.timeline.json
2026-09-17 00:13:48,735 [INFO] src.timeline.project_io: プロジェクト保存: C:\Users\evolu\AppData\Local\Temp\library_rename_o17_ja24\old.timeline.json
2026-09-17 00:13:48,751 [INFO] src.timeline.project_io: プロジェクトを改名しました: old.timeline.json → new.timeline.json
2026-09-17 00:13:48,754 [INFO] src.timeline.project_io: プロジェクト保存: C:\Users\evolu\AppData\Local\Temp\library_rename_4ody1w5l\old.timeline.json
2026-09-17 00:13:48,760 [INFO] src.timeline.project_io: プロジェクトが 5 件見つかりました (新しい 2 件を表示します)
2026-09-17 00:13:48,774 [WARNING] src.export.resolve_export: ソース総尺の取得に失敗 (タイムライン全長で代用): C:\Users\evolu\AppData\Local\Temp\resolve_export_test_6_azw6zb\sample.mp4
2026-09-17 00:13:48,778 [WARNING] src.export.resolve_export: ソース総尺の取得に失敗 (タイムライン全長で代用): C:\Users\evolu\AppData\Local\Temp\resolve_export_test_bv7xletl\sample.mp4
2026-09-17 00:13:48,786 [WARNING] src.export.resolve_export: ソース総尺の取得に失敗 (タイムライン全長で代用): C:\Users\evolu\AppData\Local\Temp\resolve_export_test_nfo532wt\sample.mp4
2026-09-17 00:13:48,793 [WARNING] src.export.resolve_export: ソース総尺の取得に失敗 (タイムライン全長で代用): C:\Users\evolu\AppData\Local\Temp\resolve_export_test_is2q7iod\sample.mp4
2026-09-17 00:13:48,793 [WARNING] src.export.resolve_export: テーマ演出はテキストと区間のみを出力します (ブラー・黒帯などの映像エフェクトは FCPXML で表現できません)。
2026-09-17 00:13:48,793 [WARNING] src.export.resolve_export: 字幕位置は配置(alignment)＋余白からの近似です。Resolve 取り込み時に位置が中央へ戻る場合があります (フォント/サイズ/色は保持)。
2026-09-17 00:13:48,801 [WARNING] src.export.resolve_export: ソース総尺の取得に失敗 (タイムライン全長で代用): C:\Users\evolu\AppData\Local\Temp\resolve_export_test_54qdjvho\sample.mp4
2026-09-17 00:13:48,809 [WARNING] src.export.resolve_export: ソース総尺の取得に失敗 (タイムライン全長で代用): C:\Users\evolu\AppData\Local\Temp\resolve_export_test_5_1dgt65\sample.mp4
2026-09-17 00:13:48,809 [WARNING] src.export.resolve_export: ソース総尺の取得に失敗 (タイムライン全長で代用): C:\Users\evolu\AppData\Local\Temp\resolve_export_test_4eg2lek7\sample.mp4
2026-09-17 00:13:48,826 [WARNING] src.export.resolve_export: ソース総尺の取得に失敗 (タイムライン全長で代用): C:\Users\evolu\AppData\Local\Temp\resolve_export_test_4eg2lek7\sample.mp4
2026-09-17 00:13:48,834 [WARNING] src.export.resolve_export: ソース総尺の取得に失敗 (タイムライン全長で代用): C:\Users\evolu\AppData\Local\Temp\resolve_export_test_1y8trk4d\sample.mp4
2026-09-17 00:13:48,834 [WARNING] src.export.resolve_export: 未対応の字幕出力方式 export.resolve.subtitle.mode=bogus のため caption で出力します
2026-09-17 00:13:48,841 [WARNING] src.export.resolve_export: ソース総尺の取得に失敗 (タイムライン全長で代用): C:\Users\evolu\AppData\Local\Temp\resolve_export_test_ux9itivb\sample.mp4
2026-09-17 00:13:48,850 [WARNING] src.export.resolve_export: ソース総尺の取得に失敗 (タイムライン全長で代用): C:\Users\evolu\AppData\Local\Temp\resolve_export_test_yubw55rl\sample.mp4
2026-09-17 00:13:48,858 [WARNING] src.export.resolve_export: ソース総尺の取得に失敗 (タイムライン全長で代用): C:\Users\evolu\AppData\Local\Temp\resolve_export_test_w6m6z4rd\sample.mp4
2026-09-17 00:13:48,859 [WARNING] src.export.resolve_export: ソース総尺の取得に失敗 (タイムライン全長で代用): C:\Users\evolu\AppData\Local\Temp\resolve_export_test_w6vcklsl\sample.mp4
2026-09-17 00:13:48,875 [WARNING] src.export.resolve_export: ソース総尺の取得に失敗 (タイムライン全長で代用): C:\Users\evolu\AppData\Local\Temp\resolve_export_test_votp5qlb\sample.mp4
2026-09-17 00:13:48,884 [WARNING] src.export.resolve_export: ソース総尺の取得に失敗 (タイムライン全長で代用): C:\Users\evolu\AppData\Local\Temp\resolve_export_test_e_9g_aky\sample.mp4
2026-09-17 00:13:48,893 [WARNING] src.export.resolve_export: ソース総尺の取得に失敗 (タイムライン全長で代用): C:\Users\evolu\AppData\Local\Temp\resolve_export_test_jz_0jka9\sample.mp4
2026-09-17 00:13:48,902 [WARNING] src.export.resolve_export: ソース総尺の取得に失敗 (タイムライン全長で代用): C:\Users\evolu\AppData\Local\Temp\resolve_export_test_00pw3aqv\sample.mp4
2026-09-17 00:13:48,911 [WARNING] src.export.resolve_export: ソース総尺の取得に失敗 (タイムライン全長で代用): C:\Users\evolu\AppData\Local\Temp\resolve_export_test_tn158sqt\sample.mp4
2026-09-17 00:13:48,911 [INFO] src.export.resolve_export: 編集点が無いため全長 1 クリップとして出力します
2026-09-17 00:13:48,920 [WARNING] src.export.resolve_export: ソース総尺の取得に失敗 (タイムライン全長で代用): C:\Users\evolu\AppData\Local\Temp\resolve_export_test_4cbv9nv_\sample.mp4
2026-09-17 00:13:48,920 [INFO] src.export.resolve_export: Resolve 出力開始: C:\Users\evolu\AppData\Local\Temp\resolve_export_test_4cbv9nv_\out2.fcpxml (クリップ 1 件 / 字幕 caption 1 件 / title・テーマ 0 件 / 1920x1080 60fps)
2026-09-17 00:13:48,926 [INFO] src.export.resolve_export: 字幕トラックのスタイルは Resolve の字幕トラックヘッダー選択 → インスペクタ → Track Style で一括設定できます (Resolve 19 以降は Text+ スタイルも指定可)。
2026-09-17 00:13:48,926 [INFO] src.export.resolve_export: Resolve 出力完了: C:\Users\evolu\AppData\Local\Temp\resolve_export_test_4cbv9nv_\out2.fcpxml (タイムライン尺 5.00s)
2026-09-17 00:13:48,932 [WARNING] src.export.resolve_export: ソース総尺の取得に失敗 (タイムライン全長で代用): C:\Users\evolu\AppData\Local\Temp\resolve_export_test_5ccmn4fq\sample.mp4
2026-09-17 00:13:48,932 [INFO] src.export.resolve_export: Resolve 出力開始: C:\Users\evolu\AppData\Local\Temp\resolve_export_test_5ccmn4fq\out3.fcpxml (クリップ 1 件 / 字幕 caption 0 件 / title・テーマ 0 件 / 1920x1080 60fps)
2026-09-17 00:13:48,934 [INFO] src.export.resolve_export: Resolve 出力完了: C:\Users\evolu\AppData\Local\Temp\resolve_export_test_5ccmn4fq\out3.fcpxml (タイムライン尺 5.00s)
2026-09-17 00:13:48,943 [WARNING] src.export.resolve_export: ソース総尺の取得に失敗 (タイムライン全長で代用): C:\Users\evolu\AppData\Local\Temp\resolve_export_test_di9dqrow\sample.mp4
2026-09-17 00:13:48,943 [INFO] src.export.resolve_export: Resolve 出力開始: C:\Users\evolu\AppData\Local\Temp\resolve_export_test_di9dqrow\out.fcpxml (クリップ 1 件 / 字幕 caption 1 件 / title・テーマ 0 件 / 1920x1080 60fps)
2026-09-17 00:13:48,945 [INFO] src.export.resolve_export: SRT サイドカー出力: C:\Users\evolu\AppData\Local\Temp\resolve_export_test_di9dqrow\out.srt (1 件)
2026-09-17 00:13:48,945 [INFO] src.export.resolve_export: Resolve 出力完了: C:\Users\evolu\AppData\Local\Temp\resolve_export_test_di9dqrow\out.fcpxml / C:\Users\evolu\AppData\Local\Temp\resolve_export_test_di9dqrow\out.srt (タイムライン尺 5.00s)
2026-09-17 00:13:48,946 [INFO] src.export.resolve_export: Resolve 出力を中止 (上書きしない): C:\Users\evolu\AppData\Local\Temp\resolve_export_test_di9dqrow\out.fcpxml
2026-09-17 00:13:49,045 [INFO] src.modules.subtitle_generator: 縦動画のため字幕設定を縦用へ上書き (font/改行/配置/余白)
2026-09-17 00:13:49,051 [WARNING] src.services.stretheus_auth: API の日時を解釈できませんでした。
2026-09-17 00:13:49,075 [INFO] src.services.stretheus_auth: Stretheus のログインページを開きます (ポート64843)
2026-09-17 00:13:49,121 [INFO] src.services.stretheus_auth: Stretheus へログインしました。
2026-09-17 00:13:50,200 [INFO] src.services.stretheus_auth: Stretheus のログインページを開きます (ポート64851)
2026-09-17 00:13:50,204 [INFO] src.services.stretheus_auth: Stretheus へログインしました。
2026-09-17 00:13:51,267 [INFO] src.services.stretheus_auth: Stretheus のログインページを開きます (ポート55659)
2026-09-17 00:13:51,309 [INFO] src.services.stretheus_auth: Stretheus へログインしました。
2026-09-17 00:13:51,825 [INFO] src.services.stretheus_auth: Stretheus のログインページを開きます (ポート55664)
2026-09-17 00:13:51,841 [INFO] src.services.stretheus_auth: Stretheus へログインしました。
2026-09-17 00:13:52,390 [INFO] src.services.stretheus_auth: Stretheus のログインページを開きます (ポート55670)
2026-09-17 00:13:52,419 [INFO] src.services.stretheus_auth: Stretheus へログインしました。
2026-09-17 00:13:52,934 [INFO] src.services.stretheus_auth: Stretheus のログインページを開きます (ポート55676)
2026-09-17 00:13:52,966 [INFO] src.services.stretheus_auth: Stretheus へログインしました。
2026-09-17 00:13:53,482 [INFO] src.modules.subtitle_generator: テロップ個別指定 フォント 0 件 / サイズ 0 件 / 文字色 1 件 / 縁の色 0 件
2026-09-17 00:13:53,484 [INFO] src.modules.subtitle_generator: テロップ個別指定 フォント 0 件 / サイズ 0 件 / 文字色 1 件 / 縁の色 0 件
2026-09-17 00:13:53,496 [INFO] src.modules.subtitle_generator: テロップ個別指定 フォント 0 件 / サイズ 0 件 / 文字色 0 件 / 縁の色 1 件
2026-09-17 00:13:53,496 [INFO] src.modules.subtitle_generator: テロップ個別指定 フォント 0 件 / サイズ 0 件 / 文字色 0 件 / 縁の色 1 件
2026-09-17 00:13:53,496 [INFO] src.modules.subtitle_generator: テロップ個別指定 フォント 1 件 / サイズ 1 件 / 文字色 1 件 / 縁の色 1 件
2026-09-17 00:13:53,496 [INFO] src.timeline.commands: コメント用の字幕トラックを作成しました: S2
2026-09-17 00:13:53,496 [INFO] src.timeline.commands: 移動先 S2 が空いていないため役割だけ変更しました: s1
2026-09-17 00:13:53,496 [INFO] src.timeline.commands: コメント用の字幕トラックを作成しました: S2
2026-09-17 00:13:53,504 [INFO] src.timeline.commands: コメント用の字幕トラックを作成しました: S2
2026-09-17 00:13:53,504 [INFO] src.timeline.commands: コメント用の字幕トラックを作成しました: S2
2026-09-17 00:13:53,505 [INFO] src.timeline.project_io: プロジェクト保存: C:\Users\evolu\AppData\Local\Temp\tmpxxeehedr\sample.timeline.json
2026-09-17 00:13:53,511 [INFO] src.modules.subtitle_generator: VAD フィルタ有効 (min_silence=500ms, speech_pad=100ms, condition_on_previous_text=False)
2026-09-17 00:13:53,511 [WARNING] src.modules.subtitle_generator: VAD 付き認識に失敗したため VAD 無しで再試行します: VAD の初期化に失敗しました (テスト)
2026-09-17 00:13:53,511 [INFO] src.modules.subtitle_generator: VAD フィルタ有効 (min_silence=800ms, speech_pad=100ms, condition_on_previous_text=False)
2026-09-17 00:13:53,511 [INFO] src.modules.subtitle_generator: VAD フィルタ有効 (min_silence=500ms, speech_pad=100ms, condition_on_previous_text=False)
2026-09-17 00:13:53,528 [INFO] src.timeline.commands: 貼り付けの割り込み: V1 の 5.000s へ 10.00s を確保 / 移動 2 件・分割 1 件・切詰 0 件
2026-09-17 00:13:53,528 [INFO] src.timeline.commands: 貼り付けの割り込み: V2 の 5.000s へ 10.00s を確保 / 移動 2 件・分割 0 件・切詰 0 件
2026-09-17 00:13:53,528 [INFO] src.timeline.commands: 貼り付けの割り込み: S1 の 5.000s へ 10.00s を確保 / 移動 1 件・分割 0 件・切詰 0 件
2026-09-17 00:13:53,528 [INFO] src.timeline.commands: 貼り付けの割り込み: V1 の 5.000s へ 10.00s を確保 / 移動 2 件・分割 1 件・切詰 0 件
2026-09-17 00:13:53,528 [INFO] src.timeline.commands: 貼り付けの割り込み: V2 の 5.000s へ 10.00s を確保 / 移動 2 件・分割 0 件・切詰 0 件
2026-09-17 00:13:53,528 [INFO] src.timeline.commands: 貼り付けの割り込み: S1 の 5.000s へ 10.00s を確保 / 移動 1 件・分割 0 件・切詰 0 件
2026-09-17 00:13:53,528 [INFO] src.timeline.commands: 貼り付けの割り込み: V1 の 5.000s へ 10.00s を確保 / 移動 2 件・分割 1 件・切詰 0 件
2026-09-17 00:13:53,528 [INFO] src.timeline.commands: 貼り付けの割り込み: V2 の 5.000s へ 10.00s を確保 / 移動 2 件・分割 0 件・切詰 0 件
2026-09-17 00:13:53,528 [INFO] src.timeline.commands: 貼り付けの割り込み: S1 の 5.000s へ 10.00s を確保 / 移動 1 件・分割 0 件・切詰 0 件
2026-09-17 00:13:53,528 [INFO] src.timeline.commands: 貼り付けの割り込み: V1 の 5.000s へ 15.00s を確保 / 移動 3 件・分割 0 件・切詰 0 件
2026-09-17 00:13:53,528 [INFO] src.timeline.commands: 貼り付けの割り込み: V2 の 5.000s へ 15.00s を確保 / 移動 2 件・分割 0 件・切詰 0 件
2026-09-17 00:13:53,528 [INFO] src.timeline.commands: 貼り付けの割り込み: S1 の 5.000s へ 15.00s を確保 / 移動 1 件・分割 0 件・切詰 0 件
2026-09-17 00:13:53,528 [INFO] src.timeline.commands: 貼り付けの割り込み: V1 の 10.020s へ 10.02s を確保 / 移動 2 件・分割 0 件・切詰 0 件
2026-09-17 00:13:53,528 [INFO] src.timeline.commands: 貼り付けの割り込み: V2 の 10.020s へ 10.02s を確保 / 移動 1 件・分割 0 件・切詰 0 件
2026-09-17 00:13:53,528 [INFO] src.timeline.commands: 貼り付けの割り込み: S1 の 10.020s へ 10.02s を確保 / 移動 1 件・分割 0 件・切詰 0 件
2026-09-17 00:13:53,528 [INFO] src.timeline.commands: 貼り付けの割り込み: V1 の 19.980s へ 9.98s を確保 / 移動 1 件・分割 0 件・切詰 1 件
2026-09-17 00:13:53,528 [INFO] src.timeline.commands: 貼り付けの割り込み: V2 の 19.980s へ 9.98s を確保 / 移動 1 件・分割 0 件・切詰 0 件
2026-09-17 00:13:53,528 [INFO] src.timeline.commands: 貼り付けの割り込み: S1 の 19.980s へ 9.98s を確保 / 移動 0 件・分割 0 件・切詰 0 件
2026-09-17 00:13:53,529 [WARNING] src.timeline.commands: 素材が見つからないため貼り付けません: D:\develop\autoedit\tests\存在しない素材.mp4
2026-09-17 00:13:53,529 [INFO] src.timeline.commands: 貼り付けの割り込み: V1 の 5.000s へ 10.00s を確保 / 移動 2 件・分割 1 件・切詰 0 件
2026-09-17 00:13:53,529 [INFO] src.timeline.commands: 貼り付けの割り込み: V2 の 5.000s へ 10.00s を確保 / 移動 2 件・分割 0 件・切詰 0 件
2026-09-17 00:13:53,529 [INFO] src.timeline.commands: 貼り付けの割り込み: S1 の 5.000s へ 10.00s を確保 / 移動 1 件・分割 0 件・切詰 0 件
2026-09-17 00:13:53,529 [INFO] src.timeline.commands: 貼り付けの割り込み: V1 の 5.000s へ 10.00s を確保 / 移動 2 件・分割 1 件・切詰 0 件
2026-09-17 00:13:53,529 [INFO] src.timeline.commands: 貼り付けの割り込み: V2 の 5.000s へ 10.00s を確保 / 移動 2 件・分割 0 件・切詰 0 件
2026-09-17 00:13:53,529 [INFO] src.timeline.commands: 貼り付けの割り込み: S1 の 5.000s へ 10.00s を確保 / 移動 1 件・分割 0 件・切詰 0 件
2026-09-17 00:13:53,529 [INFO] src.timeline.commands: 貼り付けの割り込み: V1 の 5.000s へ 10.00s を確保 / 移動 2 件・分割 1 件・切詰 0 件
2026-09-17 00:13:53,529 [INFO] src.timeline.commands: 貼り付けの割り込み: V2 の 5.000s へ 10.00s を確保 / 移動 2 件・分割 0 件・切詰 0 件
2026-09-17 00:13:53,529 [INFO] src.timeline.commands: 貼り付けの割り込み: S1 の 5.000s へ 10.00s を確保 / 移動 1 件・分割 0 件・切詰 0 件
2026-09-17 00:13:53,530 [INFO] src.timeline.commands: 貼り付けの割り込み: V1 の 5.000s へ 10.00s を確保 / 移動 2 件・分割 1 件・切詰 0 件
2026-09-17 00:13:53,530 [INFO] src.timeline.commands: 貼り付けの割り込み: V2 の 5.000s へ 10.00s を確保 / 移動 2 件・分割 0 件・切詰 0 件
2026-09-17 00:13:53,530 [INFO] src.timeline.commands: 貼り付けの割り込み: S1 の 5.000s へ 10.00s を確保 / 移動 1 件・分割 0 件・切詰 0 件
2026-09-17 00:13:53,530 [INFO] src.timeline.commands: 貼り付けの割り込み: V1 の 5.000s へ 10.00s を確保 / 移動 2 件・分割 1 件・切詰 0 件
2026-09-17 00:13:53,530 [INFO] src.timeline.commands: 貼り付けの割り込み: V2 の 5.000s へ 10.00s を確保 / 移動 2 件・分割 0 件・切詰 0 件
2026-09-17 00:13:53,530 [INFO] src.timeline.commands: 貼り付けの割り込み: S1 の 5.000s へ 10.00s を確保 / 移動 1 件・分割 0 件・切詰 0 件
2026-09-17 00:13:53,530 [INFO] src.timeline.commands: 貼り付けの割り込み: V2 の 4.000s へ 2.00s を確保 / 移動 2 件・分割 0 件・切詰 0 件
2026-09-17 00:13:53,530 [INFO] src.timeline.commands: 貼り付けの割り込み: V2 の 4.000s へ 2.00s を確保 / 移動 2 件・分割 0 件・切詰 0 件
2026-09-17 00:13:53,530 [INFO] src.timeline.commands: 貼り付けの割り込み: V2 の 4.000s へ 2.00s を確保 / 移動 2 件・分割 0 件・切詰 0 件
2026-09-17 00:13:53,531 [INFO] src.timeline.clipboard: Timeline のノードをコピーしました: 1 件
2026-09-17 00:13:53,531 [INFO] src.timeline.clipboard: Timeline のノードをコピーしました: 1 件
2026-09-17 00:13:53,531 [INFO] src.timeline.commands: 貼り付けの割り込み: V1 の 4.000s へ 2.00s を確保 / 移動 2 件・分割 1 件・切詰 0 件
2026-09-17 00:13:53,531 [INFO] src.timeline.commands: 貼り付けの割り込み: V2 の 4.000s へ 2.00s を確保 / 移動 2 件・分割 0 件・切詰 0 件
2026-09-17 00:13:53,531 [INFO] src.timeline.commands: 貼り付けの割り込み: S1 の 4.000s へ 2.00s を確保 / 移動 1 件・分割 0 件・切詰 0 件
2026-09-17 00:13:53,531 [INFO] src.timeline.commands: 貼り付けの割り込み: V2 の 4.000s へ 2.00s を確保 / 移動 2 件・分割 0 件・切詰 0 件
2026-09-17 00:13:53,531 [INFO] src.timeline.commands: 貼り付けの割り込み: V1 の 5.000s へ 10.00s を確保 / 移動 2 件・分割 1 件・切詰 0 件
2026-09-17 00:13:53,531 [INFO] src.timeline.commands: 貼り付けの割り込み: V2 の 5.000s へ 10.00s を確保 / 移動 2 件・分割 0 件・切詰 0 件
2026-09-17 00:13:53,531 [INFO] src.timeline.commands: 貼り付けの割り込み: V1 の 5.000s へ 10.00s を確保 / 移動 2 件・分割 1 件・切詰 0 件
2026-09-17 00:13:53,531 [WARNING] src.timeline.builder: 貼り付けの設定が不正なため既定 base_syncs_all を使用します: 'なにか'
2026-09-17 00:13:53,531 [WARNING] src.timeline.builder: 貼り付けの設定が不正なため既定 split を使用します: 123
2026-09-17 00:13:53,532 [INFO] src.timeline.commands: 貼り付けの割り込み: V1 の 5.000s へ 10.00s を確保 / 移動 2 件・分割 1 件・切詰 0 件
2026-09-17 00:13:53,532 [INFO] src.timeline.commands: 貼り付けの割り込み: V2 の 5.000s へ 10.00s を確保 / 移動 2 件・分割 0 件・切詰 0 件
2026-09-17 00:13:53,532 [INFO] src.timeline.commands: 貼り付けの割り込み: S1 の 5.000s へ 10.00s を確保 / 移動 1 件・分割 0 件・切詰 0 件
2026-09-17 00:13:53,533 [WARNING] src.timeline.commands: 映像トラックの上限 (3) に達しているため追加できません
2026-09-17 00:13:53,533 [INFO] src.timeline.commands: 字幕を追加できる空きがありません (2.000 秒)
2026-09-17 00:13:53,533 [INFO] src.timeline.commands: 字幕を追加できる空きがありません (0.990 秒)
2026-09-17 00:13:53,534 [INFO] src.timeline.commands: リップル: 10.000〜20.000s (10.00s) を除去 / 削除 1 件・短縮 0 件・移動 1 件
2026-09-17 00:13:53,534 [INFO] src.timeline.commands: リップル: 10.000〜20.000s (10.00s) を除去 / 削除 1 件・短縮 0 件・移動 1 件
2026-09-17 00:13:53,534 [INFO] src.timeline.commands: リップル: 10.000〜20.000s (10.00s) を除去 / 削除 1 件・短縮 0 件・移動 1 件
2026-09-17 00:13:53,534 [INFO] src.timeline.commands: リップル: 0.000〜10.000s (10.00s) を除去 / 削除 2 件・短縮 0 件・移動 1 件
2026-09-17 00:13:53,534 [INFO] src.timeline.commands: リップル: 10.000〜20.000s (10.00s) を除去 / 削除 1 件・短縮 0 件・移動 1 件
2026-09-17 00:13:53,535 [INFO] src.timeline.commands: リップル: 10.000〜20.000s (10.00s) を除去 / 削除 2 件・短縮 1 件・移動 2 件
2026-09-17 00:13:53,535 [INFO] src.timeline.commands: リップル: 10.000〜20.000s (10.00s) を除去 / 削除 2 件・短縮 1 件・移動 2 件
2026-09-17 00:13:53,535 [INFO] src.timeline.commands: リップル: 10.000〜20.000s (10.00s) を除去 / 削除 2 件・短縮 1 件・移動 2 件
2026-09-17 00:13:53,535 [INFO] src.timeline.commands: リップル: 10.000〜20.000s (10.00s) を除去 / 削除 2 件・短縮 1 件・移動 2 件
2026-09-17 00:13:53,536 [INFO] src.timeline.commands: リップル: 10.000〜20.000s (10.00s) を除去 / 削除 2 件・短縮 1 件・移動 2 件
2026-09-17 00:13:53,536 [INFO] src.timeline.commands: リップル: 10.000〜20.000s (10.00s) を除去 / 削除 2 件・短縮 1 件・移動 2 件
2026-09-17 00:13:53,536 [INFO] src.timeline.commands: リップル: 10.000〜20.000s (10.00s) を除去 / 削除 2 件・短縮 0 件・移動 3 件
2026-09-17 00:13:53,536 [INFO] src.timeline.commands: リップル: 10.000〜20.000s (10.00s) を除去 / 削除 1 件・短縮 0 件・移動 1 件
2026-09-17 00:13:53,536 [INFO] src.timeline.commands: リップル: 10.000〜20.000s (10.00s) を除去 / 削除 2 件・短縮 1 件・移動 2 件
2026-09-17 00:13:53,536 [INFO] src.timeline.commands: 残り尺が下限を割るためクリップごとリップル削除しました: c2
2026-09-17 00:13:53,536 [INFO] src.timeline.commands: リップル: 10.000〜20.000s (10.00s) を除去 / 削除 1 件・短縮 0 件・移動 2 件
2026-09-17 00:13:53,536 [INFO] src.timeline.commands: リップル: 15.000〜20.000s (5.00s) を除去 / 削除 0 件・短縮 1 件・移動 2 件
2026-09-17 00:13:53,536 [INFO] src.timeline.commands: リップル: 10.000〜15.000s (5.00s) を除去 / 削除 0 件・短縮 1 件・移動 2 件
2026-09-17 00:13:53,536 [INFO] src.timeline.commands: リップル: 15.000〜20.000s (5.00s) を除去 / 削除 0 件・短縮 1 件・移動 2 件
2026-09-17 00:13:53,537 [INFO] src.timeline.commands: リップル: 15.000〜20.000s (5.00s) を除去 / 削除 0 件・短縮 1 件・移動 2 件
2026-09-17 00:13:53,537 [INFO] src.timeline.commands: リップル: 26.000〜27.000s (1.00s) を除去 / 削除 0 件・短縮 2 件・移動 0 件
2026-09-17 00:13:53,537 [INFO] src.timeline.commands: リップル: 10.000〜20.000s (10.00s) を除去 / 削除 1 件・短縮 0 件・移動 1 件
2026-09-17 00:13:53,537 [INFO] src.timeline.commands: リップル: 10.000〜20.000s (10.00s) を除去 / 削除 1 件・短縮 0 件・移動 1 件
2026-09-17 00:13:53,537 [INFO] src.timeline.commands: リップル: 10.000〜20.000s (10.00s) を除去 / 削除 1 件・短縮 0 件・移動 1 件
2026-09-17 00:13:53,541 [INFO] src.timeline.project_io: プロジェクト保存: C:\Users\evolu\AppData\Local\Temp\timeline_io_test_w5e2rdf2\sample.timeline.json
2026-09-17 00:13:53,557 [INFO] src.timeline.project_io: プロジェクト読込: C:\Users\evolu\AppData\Local\Temp\timeline_io_test_w5e2rdf2\sample.timeline.json
2026-09-17 00:13:53,562 [INFO] src.timeline.project_io: プロジェクト保存: C:\Users\evolu\AppData\Local\Temp\timeline_io_test_w5e2rdf2\sample.timeline.json
2026-09-17 00:13:53,562 [INFO] src.timeline.project_io: プロジェクト読込: C:\Users\evolu\AppData\Local\Temp\timeline_io_test_w5e2rdf2\sample.timeline.json
2026-09-17 00:13:53,565 [INFO] src.timeline.project_io: プロジェクト保存: C:\Users\evolu\AppData\Local\Temp\timeline_io_test_v0xhjlqx\sample.timeline.json
2026-09-17 00:13:53,578 [INFO] src.timeline.project_io: プロジェクト読込: C:\Users\evolu\AppData\Local\Temp\timeline_io_test_v0xhjlqx\sample.timeline.json
2026-09-17 00:13:53,578 [INFO] src.timeline.project_io: プロジェクト保存: C:\Users\evolu\AppData\Local\Temp\timeline_io_test_lvub9di1\sample.timeline.json
2026-09-17 00:13:53,594 [WARNING] src.timeline.project_io: メディアの実体が見つかりません (1 件)。該当クリップを無効化します: m1
2026-09-17 00:13:53,599 [INFO] src.timeline.project_io: プロジェクト保存: C:\Users\evolu\AppData\Local\Temp\timeline_io_test_0kswotn3\sample.timeline.json
2026-09-17 00:13:53,609 [INFO] src.timeline.project_io: プロジェクト保存: C:\Users\evolu\AppData\Local\Temp\timeline_io_test__b2k1g4j\sample.timeline.json
2026-09-17 00:13:53,616 [WARNING] src.timeline.project_io: 編集点の区間が不正なため無視します: 20.000→15.000
2026-09-17 00:13:53,618 [WARNING] src.timeline.project_io: メディアの実体が見つかりません (1 件)。該当クリップを無効化します: m1
2026-09-17 00:13:53,618 [WARNING] src.timeline.project_io: 音声クリップ a1 のリンク先 no_such_clip が存在しないため除外します (該当区間は無音になります)
2026-09-17 00:13:53,618 [WARNING] src.timeline.project_io: トラック V1 でクリップ c2 が重複しているため 12.480 へ移動します
2026-09-17 00:13:53,618 [WARNING] src.timeline.project_io: クリップ c2 の尺 (0.001s) が下限 (0.050s) 未満のため除外します
2026-09-17 00:13:53,618 [WARNING] src.timeline.project_io: 音声クリップ a2 のリンク先 c2 が存在しないため除外します (該当区間は無音になります)
2026-09-17 00:13:53,681 [INFO] src.utils.trash: ゴミ箱へ移動しました (2 件)
2026-09-17 00:13:53,685 [WARNING] src.timeline.builder: 寸法の設定が不正なため既定 8000 を使用します: 0
2026-09-17 00:19:15,529 [INFO] src.pipeline.pipeline_runner: ==================================================
2026-09-17 00:19:15,529 [INFO] src.pipeline.pipeline_runner: パイプライン開始: C:\Users\evolu\AppData\Local\Temp/claude/D--develop-autoedit/b05e016e-b4d9-4f4a-b4a6-80b0fc3c78c7/scratchpad/input/kaidemiru.mp4
2026-09-17 00:19:16,043 [INFO] src.modules.output_profile: 縦動画と判定 (入力=1080x1920 → 出力=1080x1920)
2026-09-17 00:19:17,084 [INFO] src.modules.loudness_normalizer: 入力ラウドネス: I=-12.7 LUFS / TP=-0.4 dBTP / LRA=23.2 LU → 目標 I=-14.0 LUFS / TP=-1.0 dBTP (offset -0.0 dB)
2026-09-17 00:19:18,034 [INFO] src.modules.loudness_normalizer: ラウドネス正規化 完了: C:\Users\evolu\AppData\Local\Temp\autoedit_ub83eqdp\loudness_normalized.mp4
2026-09-17 00:19:19,375 [INFO] src.modules.volume_analyzer: 発話区間の最低dB=-41 (mean, 測定 3/3 区間)
2026-09-17 00:19:38,257 [INFO] src.modules.silence_cutter: 編集点検出: 無音 4 件 / 残す区間 3 件 (閾値=-24dB, 最小無音=0.60s, 総尺=17.8s)
2026-09-17 00:19:38,257 [INFO] src.modules.subtitle_generator: 縦動画のため字幕設定を縦用へ上書き (font/改行/配置/余白)
2026-09-17 00:19:38,725 [INFO] src.modules.silence_cutter: 認識用音声を抽出: 3 区間 → 4.7s (元 17.8s)
2026-09-17 00:19:57,705 [INFO] src.modules.subtitle_generator: 音声認識開始 (model=large-v3, device=cpu, compute_type=int8, 設定=cpu)
2026-09-17 00:19:57,705 [INFO] src.modules.subtitle_generator: 音声認識実行 (device=cpu, compute_type=int8)
2026-09-17 00:20:04,277 [INFO] src.modules.subtitle_generator: VAD フィルタ有効 (min_silence=500ms, speech_pad=100ms, condition_on_previous_text=False)
2026-09-17 00:20:24,219 [INFO] src.modules.subtitle_generator: 音声認識完了 (4 セグメント)
2026-09-17 00:20:24,303 [INFO] src.modules.subtitle_generator: 字幕時刻を Timeline の軸へ写像: 4 → 4 件 (カット区間のため 0 件除外)
2026-09-17 00:20:24,303 [INFO] src.modules.subtitle_generator: テロップ表示タイミング整形: 4 → 4 区間 (max_hold=2.0s, min_dur=0.5s)
2026-09-17 00:20:24,303 [INFO] src.modules.subtitle_generator: 音声認識完了 (Timeline 用 4 件)
2026-09-17 00:20:24,378 [INFO] src.timeline.builder: オープニング配置スキップ (縦動画のため)
2026-09-17 00:20:24,378 [INFO] src.timeline.builder: エンディング配置スキップ (縦動画のため)
2026-09-17 00:20:24,378 [INFO] src.timeline.builder: Timeline 構築: V1 3 クリップ (OP=無 / ED=無) / S1 4 字幕 / S2(コメント) 0 字幕 / 全長 6.0s / 60fps 1080x1920
2026-09-17 00:20:24,380 [INFO] src.timeline.project_io: プロジェクト保存: D:/develop/autoedit/output\kaidemiru.timeline.json
2026-09-17 00:20:24,382 [INFO] src.modules.subtitle_generator: 縦動画のため字幕設定を縦用へ上書き (font/改行/配置/余白)
2026-09-17 00:20:24,383 [INFO] src.timeline.audio_source: プレビュー音声に認識用音声を再利用します (未編集)
2026-09-17 00:20:25,249 [INFO] src.blur.models: モデルを読み込みました: yolox_tiny.onnx
2026-09-17 00:20:25,652 [INFO] src.blur.models: モデルを読み込みました: osnet_x0_25.onnx
2026-09-17 00:20:38,145 [INFO] src.blur.tracker: 人物クラスタリング: tracklet 4 本 → 人物 2 人 (主役 p1)
2026-09-17 00:20:38,148 [INFO] src.blur.store: ぼかしの解析結果を保存しました: kaidemiru.timeline.blur.json
2026-09-17 00:22:13,241 [INFO] src.blur.region_tracker: 領域の追従: 1 件のトラックを追加しました
2026-09-17 00:22:13,245 [INFO] src.blur.store: ぼかしの解析結果を保存しました: kaidemiru.timeline.blur.json
2026-09-17 00:22:29,805 [INFO] src.gui.timeline.timeline_editor_dialog: Timeline 編集確定: V 3 クリップ / オーバーレイ 0 件 / 字幕 4 件（使用 4 件）/ ギャップ 0 件
2026-09-17 00:22:29,831 [INFO] src.timeline.project_io: プロジェクト保存: D:/develop/autoedit/output\kaidemiru.timeline.json
2026-09-17 00:22:29,831 [INFO] src.timeline.renderer: ベース映像構築: 3 クリップ / ギャップ 0 件 / 合計 4.7s
2026-09-17 00:22:33,320 [WARNING] src.timeline.renderer: ベース映像の尺: モデル 4.700s / 実測 4.667s (差 -0.033s / 3 部品)
2026-09-17 00:22:33,345 [INFO] src.blur.mask_builder: ぼかしマスク: 360 フレーム / 270x480 / 対象 3 件
2026-09-17 00:22:33,824 [INFO] src.blur.mask_builder: ぼかしマスクを書き出しました: blur_mask.mkv (0.4 MB)
2026-09-17 00:22:33,824 [INFO] src.modules.subtitle_generator: 縦動画のため字幕設定を縦用へ上書き (font/改行/配置/余白)
2026-09-17 00:22:33,824 [INFO] src.timeline.renderer: 字幕焼き込み: 4 件
2026-09-17 00:22:33,824 [INFO] src.modules.subtitle_generator: 縦動画のため字幕設定を縦用へ上書き (font/改行/配置/余白)
2026-09-17 00:22:37,143 [INFO] src.modules.output_writer: 出力完了: D:/develop/autoedit/output\kaidemiru_edited_1.mp4
2026-09-17 00:22:37,143 [INFO] src.pipeline.pipeline_runner: パイプライン正常終了: D:/develop/autoedit/output\kaidemiru_edited_1.mp4
2026-09-17 00:22:37,143 [ERROR] src.pipeline.pipeline_runner: 中間ファイル後処理に失敗
Traceback (most recent call last):
  File "C:\Users\evolu\AppData\Local\Programs\Python\Python312\Lib\shutil.py", line 633, in _rmtree_unsafe
    os.unlink(fullname)
PermissionError: [WinError 32] プロセスはファイルにアクセスできません。別のプロセスが使用中です。: 'C:\\Users\\evolu\\AppData\\Local\\Temp\\autoedit_ub83eqdp\\loudness_normalized.mp4'

During handling of the above exception, another exception occurred:

Traceback (most recent call last):
  File "D:\develop\autoedit\src\pipeline\pipeline_runner.py", line 408, in _cleanup
    context.cleanup()
  File "D:\develop\autoedit\src\pipeline\pipeline_context.py", line 155, in cleanup
    self._tempdir_obj.cleanup()
  File "C:\Users\evolu\AppData\Local\Programs\Python\Python312\Lib\tempfile.py", line 954, in cleanup
    self._rmtree(self.name, ignore_errors=self._ignore_cleanup_errors)
  File "C:\Users\evolu\AppData\Local\Programs\Python\Python312\Lib\tempfile.py", line 934, in _rmtree
    _shutil.rmtree(name, onexc=onexc)
  File "C:\Users\evolu\AppData\Local\Programs\Python\Python312\Lib\shutil.py", line 781, in rmtree
    return _rmtree_unsafe(path, onexc)
           ^^^^^^^^^^^^^^^^^^^^^^^^^^^
  File "C:\Users\evolu\AppData\Local\Programs\Python\Python312\Lib\shutil.py", line 635, in _rmtree_unsafe
    onexc(os.unlink, fullname, err)
  File "C:\Users\evolu\AppData\Local\Programs\Python\Python312\Lib\tempfile.py", line 909, in onexc
    _os.unlink(path)
PermissionError: [WinError 32] プロセスはファイルにアクセスできません。別のプロセスが使用中です。: 'C:\\Users\\evolu\\AppData\\Local\\Temp\\autoedit_ub83eqdp\\loudness_normalized.mp4'
2026-09-17 00:23:55,389 [INFO] src.timeline.project_io: プロジェクト読込: output/kaidemiru.timeline.json
2026-09-17 09:30:19,347 [INFO] src.archive.timeline_builder: アーカイブ Timeline 構築: 2 クリップ / V1 2 本 / S1 0 件 / 全長 60.0s
2026-09-17 09:30:19,355 [INFO] src.archive.timeline_builder: アーカイブ Timeline 構築: 2 クリップ / V1 2 本 / S1 0 件 / 全長 60.0s
2026-09-17 09:30:19,355 [WARNING] src.archive.marker_source: VOD 外のマーカーを 2 件除外しました (尺 7200.0s)
2026-09-17 09:30:19,360 [INFO] src.archive.clip_writer: clip1 prepare 完了 (字幕 2 件)
2026-09-17 09:30:19,362 [INFO] src.archive.clip_writer: clip1 prepare 完了 (字幕 2 件)
2026-09-17 09:30:19,362 [INFO] src.archive.clip_writer: 編集点準備: 残す区間 2 件 / 想定尺 10.00s (素材 30.00s)
2026-09-17 09:30:19,362 [INFO] src.archive.clip_writer: clip1 prepare 完了 (字幕 2 件 / 実カットなし)
2026-09-17 09:30:19,362 [INFO] src.archive.clip_writer: 編集点準備: 残す区間 2 件 / 想定尺 10.00s (素材 30.00s)
2026-09-17 09:30:19,362 [INFO] src.archive.clip_writer: clip1 prepare 完了 (字幕 2 件 / 実カットなし)
2026-09-17 09:30:19,362 [INFO] src.archive.clip_writer: 編集点準備: 残す区間 2 件 / 想定尺 10.00s (素材 30.00s)
2026-09-17 09:30:19,362 [INFO] src.archive.clip_writer: clip1 prepare 完了 (字幕 2 件 / 実カットなし)
2026-09-17 09:30:19,362 [INFO] src.archive.clip_writer: 編集点準備: 残す区間 2 件 / 想定尺 10.00s (素材 30.00s)
2026-09-17 09:30:19,362 [INFO] src.archive.clip_writer: clip1 prepare 完了 (字幕 2 件 / 実カットなし)
2026-09-17 09:30:19,370 [INFO] src.archive.clip_writer: 編集点準備: 残す区間 2 件 / 想定尺 10.00s (素材 30.00s)
2026-09-17 09:30:19,370 [INFO] src.archive.clip_writer: clip1 prepare 完了 (字幕 2 件 / 実カットなし)
2026-09-17 09:30:19,370 [INFO] src.archive.clip_writer: 編集点準備: 残す区間 2 件 / 想定尺 10.00s (素材 30.00s)
2026-09-17 09:30:19,370 [INFO] src.archive.clip_writer: clip1 prepare 完了 (字幕 2 件 / 実カットなし)
2026-09-17 09:30:19,370 [INFO] src.archive.clip_writer: 編集点準備: 残す区間 2 件 / 想定尺 10.00s (素材 30.00s)
2026-09-17 09:30:19,370 [INFO] src.archive.clip_writer: clip1 prepare 完了 (字幕 0 件 / 実カットなし)
2026-09-17 09:30:19,370 [INFO] src.archive.clip_writer: 編集点準備: 残す区間 2 件 / 想定尺 10.00s (素材 30.00s)
2026-09-17 09:30:19,377 [INFO] src.timeline.project_io: プロジェクト保存: C:\Users\evolu\AppData\Local\Temp\archive_resume_towcobua\vod.archive.timeline.json
2026-09-17 09:30:19,390 [INFO] src.timeline.project_io: プロジェクト読込: C:\Users\evolu\AppData\Local\Temp\archive_resume_towcobua\vod.archive.timeline.json
2026-09-17 09:30:19,397 [INFO] src.timeline.project_io: プロジェクト保存: C:\Users\evolu\AppData\Local\Temp\archive_resume_uhu1he_6\vod.archive.timeline.json
2026-09-17 09:30:19,397 [INFO] src.timeline.project_io: プロジェクト保存: C:\Users\evolu\AppData\Local\Temp\archive_resume_uhu1he_6\clip.timeline.json
2026-09-17 09:30:19,397 [INFO] src.archive.project_resume: ==================================================
2026-09-17 09:30:19,397 [INFO] src.archive.project_resume: 保存済みアーカイブプロジェクトから再開: C:\Users\evolu\AppData\Local\Temp\archive_resume_uhu1he_6\clip.timeline.json
2026-09-17 09:30:19,418 [INFO] src.timeline.project_io: プロジェクト読込: C:\Users\evolu\AppData\Local\Temp\archive_resume_uhu1he_6\clip.timeline.json
2026-09-17 09:30:19,421 [INFO] src.timeline.project_io: プロジェクト保存: C:\Users\evolu\AppData\Local\Temp\archive_resume_k6uikjqk\vod.archive.timeline.json
2026-09-17 09:30:19,433 [INFO] src.timeline.project_io: プロジェクト読込: C:\Users\evolu\AppData\Local\Temp\archive_resume_k6uikjqk\vod.archive.timeline.json
2026-09-17 09:30:19,434 [INFO] src.archive.project_resume: 音声サイドカーが無いため clip1 の正規化をやり直します
2026-09-17 09:30:19,435 [INFO] src.archive.project_resume: 音声サイドカーが無いため clip2 の正規化をやり直します
2026-09-17 09:30:19,439 [INFO] src.timeline.project_io: プロジェクト保存: C:\Users\evolu\AppData\Local\Temp\archive_resume_n0oz9us_\vod.archive.timeline.json
2026-09-17 09:30:19,455 [INFO] src.timeline.project_io: プロジェクト読込: C:\Users\evolu\AppData\Local\Temp\archive_resume_n0oz9us_\vod.archive.timeline.json
2026-09-17 09:30:19,455 [INFO] src.archive.project_resume: 音声サイドカーが無いため clip1 の正規化をやり直します
2026-09-17 09:30:19,455 [INFO] src.archive.project_resume: 音声サイドカーが無いため clip2 の正規化をやり直します
2026-09-17 09:30:19,463 [INFO] src.timeline.project_io: プロジェクト保存: C:\Users\evolu\AppData\Local\Temp\archive_resume_m6vccdv2\vod.archive.timeline.json
2026-09-17 09:30:19,463 [INFO] src.archive.project_resume: ==================================================
2026-09-17 09:30:19,463 [INFO] src.archive.project_resume: 保存済みアーカイブプロジェクトから再開: C:\Users\evolu\AppData\Local\Temp\archive_resume_m6vccdv2\no_such.timeline.json
2026-09-17 09:30:19,467 [INFO] src.timeline.project_io: プロジェクト保存: C:\Users\evolu\AppData\Local\Temp\archive_resume__obs03xf\vod.archive.timeline.json
2026-09-17 09:30:19,484 [INFO] src.timeline.project_io: プロジェクト読込: C:\Users\evolu\AppData\Local\Temp\archive_resume__obs03xf\vod.archive.timeline.json
2026-09-17 09:30:19,489 [INFO] src.timeline.project_io: プロジェクト保存: C:\Users\evolu\AppData\Local\Temp\archive_resume_zun194qa\vod.archive.timeline.json
2026-09-17 09:30:19,507 [INFO] src.timeline.project_io: プロジェクト読込: C:\Users\evolu\AppData\Local\Temp\archive_resume_zun194qa\vod.archive.timeline.json
2026-09-17 09:30:19,508 [INFO] src.archive.project_resume: 設定に従い切り出したままの音量で使います: clip1
2026-09-17 09:30:19,509 [INFO] src.archive.project_resume: 設定に従い切り出したままの音量で使います: clip2
2026-09-17 09:30:19,510 [WARNING] src.timeline.media_sidecar: 音声サイドカーの尺が保存値と合いません (100.00s / 期待 103.00s) → 使いません
2026-09-17 09:30:19,511 [INFO] src.archive.timeline_builder: アーカイブ Timeline 構築: 2 クリップ / V1 2 本 / S1 0 件 / 全長 200.0s
2026-09-17 09:30:19,511 [INFO] src.archive.timeline_builder: セクション追加: clip3 を 200.00s へ挿入 (VOD 900.0-950.0 / 尺 50.00s)
2026-09-17 09:30:19,511 [INFO] src.archive.timeline_builder: アーカイブ Timeline 構築: 2 クリップ / V1 2 本 / S1 0 件 / 全長 200.0s
2026-09-17 09:30:19,511 [INFO] src.timeline.commands: 貼り付けの割り込み: V1 の 0.000s へ 50.00s を確保 / 移動 2 件・分割 0 件・切詰 0 件
2026-09-17 09:30:19,511 [INFO] src.timeline.commands: 貼り付けの割り込み: S1 の 0.000s へ 50.00s を確保 / 移動 0 件・分割 0 件・切詰 0 件
2026-09-17 09:30:19,511 [INFO] src.archive.timeline_builder: セクション追加: clip3 を 0.00s へ挿入 (VOD 0.0-50.0 / 尺 50.00s)
2026-09-17 09:30:19,511 [INFO] src.archive.timeline_builder: アーカイブ Timeline 構築: 2 クリップ / V1 2 本 / S1 0 件 / 全長 200.0s
2026-09-17 09:30:19,511 [INFO] src.timeline.commands: 貼り付けの割り込み: V1 の 100.000s へ 50.00s を確保 / 移動 1 件・分割 0 件・切詰 0 件
2026-09-17 09:30:19,511 [INFO] src.timeline.commands: 貼り付けの割り込み: S1 の 100.000s へ 50.00s を確保 / 移動 0 件・分割 0 件・切詰 0 件
2026-09-17 09:30:19,511 [INFO] src.archive.timeline_builder: セクション追加: clip3 を 100.00s へ挿入 (VOD 250.0-300.0 / 尺 50.00s)
2026-09-17 09:30:19,511 [INFO] src.archive.timeline_builder: アーカイブ Timeline 構築: 3 クリップ / V1 3 本 / S1 0 件 / 全長 300.0s
2026-09-17 09:30:19,511 [INFO] src.timeline.commands: 貼り付けの割り込み: V1 の 100.000s へ 50.00s を確保 / 移動 2 件・分割 0 件・切詰 0 件
2026-09-17 09:30:19,511 [INFO] src.timeline.commands: 貼り付けの割り込み: S1 の 100.000s へ 50.00s を確保 / 移動 0 件・分割 0 件・切詰 0 件
2026-09-17 09:30:19,511 [INFO] src.archive.timeline_builder: セクション追加: clip4 を 100.00s へ挿入 (VOD 250.0-300.0 / 尺 50.00s)
2026-09-17 09:30:19,511 [INFO] src.timeline.commands: 貼り付けの割り込み: V1 の 0.000s へ 50.00s を確保 / 移動 4 件・分割 0 件・切詰 0 件
2026-09-17 09:30:19,511 [INFO] src.timeline.commands: 貼り付けの割り込み: S1 の 0.000s へ 50.00s を確保 / 移動 0 件・分割 0 件・切詰 0 件
2026-09-17 09:30:19,511 [INFO] src.archive.timeline_builder: セクション追加: clip5 を 0.00s へ挿入 (VOD 0.0-50.0 / 尺 50.00s)
2026-09-17 09:30:19,511 [INFO] src.archive.timeline_builder: セクション追加: clip6 を 400.00s へ挿入 (VOD 900.0-950.0 / 尺 50.00s)
2026-09-17 09:30:19,511 [INFO] src.archive.timeline_builder: アーカイブ Timeline 構築: 1 クリップ / V1 1 本 / S1 0 件 / 全長 100.0s
2026-09-17 09:30:19,511 [INFO] src.archive.timeline_builder: セクション追加: clip2 を 100.00s へ挿入 (VOD 300.0-400.0 / 尺 100.00s)
2026-09-17 09:30:19,513 [INFO] src.archive.timeline_builder: アーカイブ Timeline 構築: 3 クリップ / V1 3 本 / S1 0 件 / 全長 300.0s
2026-09-17 09:30:19,513 [INFO] src.timeline.commands: 貼り付けの割り込み: V1 の 100.000s へ 50.00s を確保 / 移動 2 件・分割 0 件・切詰 0 件
2026-09-17 09:30:19,513 [INFO] src.timeline.commands: 貼り付けの割り込み: S1 の 100.000s へ 50.00s を確保 / 移動 0 件・分割 0 件・切詰 0 件
2026-09-17 09:30:19,513 [INFO] src.archive.timeline_builder: セクション追加: clip4 を 100.00s へ挿入 (VOD 250.0-300.0 / 尺 50.00s)
2026-09-17 09:30:19,513 [INFO] src.archive.timeline_builder: アーカイブ Timeline 構築: 2 クリップ / V1 2 本 / S1 0 件 / 全長 200.0s
2026-09-17 09:30:19,513 [INFO] src.archive.timeline_builder: セクション追加: clip3 を 200.00s へ挿入 (VOD 900.0-950.0 / 尺 50.00s)
2026-09-17 09:30:19,513 [INFO] src.archive.timeline_builder: アーカイブ Timeline 構築: 2 クリップ / V1 2 本 / S1 0 件 / 全長 200.0s
2026-09-17 09:30:19,514 [INFO] src.archive.timeline_builder: アーカイブ Timeline 構築: 1 クリップ / V1 1 本 / S1 0 件 / 全長 100.0s
2026-09-17 09:30:19,514 [INFO] src.archive.timeline_builder: セクション追加: clip2 を 100.00s へ挿入 (VOD 450.0-600.0 / 尺 150.00s)
2026-09-17 09:30:19,514 [INFO] src.archive.timeline_builder: アーカイブ Timeline 構築: 2 クリップ / V1 2 本 / S1 0 件 / 全長 200.0s
2026-09-17 09:30:19,514 [INFO] src.archive.timeline_builder: セクション追加: clip3 を 200.00s へ挿入 (VOD 500.0-600.0 / 尺 100.00s)
2026-09-17 09:30:19,514 [INFO] src.archive.timeline_builder: セクション統合: clip2 へ 1 件を畳み込み (VOD 400.0-600.0)
2026-09-17 09:30:19,514 [INFO] src.archive.timeline_builder: アーカイブ Timeline 構築: 2 クリップ / V1 2 本 / S1 0 件 / 全長 200.0s
2026-09-17 09:30:19,514 [INFO] src.archive.timeline_builder: セクション追加: clip3 を 200.00s へ挿入 (VOD 500.0-600.0 / 尺 100.00s)
2026-09-17 09:30:19,514 [INFO] src.archive.timeline_builder: セクション統合: clip2 へ 1 件を畳み込み (VOD 400.0-600.0)
2026-09-17 09:30:19,514 [INFO] src.archive.timeline_builder: アーカイブ Timeline 構築: 3 クリップ / V1 3 本 / S1 0 件 / 全長 300.0s
2026-09-17 09:30:19,514 [INFO] src.timeline.commands: 貼り付けの割り込み: V1 の 200.000s へ 100.00s を確保 / 移動 1 件・分割 0 件・切詰 0 件
2026-09-17 09:30:19,515 [INFO] src.timeline.commands: 貼り付けの割り込み: S1 の 200.000s へ 100.00s を確保 / 移動 0 件・分割 0 件・切詰 0 件
2026-09-17 09:30:19,515 [INFO] src.archive.timeline_builder: セクション追加: clip4 を 200.00s へ挿入 (VOD 500.0-600.0 / 尺 100.00s)
2026-09-17 09:30:19,515 [INFO] src.archive.timeline_builder: セクション統合: clip2 へ 1 件を畳み込み (VOD 400.0-600.0)
2026-09-17 09:30:19,515 [INFO] src.archive.timeline_builder: アーカイブ Timeline 構築: 3 クリップ / V1 3 本 / S1 0 件 / 全長 300.0s
2026-09-17 09:30:19,515 [INFO] src.timeline.commands: 貼り付けの割り込み: V1 の 100.000s へ 200.00s を確保 / 移動 2 件・分割 0 件・切詰 0 件
2026-09-17 09:30:19,515 [INFO] src.timeline.commands: 貼り付けの割り込み: S1 の 100.000s へ 200.00s を確保 / 移動 0 件・分割 0 件・切詰 0 件
2026-09-17 09:30:19,515 [INFO] src.archive.timeline_builder: セクション追加: clip4 を 100.00s へ挿入 (VOD 200.0-400.0 / 尺 200.00s)
2026-09-17 09:30:19,515 [INFO] src.timeline.commands: 貼り付けの割り込み: V1 の 400.000s へ 200.00s を確保 / 移動 1 件・分割 0 件・切詰 0 件
2026-09-17 09:30:19,515 [INFO] src.timeline.commands: 貼り付けの割り込み: S1 の 400.000s へ 200.00s を確保 / 移動 0 件・分割 0 件・切詰 0 件
2026-09-17 09:30:19,515 [INFO] src.archive.timeline_builder: セクション追加: clip5 を 400.00s へ挿入 (VOD 500.0-700.0 / 尺 200.00s)
2026-09-17 09:30:19,515 [INFO] src.archive.timeline_builder: セクション統合: clip1 へ 4 件を畳み込み (VOD 100.0-800.0)
2026-09-17 09:30:19,515 [INFO] src.archive.timeline_builder: アーカイブ Timeline 構築: 1 クリップ / V1 1 本 / S1 0 件 / 全長 100.0s
2026-09-17 09:30:19,515 [INFO] src.archive.timeline_builder: セクション追加: clip2 を 100.00s へ挿入 (VOD 200.0-300.0 / 尺 100.00s)
2026-09-17 09:30:19,515 [INFO] src.archive.timeline_builder: セクション統合: clip1 へ 1 件を畳み込み (VOD 100.0-300.0)
2026-09-17 09:30:19,516 [INFO] src.archive.timeline_builder: アーカイブ Timeline 構築: 2 クリップ / V1 2 本 / S1 0 件 / 全長 200.0s
2026-09-17 09:30:19,516 [INFO] src.timeline.commands: 貼り付けの割り込み: V1 の 100.000s へ 50.00s を確保 / 移動 1 件・分割 0 件・切詰 0 件
2026-09-17 09:30:19,516 [INFO] src.timeline.commands: 貼り付けの割り込み: S1 の 100.000s へ 50.00s を確保 / 移動 0 件・分割 0 件・切詰 0 件
2026-09-17 09:30:19,516 [INFO] src.archive.timeline_builder: セクション追加: clip3 を 100.00s へ挿入 (VOD 250.0-300.0 / 尺 50.00s)
2026-09-17 09:30:19,516 [INFO] src.archive.timeline_builder: アーカイブ Timeline 構築: 2 クリップ / V1 2 本 / S1 0 件 / 全長 200.0s
2026-09-17 09:30:19,516 [INFO] src.archive.timeline_builder: セクション追加: clip3 を 200.00s へ挿入 (VOD 500.0-600.0 / 尺 100.00s)
2026-09-17 09:30:19,516 [INFO] src.archive.timeline_builder: セクション統合: clip2 へ 1 件を畳み込み (VOD 400.0-600.0)
2026-09-17 09:30:19,516 [INFO] src.archive.timeline_builder: アーカイブ Timeline 構築: 3 クリップ / V1 3 本 / S1 0 件 / 全長 300.0s
2026-09-17 09:30:19,516 [INFO] src.timeline.commands: 貼り付けの割り込み: V1 の 100.000s へ 50.00s を確保 / 移動 2 件・分割 0 件・切詰 0 件
2026-09-17 09:30:19,517 [INFO] src.timeline.commands: 貼り付けの割り込み: S1 の 100.000s へ 50.00s を確保 / 移動 0 件・分割 0 件・切詰 0 件
2026-09-17 09:30:19,517 [INFO] src.archive.timeline_builder: セクション追加: clip4 を 100.00s へ挿入 (VOD 250.0-300.0 / 尺 50.00s)
2026-09-17 09:30:19,517 [INFO] src.archive.timeline_builder: アーカイブ Timeline 構築: 1 クリップ / V1 1 本 / S1 0 件 / 全長 30.0s
2026-09-17 09:30:19,517 [INFO] src.archive.timeline_builder: アーカイブ Timeline 構築: 1 クリップ / V1 1 本 / S1 0 件 / 全長 30.0s
2026-09-17 09:30:19,517 [INFO] src.archive.timeline_builder: アーカイブ Timeline 構築: 1 クリップ / V1 1 本 / S1 0 件 / 全長 30.0s
2026-09-17 09:30:19,518 [INFO] src.archive.timeline_builder: アーカイブ Timeline 構築: 1 クリップ / V1 1 本 / S1 0 件 / 全長 30.0s
2026-09-17 09:30:19,518 [INFO] src.archive.timeline_builder: アーカイブ Timeline 構築: 1 クリップ / V1 1 本 / S1 0 件 / 全長 30.0s
2026-09-17 09:30:19,518 [INFO] src.archive.timeline_builder: アーカイブ Timeline 構築: 3 クリップ / V1 6 本 / S1 6 件 / 全長 30.0s
2026-09-17 09:30:19,518 [INFO] src.archive.timeline_builder: アーカイブ Timeline 構築: 3 クリップ / V1 6 本 / S1 6 件 / 全長 30.0s
2026-09-17 09:30:19,518 [INFO] src.archive.timeline_builder: アーカイブ Timeline 構築: 3 クリップ / V1 6 本 / S1 6 件 / 全長 30.0s
2026-09-17 09:30:19,518 [INFO] src.archive.timeline_builder: アーカイブ Timeline 構築: 3 クリップ / V1 6 本 / S1 6 件 / 全長 30.0s
2026-09-17 09:30:19,519 [INFO] src.archive.timeline_builder: アーカイブ Timeline 構築: 3 クリップ / V1 6 本 / S1 6 件 / 全長 30.0s
2026-09-17 09:30:19,519 [INFO] src.archive.timeline_builder: アーカイブ Timeline 構築: 3 クリップ / V1 6 本 / S1 6 件 / 全長 30.0s
2026-09-17 09:30:19,519 [INFO] src.archive.timeline_builder: アーカイブ Timeline 構築: 3 クリップ / V1 6 本 / S1 6 件 / 全長 30.0s
2026-09-17 09:30:19,519 [INFO] src.archive.timeline_builder: アーカイブ Timeline 構築: 3 クリップ / V1 6 本 / S1 6 件 / 全長 30.0s
2026-09-17 09:30:19,519 [INFO] src.archive.timeline_builder: アーカイブ Timeline 構築: 3 クリップ / V1 6 本 / S1 6 件 / 全長 30.0s
2026-09-17 09:30:19,520 [INFO] src.archive.timeline_builder: アーカイブ Timeline 構築: 1 クリップ / V1 1 本 / S1 2 件 / 全長 30.0s
2026-09-17 09:30:19,520 [INFO] src.archive.timeline_builder: clip1: クリップ終端で打ち切った字幕 1 件 / 載せなかった字幕 0 件
2026-09-17 09:30:19,520 [INFO] src.archive.timeline_builder: clip2: クリップ終端で打ち切った字幕 1 件 / 載せなかった字幕 0 件
2026-09-17 09:30:19,520 [INFO] src.archive.timeline_builder: clip3: クリップ終端で打ち切った字幕 1 件 / 載せなかった字幕 0 件
2026-09-17 09:30:19,520 [INFO] src.archive.timeline_builder: アーカイブ Timeline 構築: 3 クリップ / V1 6 本 / S1 3 件 / 全長 30.0s
2026-09-17 09:30:19,520 [INFO] src.archive.timeline_builder: clip1: クリップ終端で打ち切った字幕 1 件 / 載せなかった字幕 0 件
2026-09-17 09:30:19,520 [INFO] src.archive.timeline_builder: アーカイブ Timeline 構築: 2 クリップ / V1 4 本 / S1 3 件 / 全長 20.0s
2026-09-17 09:30:19,520 [INFO] src.archive.timeline_builder: clip1: クリップ終端で打ち切った字幕 1 件 / 載せなかった字幕 1 件
2026-09-17 09:30:19,520 [INFO] src.archive.timeline_builder: アーカイブ Timeline 構築: 2 クリップ / V1 4 本 / S1 2 件 / 全長 20.0s
2026-09-17 09:30:19,520 [INFO] src.archive.timeline_builder: clip1: クリップ終端で打ち切った字幕 1 件 / 載せなかった字幕 0 件
2026-09-17 09:30:19,521 [INFO] src.archive.timeline_builder: clip2: クリップ終端で打ち切った字幕 1 件 / 載せなかった字幕 0 件
2026-09-17 09:30:19,521 [INFO] src.archive.timeline_builder: アーカイブ Timeline 構築: 2 クリップ / V1 4 本 / S1 2 件 / 全長 20.0s
2026-09-17 09:30:19,521 [INFO] src.archive.timeline_builder: アーカイブ Timeline 構築: 3 クリップ / V1 6 本 / S1 6 件 / 全長 30.0s
2026-09-17 09:30:19,521 [INFO] src.archive.timeline_builder: アーカイブ Timeline 構築: 3 クリップ / V1 6 本 / S1 6 件 / 全長 30.0s
2026-09-17 09:30:19,521 [INFO] src.archive.timeline_builder: アーカイブ Timeline 構築: 3 クリップ / V1 6 本 / S1 6 件 / 全長 30.0s
2026-09-17 09:30:19,522 [INFO] src.archive.timeline_builder: アーカイブ Timeline 構築: 3 クリップ / V1 6 本 / S1 6 件 / 全長 30.0s
2026-09-17 09:30:19,522 [INFO] src.archive.timeline_builder: アーカイブ Timeline 構築: 3 クリップ / V1 6 本 / S1 6 件 / 全長 30.0s
2026-09-17 09:30:19,522 [INFO] src.archive.timeline_builder: アーカイブ Timeline 構築: 3 クリップ / V1 6 本 / S1 6 件 / 全長 30.0s
2026-09-17 09:30:19,522 [INFO] src.archive.timeline_builder: アーカイブ Timeline 構築: 3 クリップ / V1 6 本 / S1 6 件 / 全長 30.0s
2026-09-17 09:30:19,522 [INFO] src.archive.timeline_builder: clip2 は使用しないため書き出しから除外します
2026-09-17 09:30:19,523 [INFO] src.archive.timeline_builder: アーカイブ Timeline 構築: 3 クリップ / V1 6 本 / S1 6 件 / 全長 30.0s
2026-09-17 09:30:19,523 [INFO] src.archive.timeline_builder: アーカイブ Timeline 構築: 3 クリップ / V1 6 本 / S1 6 件 / 全長 30.0s
2026-09-17 09:30:19,524 [INFO] src.archive.timeline_builder: アーカイブ Timeline 構築: 3 クリップ / V1 6 本 / S1 6 件 / 全長 30.0s
2026-09-17 09:30:19,524 [INFO] src.archive.timeline_builder: アーカイブ Timeline 構築: 3 クリップ / V1 6 本 / S1 6 件 / 全長 30.0s
2026-09-17 09:30:19,524 [INFO] src.archive.timeline_builder: アーカイブ Timeline 構築: 3 クリップ / V1 6 本 / S1 6 件 / 全長 30.0s
2026-09-17 09:30:19,524 [INFO] src.archive.timeline_builder: アーカイブ Timeline 構築: 3 クリップ / V1 6 本 / S1 6 件 / 全長 30.0s
2026-09-17 09:30:19,525 [WARNING] src.blur.config: 未知の blur.default_policy のため既定を使用します: なにか変な値
2026-09-17 09:30:19,525 [WARNING] src.blur.config: 未知の blur.render.mode のため既定を使用します: unknown
2026-09-17 09:30:19,527 [INFO] src.blur.tracker: 人物クラスタリング: tracklet 2 本 → 人物 2 人 (主役 p1)
2026-09-17 09:30:19,527 [INFO] src.blur.tracker: 人物クラスタリング: tracklet 2 本 → 人物 1 人 (主役 p1)
2026-09-17 09:30:19,527 [INFO] src.blur.tracker: 人物クラスタリング: tracklet 2 本 → 人物 2 人 (主役 p1)
2026-09-17 09:30:19,532 [WARNING] src.modules.blur_overlay: ぼかしマスクが見つからないため、ぼかしを省略します: 
2026-09-17 09:30:19,533 [INFO] src.blur.mask_builder: ぼかしマスク: 1200 フレーム / 480x270 / 対象 1 件
2026-09-17 09:30:20,213 [INFO] src.blur.mask_builder: ぼかしマスクを書き出しました: mask.mkv (0.4 MB)
2026-09-17 09:30:20,213 [INFO] src.blur.mask_builder: ぼかしマスク: 1200 フレーム / 480x270 / 対象 1 件
2026-09-17 09:30:20,817 [INFO] src.blur.mask_builder: ぼかしマスクを書き出しました: mask.mkv (0.4 MB)
2026-09-17 09:30:20,943 [INFO] src.blur.mask_builder: ぼかす対象が無いためマスクを作りません
2026-09-17 09:30:20,947 [INFO] src.blur.mask_builder: ぼかしマスク: 1200 フレーム / 270x480 / 対象 1 件
2026-09-17 09:30:21,552 [INFO] src.blur.mask_builder: ぼかしマスクを書き出しました: mask.mkv (0.4 MB)
2026-09-17 09:30:21,569 [INFO] src.timeline.renderer: ベース映像構築: 1 クリップ / ギャップ 0 件 / 合計 5.0s
2026-09-17 09:30:21,569 [INFO] src.timeline.renderer: ベース映像の尺: モデル 5.000s / 実測 5.000s (差 +0.000s / 1 部品)
2026-09-17 09:30:21,573 [INFO] src.timeline.renderer: 字幕焼き込み: 1 件
2026-09-17 09:30:21,580 [INFO] src.timeline.renderer: ベース映像構築: 1 クリップ / ギャップ 0 件 / 合計 5.0s
2026-09-17 09:30:21,580 [INFO] src.timeline.renderer: ベース映像の尺: モデル 5.000s / 実測 5.000s (差 +0.000s / 1 部品)
2026-09-17 09:30:21,580 [INFO] src.timeline.renderer: 字幕焼き込み: 1 件
2026-09-17 09:30:21,586 [INFO] src.timeline.renderer: ベース映像構築: 1 クリップ / ギャップ 0 件 / 合計 5.0s
2026-09-17 09:30:21,588 [INFO] src.timeline.renderer: ベース映像の尺: モデル 5.000s / 実測 5.000s (差 +0.000s / 1 部品)
2026-09-17 09:30:21,588 [INFO] src.timeline.renderer: オーバーレイ・字幕が無いため合成をスキップします
2026-09-17 09:30:21,592 [INFO] src.modules.blur_overlay: ぼかしを焼き込みます: blur_applied.mp4
2026-09-17 09:30:21,594 [INFO] src.timeline.renderer: ベース映像構築: 1 クリップ / ギャップ 0 件 / 合計 5.0s
2026-09-17 09:30:21,596 [INFO] src.timeline.renderer: ベース映像の尺: モデル 5.000s / 実測 5.000s (差 +0.000s / 1 部品)
2026-09-17 09:30:21,596 [INFO] src.timeline.renderer: オーバーレイ・字幕が無いため合成をスキップします
2026-09-17 09:30:21,601 [INFO] src.modules.blur_overlay: ぼかしを焼き込みます: blur_applied.mp4
2026-09-17 09:30:21,601 [INFO] src.timeline.renderer: ベース映像構築: 1 クリップ / ギャップ 0 件 / 合計 5.0s
2026-09-17 09:30:21,604 [INFO] src.timeline.renderer: ベース映像の尺: モデル 5.000s / 実測 5.000s (差 +0.000s / 1 部品)
2026-09-17 09:30:21,604 [INFO] src.timeline.renderer: 字幕焼き込み: 1 件
2026-09-17 09:30:21,609 [INFO] src.timeline.renderer: ベース映像構築: 1 クリップ / ギャップ 0 件 / 合計 5.0s
2026-09-17 09:30:21,613 [INFO] src.timeline.renderer: ベース映像の尺: モデル 5.000s / 実測 5.000s (差 +0.000s / 1 部品)
2026-09-17 09:30:21,613 [ERROR] src.blur.mask_builder: ぼかしの解析結果が見つからないためマスクを作れません: C:\Users\evolu\AppData\Local\Temp\tmpw7gdu2be\timeline.blur.json
2026-09-17 09:30:21,613 [INFO] src.timeline.renderer: ベース映像構築: 1 クリップ / ギャップ 0 件 / 合計 5.0s
2026-09-17 09:30:21,616 [INFO] src.timeline.renderer: ベース映像の尺: モデル 5.000s / 実測 5.000s (差 +0.000s / 1 部品)
2026-09-17 09:30:21,618 [ERROR] src.blur.mask_builder: ぼかしの解析結果が見つからないためマスクを作れません: C:\Users\evolu\AppData\Local\Temp\tmpsmptc61f\timeline.blur.json
2026-09-17 09:30:21,618 [INFO] src.timeline.renderer: ベース映像構築: 1 クリップ / ギャップ 0 件 / 合計 5.0s
2026-09-17 09:30:21,622 [INFO] src.timeline.renderer: ベース映像の尺: モデル 5.000s / 実測 5.000s (差 +0.000s / 1 部品)
2026-09-17 09:30:21,623 [ERROR] src.blur.mask_builder: ぼかしの解析結果が見つからないためマスクを作れません: C:\Users\evolu\AppData\Local\Temp\tmpk5_yssbr\timeline.blur.json
2026-09-17 09:30:21,623 [WARNING] src.timeline.renderer: 利用者の指示により、ぼかしを入れずに出力します
2026-09-17 09:30:21,623 [INFO] src.timeline.renderer: オーバーレイ・字幕が無いため合成をスキップします
2026-09-17 09:30:21,625 [INFO] src.timeline.renderer: 中間形式を最終形式へ変換: .mov → mp4 (音声のみ再エンコード)
2026-09-17 09:30:21,626 [INFO] src.timeline.renderer: ベース映像構築: 1 クリップ / ギャップ 0 件 / 合計 5.0s
2026-09-17 09:30:21,629 [INFO] src.timeline.renderer: ベース映像の尺: モデル 5.000s / 実測 5.000s (差 +0.000s / 1 部品)
2026-09-17 09:30:21,630 [INFO] src.timeline.renderer: オーバーレイ・字幕が無いため合成をスキップします
2026-09-17 09:30:21,632 [INFO] src.timeline.renderer: 中間形式を最終形式へ変換: .mov → mp4 (音声のみ再エンコード)
2026-09-17 09:30:23,401 [INFO] src.modules.subtitle_generator: 縦動画のため字幕設定を縦用へ上書き (font/改行/配置/余白)
2026-09-17 09:30:23,401 [WARNING] src.modules.comment_decor: コメント背景がキャンバスに収まらないため詰めました (推定幅 1181px / 使える幅 1080px)。font_size か max_line_length を下げると解消します
2026-09-17 09:30:23,401 [INFO] src.modules.comment_decor: コメントアイコン: 2 件 / 位置 2 種類
2026-09-17 09:30:23,401 [INFO] src.modules.comment_decor: コメントアイコン: 2 件 / 位置 1 種類
2026-09-17 09:30:23,401 [INFO] src.modules.comment_decor: コメントアイコン: 1 件 / 位置 1 種類
2026-09-17 09:30:23,401 [INFO] src.modules.subtitle_generator: 縦動画のため字幕設定を縦用へ上書き (font/改行/配置/余白)
2026-09-17 09:30:23,401 [WARNING] src.modules.comment_decor: コメントアイコンがキャンバスに収まらないため位置を詰めました (要求 x=-190.0 y=465.0 → x=0.0 y=465.0)。subtitle.comment_margin_l を大きくすると解消します
2026-09-17 09:30:23,401 [INFO] src.modules.subtitle_generator: コメント背景: 1 件
2026-09-17 09:30:23,417 [WARNING] src.modules.subtitle_generator: コメントの Layer が逆転しているため本文を 6 へ引き上げます (背景=5 / 本文=1)
2026-09-17 09:30:23,417 [INFO] src.modules.subtitle_generator: コメント背景: 1 件
2026-09-17 09:30:23,448 [WARNING] src.modules.subtitle_generator: コメントの配置は左寄せ (1/4/7) のみ対応のため 4 を使用します: 2
2026-09-17 09:30:23,448 [INFO] src.modules.subtitle_generator: 縦動画のため字幕設定を縦用へ上書き (font/改行/配置/余白)
2026-09-17 09:30:23,459 [WARNING] src.export.fcpxml_builder: タイムライン終端を超える字幕をクリップ末尾へクランプしました (丸め誤差の端数など)。
2026-09-17 09:30:23,463 [INFO] src.modules.loudness_normalizer: 入力ラウドネス: I=-9.2 LUFS / TP=-0.3 dBTP / LRA=5.1 LU → 目標 I=-14.0 LUFS / TP=-1.0 dBTP (offset 0.4 dB)
2026-09-17 09:30:23,469 [ERROR] src.modules.loudness_normalizer: ラウドネス正規化の適用に失敗 (元音声のまま継続): in.mp4
Traceback (most recent call last):
  File "D:\develop\autoedit\src\modules\loudness_normalizer.py", line 219, in normalize_file
    ffmpeg_runner.execute(
  File "C:\Users\evolu\AppData\Local\Programs\Python\Python312\Lib\unittest\mock.py", line 1139, in __call__
    return self._mock_call(*args, **kwargs)
           ^^^^^^^^^^^^^^^^^^^^^^^^^^^^^^^^
  File "C:\Users\evolu\AppData\Local\Programs\Python\Python312\Lib\unittest\mock.py", line 1143, in _mock_call
    return self._execute_mock_call(*args, **kwargs)
           ^^^^^^^^^^^^^^^^^^^^^^^^^^^^^^^^^^^^^^^^
  File "C:\Users\evolu\AppData\Local\Programs\Python\Python312\Lib\unittest\mock.py", line 1198, in _execute_mock_call
    raise effect
src.exceptions.FFmpegError: 失敗
2026-09-17 09:30:23,479 [INFO] src.modules.loudness_normalizer: ラウドネス正規化は無効のためスキップ
2026-09-17 09:30:23,481 [WARNING] src.modules.loudness_normalizer: ラウドネス測定に失敗したため正規化をスキップ (元音声のまま継続): in.mp4
2026-09-17 09:30:23,481 [INFO] src.modules.loudness_normalizer: 音声ストリームが無いためラウドネス正規化をスキップ: in.mp4
2026-09-17 09:30:23,487 [INFO] src.modules.loudness_normalizer: ラウドネス正規化 完了: out.mp4
2026-09-17 09:30:23,487 [INFO] src.modules.loudness_normalizer: 入力ラウドネス: I=-9.2 LUFS / TP=-0.3 dBTP / LRA=5.1 LU → 目標 I=-14.0 LUFS / TP=-1.0 dBTP (offset 0.4 dB)
2026-09-17 09:30:23,492 [INFO] src.modules.loudness_normalizer: ラウドネス正規化 完了: out.mp4
2026-09-17 09:30:23,494 [INFO] src.timeline.media_recovery: 本編素材を元動画から作り直します: C:\Users\evolu\AppData\Local\Temp\media_recovery_test_froczwyp\sample.mp4
2026-09-17 09:30:23,494 [WARNING] src.timeline.media_recovery: 素材が見つかりません: m2 (C:\Users\evolu\AppData\Local\Temp\media_recovery_test_lrzpln2m\gone.png)
2026-09-17 09:30:23,497 [INFO] src.timeline.media_recovery: 素材を差し替え済みのフォルダで見つけました: m3 → C:\Users\evolu\AppData\Local\Temp\media_recovery_test_w0r5hur_\moved\logo2.png
2026-09-17 09:30:23,497 [INFO] src.timeline.media_recovery: 本編素材を元動画から作り直します: C:\Users\evolu\AppData\Local\Temp\media_recovery_test_iciyqapt\sample.mp4
2026-09-17 09:30:23,499 [WARNING] src.timeline.media_recovery: 元動画が見つからないため本編素材を復旧できません: C:\Users\evolu\AppData\Local\Temp\media_recovery_test_hsfe8wx3\no_such_input.mp4
2026-09-17 09:30:23,499 [WARNING] src.timeline.media_recovery: 素材が見つかりません: m1 (C:\Users\evolu\AppData\Local\Temp\media_recovery_test_hsfe8wx3\work\loudness_normalized.mp4)
2026-09-17 09:30:23,499 [INFO] src.timeline.media_recovery: 本編素材は元動画そのものだったため、そのまま使います: C:\Users\evolu\AppData\Local\Temp\media_recovery_test_h8whc3ea\sample.mp4
2026-09-17 09:30:23,501 [INFO] src.timeline.media_recovery: 素材を相対パスで見つけました: m2 → C:\Users\evolu\AppData\Local\Temp\media_recovery_test_f6fur8bb\assets\logo.png
2026-09-17 09:30:23,501 [INFO] src.timeline.media_recovery: 設定に従い元動画をそのまま使います (音量は正規化前): C:\Users\evolu\AppData\Local\Temp\media_recovery_test_j4tvkz6z\sample.mp4
2026-09-17 09:30:23,503 [INFO] src.services.points: ポイントを予約しました: clip/video 25pt (watermark=False)
2026-09-17 09:30:23,503 [WARNING] src.services.points: ポイント残高を取得できませんでした: 断
2026-09-17 09:30:23,503 [INFO] src.services.points: ポイントを予約しました: clip/video 25pt (watermark=False)
2026-09-17 09:30:23,503 [WARNING] src.services.points: ポイントのcommitを送信できませんでした (再送します): 接続できません
2026-09-17 09:30:23,509 [INFO] src.services.points: ポイントを予約しました: clip/video 25pt (watermark=False)
2026-09-17 09:30:23,513 [WARNING] src.services.points: ポイントのcommitを送信できませんでした (再送します): 断
2026-09-17 09:30:23,530 [INFO] src.services.points: 保留していたポイント処理を 2 件送信しました。
2026-09-17 09:30:23,530 [WARNING] src.services.points: ポイントを予約できませんでした: 再ログインが必要です。
2026-09-17 09:30:23,530 [INFO] src.services.points: ポイントを予約しました: clip/video 25pt (watermark=False)
2026-09-17 09:30:23,530 [WARNING] src.services.points: ポイントのcancelが拒否されました: 確定済み
2026-09-17 09:30:23,530 [INFO] src.services.points: 保留していたポイント処理を 1 件送信しました。
2026-09-17 09:30:23,530 [INFO] src.services.points: ポイントを予約しました: clip/video 25pt (watermark=False)
2026-09-17 09:30:23,541 [INFO] src.services.points: サブスク判定のキャッシュが古いため watermark を入れます。
2026-09-17 09:30:23,541 [WARNING] src.services.points: ポイントを予約できませんでした (オフライン): 接続できません
2026-09-17 09:30:23,557 [WARNING] src.services.points: ポイントを予約できませんでした (オフライン): 接続できません
2026-09-17 09:30:23,557 [WARNING] src.services.points: ポイントを予約できませんでした (オフライン): 接続できません
2026-09-17 09:30:23,557 [WARNING] src.services.points: ポイントを予約できませんでした: 想定外
2026-09-17 09:30:23,557 [INFO] src.services.points: ポイントを予約しました: clip/resolveProject 0pt (watermark=False)
2026-09-17 09:30:23,565 [INFO] src.services.points: ポイントを予約しました: clip/video 25pt (watermark=False)
2026-09-17 09:30:23,573 [INFO] src.services.points: ポイントを予約しました: archive/video 0pt (watermark=True)
2026-09-17 09:30:23,590 [WARNING] src.timeline.builder: フレーム間引きの設定が不正なため none を使用します: 'all'
2026-09-17 09:30:23,597 [INFO] src.timeline.project_io: プロジェクト保存: C:\Users\evolu\AppData\Local\Temp\library_summary_cum5nf7b\vod.archive.timeline.json
2026-09-17 09:30:23,619 [WARNING] src.timeline.project_io: プロジェクトの概要を読めませんでした: C:\Users\evolu\AppData\Local\Temp\library_summary_c4k34b5l\broken.timeline.json
2026-09-17 09:30:23,619 [INFO] src.timeline.project_io: プロジェクト保存: C:\Users\evolu\AppData\Local\Temp\library_summary_7pwshiwk\sample.timeline.json
2026-09-17 09:30:23,635 [INFO] src.timeline.project_io: プロジェクト保存: C:\Users\evolu\AppData\Local\Temp\library_summary_5qh_fj5h\sample.timeline.json
2026-09-17 09:30:23,650 [INFO] src.timeline.project_io: プロジェクト保存: C:\Users\evolu\AppData\Local\Temp\library_rename_r21l09zi\old.timeline.json
2026-09-17 09:30:23,650 [INFO] src.timeline.project_io: プロジェクト保存: C:\Users\evolu\AppData\Local\Temp\library_rename_d_x59vfn\old.timeline.json
2026-09-17 09:30:23,650 [INFO] src.timeline.project_io: プロジェクト保存: C:\Users\evolu\AppData\Local\Temp\library_rename_iz749j5u\old.timeline.json
2026-09-17 09:30:23,667 [INFO] src.timeline.project_io: プロジェクトを改名しました: old.timeline.json → new.timeline.json
2026-09-17 09:30:23,684 [INFO] src.timeline.project_io: プロジェクト保存: C:\Users\evolu\AppData\Local\Temp\library_rename_sn_upy2c\old.timeline.json
2026-09-17 09:30:23,687 [INFO] src.timeline.project_io: プロジェクトを改名しました: old.timeline.json → new.timeline.json
2026-09-17 09:30:23,699 [INFO] src.timeline.project_io: プロジェクト保存: C:\Users\evolu\AppData\Local\Temp\library_rename_l3gypqbr\old.timeline.json
2026-09-17 09:30:23,704 [INFO] src.timeline.project_io: プロジェクトが 5 件見つかりました (新しい 2 件を表示します)
2026-09-17 09:30:23,717 [WARNING] src.export.resolve_export: ソース総尺の取得に失敗 (タイムライン全長で代用): C:\Users\evolu\AppData\Local\Temp\resolve_export_test_i9wgq3zn\sample.mp4
2026-09-17 09:30:23,717 [WARNING] src.export.resolve_export: ソース総尺の取得に失敗 (タイムライン全長で代用): C:\Users\evolu\AppData\Local\Temp\resolve_export_test_u2l_18z1\sample.mp4
2026-09-17 09:30:23,734 [WARNING] src.export.resolve_export: ソース総尺の取得に失敗 (タイムライン全長で代用): C:\Users\evolu\AppData\Local\Temp\resolve_export_test_8ugg8tvh\sample.mp4
2026-09-17 09:30:23,740 [WARNING] src.export.resolve_export: ソース総尺の取得に失敗 (タイムライン全長で代用): C:\Users\evolu\AppData\Local\Temp\resolve_export_test_f1ko9sy6\sample.mp4
2026-09-17 09:30:23,740 [WARNING] src.export.resolve_export: テーマ演出はテキストと区間のみを出力します (ブラー・黒帯などの映像エフェクトは FCPXML で表現できません)。
2026-09-17 09:30:23,740 [WARNING] src.export.resolve_export: 字幕位置は配置(alignment)＋余白からの近似です。Resolve 取り込み時に位置が中央へ戻る場合があります (フォント/サイズ/色は保持)。
2026-09-17 09:30:23,750 [WARNING] src.export.resolve_export: ソース総尺の取得に失敗 (タイムライン全長で代用): C:\Users\evolu\AppData\Local\Temp\resolve_export_test_7_cso9gh\sample.mp4
2026-09-17 09:30:23,750 [WARNING] src.export.resolve_export: ソース総尺の取得に失敗 (タイムライン全長で代用): C:\Users\evolu\AppData\Local\Temp\resolve_export_test_d079ew89\sample.mp4
2026-09-17 09:30:23,765 [WARNING] src.export.resolve_export: ソース総尺の取得に失敗 (タイムライン全長で代用): C:\Users\evolu\AppData\Local\Temp\resolve_export_test_ld46kctr\sample.mp4
2026-09-17 09:30:23,770 [WARNING] src.export.resolve_export: ソース総尺の取得に失敗 (タイムライン全長で代用): C:\Users\evolu\AppData\Local\Temp\resolve_export_test_ld46kctr\sample.mp4
2026-09-17 09:30:23,778 [WARNING] src.export.resolve_export: ソース総尺の取得に失敗 (タイムライン全長で代用): C:\Users\evolu\AppData\Local\Temp\resolve_export_test_4u_2829w\sample.mp4
2026-09-17 09:30:23,778 [WARNING] src.export.resolve_export: 未対応の字幕出力方式 export.resolve.subtitle.mode=bogus のため caption で出力します
2026-09-17 09:30:23,787 [WARNING] src.export.resolve_export: ソース総尺の取得に失敗 (タイムライン全長で代用): C:\Users\evolu\AppData\Local\Temp\resolve_export_test_wj8i64so\sample.mp4
2026-09-17 09:30:23,791 [WARNING] src.export.resolve_export: ソース総尺の取得に失敗 (タイムライン全長で代用): C:\Users\evolu\AppData\Local\Temp\resolve_export_test_4enzt69y\sample.mp4
2026-09-17 09:30:23,800 [WARNING] src.export.resolve_export: ソース総尺の取得に失敗 (タイムライン全長で代用): C:\Users\evolu\AppData\Local\Temp\resolve_export_test_9acsgcq9\sample.mp4
2026-09-17 09:30:23,811 [WARNING] src.export.resolve_export: ソース総尺の取得に失敗 (タイムライン全長で代用): C:\Users\evolu\AppData\Local\Temp\resolve_export_test__mb9y7jk\sample.mp4
2026-09-17 09:30:23,818 [WARNING] src.export.resolve_export: ソース総尺の取得に失敗 (タイムライン全長で代用): C:\Users\evolu\AppData\Local\Temp\resolve_export_test_sq2wdv3c\sample.mp4
2026-09-17 09:30:23,822 [WARNING] src.export.resolve_export: ソース総尺の取得に失敗 (タイムライン全長で代用): C:\Users\evolu\AppData\Local\Temp\resolve_export_test_az65tbsl\sample.mp4
2026-09-17 09:30:23,835 [WARNING] src.export.resolve_export: ソース総尺の取得に失敗 (タイムライン全長で代用): C:\Users\evolu\AppData\Local\Temp\resolve_export_test_0x_9qvkl\sample.mp4
2026-09-17 09:30:23,842 [WARNING] src.export.resolve_export: ソース総尺の取得に失敗 (タイムライン全長で代用): C:\Users\evolu\AppData\Local\Temp\resolve_export_test_dp60zy1p\sample.mp4
2026-09-17 09:30:23,850 [WARNING] src.export.resolve_export: ソース総尺の取得に失敗 (タイムライン全長で代用): C:\Users\evolu\AppData\Local\Temp\resolve_export_test_xr5zmf2n\sample.mp4
2026-09-17 09:30:23,850 [INFO] src.export.resolve_export: 編集点が無いため全長 1 クリップとして出力します
2026-09-17 09:30:23,858 [WARNING] src.export.resolve_export: ソース総尺の取得に失敗 (タイムライン全長で代用): C:\Users\evolu\AppData\Local\Temp\resolve_export_test_67e70op_\sample.mp4
2026-09-17 09:30:23,858 [INFO] src.export.resolve_export: Resolve 出力開始: C:\Users\evolu\AppData\Local\Temp\resolve_export_test_67e70op_\out2.fcpxml (クリップ 1 件 / 字幕 caption 1 件 / title・テーマ 0 件 / 1920x1080 60fps)
2026-09-17 09:30:23,858 [INFO] src.export.resolve_export: 字幕トラックのスタイルは Resolve の字幕トラックヘッダー選択 → インスペクタ → Track Style で一括設定できます (Resolve 19 以降は Text+ スタイルも指定可)。
2026-09-17 09:30:23,858 [INFO] src.export.resolve_export: Resolve 出力完了: C:\Users\evolu\AppData\Local\Temp\resolve_export_test_67e70op_\out2.fcpxml (タイムライン尺 5.00s)
2026-09-17 09:30:23,867 [WARNING] src.export.resolve_export: ソース総尺の取得に失敗 (タイムライン全長で代用): C:\Users\evolu\AppData\Local\Temp\resolve_export_test_v64dgiq2\sample.mp4
2026-09-17 09:30:23,867 [INFO] src.export.resolve_export: Resolve 出力開始: C:\Users\evolu\AppData\Local\Temp\resolve_export_test_v64dgiq2\out3.fcpxml (クリップ 1 件 / 字幕 caption 0 件 / title・テーマ 0 件 / 1920x1080 60fps)
2026-09-17 09:30:23,867 [INFO] src.export.resolve_export: Resolve 出力完了: C:\Users\evolu\AppData\Local\Temp\resolve_export_test_v64dgiq2\out3.fcpxml (タイムライン尺 5.00s)
2026-09-17 09:30:23,875 [WARNING] src.export.resolve_export: ソース総尺の取得に失敗 (タイムライン全長で代用): C:\Users\evolu\AppData\Local\Temp\resolve_export_test_f5_lcxz4\sample.mp4
2026-09-17 09:30:23,875 [INFO] src.export.resolve_export: Resolve 出力開始: C:\Users\evolu\AppData\Local\Temp\resolve_export_test_f5_lcxz4\out.fcpxml (クリップ 1 件 / 字幕 caption 1 件 / title・テーマ 0 件 / 1920x1080 60fps)
2026-09-17 09:30:23,877 [INFO] src.export.resolve_export: SRT サイドカー出力: C:\Users\evolu\AppData\Local\Temp\resolve_export_test_f5_lcxz4\out.srt (1 件)
2026-09-17 09:30:23,877 [INFO] src.export.resolve_export: Resolve 出力完了: C:\Users\evolu\AppData\Local\Temp\resolve_export_test_f5_lcxz4\out.fcpxml / C:\Users\evolu\AppData\Local\Temp\resolve_export_test_f5_lcxz4\out.srt (タイムライン尺 5.00s)
2026-09-17 09:30:23,886 [INFO] src.export.resolve_export: Resolve 出力を中止 (上書きしない): C:\Users\evolu\AppData\Local\Temp\resolve_export_test_f5_lcxz4\out.fcpxml
2026-09-17 09:30:24,120 [INFO] src.modules.subtitle_generator: 縦動画のため字幕設定を縦用へ上書き (font/改行/配置/余白)
2026-09-17 09:30:24,124 [WARNING] src.services.stretheus_auth: API の日時を解釈できませんでした。
2026-09-17 09:30:24,126 [INFO] src.services.stretheus_auth: Stretheus のログインページを開きます (ポート61454)
2026-09-17 09:30:24,153 [INFO] src.services.stretheus_auth: Stretheus へログインしました。
2026-09-17 09:30:25,232 [INFO] src.services.stretheus_auth: Stretheus のログインページを開きます (ポート61462)
2026-09-17 09:30:25,259 [INFO] src.services.stretheus_auth: Stretheus へログインしました。
2026-09-17 09:30:26,308 [INFO] src.services.stretheus_auth: Stretheus のログインページを開きます (ポート61470)
2026-09-17 09:30:26,325 [INFO] src.services.stretheus_auth: Stretheus へログインしました。
2026-09-17 09:30:26,856 [INFO] src.services.stretheus_auth: Stretheus のログインページを開きます (ポート61475)
2026-09-17 09:30:26,886 [INFO] src.services.stretheus_auth: Stretheus へログインしました。
2026-09-17 09:30:27,408 [INFO] src.services.stretheus_auth: Stretheus のログインページを開きます (ポート61481)
2026-09-17 09:30:27,442 [INFO] src.services.stretheus_auth: Stretheus へログインしました。
2026-09-17 09:30:27,969 [INFO] src.services.stretheus_auth: Stretheus のログインページを開きます (ポート61487)
2026-09-17 09:30:27,992 [INFO] src.services.stretheus_auth: Stretheus へログインしました。
2026-09-17 09:30:28,498 [INFO] src.modules.subtitle_generator: テロップ個別指定 フォント 0 件 / サイズ 0 件 / 文字色 1 件 / 縁の色 0 件
2026-09-17 09:30:28,519 [INFO] src.modules.subtitle_generator: テロップ個別指定 フォント 0 件 / サイズ 0 件 / 文字色 1 件 / 縁の色 0 件
2026-09-17 09:30:28,559 [INFO] src.modules.subtitle_generator: テロップ個別指定 フォント 0 件 / サイズ 0 件 / 文字色 0 件 / 縁の色 1 件
2026-09-17 09:30:28,559 [INFO] src.modules.subtitle_generator: テロップ個別指定 フォント 0 件 / サイズ 0 件 / 文字色 0 件 / 縁の色 1 件
2026-09-17 09:30:28,575 [INFO] src.modules.subtitle_generator: テロップ個別指定 フォント 1 件 / サイズ 1 件 / 文字色 1 件 / 縁の色 1 件
2026-09-17 09:30:28,591 [INFO] src.timeline.commands: コメント用の字幕トラックを作成しました: S2
2026-09-17 09:30:28,591 [INFO] src.timeline.commands: 移動先 S2 が空いていないため役割だけ変更しました: s1
2026-09-17 09:30:28,591 [INFO] src.timeline.commands: コメント用の字幕トラックを作成しました: S2
2026-09-17 09:30:28,596 [INFO] src.timeline.commands: コメント用の字幕トラックを作成しました: S2
2026-09-17 09:30:28,596 [INFO] src.timeline.commands: コメント用の字幕トラックを作成しました: S2
2026-09-17 09:30:28,596 [INFO] src.timeline.project_io: プロジェクト保存: C:\Users\evolu\AppData\Local\Temp\tmp07lfoltf\sample.timeline.json
2026-09-17 09:30:28,607 [INFO] src.modules.subtitle_generator: VAD フィルタ有効 (min_silence=500ms, speech_pad=100ms, condition_on_previous_text=False)
2026-09-17 09:30:28,607 [WARNING] src.modules.subtitle_generator: VAD 付き認識に失敗したため VAD 無しで再試行します: VAD の初期化に失敗しました (テスト)
2026-09-17 09:30:28,607 [INFO] src.modules.subtitle_generator: VAD フィルタ有効 (min_silence=800ms, speech_pad=100ms, condition_on_previous_text=False)
2026-09-17 09:30:28,607 [INFO] src.modules.subtitle_generator: VAD フィルタ有効 (min_silence=500ms, speech_pad=100ms, condition_on_previous_text=False)
2026-09-17 09:30:28,623 [INFO] src.timeline.commands: 貼り付けの割り込み: V1 の 5.000s へ 10.00s を確保 / 移動 2 件・分割 1 件・切詰 0 件
2026-09-17 09:30:28,623 [INFO] src.timeline.commands: 貼り付けの割り込み: V2 の 5.000s へ 10.00s を確保 / 移動 2 件・分割 0 件・切詰 0 件
2026-09-17 09:30:28,623 [INFO] src.timeline.commands: 貼り付けの割り込み: S1 の 5.000s へ 10.00s を確保 / 移動 1 件・分割 0 件・切詰 0 件
2026-09-17 09:30:28,623 [INFO] src.timeline.commands: 貼り付けの割り込み: V1 の 5.000s へ 10.00s を確保 / 移動 2 件・分割 1 件・切詰 0 件
2026-09-17 09:30:28,623 [INFO] src.timeline.commands: 貼り付けの割り込み: V2 の 5.000s へ 10.00s を確保 / 移動 2 件・分割 0 件・切詰 0 件
2026-09-17 09:30:28,623 [INFO] src.timeline.commands: 貼り付けの割り込み: S1 の 5.000s へ 10.00s を確保 / 移動 1 件・分割 0 件・切詰 0 件
2026-09-17 09:30:28,623 [INFO] src.timeline.commands: 貼り付けの割り込み: V1 の 5.000s へ 10.00s を確保 / 移動 2 件・分割 1 件・切詰 0 件
2026-09-17 09:30:28,623 [INFO] src.timeline.commands: 貼り付けの割り込み: V2 の 5.000s へ 10.00s を確保 / 移動 2 件・分割 0 件・切詰 0 件
2026-09-17 09:30:28,623 [INFO] src.timeline.commands: 貼り付けの割り込み: S1 の 5.000s へ 10.00s を確保 / 移動 1 件・分割 0 件・切詰 0 件
2026-09-17 09:30:28,623 [INFO] src.timeline.commands: 貼り付けの割り込み: V1 の 5.000s へ 15.00s を確保 / 移動 3 件・分割 0 件・切詰 0 件
2026-09-17 09:30:28,623 [INFO] src.timeline.commands: 貼り付けの割り込み: V2 の 5.000s へ 15.00s を確保 / 移動 2 件・分割 0 件・切詰 0 件
2026-09-17 09:30:28,623 [INFO] src.timeline.commands: 貼り付けの割り込み: S1 の 5.000s へ 15.00s を確保 / 移動 1 件・分割 0 件・切詰 0 件
2026-09-17 09:30:28,623 [INFO] src.timeline.commands: 貼り付けの割り込み: V1 の 10.020s へ 10.02s を確保 / 移動 2 件・分割 0 件・切詰 0 件
2026-09-17 09:30:28,623 [INFO] src.timeline.commands: 貼り付けの割り込み: V2 の 10.020s へ 10.02s を確保 / 移動 1 件・分割 0 件・切詰 0 件
2026-09-17 09:30:28,623 [INFO] src.timeline.commands: 貼り付けの割り込み: S1 の 10.020s へ 10.02s を確保 / 移動 1 件・分割 0 件・切詰 0 件
2026-09-17 09:30:28,623 [INFO] src.timeline.commands: 貼り付けの割り込み: V1 の 19.980s へ 9.98s を確保 / 移動 1 件・分割 0 件・切詰 1 件
2026-09-17 09:30:28,623 [INFO] src.timeline.commands: 貼り付けの割り込み: V2 の 19.980s へ 9.98s を確保 / 移動 1 件・分割 0 件・切詰 0 件
2026-09-17 09:30:28,623 [INFO] src.timeline.commands: 貼り付けの割り込み: S1 の 19.980s へ 9.98s を確保 / 移動 0 件・分割 0 件・切詰 0 件
2026-09-17 09:30:28,625 [WARNING] src.timeline.commands: 素材が見つからないため貼り付けません: D:\develop\autoedit\tests\存在しない素材.mp4
2026-09-17 09:30:28,625 [INFO] src.timeline.commands: 貼り付けの割り込み: V1 の 5.000s へ 10.00s を確保 / 移動 2 件・分割 1 件・切詰 0 件
2026-09-17 09:30:28,625 [INFO] src.timeline.commands: 貼り付けの割り込み: V2 の 5.000s へ 10.00s を確保 / 移動 2 件・分割 0 件・切詰 0 件
2026-09-17 09:30:28,625 [INFO] src.timeline.commands: 貼り付けの割り込み: S1 の 5.000s へ 10.00s を確保 / 移動 1 件・分割 0 件・切詰 0 件
2026-09-17 09:30:28,625 [INFO] src.timeline.commands: 貼り付けの割り込み: V1 の 5.000s へ 10.00s を確保 / 移動 2 件・分割 1 件・切詰 0 件
2026-09-17 09:30:28,625 [INFO] src.timeline.commands: 貼り付けの割り込み: V2 の 5.000s へ 10.00s を確保 / 移動 2 件・分割 0 件・切詰 0 件
2026-09-17 09:30:28,625 [INFO] src.timeline.commands: 貼り付けの割り込み: S1 の 5.000s へ 10.00s を確保 / 移動 1 件・分割 0 件・切詰 0 件
2026-09-17 09:30:28,626 [INFO] src.timeline.commands: 貼り付けの割り込み: V1 の 5.000s へ 10.00s を確保 / 移動 2 件・分割 1 件・切詰 0 件
2026-09-17 09:30:28,626 [INFO] src.timeline.commands: 貼り付けの割り込み: V2 の 5.000s へ 10.00s を確保 / 移動 2 件・分割 0 件・切詰 0 件
2026-09-17 09:30:28,626 [INFO] src.timeline.commands: 貼り付けの割り込み: S1 の 5.000s へ 10.00s を確保 / 移動 1 件・分割 0 件・切詰 0 件
2026-09-17 09:30:28,626 [INFO] src.timeline.commands: 貼り付けの割り込み: V1 の 5.000s へ 10.00s を確保 / 移動 2 件・分割 1 件・切詰 0 件
2026-09-17 09:30:28,626 [INFO] src.timeline.commands: 貼り付けの割り込み: V2 の 5.000s へ 10.00s を確保 / 移動 2 件・分割 0 件・切詰 0 件
2026-09-17 09:30:28,626 [INFO] src.timeline.commands: 貼り付けの割り込み: S1 の 5.000s へ 10.00s を確保 / 移動 1 件・分割 0 件・切詰 0 件
2026-09-17 09:30:28,626 [INFO] src.timeline.commands: 貼り付けの割り込み: V1 の 5.000s へ 10.00s を確保 / 移動 2 件・分割 1 件・切詰 0 件
2026-09-17 09:30:28,626 [INFO] src.timeline.commands: 貼り付けの割り込み: V2 の 5.000s へ 10.00s を確保 / 移動 2 件・分割 0 件・切詰 0 件
2026-09-17 09:30:28,626 [INFO] src.timeline.commands: 貼り付けの割り込み: S1 の 5.000s へ 10.00s を確保 / 移動 1 件・分割 0 件・切詰 0 件
2026-09-17 09:30:28,626 [INFO] src.timeline.commands: 貼り付けの割り込み: V2 の 4.000s へ 2.00s を確保 / 移動 2 件・分割 0 件・切詰 0 件
2026-09-17 09:30:28,626 [INFO] src.timeline.commands: 貼り付けの割り込み: V2 の 4.000s へ 2.00s を確保 / 移動 2 件・分割 0 件・切詰 0 件
2026-09-17 09:30:28,626 [INFO] src.timeline.commands: 貼り付けの割り込み: V2 の 4.000s へ 2.00s を確保 / 移動 2 件・分割 0 件・切詰 0 件
2026-09-17 09:30:28,627 [INFO] src.timeline.clipboard: Timeline のノードをコピーしました: 1 件
2026-09-17 09:30:28,627 [INFO] src.timeline.clipboard: Timeline のノードをコピーしました: 1 件
2026-09-17 09:30:28,627 [INFO] src.timeline.commands: 貼り付けの割り込み: V1 の 4.000s へ 2.00s を確保 / 移動 2 件・分割 1 件・切詰 0 件
2026-09-17 09:30:28,627 [INFO] src.timeline.commands: 貼り付けの割り込み: V2 の 4.000s へ 2.00s を確保 / 移動 2 件・分割 0 件・切詰 0 件
2026-09-17 09:30:28,627 [INFO] src.timeline.commands: 貼り付けの割り込み: S1 の 4.000s へ 2.00s を確保 / 移動 1 件・分割 0 件・切詰 0 件
2026-09-17 09:30:28,627 [INFO] src.timeline.commands: 貼り付けの割り込み: V2 の 4.000s へ 2.00s を確保 / 移動 2 件・分割 0 件・切詰 0 件
2026-09-17 09:30:28,628 [INFO] src.timeline.commands: 貼り付けの割り込み: V1 の 5.000s へ 10.00s を確保 / 移動 2 件・分割 1 件・切詰 0 件
2026-09-17 09:30:28,628 [INFO] src.timeline.commands: 貼り付けの割り込み: V2 の 5.000s へ 10.00s を確保 / 移動 2 件・分割 0 件・切詰 0 件
2026-09-17 09:30:28,628 [INFO] src.timeline.commands: 貼り付けの割り込み: V1 の 5.000s へ 10.00s を確保 / 移動 2 件・分割 1 件・切詰 0 件
2026-09-17 09:30:28,628 [WARNING] src.timeline.builder: 貼り付けの設定が不正なため既定 base_syncs_all を使用します: 'なにか'
2026-09-17 09:30:28,628 [WARNING] src.timeline.builder: 貼り付けの設定が不正なため既定 split を使用します: 123
2026-09-17 09:30:28,628 [INFO] src.timeline.commands: 貼り付けの割り込み: V1 の 5.000s へ 10.00s を確保 / 移動 2 件・分割 1 件・切詰 0 件
2026-09-17 09:30:28,628 [INFO] src.timeline.commands: 貼り付けの割り込み: V2 の 5.000s へ 10.00s を確保 / 移動 2 件・分割 0 件・切詰 0 件
2026-09-17 09:30:28,628 [INFO] src.timeline.commands: 貼り付けの割り込み: S1 の 5.000s へ 10.00s を確保 / 移動 1 件・分割 0 件・切詰 0 件
2026-09-17 09:30:28,629 [WARNING] src.timeline.commands: 映像トラックの上限 (3) に達しているため追加できません
2026-09-17 09:30:28,630 [INFO] src.timeline.commands: 字幕を追加できる空きがありません (2.000 秒)
2026-09-17 09:30:28,630 [INFO] src.timeline.commands: 字幕を追加できる空きがありません (0.990 秒)
2026-09-17 09:30:28,630 [INFO] src.timeline.commands: リップル: 10.000〜20.000s (10.00s) を除去 / 削除 1 件・短縮 0 件・移動 1 件
2026-09-17 09:30:28,630 [INFO] src.timeline.commands: リップル: 10.000〜20.000s (10.00s) を除去 / 削除 1 件・短縮 0 件・移動 1 件
2026-09-17 09:30:28,630 [INFO] src.timeline.commands: リップル: 10.000〜20.000s (10.00s) を除去 / 削除 1 件・短縮 0 件・移動 1 件
2026-09-17 09:30:28,630 [INFO] src.timeline.commands: リップル: 0.000〜10.000s (10.00s) を除去 / 削除 2 件・短縮 0 件・移動 1 件
2026-09-17 09:30:28,631 [INFO] src.timeline.commands: リップル: 10.000〜20.000s (10.00s) を除去 / 削除 1 件・短縮 0 件・移動 1 件
2026-09-17 09:30:28,632 [INFO] src.timeline.commands: リップル: 10.000〜20.000s (10.00s) を除去 / 削除 2 件・短縮 1 件・移動 2 件
2026-09-17 09:30:28,632 [INFO] src.timeline.commands: リップル: 10.000〜20.000s (10.00s) を除去 / 削除 2 件・短縮 1 件・移動 2 件
2026-09-17 09:30:28,632 [INFO] src.timeline.commands: リップル: 10.000〜20.000s (10.00s) を除去 / 削除 2 件・短縮 1 件・移動 2 件
2026-09-17 09:30:28,632 [INFO] src.timeline.commands: リップル: 10.000〜20.000s (10.00s) を除去 / 削除 2 件・短縮 1 件・移動 2 件
2026-09-17 09:30:28,632 [INFO] src.timeline.commands: リップル: 10.000〜20.000s (10.00s) を除去 / 削除 2 件・短縮 1 件・移動 2 件
2026-09-17 09:30:28,632 [INFO] src.timeline.commands: リップル: 10.000〜20.000s (10.00s) を除去 / 削除 2 件・短縮 1 件・移動 2 件
2026-09-17 09:30:28,632 [INFO] src.timeline.commands: リップル: 10.000〜20.000s (10.00s) を除去 / 削除 2 件・短縮 0 件・移動 3 件
2026-09-17 09:30:28,633 [INFO] src.timeline.commands: リップル: 10.000〜20.000s (10.00s) を除去 / 削除 1 件・短縮 0 件・移動 1 件
2026-09-17 09:30:28,633 [INFO] src.timeline.commands: リップル: 10.000〜20.000s (10.00s) を除去 / 削除 2 件・短縮 1 件・移動 2 件
2026-09-17 09:30:28,633 [INFO] src.timeline.commands: 残り尺が下限を割るためクリップごとリップル削除しました: c2
2026-09-17 09:30:28,633 [INFO] src.timeline.commands: リップル: 10.000〜20.000s (10.00s) を除去 / 削除 1 件・短縮 0 件・移動 2 件
2026-09-17 09:30:28,633 [INFO] src.timeline.commands: リップル: 15.000〜20.000s (5.00s) を除去 / 削除 0 件・短縮 1 件・移動 2 件
2026-09-17 09:30:28,633 [INFO] src.timeline.commands: リップル: 10.000〜15.000s (5.00s) を除去 / 削除 0 件・短縮 1 件・移動 2 件
2026-09-17 09:30:28,633 [INFO] src.timeline.commands: リップル: 15.000〜20.000s (5.00s) を除去 / 削除 0 件・短縮 1 件・移動 2 件
2026-09-17 09:30:28,633 [INFO] src.timeline.commands: リップル: 15.000〜20.000s (5.00s) を除去 / 削除 0 件・短縮 1 件・移動 2 件
2026-09-17 09:30:28,633 [INFO] src.timeline.commands: リップル: 26.000〜27.000s (1.00s) を除去 / 削除 0 件・短縮 2 件・移動 0 件
2026-09-17 09:30:28,634 [INFO] src.timeline.commands: リップル: 10.000〜20.000s (10.00s) を除去 / 削除 1 件・短縮 0 件・移動 1 件
2026-09-17 09:30:28,634 [INFO] src.timeline.commands: リップル: 10.000〜20.000s (10.00s) を除去 / 削除 1 件・短縮 0 件・移動 1 件
2026-09-17 09:30:28,634 [INFO] src.timeline.commands: リップル: 10.000〜20.000s (10.00s) を除去 / 削除 1 件・短縮 0 件・移動 1 件
2026-09-17 09:30:28,635 [INFO] src.timeline.project_io: プロジェクト保存: C:\Users\evolu\AppData\Local\Temp\timeline_io_test_e37igeyo\sample.timeline.json
2026-09-17 09:30:28,642 [INFO] src.timeline.project_io: プロジェクト読込: C:\Users\evolu\AppData\Local\Temp\timeline_io_test_e37igeyo\sample.timeline.json
2026-09-17 09:30:28,642 [INFO] src.timeline.project_io: プロジェクト保存: C:\Users\evolu\AppData\Local\Temp\timeline_io_test_e37igeyo\sample.timeline.json
2026-09-17 09:30:28,642 [INFO] src.timeline.project_io: プロジェクト読込: C:\Users\evolu\AppData\Local\Temp\timeline_io_test_e37igeyo\sample.timeline.json
2026-09-17 09:30:28,651 [INFO] src.timeline.project_io: プロジェクト保存: C:\Users\evolu\AppData\Local\Temp\timeline_io_test_wdvxu2uo\sample.timeline.json
2026-09-17 09:30:28,656 [INFO] src.timeline.project_io: プロジェクト読込: C:\Users\evolu\AppData\Local\Temp\timeline_io_test_wdvxu2uo\sample.timeline.json
2026-09-17 09:30:28,668 [INFO] src.timeline.project_io: プロジェクト保存: C:\Users\evolu\AppData\Local\Temp\timeline_io_test__kdleeln\sample.timeline.json
2026-09-17 09:30:28,682 [WARNING] src.timeline.project_io: メディアの実体が見つかりません (1 件)。該当クリップを無効化します: m1
2026-09-17 09:30:28,684 [INFO] src.timeline.project_io: プロジェクト保存: C:\Users\evolu\AppData\Local\Temp\timeline_io_test_3538346a\sample.timeline.json
2026-09-17 09:30:28,700 [INFO] src.timeline.project_io: プロジェクト保存: C:\Users\evolu\AppData\Local\Temp\timeline_io_test_kgl0ovhr\sample.timeline.json
2026-09-17 09:30:28,702 [WARNING] src.timeline.project_io: 編集点の区間が不正なため無視します: 20.000→15.000
2026-09-17 09:30:28,705 [WARNING] src.timeline.project_io: メディアの実体が見つかりません (1 件)。該当クリップを無効化します: m1
2026-09-17 09:30:28,705 [WARNING] src.timeline.project_io: 音声クリップ a1 のリンク先 no_such_clip が存在しないため除外します (該当区間は無音になります)
2026-09-17 09:30:28,706 [WARNING] src.timeline.project_io: トラック V1 でクリップ c2 が重複しているため 12.480 へ移動します
2026-09-17 09:30:28,723 [WARNING] src.timeline.project_io: クリップ c2 の尺 (0.001s) が下限 (0.050s) 未満のため除外します
2026-09-17 09:30:28,723 [WARNING] src.timeline.project_io: 音声クリップ a2 のリンク先 c2 が存在しないため除外します (該当区間は無音になります)
2026-09-17 09:30:28,787 [INFO] src.utils.trash: ゴミ箱へ移動しました (2 件)
2026-09-17 09:30:28,791 [WARNING] src.timeline.builder: 寸法の設定が不正なため既定 8000 を使用します: 0
2026-09-17 09:30:42,104 [WARNING] src.blur.config: 未知の blur.default_policy のため既定を使用します: なにか変な値
2026-09-17 09:30:42,104 [WARNING] src.blur.config: 未知の blur.render.mode のため既定を使用します: unknown
2026-09-17 09:30:42,107 [INFO] src.blur.tracker: 人物クラスタリング: tracklet 2 本 → 人物 2 人 (主役 p1)
2026-09-17 09:30:42,108 [INFO] src.blur.tracker: 人物クラスタリング: tracklet 2 本 → 人物 1 人 (主役 p1)
2026-09-17 09:30:42,108 [INFO] src.blur.tracker: 人物クラスタリング: tracklet 2 本 → 人物 2 人 (主役 p1)
2026-09-17 09:30:42,114 [WARNING] src.modules.blur_overlay: ぼかしマスクが見つからないため、ぼかしを省略します: 
2026-09-17 09:30:42,121 [INFO] src.blur.mask_builder: ぼかしマスク: 1200 フレーム / 480x270 / 対象 1 件
2026-09-17 09:30:42,740 [INFO] src.blur.mask_builder: ぼかしマスクを書き出しました: mask.mkv (0.4 MB)
2026-09-17 09:30:42,742 [INFO] src.blur.mask_builder: ぼかしマスク: 1200 フレーム / 480x270 / 対象 1 件
2026-09-17 09:30:43,322 [INFO] src.blur.mask_builder: ぼかしマスクを書き出しました: mask.mkv (0.4 MB)
2026-09-17 09:30:43,421 [INFO] src.blur.mask_builder: ぼかす対象が無いためマスクを作りません
2026-09-17 09:30:43,432 [INFO] src.blur.mask_builder: ぼかしマスク: 1200 フレーム / 270x480 / 対象 1 件
2026-09-17 09:30:44,024 [INFO] src.blur.mask_builder: ぼかしマスクを書き出しました: mask.mkv (0.4 MB)
2026-09-17 09:30:44,042 [INFO] src.timeline.renderer: ベース映像構築: 1 クリップ / ギャップ 0 件 / 合計 5.0s
2026-09-17 09:30:44,050 [INFO] src.timeline.renderer: ベース映像の尺: モデル 5.000s / 実測 5.000s (差 +0.000s / 1 部品)
2026-09-17 09:30:44,050 [INFO] src.timeline.renderer: 字幕焼き込み: 1 件
2026-09-17 09:30:44,053 [INFO] src.timeline.renderer: ベース映像構築: 1 クリップ / ギャップ 0 件 / 合計 5.0s
2026-09-17 09:30:44,058 [INFO] src.timeline.renderer: ベース映像の尺: モデル 5.000s / 実測 5.000s (差 +0.000s / 1 部品)
2026-09-17 09:30:44,059 [INFO] src.timeline.renderer: 字幕焼き込み: 1 件
2026-09-17 09:30:44,063 [INFO] src.timeline.renderer: ベース映像構築: 1 クリップ / ギャップ 0 件 / 合計 5.0s
2026-09-17 09:30:44,065 [INFO] src.timeline.renderer: ベース映像の尺: モデル 5.000s / 実測 5.000s (差 +0.000s / 1 部品)
2026-09-17 09:30:44,065 [INFO] src.timeline.renderer: オーバーレイ・字幕が無いため合成をスキップします
2026-09-17 09:30:44,068 [INFO] src.modules.blur_overlay: ぼかしを焼き込みます: blur_applied.mp4
2026-09-17 09:30:44,069 [INFO] src.timeline.renderer: ベース映像構築: 1 クリップ / ギャップ 0 件 / 合計 5.0s
2026-09-17 09:30:44,071 [INFO] src.timeline.renderer: ベース映像の尺: モデル 5.000s / 実測 5.000s (差 +0.000s / 1 部品)
2026-09-17 09:30:44,071 [INFO] src.timeline.renderer: オーバーレイ・字幕が無いため合成をスキップします
2026-09-17 09:30:44,074 [INFO] src.modules.blur_overlay: ぼかしを焼き込みます: blur_applied.mp4
2026-09-17 09:30:44,076 [INFO] src.timeline.renderer: ベース映像構築: 1 クリップ / ギャップ 0 件 / 合計 5.0s
2026-09-17 09:30:44,078 [INFO] src.timeline.renderer: ベース映像の尺: モデル 5.000s / 実測 5.000s (差 +0.000s / 1 部品)
2026-09-17 09:30:44,080 [INFO] src.timeline.renderer: 字幕焼き込み: 1 件
2026-09-17 09:30:44,083 [INFO] src.timeline.renderer: ベース映像構築: 1 クリップ / ギャップ 0 件 / 合計 5.0s
2026-09-17 09:30:44,085 [INFO] src.timeline.renderer: ベース映像の尺: モデル 5.000s / 実測 5.000s (差 +0.000s / 1 部品)
2026-09-17 09:30:44,085 [ERROR] src.blur.mask_builder: ぼかしの解析結果が見つからないためマスクを作れません: C:\Users\evolu\AppData\Local\Temp\tmpqigilylg\timeline.blur.json
2026-09-17 09:30:44,087 [INFO] src.timeline.renderer: ベース映像構築: 1 クリップ / ギャップ 0 件 / 合計 5.0s
2026-09-17 09:30:44,087 [INFO] src.timeline.renderer: ベース映像の尺: モデル 5.000s / 実測 5.000s (差 +0.000s / 1 部品)
2026-09-17 09:30:44,087 [ERROR] src.blur.mask_builder: ぼかしの解析結果が見つからないためマスクを作れません: C:\Users\evolu\AppData\Local\Temp\tmprh7u8a_4\timeline.blur.json
2026-09-17 09:30:44,087 [INFO] src.timeline.renderer: ベース映像構築: 1 クリップ / ギャップ 0 件 / 合計 5.0s
2026-09-17 09:30:44,087 [INFO] src.timeline.renderer: ベース映像の尺: モデル 5.000s / 実測 5.000s (差 +0.000s / 1 部品)
2026-09-17 09:30:44,087 [ERROR] src.blur.mask_builder: ぼかしの解析結果が見つからないためマスクを作れません: C:\Users\evolu\AppData\Local\Temp\tmpvsp0l2fc\timeline.blur.json
2026-09-17 09:30:44,087 [WARNING] src.timeline.renderer: 利用者の指示により、ぼかしを入れずに出力します
2026-09-17 09:30:44,087 [INFO] src.timeline.renderer: オーバーレイ・字幕が無いため合成をスキップします
2026-09-17 09:30:44,087 [INFO] src.timeline.renderer: 中間形式を最終形式へ変換: .mov → mp4 (音声のみ再エンコード)
2026-09-17 09:30:44,097 [INFO] src.timeline.renderer: ベース映像構築: 1 クリップ / ギャップ 0 件 / 合計 5.0s
2026-09-17 09:30:44,097 [INFO] src.timeline.renderer: ベース映像の尺: モデル 5.000s / 実測 5.000s (差 +0.000s / 1 部品)
2026-09-17 09:30:44,097 [INFO] src.timeline.renderer: オーバーレイ・字幕が無いため合成をスキップします
2026-09-17 09:30:44,103 [INFO] src.timeline.renderer: 中間形式を最終形式へ変換: .mov → mp4 (音声のみ再エンコード)
2026-09-17 09:31:30,171 [INFO] src.pipeline.pipeline_runner: ==================================================
2026-09-17 09:31:30,171 [INFO] src.pipeline.pipeline_runner: パイプライン開始: C:\Users\evolu\AppData\Local\Temp\claude\D--develop-autoedit\358d0b78-016f-41ac-8f05-b380f8f79da8\scratchpad\input\kaidemiru.mp4
2026-09-17 09:31:30,603 [INFO] src.modules.output_profile: 縦動画と判定 (入力=1080x1920 → 出力=1080x1920)
2026-09-17 09:31:31,586 [INFO] src.modules.loudness_normalizer: 入力ラウドネス: I=-12.7 LUFS / TP=-0.4 dBTP / LRA=23.2 LU → 目標 I=-14.0 LUFS / TP=-1.0 dBTP (offset -0.0 dB)
2026-09-17 09:31:32,462 [INFO] src.modules.loudness_normalizer: ラウドネス正規化 完了: C:\Users\evolu\AppData\Local\Temp\autoedit_wrow6g5t\loudness_normalized.mp4
2026-09-17 09:31:33,765 [INFO] src.modules.volume_analyzer: 発話区間の最低dB=-41 (mean, 測定 3/3 区間)
2026-09-17 09:31:45,584 [INFO] src.pipeline.pipeline_runner: カット閾値を更新し保存: -41 dB
2026-09-17 09:31:46,270 [INFO] src.modules.silence_cutter: 編集点検出: 無音 0 件 / 残す区間 1 件 (閾値=-41dB, 最小無音=0.60s, 総尺=17.8s)
2026-09-17 09:31:46,270 [INFO] src.modules.subtitle_generator: 縦動画のため字幕設定を縦用へ上書き (font/改行/配置/余白)
2026-09-17 09:31:46,909 [INFO] src.modules.silence_cutter: 認識用音声を抽出: 1 区間 → 17.8s (元 17.8s)
2026-09-17 09:32:08,882 [INFO] src.modules.subtitle_generator: 音声認識開始 (model=large-v3, device=cpu, compute_type=int8, 設定=cpu)
2026-09-17 09:32:08,882 [INFO] src.modules.subtitle_generator: 音声認識実行 (device=cpu, compute_type=int8)
2026-09-17 09:32:15,402 [INFO] src.modules.subtitle_generator: VAD フィルタ有効 (min_silence=500ms, speech_pad=100ms, condition_on_previous_text=False)
2026-09-17 09:32:34,799 [INFO] src.modules.subtitle_generator: 音声認識完了 (4 セグメント)
2026-09-17 09:32:34,880 [INFO] src.modules.subtitle_generator: 字幕時刻を Timeline の軸へ写像: 4 → 4 件 (カット区間のため 0 件除外)
2026-09-17 09:32:34,880 [INFO] src.modules.subtitle_generator: テロップ表示タイミング整形: 4 → 4 区間 (max_hold=2.0s, min_dur=0.5s)
2026-09-17 09:32:34,880 [INFO] src.modules.subtitle_generator: 音声認識完了 (Timeline 用 4 件)
2026-09-17 09:32:34,947 [INFO] src.timeline.builder: オープニング配置スキップ (縦動画のため)
2026-09-17 09:32:34,947 [INFO] src.timeline.builder: エンディング配置スキップ (縦動画のため)
2026-09-17 09:32:34,947 [INFO] src.timeline.builder: Timeline 構築: V1 1 クリップ (OP=無 / ED=無) / S1 4 字幕 / S2(コメント) 0 字幕 / 全長 19.1s / 60fps 1080x1920
2026-09-17 09:32:34,948 [INFO] src.timeline.project_io: プロジェクト保存: D:/develop/autoedit/output\kaidemiru.timeline.json
2026-09-17 09:32:34,950 [INFO] src.modules.subtitle_generator: 縦動画のため字幕設定を縦用へ上書き (font/改行/配置/余白)
2026-09-17 09:32:34,951 [INFO] src.timeline.audio_source: プレビュー音声に認識用音声を再利用します (未編集)
2026-09-17 09:32:35,450 [INFO] src.blur.store: 素材か設定が変わったため、ぼかしの解析をやり直します
2026-09-17 09:32:35,604 [INFO] src.blur.models: モデルを読み込みました: yolox_tiny.onnx
2026-09-17 09:32:36,091 [INFO] src.blur.models: モデルを読み込みました: osnet_x0_25.onnx
2026-09-17 09:33:17,590 [INFO] src.blur.tracker: 人物クラスタリング: tracklet 5 本 → 人物 1 人 (主役 p1)
2026-09-17 09:33:17,830 [INFO] src.blur.store: ぼかしの解析結果を保存しました: kaidemiru.timeline.blur.json
2026-09-17 09:34:08,470 [INFO] src.pipeline.pipeline_runner: パイプライン中断: ユーザーによるキャンセル
2026-09-17 09:34:08,471 [ERROR] src.pipeline.pipeline_runner: 中間ファイル後処理に失敗
Traceback (most recent call last):
  File "D:\develop\autoedit\src\pipeline\pipeline_runner.py", line 59, in run_pipeline
    output_path = _run_timeline(context)
                  ^^^^^^^^^^^^^^^^^^^^^^
  File "D:\develop\autoedit\src\pipeline\pipeline_runner.py", line 285, in _run_timeline
    timeline = _review_timeline(context, timeline)
               ^^^^^^^^^^^^^^^^^^^^^^^^^^^^^^^^^^^
  File "D:\develop\autoedit\src\pipeline\pipeline_runner.py", line 333, in _review_timeline
    raise PipelineCancelled("Timeline 編集がキャンセルされたためパイプラインを中断します")
src.exceptions.PipelineCancelled: Timeline 編集がキャンセルされたためパイプラインを中断します

During handling of the above exception, another exception occurred:

Traceback (most recent call last):
  File "C:\Users\evolu\AppData\Local\Programs\Python\Python312\Lib\shutil.py", line 633, in _rmtree_unsafe
    os.unlink(fullname)
PermissionError: [WinError 32] プロセスはファイルにアクセスできません。別のプロセスが使用中です。: 'C:\\Users\\evolu\\AppData\\Local\\Temp\\autoedit_wrow6g5t\\loudness_normalized.mp4'

During handling of the above exception, another exception occurred:

Traceback (most recent call last):
  File "D:\develop\autoedit\src\pipeline\pipeline_runner.py", line 408, in _cleanup
    context.cleanup()
  File "D:\develop\autoedit\src\pipeline\pipeline_context.py", line 155, in cleanup
    self._tempdir_obj.cleanup()
  File "C:\Users\evolu\AppData\Local\Programs\Python\Python312\Lib\tempfile.py", line 954, in cleanup
    self._rmtree(self.name, ignore_errors=self._ignore_cleanup_errors)
  File "C:\Users\evolu\AppData\Local\Programs\Python\Python312\Lib\tempfile.py", line 934, in _rmtree
    _shutil.rmtree(name, onexc=onexc)
  File "C:\Users\evolu\AppData\Local\Programs\Python\Python312\Lib\shutil.py", line 781, in rmtree
    return _rmtree_unsafe(path, onexc)
           ^^^^^^^^^^^^^^^^^^^^^^^^^^^
  File "C:\Users\evolu\AppData\Local\Programs\Python\Python312\Lib\shutil.py", line 635, in _rmtree_unsafe
    onexc(os.unlink, fullname, err)
  File "C:\Users\evolu\AppData\Local\Programs\Python\Python312\Lib\tempfile.py", line 909, in onexc
    _os.unlink(path)
PermissionError: [WinError 32] プロセスはファイルにアクセスできません。別のプロセスが使用中です。: 'C:\\Users\\evolu\\AppData\\Local\\Temp\\autoedit_wrow6g5t\\loudness_normalized.mp4'
2026-09-17 09:34:21,624 [INFO] src.pipeline.pipeline_runner: ==================================================
2026-09-17 09:34:21,624 [INFO] src.pipeline.pipeline_runner: パイプライン開始: C:\Users\evolu\AppData\Local\Temp\claude\D--develop-autoedit\358d0b78-016f-41ac-8f05-b380f8f79da8\scratchpad\input\kaidemiru.mp4
2026-09-17 09:34:21,681 [INFO] src.modules.output_profile: 縦動画と判定 (入力=1080x1920 → 出力=1080x1920)
2026-09-17 09:34:22,244 [INFO] src.modules.loudness_normalizer: 入力ラウドネス: I=-12.7 LUFS / TP=-0.4 dBTP / LRA=23.2 LU → 目標 I=-14.0 LUFS / TP=-1.0 dBTP (offset -0.0 dB)
2026-09-17 09:34:23,173 [INFO] src.modules.loudness_normalizer: ラウドネス正規化 完了: C:\Users\evolu\AppData\Local\Temp\autoedit_scxgtogd\loudness_normalized.mp4
2026-09-17 09:34:24,498 [INFO] src.modules.volume_analyzer: 発話区間の最低dB=-41 (mean, 測定 3/3 区間)
2026-09-17 09:34:27,001 [INFO] src.modules.silence_cutter: 編集点検出: 無音 0 件 / 残す区間 1 件 (閾値=-41dB, 最小無音=0.60s, 総尺=17.8s)
2026-09-17 09:34:27,006 [INFO] src.modules.subtitle_generator: 縦動画のため字幕設定を縦用へ上書き (font/改行/配置/余白)
2026-09-17 09:34:27,651 [INFO] src.modules.silence_cutter: 認識用音声を抽出: 1 区間 → 17.8s (元 17.8s)
2026-09-17 09:34:27,651 [INFO] src.modules.subtitle_generator: 音声認識開始 (model=large-v3, device=cpu, compute_type=int8, 設定=cpu)
2026-09-17 09:34:27,651 [INFO] src.modules.subtitle_generator: 音声認識実行 (device=cpu, compute_type=int8)
2026-09-17 09:34:34,539 [INFO] src.modules.subtitle_generator: VAD フィルタ有効 (min_silence=500ms, speech_pad=100ms, condition_on_previous_text=False)
2026-09-17 09:34:52,682 [INFO] src.modules.subtitle_generator: 音声認識完了 (4 セグメント)
2026-09-17 09:34:52,770 [INFO] src.modules.subtitle_generator: 字幕時刻を Timeline の軸へ写像: 4 → 4 件 (カット区間のため 0 件除外)
2026-09-17 09:34:52,770 [INFO] src.modules.subtitle_generator: テロップ表示タイミング整形: 4 → 4 区間 (max_hold=2.0s, min_dur=0.5s)
2026-09-17 09:34:52,770 [INFO] src.modules.subtitle_generator: 音声認識完了 (Timeline 用 4 件)
2026-09-17 09:34:52,866 [INFO] src.timeline.builder: オープニング配置スキップ (縦動画のため)
2026-09-17 09:34:52,866 [INFO] src.timeline.builder: エンディング配置スキップ (縦動画のため)
2026-09-17 09:34:52,866 [INFO] src.timeline.builder: Timeline 構築: V1 1 クリップ (OP=無 / ED=無) / S1 4 字幕 / S2(コメント) 0 字幕 / 全長 19.1s / 60fps 1080x1920
2026-09-17 09:34:52,868 [INFO] src.timeline.project_io: プロジェクト保存: D:/develop/autoedit/output\kaidemiru.timeline.json
2026-09-17 09:34:52,868 [INFO] src.modules.subtitle_generator: 縦動画のため字幕設定を縦用へ上書き (font/改行/配置/余白)
2026-09-17 09:34:52,868 [INFO] src.timeline.audio_source: プレビュー音声に認識用音声を再利用します (未編集)
2026-09-17 09:34:53,308 [INFO] src.blur.store: 素材か設定が変わったため、ぼかしの解析をやり直します
2026-09-17 09:35:37,014 [INFO] src.blur.tracker: 人物クラスタリング: tracklet 5 本 → 人物 1 人 (主役 p1)
2026-09-17 09:35:37,034 [INFO] src.blur.store: ぼかしの解析結果を保存しました: kaidemiru.timeline.blur.json
2026-09-17 09:35:52,427 [INFO] src.pipeline.pipeline_runner: パイプライン中断: ユーザーによるキャンセル
2026-09-17 09:36:13,396 [INFO] src.pipeline.pipeline_runner: ==================================================
2026-09-17 09:36:13,396 [INFO] src.pipeline.pipeline_runner: パイプライン開始: C:\Users\evolu\AppData\Local\Temp\claude\D--develop-autoedit\358d0b78-016f-41ac-8f05-b380f8f79da8\scratchpad\input\kaidemiru.mp4
2026-09-17 09:36:13,459 [INFO] src.modules.output_profile: 縦動画と判定 (入力=1080x1920 → 出力=1080x1920)
2026-09-17 09:36:14,049 [INFO] src.modules.loudness_normalizer: 入力ラウドネス: I=-12.7 LUFS / TP=-0.4 dBTP / LRA=23.2 LU → 目標 I=-14.0 LUFS / TP=-1.0 dBTP (offset -0.0 dB)
2026-09-17 09:36:14,982 [INFO] src.modules.loudness_normalizer: ラウドネス正規化 完了: C:\Users\evolu\AppData\Local\Temp\autoedit_4qaoqbp3\loudness_normalized.mp4
2026-09-17 09:36:16,306 [INFO] src.modules.volume_analyzer: 発話区間の最低dB=-41 (mean, 測定 3/3 区間)
2026-09-17 09:36:17,874 [INFO] src.pipeline.pipeline_runner: カット閾値を更新し保存: -24 dB
2026-09-17 09:36:18,574 [INFO] src.modules.silence_cutter: 編集点検出: 無音 4 件 / 残す区間 3 件 (閾値=-24dB, 最小無音=0.60s, 総尺=17.8s)
2026-09-17 09:36:18,574 [INFO] src.modules.subtitle_generator: 縦動画のため字幕設定を縦用へ上書き (font/改行/配置/余白)
2026-09-17 09:36:19,051 [INFO] src.modules.silence_cutter: 認識用音声を抽出: 3 区間 → 4.7s (元 17.8s)
2026-09-17 09:36:19,051 [INFO] src.modules.subtitle_generator: 音声認識開始 (model=large-v3, device=cpu, compute_type=int8, 設定=cpu)
2026-09-17 09:36:19,051 [INFO] src.modules.subtitle_generator: 音声認識実行 (device=cpu, compute_type=int8)
2026-09-17 09:36:24,701 [INFO] src.modules.subtitle_generator: VAD フィルタ有効 (min_silence=500ms, speech_pad=100ms, condition_on_previous_text=False)
2026-09-17 09:36:43,465 [INFO] src.modules.subtitle_generator: 音声認識完了 (4 セグメント)
2026-09-17 09:36:43,558 [INFO] src.modules.subtitle_generator: 字幕時刻を Timeline の軸へ写像: 4 → 4 件 (カット区間のため 0 件除外)
2026-09-17 09:36:43,558 [INFO] src.modules.subtitle_generator: テロップ表示タイミング整形: 4 → 4 区間 (max_hold=2.0s, min_dur=0.5s)
2026-09-17 09:36:43,558 [INFO] src.modules.subtitle_generator: 音声認識完了 (Timeline 用 4 件)
2026-09-17 09:36:43,635 [INFO] src.timeline.builder: オープニング配置スキップ (縦動画のため)
2026-09-17 09:36:43,635 [INFO] src.timeline.builder: エンディング配置スキップ (縦動画のため)
2026-09-17 09:36:43,635 [INFO] src.timeline.builder: Timeline 構築: V1 3 クリップ (OP=無 / ED=無) / S1 4 字幕 / S2(コメント) 0 字幕 / 全長 6.0s / 60fps 1080x1920
2026-09-17 09:36:43,635 [INFO] src.timeline.project_io: プロジェクト保存: D:/develop/autoedit/output\kaidemiru.timeline.json
2026-09-17 09:36:43,635 [INFO] src.modules.subtitle_generator: 縦動画のため字幕設定を縦用へ上書き (font/改行/配置/余白)
2026-09-17 09:36:43,635 [INFO] src.timeline.audio_source: プレビュー音声に認識用音声を再利用します (未編集)
2026-09-17 09:36:44,198 [INFO] src.blur.store: 素材か設定が変わったため、ぼかしの解析をやり直します
2026-09-17 09:36:58,120 [INFO] src.blur.tracker: 人物クラスタリング: tracklet 4 本 → 人物 2 人 (主役 p1)
2026-09-17 09:36:58,124 [INFO] src.blur.store: ぼかしの解析結果を保存しました: kaidemiru.timeline.blur.json
2026-09-17 09:37:41,648 [INFO] src.blur.region_tracker: 領域の追従: 1 件のトラックを追加しました
2026-09-17 09:37:41,648 [INFO] src.blur.store: ぼかしの解析結果を保存しました: kaidemiru.timeline.blur.json
2026-09-17 09:37:57,556 [INFO] src.gui.timeline.timeline_editor_dialog: Timeline 編集確定: V 3 クリップ / オーバーレイ 0 件 / 字幕 4 件（使用 4 件）/ ギャップ 0 件
2026-09-17 09:37:57,572 [INFO] src.timeline.project_io: プロジェクト保存: D:/develop/autoedit/output\kaidemiru.timeline.json
2026-09-17 09:37:57,578 [INFO] src.timeline.renderer: ベース映像構築: 3 クリップ / ギャップ 0 件 / 合計 4.7s
2026-09-17 09:38:01,009 [WARNING] src.timeline.renderer: ベース映像の尺: モデル 4.700s / 実測 4.667s (差 -0.033s / 3 部品)
2026-09-17 09:38:01,038 [INFO] src.blur.mask_builder: ぼかしマスク: 360 フレーム / 270x480 / 対象 3 件
2026-09-17 09:38:01,498 [INFO] src.blur.mask_builder: ぼかしマスクを書き出しました: blur_mask.mkv (0.4 MB)
2026-09-17 09:38:01,498 [INFO] src.modules.subtitle_generator: 縦動画のため字幕設定を縦用へ上書き (font/改行/配置/余白)
2026-09-17 09:38:01,498 [INFO] src.timeline.renderer: 字幕焼き込み: 4 件
2026-09-17 09:38:01,498 [INFO] src.modules.subtitle_generator: 縦動画のため字幕設定を縦用へ上書き (font/改行/配置/余白)
2026-09-17 09:38:04,950 [INFO] src.modules.output_writer: 出力完了: D:/develop/autoedit/output\kaidemiru_edited_2.mp4
2026-09-17 09:38:04,950 [INFO] src.pipeline.pipeline_runner: パイプライン正常終了: D:/develop/autoedit/output\kaidemiru_edited_2.mp4
2026-09-17 09:38:04,956 [ERROR] src.pipeline.pipeline_runner: 中間ファイル後処理に失敗
Traceback (most recent call last):
  File "C:\Users\evolu\AppData\Local\Programs\Python\Python312\Lib\shutil.py", line 633, in _rmtree_unsafe
    os.unlink(fullname)
PermissionError: [WinError 32] プロセスはファイルにアクセスできません。別のプロセスが使用中です。: 'C:\\Users\\evolu\\AppData\\Local\\Temp\\autoedit_4qaoqbp3\\loudness_normalized.mp4'

During handling of the above exception, another exception occurred:

Traceback (most recent call last):
  File "D:\develop\autoedit\src\pipeline\pipeline_runner.py", line 408, in _cleanup
    context.cleanup()
  File "D:\develop\autoedit\src\pipeline\pipeline_context.py", line 155, in cleanup
    self._tempdir_obj.cleanup()
  File "C:\Users\evolu\AppData\Local\Programs\Python\Python312\Lib\tempfile.py", line 954, in cleanup
    self._rmtree(self.name, ignore_errors=self._ignore_cleanup_errors)
  File "C:\Users\evolu\AppData\Local\Programs\Python\Python312\Lib\tempfile.py", line 934, in _rmtree
    _shutil.rmtree(name, onexc=onexc)
  File "C:\Users\evolu\AppData\Local\Programs\Python\Python312\Lib\shutil.py", line 781, in rmtree
    return _rmtree_unsafe(path, onexc)
           ^^^^^^^^^^^^^^^^^^^^^^^^^^^
  File "C:\Users\evolu\AppData\Local\Programs\Python\Python312\Lib\shutil.py", line 635, in _rmtree_unsafe
    onexc(os.unlink, fullname, err)
  File "C:\Users\evolu\AppData\Local\Programs\Python\Python312\Lib\tempfile.py", line 909, in onexc
    _os.unlink(path)
PermissionError: [WinError 32] プロセスはファイルにアクセスできません。別のプロセスが使用中です。: 'C:\\Users\\evolu\\AppData\\Local\\Temp\\autoedit_4qaoqbp3\\loudness_normalized.mp4'
2026-09-17 09:47:04,853 [WARNING] src.blur.config: 未知の blur.default_policy のため既定を使用します: なにか変な値
2026-09-17 09:47:04,853 [WARNING] src.blur.config: 未知の blur.render.mode のため既定を使用します: unknown
2026-09-17 09:47:04,857 [INFO] src.blur.tracker: 人物クラスタリング: tracklet 2 本 → 人物 2 人 (主役 p1)
2026-09-17 09:47:04,857 [INFO] src.blur.tracker: 人物クラスタリング: tracklet 3 本 → 人物 2 人 (主役 p1)
2026-09-17 09:47:04,857 [INFO] src.blur.tracker: 人物クラスタリング: tracklet 2 本 → 人物 2 人 (主役 p1)
2026-09-17 09:47:04,857 [INFO] src.blur.tracker: 人物クラスタリング: tracklet 2 本 → 人物 1 人 (主役 p1)
2026-09-17 09:47:04,857 [INFO] src.blur.tracker: 人物クラスタリング: tracklet 2 本 → 人物 1 人 (主役 p1)
2026-09-17 09:47:04,857 [INFO] src.blur.tracker: 人物クラスタリング: tracklet 2 本 → 人物 2 人 (主役 p1)
2026-09-17 09:47:14,642 [WARNING] src.blur.config: 未知の blur.default_policy のため既定を使用します: なにか変な値
2026-09-17 09:47:14,642 [WARNING] src.blur.config: 未知の blur.render.mode のため既定を使用します: unknown
2026-09-17 09:47:14,657 [INFO] src.blur.tracker: 人物クラスタリング: tracklet 2 本 → 人物 2 人 (主役 p1)
2026-09-17 09:47:14,657 [INFO] src.blur.tracker: 人物クラスタリング: tracklet 3 本 → 人物 2 人 (主役 p1)
2026-09-17 09:47:14,657 [INFO] src.blur.tracker: 人物クラスタリング: tracklet 2 本 → 人物 2 人 (主役 p1)
2026-09-17 09:47:14,657 [INFO] src.blur.tracker: 人物クラスタリング: tracklet 2 本 → 人物 1 人 (主役 p1)
2026-09-17 09:47:14,657 [INFO] src.blur.tracker: 人物クラスタリング: tracklet 2 本 → 人物 1 人 (主役 p1)
2026-09-17 09:47:14,657 [INFO] src.blur.tracker: 人物クラスタリング: tracklet 2 本 → 人物 2 人 (主役 p1)
2026-09-17 09:47:23,492 [INFO] src.blur.tracker: 人物クラスタリング: tracklet 2 本 → 人物 2 人 (主役 p1)
2026-09-17 09:47:23,493 [INFO] src.blur.tracker: 人物クラスタリング: tracklet 3 本 → 人物 1 人 (主役 p1)
2026-09-17 09:47:23,494 [INFO] src.blur.tracker: 人物クラスタリング: tracklet 2 本 → 人物 1 人 (主役 p1)
2026-09-17 09:47:23,494 [INFO] src.blur.tracker: 人物クラスタリング: tracklet 2 本 → 人物 1 人 (主役 p1)
2026-09-17 09:47:23,495 [INFO] src.blur.tracker: 人物クラスタリング: tracklet 2 本 → 人物 1 人 (主役 p1)
2026-09-17 09:47:23,495 [INFO] src.blur.tracker: 人物クラスタリング: tracklet 2 本 → 人物 2 人 (主役 p1)
2026-09-17 09:47:58,336 [INFO] src.blur.models: モデルを読み込みました: yolox_tiny.onnx
2026-09-17 09:47:58,408 [INFO] src.blur.models: モデルを読み込みました: osnet_x0_25.onnx
2026-09-17 09:48:30,170 [INFO] src.blur.tracker: 人物クラスタリング: tracklet 5 本 → 人物 3 人 (主役 p1)
2026-09-17 09:49:00,856 [INFO] src.blur.models: モデルを読み込みました: yolox_tiny.onnx
2026-09-17 09:49:00,955 [INFO] src.blur.models: モデルを読み込みました: osnet_x0_25.onnx
2026-09-17 09:49:37,068 [INFO] src.blur.tracker: 人物クラスタリング: tracklet 5 本 → 人物 3 人 (主役 p1)
2026-09-17 09:49:37,159 [INFO] src.blur.store: ぼかしの解析結果を保存しました: nocut.blur.json
2026-09-17 09:50:33,726 [WARNING] src.blur.config: 未知の blur.default_policy のため既定を使用します: なにか変な値
2026-09-17 09:50:33,726 [WARNING] src.blur.config: 未知の blur.render.mode のため既定を使用します: unknown
2026-09-17 09:50:33,736 [INFO] src.blur.tracker: 人物クラスタリング: tracklet 2 本 → 人物 2 人 (主役 p1)
2026-09-17 09:50:33,737 [INFO] src.blur.tracker: 人物クラスタリング: tracklet 3 本 → 人物 2 人 (主役 p1)
2026-09-17 09:50:33,738 [INFO] src.blur.tracker: 人物クラスタリング: tracklet 2 本 → 人物 2 人 (主役 p1)
2026-09-17 09:50:33,738 [INFO] src.blur.tracker: 人物クラスタリング: tracklet 2 本 → 人物 1 人 (主役 p1)
2026-09-17 09:50:33,738 [INFO] src.blur.tracker: 人物クラスタリング: tracklet 2 本 → 人物 1 人 (主役 p1)
2026-09-17 09:50:33,739 [INFO] src.blur.tracker: 人物クラスタリング: tracklet 2 本 → 人物 1 人 (主役 p1)
2026-09-17 09:50:33,739 [INFO] src.blur.tracker: 人物クラスタリング: tracklet 2 本 → 人物 2 人 (主役 p1)
2026-09-17 09:50:33,926 [INFO] src.blur.tracker: 人物クラスタリング: tracklet 2 本 → 人物 2 人 (主役 p1)
2026-09-17 09:50:33,926 [INFO] src.blur.tracker: 人物クラスタリング: tracklet 3 本 → 人物 1 人 (主役 p1)
2026-09-17 09:50:33,926 [INFO] src.blur.tracker: 人物クラスタリング: tracklet 2 本 → 人物 1 人 (主役 p1)
2026-09-17 09:50:33,926 [INFO] src.blur.tracker: 人物クラスタリング: tracklet 2 本 → 人物 1 人 (主役 p1)
2026-09-17 09:50:33,926 [INFO] src.blur.tracker: 人物クラスタリング: tracklet 2 本 → 人物 1 人 (主役 p1)
2026-09-17 09:50:33,926 [INFO] src.blur.tracker: 人物クラスタリング: tracklet 2 本 → 人物 1 人 (主役 p1)
2026-09-17 09:50:33,926 [INFO] src.blur.tracker: 人物クラスタリング: tracklet 2 本 → 人物 2 人 (主役 p1)
2026-09-17 09:50:45,275 [INFO] src.blur.tracker: 人物クラスタリング: tracklet 2 本 → 人物 2 人 (主役 p1)
2026-09-17 09:50:45,275 [INFO] src.blur.tracker: 人物クラスタリング: tracklet 3 本 → 人物 2 人 (主役 p1)
2026-09-17 09:50:45,275 [INFO] src.blur.tracker: 人物クラスタリング: tracklet 2 本 → 人物 2 人 (主役 p1)
2026-09-17 09:50:45,275 [INFO] src.blur.tracker: 人物クラスタリング: tracklet 2 本 → 人物 2 人 (主役 p1)
2026-09-17 09:50:45,277 [INFO] src.blur.tracker: 人物クラスタリング: tracklet 2 本 → 人物 1 人 (主役 p1)
2026-09-17 09:50:45,277 [INFO] src.blur.tracker: 人物クラスタリング: tracklet 2 本 → 人物 1 人 (主役 p1)
2026-09-17 09:50:45,277 [INFO] src.blur.tracker: 人物クラスタリング: tracklet 2 本 → 人物 2 人 (主役 p1)
2026-09-17 09:50:45,961 [INFO] src.blur.models: モデルを読み込みました: yolox_tiny.onnx
2026-09-17 09:50:46,036 [INFO] src.blur.models: モデルを読み込みました: osnet_x0_25.onnx
2026-09-17 09:51:22,263 [INFO] src.blur.tracker: 人物クラスタリング: tracklet 5 本 → 人物 2 人 (主役 p1)
2026-09-17 09:51:37,519 [INFO] src.blur.models: モデルを読み込みました: yolox_tiny.onnx
2026-09-17 09:51:37,656 [INFO] src.blur.models: モデルを読み込みました: osnet_x0_25.onnx
2026-09-17 09:51:49,661 [INFO] src.blur.tracker: 人物クラスタリング: tracklet 4 本 → 人物 2 人 (主役 p1)
2026-09-17 09:51:50,610 [INFO] src.archive.timeline_builder: アーカイブ Timeline 構築: 2 クリップ / V1 2 本 / S1 0 件 / 全長 60.0s
2026-09-17 09:51:50,610 [INFO] src.archive.timeline_builder: アーカイブ Timeline 構築: 2 クリップ / V1 2 本 / S1 0 件 / 全長 60.0s
2026-09-17 09:51:50,610 [WARNING] src.archive.marker_source: VOD 外のマーカーを 2 件除外しました (尺 7200.0s)
2026-09-17 09:51:50,613 [INFO] src.archive.clip_writer: clip1 prepare 完了 (字幕 2 件)
2026-09-17 09:51:50,616 [INFO] src.archive.clip_writer: clip1 prepare 完了 (字幕 2 件)
2026-09-17 09:51:50,618 [INFO] src.archive.clip_writer: 編集点準備: 残す区間 2 件 / 想定尺 10.00s (素材 30.00s)
2026-09-17 09:51:50,618 [INFO] src.archive.clip_writer: clip1 prepare 完了 (字幕 2 件 / 実カットなし)
2026-09-17 09:51:50,620 [INFO] src.archive.clip_writer: 編集点準備: 残す区間 2 件 / 想定尺 10.00s (素材 30.00s)
2026-09-17 09:51:50,620 [INFO] src.archive.clip_writer: clip1 prepare 完了 (字幕 2 件 / 実カットなし)
2026-09-17 09:51:50,622 [INFO] src.archive.clip_writer: 編集点準備: 残す区間 2 件 / 想定尺 10.00s (素材 30.00s)
2026-09-17 09:51:50,622 [INFO] src.archive.clip_writer: clip1 prepare 完了 (字幕 2 件 / 実カットなし)
2026-09-17 09:51:50,626 [INFO] src.archive.clip_writer: 編集点準備: 残す区間 2 件 / 想定尺 10.00s (素材 30.00s)
2026-09-17 09:51:50,626 [INFO] src.archive.clip_writer: clip1 prepare 完了 (字幕 2 件 / 実カットなし)
2026-09-17 09:51:50,626 [INFO] src.archive.clip_writer: 編集点準備: 残す区間 2 件 / 想定尺 10.00s (素材 30.00s)
2026-09-17 09:51:50,626 [INFO] src.archive.clip_writer: clip1 prepare 完了 (字幕 2 件 / 実カットなし)
2026-09-17 09:51:50,628 [INFO] src.archive.clip_writer: 編集点準備: 残す区間 2 件 / 想定尺 10.00s (素材 30.00s)
2026-09-17 09:51:50,628 [INFO] src.archive.clip_writer: clip1 prepare 完了 (字幕 2 件 / 実カットなし)
2026-09-17 09:51:50,630 [INFO] src.archive.clip_writer: 編集点準備: 残す区間 2 件 / 想定尺 10.00s (素材 30.00s)
2026-09-17 09:51:50,630 [INFO] src.archive.clip_writer: clip1 prepare 完了 (字幕 0 件 / 実カットなし)
2026-09-17 09:51:50,632 [INFO] src.archive.clip_writer: 編集点準備: 残す区間 2 件 / 想定尺 10.00s (素材 30.00s)
2026-09-17 09:51:50,637 [INFO] src.timeline.project_io: プロジェクト保存: C:\Users\evolu\AppData\Local\Temp\archive_resume_r74uuo5d\vod.archive.timeline.json
2026-09-17 09:51:50,655 [INFO] src.timeline.project_io: プロジェクト読込: C:\Users\evolu\AppData\Local\Temp\archive_resume_r74uuo5d\vod.archive.timeline.json
2026-09-17 09:51:50,662 [INFO] src.timeline.project_io: プロジェクト保存: C:\Users\evolu\AppData\Local\Temp\archive_resume_zyattxfq\vod.archive.timeline.json
2026-09-17 09:51:50,665 [INFO] src.timeline.project_io: プロジェクト保存: C:\Users\evolu\AppData\Local\Temp\archive_resume_zyattxfq\clip.timeline.json
2026-09-17 09:51:50,665 [INFO] src.archive.project_resume: ==================================================
2026-09-17 09:51:50,665 [INFO] src.archive.project_resume: 保存済みアーカイブプロジェクトから再開: C:\Users\evolu\AppData\Local\Temp\archive_resume_zyattxfq\clip.timeline.json
2026-09-17 09:51:50,686 [INFO] src.timeline.project_io: プロジェクト読込: C:\Users\evolu\AppData\Local\Temp\archive_resume_zyattxfq\clip.timeline.json
2026-09-17 09:51:50,690 [INFO] src.timeline.project_io: プロジェクト保存: C:\Users\evolu\AppData\Local\Temp\archive_resume_jxcsm135\vod.archive.timeline.json
2026-09-17 09:51:50,706 [INFO] src.timeline.project_io: プロジェクト読込: C:\Users\evolu\AppData\Local\Temp\archive_resume_jxcsm135\vod.archive.timeline.json
2026-09-17 09:51:50,708 [INFO] src.archive.project_resume: 音声サイドカーが無いため clip1 の正規化をやり直します
2026-09-17 09:51:50,710 [INFO] src.archive.project_resume: 音声サイドカーが無いため clip2 の正規化をやり直します
2026-09-17 09:51:50,715 [INFO] src.timeline.project_io: プロジェクト保存: C:\Users\evolu\AppData\Local\Temp\archive_resume_k4vv4uax\vod.archive.timeline.json
2026-09-17 09:51:50,728 [INFO] src.timeline.project_io: プロジェクト読込: C:\Users\evolu\AppData\Local\Temp\archive_resume_k4vv4uax\vod.archive.timeline.json
2026-09-17 09:51:50,733 [INFO] src.archive.project_resume: 音声サイドカーが無いため clip1 の正規化をやり直します
2026-09-17 09:51:50,734 [INFO] src.archive.project_resume: 音声サイドカーが無いため clip2 の正規化をやり直します
2026-09-17 09:51:50,739 [INFO] src.timeline.project_io: プロジェクト保存: C:\Users\evolu\AppData\Local\Temp\archive_resume_bvhelb23\vod.archive.timeline.json
2026-09-17 09:51:50,743 [INFO] src.archive.project_resume: ==================================================
2026-09-17 09:51:50,743 [INFO] src.archive.project_resume: 保存済みアーカイブプロジェクトから再開: C:\Users\evolu\AppData\Local\Temp\archive_resume_bvhelb23\no_such.timeline.json
2026-09-17 09:51:50,745 [INFO] src.timeline.project_io: プロジェクト保存: C:\Users\evolu\AppData\Local\Temp\archive_resume_logwtlrz\vod.archive.timeline.json
2026-09-17 09:51:50,753 [INFO] src.timeline.project_io: プロジェクト読込: C:\Users\evolu\AppData\Local\Temp\archive_resume_logwtlrz\vod.archive.timeline.json
2026-09-17 09:51:50,772 [INFO] src.timeline.project_io: プロジェクト保存: C:\Users\evolu\AppData\Local\Temp\archive_resume_dsbjfsr0\vod.archive.timeline.json
2026-09-17 09:51:50,785 [INFO] src.timeline.project_io: プロジェクト読込: C:\Users\evolu\AppData\Local\Temp\archive_resume_dsbjfsr0\vod.archive.timeline.json
2026-09-17 09:51:50,789 [INFO] src.archive.project_resume: 設定に従い切り出したままの音量で使います: clip1
2026-09-17 09:51:50,789 [INFO] src.archive.project_resume: 設定に従い切り出したままの音量で使います: clip2
2026-09-17 09:51:50,791 [WARNING] src.timeline.media_sidecar: 音声サイドカーの尺が保存値と合いません (100.00s / 期待 103.00s) → 使いません
2026-09-17 09:51:50,791 [INFO] src.archive.timeline_builder: アーカイブ Timeline 構築: 2 クリップ / V1 2 本 / S1 0 件 / 全長 200.0s
2026-09-17 09:51:50,791 [INFO] src.archive.timeline_builder: セクション追加: clip3 を 200.00s へ挿入 (VOD 900.0-950.0 / 尺 50.00s)
2026-09-17 09:51:50,791 [INFO] src.archive.timeline_builder: アーカイブ Timeline 構築: 2 クリップ / V1 2 本 / S1 0 件 / 全長 200.0s
2026-09-17 09:51:50,791 [INFO] src.timeline.commands: 貼り付けの割り込み: V1 の 0.000s へ 50.00s を確保 / 移動 2 件・分割 0 件・切詰 0 件
2026-09-17 09:51:50,791 [INFO] src.timeline.commands: 貼り付けの割り込み: S1 の 0.000s へ 50.00s を確保 / 移動 0 件・分割 0 件・切詰 0 件
2026-09-17 09:51:50,791 [INFO] src.archive.timeline_builder: セクション追加: clip3 を 0.00s へ挿入 (VOD 0.0-50.0 / 尺 50.00s)
2026-09-17 09:51:50,791 [INFO] src.archive.timeline_builder: アーカイブ Timeline 構築: 2 クリップ / V1 2 本 / S1 0 件 / 全長 200.0s
2026-09-17 09:51:50,793 [INFO] src.timeline.commands: 貼り付けの割り込み: V1 の 100.000s へ 50.00s を確保 / 移動 1 件・分割 0 件・切詰 0 件
2026-09-17 09:51:50,793 [INFO] src.timeline.commands: 貼り付けの割り込み: S1 の 100.000s へ 50.00s を確保 / 移動 0 件・分割 0 件・切詰 0 件
2026-09-17 09:51:50,793 [INFO] src.archive.timeline_builder: セクション追加: clip3 を 100.00s へ挿入 (VOD 250.0-300.0 / 尺 50.00s)
2026-09-17 09:51:50,793 [INFO] src.archive.timeline_builder: アーカイブ Timeline 構築: 3 クリップ / V1 3 本 / S1 0 件 / 全長 300.0s
2026-09-17 09:51:50,793 [INFO] src.timeline.commands: 貼り付けの割り込み: V1 の 100.000s へ 50.00s を確保 / 移動 2 件・分割 0 件・切詰 0 件
2026-09-17 09:51:50,793 [INFO] src.timeline.commands: 貼り付けの割り込み: S1 の 100.000s へ 50.00s を確保 / 移動 0 件・分割 0 件・切詰 0 件
2026-09-17 09:51:50,793 [INFO] src.archive.timeline_builder: セクション追加: clip4 を 100.00s へ挿入 (VOD 250.0-300.0 / 尺 50.00s)
2026-09-17 09:51:50,793 [INFO] src.timeline.commands: 貼り付けの割り込み: V1 の 0.000s へ 50.00s を確保 / 移動 4 件・分割 0 件・切詰 0 件
2026-09-17 09:51:50,793 [INFO] src.timeline.commands: 貼り付けの割り込み: S1 の 0.000s へ 50.00s を確保 / 移動 0 件・分割 0 件・切詰 0 件
2026-09-17 09:51:50,793 [INFO] src.archive.timeline_builder: セクション追加: clip5 を 0.00s へ挿入 (VOD 0.0-50.0 / 尺 50.00s)
2026-09-17 09:51:50,793 [INFO] src.archive.timeline_builder: セクション追加: clip6 を 400.00s へ挿入 (VOD 900.0-950.0 / 尺 50.00s)
2026-09-17 09:51:50,793 [INFO] src.archive.timeline_builder: アーカイブ Timeline 構築: 1 クリップ / V1 1 本 / S1 0 件 / 全長 100.0s
2026-09-17 09:51:50,793 [INFO] src.archive.timeline_builder: セクション追加: clip2 を 100.00s へ挿入 (VOD 300.0-400.0 / 尺 100.00s)
2026-09-17 09:51:50,793 [INFO] src.archive.timeline_builder: アーカイブ Timeline 構築: 3 クリップ / V1 3 本 / S1 0 件 / 全長 300.0s
2026-09-17 09:51:50,793 [INFO] src.timeline.commands: 貼り付けの割り込み: V1 の 100.000s へ 50.00s を確保 / 移動 2 件・分割 0 件・切詰 0 件
2026-09-17 09:51:50,793 [INFO] src.timeline.commands: 貼り付けの割り込み: S1 の 100.000s へ 50.00s を確保 / 移動 0 件・分割 0 件・切詰 0 件
2026-09-17 09:51:50,795 [INFO] src.archive.timeline_builder: セクション追加: clip4 を 100.00s へ挿入 (VOD 250.0-300.0 / 尺 50.00s)
2026-09-17 09:51:50,795 [INFO] src.archive.timeline_builder: アーカイブ Timeline 構築: 2 クリップ / V1 2 本 / S1 0 件 / 全長 200.0s
2026-09-17 09:51:50,795 [INFO] src.archive.timeline_builder: セクション追加: clip3 を 200.00s へ挿入 (VOD 900.0-950.0 / 尺 50.00s)
2026-09-17 09:51:50,795 [INFO] src.archive.timeline_builder: アーカイブ Timeline 構築: 2 クリップ / V1 2 本 / S1 0 件 / 全長 200.0s
2026-09-17 09:51:50,795 [INFO] src.archive.timeline_builder: アーカイブ Timeline 構築: 1 クリップ / V1 1 本 / S1 0 件 / 全長 100.0s
2026-09-17 09:51:50,795 [INFO] src.archive.timeline_builder: セクション追加: clip2 を 100.00s へ挿入 (VOD 450.0-600.0 / 尺 150.00s)
2026-09-17 09:51:50,795 [INFO] src.archive.timeline_builder: アーカイブ Timeline 構築: 2 クリップ / V1 2 本 / S1 0 件 / 全長 200.0s
2026-09-17 09:51:50,795 [INFO] src.archive.timeline_builder: セクション追加: clip3 を 200.00s へ挿入 (VOD 500.0-600.0 / 尺 100.00s)
2026-09-17 09:51:50,795 [INFO] src.archive.timeline_builder: セクション統合: clip2 へ 1 件を畳み込み (VOD 400.0-600.0)
2026-09-17 09:51:50,795 [INFO] src.archive.timeline_builder: アーカイブ Timeline 構築: 2 クリップ / V1 2 本 / S1 0 件 / 全長 200.0s
2026-09-17 09:51:50,795 [INFO] src.archive.timeline_builder: セクション追加: clip3 を 200.00s へ挿入 (VOD 500.0-600.0 / 尺 100.00s)
2026-09-17 09:51:50,795 [INFO] src.archive.timeline_builder: セクション統合: clip2 へ 1 件を畳み込み (VOD 400.0-600.0)
2026-09-17 09:51:50,795 [INFO] src.archive.timeline_builder: アーカイブ Timeline 構築: 3 クリップ / V1 3 本 / S1 0 件 / 全長 300.0s
2026-09-17 09:51:50,797 [INFO] src.timeline.commands: 貼り付けの割り込み: V1 の 200.000s へ 100.00s を確保 / 移動 1 件・分割 0 件・切詰 0 件
2026-09-17 09:51:50,797 [INFO] src.timeline.commands: 貼り付けの割り込み: S1 の 200.000s へ 100.00s を確保 / 移動 0 件・分割 0 件・切詰 0 件
2026-09-17 09:51:50,797 [INFO] src.archive.timeline_builder: セクション追加: clip4 を 200.00s へ挿入 (VOD 500.0-600.0 / 尺 100.00s)
2026-09-17 09:51:50,797 [INFO] src.archive.timeline_builder: セクション統合: clip2 へ 1 件を畳み込み (VOD 400.0-600.0)
2026-09-17 09:51:50,797 [INFO] src.archive.timeline_builder: アーカイブ Timeline 構築: 3 クリップ / V1 3 本 / S1 0 件 / 全長 300.0s
2026-09-17 09:51:50,797 [INFO] src.timeline.commands: 貼り付けの割り込み: V1 の 100.000s へ 200.00s を確保 / 移動 2 件・分割 0 件・切詰 0 件
2026-09-17 09:51:50,797 [INFO] src.timeline.commands: 貼り付けの割り込み: S1 の 100.000s へ 200.00s を確保 / 移動 0 件・分割 0 件・切詰 0 件
2026-09-17 09:51:50,797 [INFO] src.archive.timeline_builder: セクション追加: clip4 を 100.00s へ挿入 (VOD 200.0-400.0 / 尺 200.00s)
2026-09-17 09:51:50,797 [INFO] src.timeline.commands: 貼り付けの割り込み: V1 の 400.000s へ 200.00s を確保 / 移動 1 件・分割 0 件・切詰 0 件
2026-09-17 09:51:50,797 [INFO] src.timeline.commands: 貼り付けの割り込み: S1 の 400.000s へ 200.00s を確保 / 移動 0 件・分割 0 件・切詰 0 件
2026-09-17 09:51:50,797 [INFO] src.archive.timeline_builder: セクション追加: clip5 を 400.00s へ挿入 (VOD 500.0-700.0 / 尺 200.00s)
2026-09-17 09:51:50,797 [INFO] src.archive.timeline_builder: セクション統合: clip1 へ 4 件を畳み込み (VOD 100.0-800.0)
2026-09-17 09:51:50,797 [INFO] src.archive.timeline_builder: アーカイブ Timeline 構築: 1 クリップ / V1 1 本 / S1 0 件 / 全長 100.0s
2026-09-17 09:51:50,797 [INFO] src.archive.timeline_builder: セクション追加: clip2 を 100.00s へ挿入 (VOD 200.0-300.0 / 尺 100.00s)
2026-09-17 09:51:50,797 [INFO] src.archive.timeline_builder: セクション統合: clip1 へ 1 件を畳み込み (VOD 100.0-300.0)
2026-09-17 09:51:50,797 [INFO] src.archive.timeline_builder: アーカイブ Timeline 構築: 2 クリップ / V1 2 本 / S1 0 件 / 全長 200.0s
2026-09-17 09:51:50,797 [INFO] src.timeline.commands: 貼り付けの割り込み: V1 の 100.000s へ 50.00s を確保 / 移動 1 件・分割 0 件・切詰 0 件
2026-09-17 09:51:50,798 [INFO] src.timeline.commands: 貼り付けの割り込み: S1 の 100.000s へ 50.00s を確保 / 移動 0 件・分割 0 件・切詰 0 件
2026-09-17 09:51:50,798 [INFO] src.archive.timeline_builder: セクション追加: clip3 を 100.00s へ挿入 (VOD 250.0-300.0 / 尺 50.00s)
2026-09-17 09:51:50,798 [INFO] src.archive.timeline_builder: アーカイブ Timeline 構築: 2 クリップ / V1 2 本 / S1 0 件 / 全長 200.0s
2026-09-17 09:51:50,798 [INFO] src.archive.timeline_builder: セクション追加: clip3 を 200.00s へ挿入 (VOD 500.0-600.0 / 尺 100.00s)
2026-09-17 09:51:50,798 [INFO] src.archive.timeline_builder: セクション統合: clip2 へ 1 件を畳み込み (VOD 400.0-600.0)
2026-09-17 09:51:50,798 [INFO] src.archive.timeline_builder: アーカイブ Timeline 構築: 3 クリップ / V1 3 本 / S1 0 件 / 全長 300.0s
2026-09-17 09:51:50,799 [INFO] src.timeline.commands: 貼り付けの割り込み: V1 の 100.000s へ 50.00s を確保 / 移動 2 件・分割 0 件・切詰 0 件
2026-09-17 09:51:50,799 [INFO] src.timeline.commands: 貼り付けの割り込み: S1 の 100.000s へ 50.00s を確保 / 移動 0 件・分割 0 件・切詰 0 件
2026-09-17 09:51:50,799 [INFO] src.archive.timeline_builder: セクション追加: clip4 を 100.00s へ挿入 (VOD 250.0-300.0 / 尺 50.00s)
2026-09-17 09:51:50,799 [INFO] src.archive.timeline_builder: アーカイブ Timeline 構築: 1 クリップ / V1 1 本 / S1 0 件 / 全長 30.0s
2026-09-17 09:51:50,799 [INFO] src.archive.timeline_builder: アーカイブ Timeline 構築: 1 クリップ / V1 1 本 / S1 0 件 / 全長 30.0s
2026-09-17 09:51:50,799 [INFO] src.archive.timeline_builder: アーカイブ Timeline 構築: 1 クリップ / V1 1 本 / S1 0 件 / 全長 30.0s
2026-09-17 09:51:50,799 [INFO] src.archive.timeline_builder: アーカイブ Timeline 構築: 1 クリップ / V1 1 本 / S1 0 件 / 全長 30.0s
2026-09-17 09:51:50,800 [INFO] src.archive.timeline_builder: アーカイブ Timeline 構築: 1 クリップ / V1 1 本 / S1 0 件 / 全長 30.0s
2026-09-17 09:51:50,800 [INFO] src.archive.timeline_builder: アーカイブ Timeline 構築: 3 クリップ / V1 6 本 / S1 6 件 / 全長 30.0s
2026-09-17 09:51:50,801 [INFO] src.archive.timeline_builder: アーカイブ Timeline 構築: 3 クリップ / V1 6 本 / S1 6 件 / 全長 30.0s
2026-09-17 09:51:50,801 [INFO] src.archive.timeline_builder: アーカイブ Timeline 構築: 3 クリップ / V1 6 本 / S1 6 件 / 全長 30.0s
2026-09-17 09:51:50,801 [INFO] src.archive.timeline_builder: アーカイブ Timeline 構築: 3 クリップ / V1 6 本 / S1 6 件 / 全長 30.0s
2026-09-17 09:51:50,801 [INFO] src.archive.timeline_builder: アーカイブ Timeline 構築: 3 クリップ / V1 6 本 / S1 6 件 / 全長 30.0s
2026-09-17 09:51:50,802 [INFO] src.archive.timeline_builder: アーカイブ Timeline 構築: 3 クリップ / V1 6 本 / S1 6 件 / 全長 30.0s
2026-09-17 09:51:50,802 [INFO] src.archive.timeline_builder: アーカイブ Timeline 構築: 3 クリップ / V1 6 本 / S1 6 件 / 全長 30.0s
2026-09-17 09:51:50,802 [INFO] src.archive.timeline_builder: アーカイブ Timeline 構築: 3 クリップ / V1 6 本 / S1 6 件 / 全長 30.0s
2026-09-17 09:51:50,803 [INFO] src.archive.timeline_builder: アーカイブ Timeline 構築: 3 クリップ / V1 6 本 / S1 6 件 / 全長 30.0s
2026-09-17 09:51:50,803 [INFO] src.archive.timeline_builder: アーカイブ Timeline 構築: 1 クリップ / V1 1 本 / S1 2 件 / 全長 30.0s
2026-09-17 09:51:50,803 [INFO] src.archive.timeline_builder: clip1: クリップ終端で打ち切った字幕 1 件 / 載せなかった字幕 0 件
2026-09-17 09:51:50,803 [INFO] src.archive.timeline_builder: clip2: クリップ終端で打ち切った字幕 1 件 / 載せなかった字幕 0 件
2026-09-17 09:51:50,803 [INFO] src.archive.timeline_builder: clip3: クリップ終端で打ち切った字幕 1 件 / 載せなかった字幕 0 件
2026-09-17 09:51:50,803 [INFO] src.archive.timeline_builder: アーカイブ Timeline 構築: 3 クリップ / V1 6 本 / S1 3 件 / 全長 30.0s
2026-09-17 09:51:50,803 [INFO] src.archive.timeline_builder: clip1: クリップ終端で打ち切った字幕 1 件 / 載せなかった字幕 0 件
2026-09-17 09:51:50,803 [INFO] src.archive.timeline_builder: アーカイブ Timeline 構築: 2 クリップ / V1 4 本 / S1 3 件 / 全長 20.0s
2026-09-17 09:51:50,804 [INFO] src.archive.timeline_builder: clip1: クリップ終端で打ち切った字幕 1 件 / 載せなかった字幕 1 件
2026-09-17 09:51:50,804 [INFO] src.archive.timeline_builder: アーカイブ Timeline 構築: 2 クリップ / V1 4 本 / S1 2 件 / 全長 20.0s
2026-09-17 09:51:50,804 [INFO] src.archive.timeline_builder: clip1: クリップ終端で打ち切った字幕 1 件 / 載せなかった字幕 0 件
2026-09-17 09:51:50,804 [INFO] src.archive.timeline_builder: clip2: クリップ終端で打ち切った字幕 1 件 / 載せなかった字幕 0 件
2026-09-17 09:51:50,804 [INFO] src.archive.timeline_builder: アーカイブ Timeline 構築: 2 クリップ / V1 4 本 / S1 2 件 / 全長 20.0s
2026-09-17 09:51:50,804 [INFO] src.archive.timeline_builder: アーカイブ Timeline 構築: 3 クリップ / V1 6 本 / S1 6 件 / 全長 30.0s
2026-09-17 09:51:50,805 [INFO] src.archive.timeline_builder: アーカイブ Timeline 構築: 3 クリップ / V1 6 本 / S1 6 件 / 全長 30.0s
2026-09-17 09:51:50,805 [INFO] src.archive.timeline_builder: アーカイブ Timeline 構築: 3 クリップ / V1 6 本 / S1 6 件 / 全長 30.0s
2026-09-17 09:51:50,805 [INFO] src.archive.timeline_builder: アーカイブ Timeline 構築: 3 クリップ / V1 6 本 / S1 6 件 / 全長 30.0s
2026-09-17 09:51:50,807 [INFO] src.archive.timeline_builder: アーカイブ Timeline 構築: 3 クリップ / V1 6 本 / S1 6 件 / 全長 30.0s
2026-09-17 09:51:50,807 [INFO] src.archive.timeline_builder: アーカイブ Timeline 構築: 3 クリップ / V1 6 本 / S1 6 件 / 全長 30.0s
2026-09-17 09:51:50,808 [INFO] src.archive.timeline_builder: アーカイブ Timeline 構築: 3 クリップ / V1 6 本 / S1 6 件 / 全長 30.0s
2026-09-17 09:51:50,808 [INFO] src.archive.timeline_builder: clip2 は使用しないため書き出しから除外します
2026-09-17 09:51:50,808 [INFO] src.archive.timeline_builder: アーカイブ Timeline 構築: 3 クリップ / V1 6 本 / S1 6 件 / 全長 30.0s
2026-09-17 09:51:50,808 [INFO] src.archive.timeline_builder: アーカイブ Timeline 構築: 3 クリップ / V1 6 本 / S1 6 件 / 全長 30.0s
2026-09-17 09:51:50,809 [INFO] src.archive.timeline_builder: アーカイブ Timeline 構築: 3 クリップ / V1 6 本 / S1 6 件 / 全長 30.0s
2026-09-17 09:51:50,809 [INFO] src.archive.timeline_builder: アーカイブ Timeline 構築: 3 クリップ / V1 6 本 / S1 6 件 / 全長 30.0s
2026-09-17 09:51:50,809 [INFO] src.archive.timeline_builder: アーカイブ Timeline 構築: 3 クリップ / V1 6 本 / S1 6 件 / 全長 30.0s
2026-09-17 09:51:50,810 [INFO] src.archive.timeline_builder: アーカイブ Timeline 構築: 3 クリップ / V1 6 本 / S1 6 件 / 全長 30.0s
2026-09-17 09:51:50,810 [WARNING] src.blur.config: 未知の blur.default_policy のため既定を使用します: なにか変な値
2026-09-17 09:51:50,810 [WARNING] src.blur.config: 未知の blur.render.mode のため既定を使用します: unknown
2026-09-17 09:51:50,814 [INFO] src.blur.tracker: 人物クラスタリング: tracklet 2 本 → 人物 2 人 (主役 p1)
2026-09-17 09:51:50,814 [INFO] src.blur.tracker: 人物クラスタリング: tracklet 3 本 → 人物 2 人 (主役 p1)
2026-09-17 09:51:50,815 [INFO] src.blur.tracker: 人物クラスタリング: tracklet 2 本 → 人物 2 人 (主役 p1)
2026-09-17 09:51:50,815 [INFO] src.blur.tracker: 人物クラスタリング: tracklet 2 本 → 人物 1 人 (主役 p1)
2026-09-17 09:51:50,815 [INFO] src.blur.tracker: 人物クラスタリング: tracklet 2 本 → 人物 1 人 (主役 p1)
2026-09-17 09:51:50,815 [INFO] src.blur.tracker: 人物クラスタリング: tracklet 2 本 → 人物 1 人 (主役 p1)
2026-09-17 09:51:50,815 [INFO] src.blur.tracker: 人物クラスタリング: tracklet 2 本 → 人物 2 人 (主役 p1)
2026-09-17 09:51:50,821 [WARNING] src.modules.blur_overlay: ぼかしマスクが見つからないため、ぼかしを省略します: 
2026-09-17 09:51:50,832 [INFO] src.blur.mask_builder: ぼかしマスク: 1200 フレーム / 480x270 / 対象 1 件
2026-09-17 09:51:51,621 [INFO] src.blur.mask_builder: ぼかしマスクを書き出しました: mask.mkv (0.4 MB)
2026-09-17 09:51:51,621 [INFO] src.blur.mask_builder: ぼかしマスク: 1200 フレーム / 480x270 / 対象 1 件
2026-09-17 09:51:52,369 [INFO] src.blur.mask_builder: ぼかしマスクを書き出しました: mask.mkv (0.4 MB)
2026-09-17 09:51:52,506 [INFO] src.blur.mask_builder: ぼかす対象が無いためマスクを作りません
2026-09-17 09:51:52,511 [INFO] src.blur.mask_builder: ぼかしマスク: 1200 フレーム / 270x480 / 対象 1 件
2026-09-17 09:51:53,398 [INFO] src.blur.mask_builder: ぼかしマスクを書き出しました: mask.mkv (0.4 MB)
2026-09-17 09:51:53,406 [INFO] src.timeline.renderer: ベース映像構築: 1 クリップ / ギャップ 0 件 / 合計 5.0s
2026-09-17 09:51:53,420 [INFO] src.timeline.renderer: ベース映像の尺: モデル 5.000s / 実測 5.000s (差 +0.000s / 1 部品)
2026-09-17 09:51:53,420 [INFO] src.timeline.renderer: 字幕焼き込み: 1 件
2026-09-17 09:51:53,426 [INFO] src.timeline.renderer: ベース映像構築: 1 クリップ / ギャップ 0 件 / 合計 5.0s
2026-09-17 09:51:53,434 [INFO] src.timeline.renderer: ベース映像の尺: モデル 5.000s / 実測 5.000s (差 +0.000s / 1 部品)
2026-09-17 09:51:53,435 [INFO] src.timeline.renderer: 字幕焼き込み: 1 件
2026-09-17 09:51:53,439 [INFO] src.timeline.renderer: ベース映像構築: 1 クリップ / ギャップ 0 件 / 合計 5.0s
2026-09-17 09:51:53,439 [INFO] src.timeline.renderer: ベース映像の尺: モデル 5.000s / 実測 5.000s (差 +0.000s / 1 部品)
2026-09-17 09:51:53,439 [INFO] src.timeline.renderer: オーバーレイ・字幕が無いため合成をスキップします
2026-09-17 09:51:53,453 [INFO] src.modules.blur_overlay: ぼかしを焼き込みます: blur_applied.mp4
2026-09-17 09:51:53,455 [INFO] src.timeline.renderer: ベース映像構築: 1 クリップ / ギャップ 0 件 / 合計 5.0s
2026-09-17 09:51:53,460 [INFO] src.timeline.renderer: ベース映像の尺: モデル 5.000s / 実測 5.000s (差 +0.000s / 1 部品)
2026-09-17 09:51:53,460 [INFO] src.timeline.renderer: オーバーレイ・字幕が無いため合成をスキップします
2026-09-17 09:51:53,469 [INFO] src.modules.blur_overlay: ぼかしを焼き込みます: blur_applied.mp4
2026-09-17 09:51:53,472 [INFO] src.timeline.renderer: ベース映像構築: 1 クリップ / ギャップ 0 件 / 合計 5.0s
2026-09-17 09:51:53,472 [INFO] src.timeline.renderer: ベース映像の尺: モデル 5.000s / 実測 5.000s (差 +0.000s / 1 部品)
2026-09-17 09:51:53,472 [INFO] src.timeline.renderer: 字幕焼き込み: 1 件
2026-09-17 09:51:53,487 [INFO] src.timeline.renderer: ベース映像構築: 1 クリップ / ギャップ 0 件 / 合計 5.0s
2026-09-17 09:51:53,491 [INFO] src.timeline.renderer: ベース映像の尺: モデル 5.000s / 実測 5.000s (差 +0.000s / 1 部品)
2026-09-17 09:51:53,491 [ERROR] src.blur.mask_builder: ぼかしの解析結果が見つからないためマスクを作れません: C:\Users\evolu\AppData\Local\Temp\tmpvz2y1j1d\timeline.blur.json
2026-09-17 09:51:53,493 [INFO] src.timeline.renderer: ベース映像構築: 1 クリップ / ギャップ 0 件 / 合計 5.0s
2026-09-17 09:51:53,493 [INFO] src.timeline.renderer: ベース映像の尺: モデル 5.000s / 実測 5.000s (差 +0.000s / 1 部品)
2026-09-17 09:51:53,493 [ERROR] src.blur.mask_builder: ぼかしの解析結果が見つからないためマスクを作れません: C:\Users\evolu\AppData\Local\Temp\tmp8448tfyw\timeline.blur.json
2026-09-17 09:51:53,498 [INFO] src.timeline.renderer: ベース映像構築: 1 クリップ / ギャップ 0 件 / 合計 5.0s
2026-09-17 09:51:53,504 [INFO] src.timeline.renderer: ベース映像の尺: モデル 5.000s / 実測 5.000s (差 +0.000s / 1 部品)
2026-09-17 09:51:53,504 [ERROR] src.blur.mask_builder: ぼかしの解析結果が見つからないためマスクを作れません: C:\Users\evolu\AppData\Local\Temp\tmpp8nt4tza\timeline.blur.json
2026-09-17 09:51:53,504 [WARNING] src.timeline.renderer: 利用者の指示により、ぼかしを入れずに出力します
2026-09-17 09:51:53,504 [INFO] src.timeline.renderer: オーバーレイ・字幕が無いため合成をスキップします
2026-09-17 09:51:53,506 [INFO] src.timeline.renderer: 中間形式を最終形式へ変換: .mov → mp4 (音声のみ再エンコード)
2026-09-17 09:51:53,506 [INFO] src.timeline.renderer: ベース映像構築: 1 クリップ / ギャップ 0 件 / 合計 5.0s
2026-09-17 09:51:53,506 [INFO] src.timeline.renderer: ベース映像の尺: モデル 5.000s / 実測 5.000s (差 +0.000s / 1 部品)
2026-09-17 09:51:53,506 [INFO] src.timeline.renderer: オーバーレイ・字幕が無いため合成をスキップします
2026-09-17 09:51:53,519 [INFO] src.timeline.renderer: 中間形式を最終形式へ変換: .mov → mp4 (音声のみ再エンコード)
2026-09-17 09:51:54,349 [INFO] src.modules.subtitle_generator: 縦動画のため字幕設定を縦用へ上書き (font/改行/配置/余白)
2026-09-17 09:51:54,349 [WARNING] src.modules.comment_decor: コメント背景がキャンバスに収まらないため詰めました (推定幅 1181px / 使える幅 1080px)。font_size か max_line_length を下げると解消します
2026-09-17 09:51:54,350 [INFO] src.modules.comment_decor: コメントアイコン: 2 件 / 位置 2 種類
2026-09-17 09:51:54,350 [INFO] src.modules.comment_decor: コメントアイコン: 2 件 / 位置 1 種類
2026-09-17 09:51:54,351 [INFO] src.modules.comment_decor: コメントアイコン: 1 件 / 位置 1 種類
2026-09-17 09:51:54,351 [INFO] src.modules.subtitle_generator: 縦動画のため字幕設定を縦用へ上書き (font/改行/配置/余白)
2026-09-17 09:51:54,351 [WARNING] src.modules.comment_decor: コメントアイコンがキャンバスに収まらないため位置を詰めました (要求 x=-190.0 y=465.0 → x=0.0 y=465.0)。subtitle.comment_margin_l を大きくすると解消します
2026-09-17 09:51:54,352 [INFO] src.modules.subtitle_generator: コメント背景: 1 件
2026-09-17 09:51:54,357 [WARNING] src.modules.subtitle_generator: コメントの Layer が逆転しているため本文を 6 へ引き上げます (背景=5 / 本文=1)
2026-09-17 09:51:54,358 [INFO] src.modules.subtitle_generator: コメント背景: 1 件
2026-09-17 09:51:54,390 [WARNING] src.modules.subtitle_generator: コメントの配置は左寄せ (1/4/7) のみ対応のため 4 を使用します: 2
2026-09-17 09:51:54,393 [INFO] src.modules.subtitle_generator: 縦動画のため字幕設定を縦用へ上書き (font/改行/配置/余白)
2026-09-17 09:51:54,396 [WARNING] src.export.fcpxml_builder: タイムライン終端を超える字幕をクリップ末尾へクランプしました (丸め誤差の端数など)。
2026-09-17 09:51:54,405 [INFO] src.modules.loudness_normalizer: 入力ラウドネス: I=-9.2 LUFS / TP=-0.3 dBTP / LRA=5.1 LU → 目標 I=-14.0 LUFS / TP=-1.0 dBTP (offset 0.4 dB)
2026-09-17 09:51:54,410 [ERROR] src.modules.loudness_normalizer: ラウドネス正規化の適用に失敗 (元音声のまま継続): in.mp4
Traceback (most recent call last):
  File "D:\develop\autoedit\src\modules\loudness_normalizer.py", line 219, in normalize_file
    ffmpeg_runner.execute(
  File "C:\Users\evolu\AppData\Local\Programs\Python\Python312\Lib\unittest\mock.py", line 1139, in __call__
    return self._mock_call(*args, **kwargs)
           ^^^^^^^^^^^^^^^^^^^^^^^^^^^^^^^^
  File "C:\Users\evolu\AppData\Local\Programs\Python\Python312\Lib\unittest\mock.py", line 1143, in _mock_call
    return self._execute_mock_call(*args, **kwargs)
           ^^^^^^^^^^^^^^^^^^^^^^^^^^^^^^^^^^^^^^^^
  File "C:\Users\evolu\AppData\Local\Programs\Python\Python312\Lib\unittest\mock.py", line 1198, in _execute_mock_call
    raise effect
src.exceptions.FFmpegError: 失敗
2026-09-17 09:51:54,412 [INFO] src.modules.loudness_normalizer: ラウドネス正規化は無効のためスキップ
2026-09-17 09:51:54,412 [WARNING] src.modules.loudness_normalizer: ラウドネス測定に失敗したため正規化をスキップ (元音声のまま継続): in.mp4
2026-09-17 09:51:54,412 [INFO] src.modules.loudness_normalizer: 音声ストリームが無いためラウドネス正規化をスキップ: in.mp4
2026-09-17 09:51:54,419 [INFO] src.modules.loudness_normalizer: ラウドネス正規化 完了: out.mp4
2026-09-17 09:51:54,419 [INFO] src.modules.loudness_normalizer: 入力ラウドネス: I=-9.2 LUFS / TP=-0.3 dBTP / LRA=5.1 LU → 目標 I=-14.0 LUFS / TP=-1.0 dBTP (offset 0.4 dB)
2026-09-17 09:51:54,424 [INFO] src.modules.loudness_normalizer: ラウドネス正規化 完了: out.mp4
2026-09-17 09:51:54,426 [INFO] src.timeline.media_recovery: 本編素材を元動画から作り直します: C:\Users\evolu\AppData\Local\Temp\media_recovery_test__2ph9_p_\sample.mp4
2026-09-17 09:51:54,428 [WARNING] src.timeline.media_recovery: 素材が見つかりません: m2 (C:\Users\evolu\AppData\Local\Temp\media_recovery_test_2e0kdes7\gone.png)
2026-09-17 09:51:54,428 [INFO] src.timeline.media_recovery: 素材を差し替え済みのフォルダで見つけました: m3 → C:\Users\evolu\AppData\Local\Temp\media_recovery_test_wqrsc2c_\moved\logo2.png
2026-09-17 09:51:54,430 [INFO] src.timeline.media_recovery: 本編素材を元動画から作り直します: C:\Users\evolu\AppData\Local\Temp\media_recovery_test_1r5d8_ov\sample.mp4
2026-09-17 09:51:54,432 [WARNING] src.timeline.media_recovery: 元動画が見つからないため本編素材を復旧できません: C:\Users\evolu\AppData\Local\Temp\media_recovery_test_i6acqrz7\no_such_input.mp4
2026-09-17 09:51:54,432 [WARNING] src.timeline.media_recovery: 素材が見つかりません: m1 (C:\Users\evolu\AppData\Local\Temp\media_recovery_test_i6acqrz7\work\loudness_normalized.mp4)
2026-09-17 09:51:54,432 [INFO] src.timeline.media_recovery: 本編素材は元動画そのものだったため、そのまま使います: C:\Users\evolu\AppData\Local\Temp\media_recovery_test_9xgebclp\sample.mp4
2026-09-17 09:51:54,435 [INFO] src.timeline.media_recovery: 素材を相対パスで見つけました: m2 → C:\Users\evolu\AppData\Local\Temp\media_recovery_test_4zprpaoi\assets\logo.png
2026-09-17 09:51:54,437 [INFO] src.timeline.media_recovery: 設定に従い元動画をそのまま使います (音量は正規化前): C:\Users\evolu\AppData\Local\Temp\media_recovery_test_r2udh7wq\sample.mp4
2026-09-17 09:51:54,438 [INFO] src.services.points: ポイントを予約しました: clip/video 25pt (watermark=False)
2026-09-17 09:51:54,438 [WARNING] src.services.points: ポイント残高を取得できませんでした: 断
2026-09-17 09:51:54,438 [INFO] src.services.points: ポイントを予約しました: clip/video 25pt (watermark=False)
2026-09-17 09:51:54,438 [WARNING] src.services.points: ポイントのcommitを送信できませんでした (再送します): 接続できません
2026-09-17 09:51:54,455 [INFO] src.services.points: ポイントを予約しました: clip/video 25pt (watermark=False)
2026-09-17 09:51:54,469 [WARNING] src.services.points: ポイントのcommitを送信できませんでした (再送します): 断
2026-09-17 09:51:54,474 [INFO] src.services.points: 保留していたポイント処理を 2 件送信しました。
2026-09-17 09:51:54,475 [WARNING] src.services.points: ポイントを予約できませんでした: 再ログインが必要です。
2026-09-17 09:51:54,476 [INFO] src.services.points: ポイントを予約しました: clip/video 25pt (watermark=False)
2026-09-17 09:51:54,476 [WARNING] src.services.points: ポイントのcancelが拒否されました: 確定済み
2026-09-17 09:51:54,478 [INFO] src.services.points: 保留していたポイント処理を 1 件送信しました。
2026-09-17 09:51:54,478 [INFO] src.services.points: ポイントを予約しました: clip/video 25pt (watermark=False)
2026-09-17 09:51:54,488 [INFO] src.services.points: サブスク判定のキャッシュが古いため watermark を入れます。
2026-09-17 09:51:54,488 [WARNING] src.services.points: ポイントを予約できませんでした (オフライン): 接続できません
2026-09-17 09:51:54,496 [WARNING] src.services.points: ポイントを予約できませんでした (オフライン): 接続できません
2026-09-17 09:51:54,503 [WARNING] src.services.points: ポイントを予約できませんでした (オフライン): 接続できません
2026-09-17 09:51:54,504 [WARNING] src.services.points: ポイントを予約できませんでした: 想定外
2026-09-17 09:51:54,505 [INFO] src.services.points: ポイントを予約しました: clip/resolveProject 0pt (watermark=False)
2026-09-17 09:51:54,519 [INFO] src.services.points: ポイントを予約しました: clip/video 25pt (watermark=False)
2026-09-17 09:51:54,520 [INFO] src.services.points: ポイントを予約しました: archive/video 0pt (watermark=True)
2026-09-17 09:51:54,538 [WARNING] src.timeline.builder: フレーム間引きの設定が不正なため none を使用します: 'all'
2026-09-17 09:51:54,553 [INFO] src.timeline.project_io: プロジェクト保存: C:\Users\evolu\AppData\Local\Temp\library_summary_p484vn41\vod.archive.timeline.json
2026-09-17 09:51:54,584 [WARNING] src.timeline.project_io: プロジェクトの概要を読めませんでした: C:\Users\evolu\AppData\Local\Temp\library_summary_m28g6em5\broken.timeline.json
2026-09-17 09:51:54,588 [INFO] src.timeline.project_io: プロジェクト保存: C:\Users\evolu\AppData\Local\Temp\library_summary_incsbel6\sample.timeline.json
2026-09-17 09:51:54,608 [INFO] src.timeline.project_io: プロジェクト保存: C:\Users\evolu\AppData\Local\Temp\library_summary_zsjctnp5\sample.timeline.json
2026-09-17 09:51:54,621 [INFO] src.timeline.project_io: プロジェクト保存: C:\Users\evolu\AppData\Local\Temp\library_rename_yxosbsz_\old.timeline.json
2026-09-17 09:51:54,621 [INFO] src.timeline.project_io: プロジェクト保存: C:\Users\evolu\AppData\Local\Temp\library_rename_wctw8r7v\old.timeline.json
2026-09-17 09:51:54,638 [INFO] src.timeline.project_io: プロジェクト保存: C:\Users\evolu\AppData\Local\Temp\library_rename_l6t3zbp_\old.timeline.json
2026-09-17 09:51:54,655 [INFO] src.timeline.project_io: プロジェクトを改名しました: old.timeline.json → new.timeline.json
2026-09-17 09:51:54,675 [INFO] src.timeline.project_io: プロジェクト保存: C:\Users\evolu\AppData\Local\Temp\library_rename_n1xplzym\old.timeline.json
2026-09-17 09:51:54,692 [INFO] src.timeline.project_io: プロジェクトを改名しました: old.timeline.json → new.timeline.json
2026-09-17 09:51:54,696 [INFO] src.timeline.project_io: プロジェクト保存: C:\Users\evolu\AppData\Local\Temp\library_rename_j1wvf8ce\old.timeline.json
2026-09-17 09:51:54,708 [INFO] src.timeline.project_io: プロジェクトが 5 件見つかりました (新しい 2 件を表示します)
2026-09-17 09:51:54,741 [WARNING] src.export.resolve_export: ソース総尺の取得に失敗 (タイムライン全長で代用): C:\Users\evolu\AppData\Local\Temp\resolve_export_test_bek8pkpr\sample.mp4
2026-09-17 09:51:54,754 [WARNING] src.export.resolve_export: ソース総尺の取得に失敗 (タイムライン全長で代用): C:\Users\evolu\AppData\Local\Temp\resolve_export_test_aq43vgkh\sample.mp4
2026-09-17 09:51:54,774 [WARNING] src.export.resolve_export: ソース総尺の取得に失敗 (タイムライン全長で代用): C:\Users\evolu\AppData\Local\Temp\resolve_export_test_75ifp4dy\sample.mp4
2026-09-17 09:51:54,790 [WARNING] src.export.resolve_export: ソース総尺の取得に失敗 (タイムライン全長で代用): C:\Users\evolu\AppData\Local\Temp\resolve_export_test_327nofrp\sample.mp4
2026-09-17 09:51:54,790 [WARNING] src.export.resolve_export: テーマ演出はテキストと区間のみを出力します (ブラー・黒帯などの映像エフェクトは FCPXML で表現できません)。
2026-09-17 09:51:54,790 [WARNING] src.export.resolve_export: 字幕位置は配置(alignment)＋余白からの近似です。Resolve 取り込み時に位置が中央へ戻る場合があります (フォント/サイズ/色は保持)。
2026-09-17 09:51:54,805 [WARNING] src.export.resolve_export: ソース総尺の取得に失敗 (タイムライン全長で代用): C:\Users\evolu\AppData\Local\Temp\resolve_export_test_qhin1bcm\sample.mp4
2026-09-17 09:51:54,807 [WARNING] src.export.resolve_export: ソース総尺の取得に失敗 (タイムライン全長で代用): C:\Users\evolu\AppData\Local\Temp\resolve_export_test_exugu49z\sample.mp4
2026-09-17 09:51:54,821 [WARNING] src.export.resolve_export: ソース総尺の取得に失敗 (タイムライン全長で代用): C:\Users\evolu\AppData\Local\Temp\resolve_export_test_6bah086a\sample.mp4
2026-09-17 09:51:54,837 [WARNING] src.export.resolve_export: ソース総尺の取得に失敗 (タイムライン全長で代用): C:\Users\evolu\AppData\Local\Temp\resolve_export_test_6bah086a\sample.mp4
2026-09-17 09:51:54,855 [WARNING] src.export.resolve_export: ソース総尺の取得に失敗 (タイムライン全長で代用): C:\Users\evolu\AppData\Local\Temp\resolve_export_test_v7is0em2\sample.mp4
2026-09-17 09:51:54,855 [WARNING] src.export.resolve_export: 未対応の字幕出力方式 export.resolve.subtitle.mode=bogus のため caption で出力します
2026-09-17 09:51:54,870 [WARNING] src.export.resolve_export: ソース総尺の取得に失敗 (タイムライン全長で代用): C:\Users\evolu\AppData\Local\Temp\resolve_export_test_n25ouvxk\sample.mp4
2026-09-17 09:51:54,887 [WARNING] src.export.resolve_export: ソース総尺の取得に失敗 (タイムライン全長で代用): C:\Users\evolu\AppData\Local\Temp\resolve_export_test_m5ext0_u\sample.mp4
2026-09-17 09:51:54,902 [WARNING] src.export.resolve_export: ソース総尺の取得に失敗 (タイムライン全長で代用): C:\Users\evolu\AppData\Local\Temp\resolve_export_test_vm3mw22o\sample.mp4
2026-09-17 09:51:54,917 [WARNING] src.export.resolve_export: ソース総尺の取得に失敗 (タイムライン全長で代用): C:\Users\evolu\AppData\Local\Temp\resolve_export_test_4bduzmdy\sample.mp4
2026-09-17 09:51:54,934 [WARNING] src.export.resolve_export: ソース総尺の取得に失敗 (タイムライン全長で代用): C:\Users\evolu\AppData\Local\Temp\resolve_export_test_zkb5_kp0\sample.mp4
2026-09-17 09:51:54,952 [WARNING] src.export.resolve_export: ソース総尺の取得に失敗 (タイムライン全長で代用): C:\Users\evolu\AppData\Local\Temp\resolve_export_test_eaituw_n\sample.mp4
2026-09-17 09:51:54,954 [WARNING] src.export.resolve_export: ソース総尺の取得に失敗 (タイムライン全長で代用): C:\Users\evolu\AppData\Local\Temp\resolve_export_test_y3wvw9rh\sample.mp4
2026-09-17 09:51:54,983 [WARNING] src.export.resolve_export: ソース総尺の取得に失敗 (タイムライン全長で代用): C:\Users\evolu\AppData\Local\Temp\resolve_export_test_ak0o3wa0\sample.mp4
2026-09-17 09:51:55,003 [WARNING] src.export.resolve_export: ソース総尺の取得に失敗 (タイムライン全長で代用): C:\Users\evolu\AppData\Local\Temp\resolve_export_test_tykthvjv\sample.mp4
2026-09-17 09:51:55,003 [INFO] src.export.resolve_export: 編集点が無いため全長 1 クリップとして出力します
2026-09-17 09:51:55,021 [WARNING] src.export.resolve_export: ソース総尺の取得に失敗 (タイムライン全長で代用): C:\Users\evolu\AppData\Local\Temp\resolve_export_test_odmkgwtl\sample.mp4
2026-09-17 09:51:55,021 [INFO] src.export.resolve_export: Resolve 出力開始: C:\Users\evolu\AppData\Local\Temp\resolve_export_test_odmkgwtl\out2.fcpxml (クリップ 1 件 / 字幕 caption 1 件 / title・テーマ 0 件 / 1920x1080 60fps)
2026-09-17 09:51:55,023 [INFO] src.export.resolve_export: 字幕トラックのスタイルは Resolve の字幕トラックヘッダー選択 → インスペクタ → Track Style で一括設定できます (Resolve 19 以降は Text+ スタイルも指定可)。
2026-09-17 09:51:55,023 [INFO] src.export.resolve_export: Resolve 出力完了: C:\Users\evolu\AppData\Local\Temp\resolve_export_test_odmkgwtl\out2.fcpxml (タイムライン尺 5.00s)
2026-09-17 09:51:55,042 [WARNING] src.export.resolve_export: ソース総尺の取得に失敗 (タイムライン全長で代用): C:\Users\evolu\AppData\Local\Temp\resolve_export_test_39wfu8wa\sample.mp4
2026-09-17 09:51:55,043 [INFO] src.export.resolve_export: Resolve 出力開始: C:\Users\evolu\AppData\Local\Temp\resolve_export_test_39wfu8wa\out3.fcpxml (クリップ 1 件 / 字幕 caption 0 件 / title・テーマ 0 件 / 1920x1080 60fps)
2026-09-17 09:51:55,044 [INFO] src.export.resolve_export: Resolve 出力完了: C:\Users\evolu\AppData\Local\Temp\resolve_export_test_39wfu8wa\out3.fcpxml (タイムライン尺 5.00s)
2026-09-17 09:51:55,055 [WARNING] src.export.resolve_export: ソース総尺の取得に失敗 (タイムライン全長で代用): C:\Users\evolu\AppData\Local\Temp\resolve_export_test_v22dk1fv\sample.mp4
2026-09-17 09:51:55,055 [INFO] src.export.resolve_export: Resolve 出力開始: C:\Users\evolu\AppData\Local\Temp\resolve_export_test_v22dk1fv\out.fcpxml (クリップ 1 件 / 字幕 caption 1 件 / title・テーマ 0 件 / 1920x1080 60fps)
2026-09-17 09:51:55,067 [INFO] src.export.resolve_export: SRT サイドカー出力: C:\Users\evolu\AppData\Local\Temp\resolve_export_test_v22dk1fv\out.srt (1 件)
2026-09-17 09:51:55,068 [INFO] src.export.resolve_export: Resolve 出力完了: C:\Users\evolu\AppData\Local\Temp\resolve_export_test_v22dk1fv\out.fcpxml / C:\Users\evolu\AppData\Local\Temp\resolve_export_test_v22dk1fv\out.srt (タイムライン尺 5.00s)
2026-09-17 09:51:55,071 [INFO] src.export.resolve_export: Resolve 出力を中止 (上書きしない): C:\Users\evolu\AppData\Local\Temp\resolve_export_test_v22dk1fv\out.fcpxml
2026-09-17 09:51:55,221 [INFO] src.modules.subtitle_generator: 縦動画のため字幕設定を縦用へ上書き (font/改行/配置/余白)
2026-09-17 09:51:55,221 [WARNING] src.services.stretheus_auth: API の日時を解釈できませんでした。
2026-09-17 09:51:55,254 [INFO] src.services.stretheus_auth: Stretheus のログインページを開きます (ポート50480)
2026-09-17 09:51:55,272 [INFO] src.services.stretheus_auth: Stretheus へログインしました。
2026-09-17 09:51:56,353 [INFO] src.services.stretheus_auth: Stretheus のログインページを開きます (ポート50488)
2026-09-17 09:51:56,354 [INFO] src.services.stretheus_auth: Stretheus へログインしました。
2026-09-17 09:51:57,379 [INFO] src.services.stretheus_auth: Stretheus のログインページを開きます (ポート50496)
2026-09-17 09:51:57,401 [INFO] src.services.stretheus_auth: Stretheus へログインしました。
2026-09-17 09:51:57,921 [INFO] src.services.stretheus_auth: Stretheus のログインページを開きます (ポート50501)
2026-09-17 09:51:57,954 [INFO] src.services.stretheus_auth: Stretheus へログインしました。
2026-09-17 09:51:58,490 [INFO] src.services.stretheus_auth: Stretheus のログインページを開きます (ポート50507)
2026-09-17 09:51:58,521 [INFO] src.services.stretheus_auth: Stretheus へログインしました。
2026-09-17 09:51:59,053 [INFO] src.services.stretheus_auth: Stretheus のログインページを開きます (ポート50513)
2026-09-17 09:51:59,071 [INFO] src.services.stretheus_auth: Stretheus へログインしました。
2026-09-17 09:51:59,572 [INFO] src.modules.subtitle_generator: テロップ個別指定 フォント 0 件 / サイズ 0 件 / 文字色 1 件 / 縁の色 0 件
2026-09-17 09:51:59,572 [INFO] src.modules.subtitle_generator: テロップ個別指定 フォント 0 件 / サイズ 0 件 / 文字色 1 件 / 縁の色 0 件
2026-09-17 09:51:59,607 [INFO] src.modules.subtitle_generator: テロップ個別指定 フォント 0 件 / サイズ 0 件 / 文字色 0 件 / 縁の色 1 件
2026-09-17 09:51:59,607 [INFO] src.modules.subtitle_generator: テロップ個別指定 フォント 0 件 / サイズ 0 件 / 文字色 0 件 / 縁の色 1 件
2026-09-17 09:51:59,621 [INFO] src.modules.subtitle_generator: テロップ個別指定 フォント 1 件 / サイズ 1 件 / 文字色 1 件 / 縁の色 1 件
2026-09-17 09:51:59,621 [INFO] src.timeline.commands: コメント用の字幕トラックを作成しました: S2
2026-09-17 09:51:59,621 [INFO] src.timeline.commands: 移動先 S2 が空いていないため役割だけ変更しました: s1
2026-09-17 09:51:59,621 [INFO] src.timeline.commands: コメント用の字幕トラックを作成しました: S2
2026-09-17 09:51:59,621 [INFO] src.timeline.commands: コメント用の字幕トラックを作成しました: S2
2026-09-17 09:51:59,621 [INFO] src.timeline.commands: コメント用の字幕トラックを作成しました: S2
2026-09-17 09:51:59,628 [INFO] src.timeline.project_io: プロジェクト保存: C:\Users\evolu\AppData\Local\Temp\tmpa40xtiiv\sample.timeline.json
2026-09-17 09:51:59,642 [INFO] src.modules.subtitle_generator: VAD フィルタ有効 (min_silence=500ms, speech_pad=100ms, condition_on_previous_text=False)
2026-09-17 09:51:59,642 [WARNING] src.modules.subtitle_generator: VAD 付き認識に失敗したため VAD 無しで再試行します: VAD の初期化に失敗しました (テスト)
2026-09-17 09:51:59,643 [INFO] src.modules.subtitle_generator: VAD フィルタ有効 (min_silence=800ms, speech_pad=100ms, condition_on_previous_text=False)
2026-09-17 09:51:59,643 [INFO] src.modules.subtitle_generator: VAD フィルタ有効 (min_silence=500ms, speech_pad=100ms, condition_on_previous_text=False)
2026-09-17 09:51:59,652 [INFO] src.timeline.commands: 貼り付けの割り込み: V1 の 5.000s へ 10.00s を確保 / 移動 2 件・分割 1 件・切詰 0 件
2026-09-17 09:51:59,652 [INFO] src.timeline.commands: 貼り付けの割り込み: V2 の 5.000s へ 10.00s を確保 / 移動 2 件・分割 0 件・切詰 0 件
2026-09-17 09:51:59,652 [INFO] src.timeline.commands: 貼り付けの割り込み: S1 の 5.000s へ 10.00s を確保 / 移動 1 件・分割 0 件・切詰 0 件
2026-09-17 09:51:59,652 [INFO] src.timeline.commands: 貼り付けの割り込み: V1 の 5.000s へ 10.00s を確保 / 移動 2 件・分割 1 件・切詰 0 件
2026-09-17 09:51:59,652 [INFO] src.timeline.commands: 貼り付けの割り込み: V2 の 5.000s へ 10.00s を確保 / 移動 2 件・分割 0 件・切詰 0 件
2026-09-17 09:51:59,652 [INFO] src.timeline.commands: 貼り付けの割り込み: S1 の 5.000s へ 10.00s を確保 / 移動 1 件・分割 0 件・切詰 0 件
2026-09-17 09:51:59,652 [INFO] src.timeline.commands: 貼り付けの割り込み: V1 の 5.000s へ 10.00s を確保 / 移動 2 件・分割 1 件・切詰 0 件
2026-09-17 09:51:59,652 [INFO] src.timeline.commands: 貼り付けの割り込み: V2 の 5.000s へ 10.00s を確保 / 移動 2 件・分割 0 件・切詰 0 件
2026-09-17 09:51:59,652 [INFO] src.timeline.commands: 貼り付けの割り込み: S1 の 5.000s へ 10.00s を確保 / 移動 1 件・分割 0 件・切詰 0 件
2026-09-17 09:51:59,653 [INFO] src.timeline.commands: 貼り付けの割り込み: V1 の 5.000s へ 15.00s を確保 / 移動 3 件・分割 0 件・切詰 0 件
2026-09-17 09:51:59,653 [INFO] src.timeline.commands: 貼り付けの割り込み: V2 の 5.000s へ 15.00s を確保 / 移動 2 件・分割 0 件・切詰 0 件
2026-09-17 09:51:59,653 [INFO] src.timeline.commands: 貼り付けの割り込み: S1 の 5.000s へ 15.00s を確保 / 移動 1 件・分割 0 件・切詰 0 件
2026-09-17 09:51:59,653 [INFO] src.timeline.commands: 貼り付けの割り込み: V1 の 10.020s へ 10.02s を確保 / 移動 2 件・分割 0 件・切詰 0 件
2026-09-17 09:51:59,653 [INFO] src.timeline.commands: 貼り付けの割り込み: V2 の 10.020s へ 10.02s を確保 / 移動 1 件・分割 0 件・切詰 0 件
2026-09-17 09:51:59,653 [INFO] src.timeline.commands: 貼り付けの割り込み: S1 の 10.020s へ 10.02s を確保 / 移動 1 件・分割 0 件・切詰 0 件
2026-09-17 09:51:59,654 [INFO] src.timeline.commands: 貼り付けの割り込み: V1 の 19.980s へ 9.98s を確保 / 移動 1 件・分割 0 件・切詰 1 件
2026-09-17 09:51:59,654 [INFO] src.timeline.commands: 貼り付けの割り込み: V2 の 19.980s へ 9.98s を確保 / 移動 1 件・分割 0 件・切詰 0 件
2026-09-17 09:51:59,654 [INFO] src.timeline.commands: 貼り付けの割り込み: S1 の 19.980s へ 9.98s を確保 / 移動 0 件・分割 0 件・切詰 0 件
2026-09-17 09:51:59,654 [WARNING] src.timeline.commands: 素材が見つからないため貼り付けません: D:\develop\autoedit\tests\存在しない素材.mp4
2026-09-17 09:51:59,654 [INFO] src.timeline.commands: 貼り付けの割り込み: V1 の 5.000s へ 10.00s を確保 / 移動 2 件・分割 1 件・切詰 0 件
2026-09-17 09:51:59,654 [INFO] src.timeline.commands: 貼り付けの割り込み: V2 の 5.000s へ 10.00s を確保 / 移動 2 件・分割 0 件・切詰 0 件
2026-09-17 09:51:59,654 [INFO] src.timeline.commands: 貼り付けの割り込み: S1 の 5.000s へ 10.00s を確保 / 移動 1 件・分割 0 件・切詰 0 件
2026-09-17 09:51:59,654 [INFO] src.timeline.commands: 貼り付けの割り込み: V1 の 5.000s へ 10.00s を確保 / 移動 2 件・分割 1 件・切詰 0 件
2026-09-17 09:51:59,654 [INFO] src.timeline.commands: 貼り付けの割り込み: V2 の 5.000s へ 10.00s を確保 / 移動 2 件・分割 0 件・切詰 0 件
2026-09-17 09:51:59,654 [INFO] src.timeline.commands: 貼り付けの割り込み: S1 の 5.000s へ 10.00s を確保 / 移動 1 件・分割 0 件・切詰 0 件
2026-09-17 09:51:59,654 [INFO] src.timeline.commands: 貼り付けの割り込み: V1 の 5.000s へ 10.00s を確保 / 移動 2 件・分割 1 件・切詰 0 件
2026-09-17 09:51:59,654 [INFO] src.timeline.commands: 貼り付けの割り込み: V2 の 5.000s へ 10.00s を確保 / 移動 2 件・分割 0 件・切詰 0 件
2026-09-17 09:51:59,654 [INFO] src.timeline.commands: 貼り付けの割り込み: S1 の 5.000s へ 10.00s を確保 / 移動 1 件・分割 0 件・切詰 0 件
2026-09-17 09:51:59,654 [INFO] src.timeline.commands: 貼り付けの割り込み: V1 の 5.000s へ 10.00s を確保 / 移動 2 件・分割 1 件・切詰 0 件
2026-09-17 09:51:59,654 [INFO] src.timeline.commands: 貼り付けの割り込み: V2 の 5.000s へ 10.00s を確保 / 移動 2 件・分割 0 件・切詰 0 件
2026-09-17 09:51:59,654 [INFO] src.timeline.commands: 貼り付けの割り込み: S1 の 5.000s へ 10.00s を確保 / 移動 1 件・分割 0 件・切詰 0 件
2026-09-17 09:51:59,654 [INFO] src.timeline.commands: 貼り付けの割り込み: V1 の 5.000s へ 10.00s を確保 / 移動 2 件・分割 1 件・切詰 0 件
2026-09-17 09:51:59,654 [INFO] src.timeline.commands: 貼り付けの割り込み: V2 の 5.000s へ 10.00s を確保 / 移動 2 件・分割 0 件・切詰 0 件
2026-09-17 09:51:59,654 [INFO] src.timeline.commands: 貼り付けの割り込み: S1 の 5.000s へ 10.00s を確保 / 移動 1 件・分割 0 件・切詰 0 件
2026-09-17 09:51:59,654 [INFO] src.timeline.commands: 貼り付けの割り込み: V2 の 4.000s へ 2.00s を確保 / 移動 2 件・分割 0 件・切詰 0 件
2026-09-17 09:51:59,654 [INFO] src.timeline.commands: 貼り付けの割り込み: V2 の 4.000s へ 2.00s を確保 / 移動 2 件・分割 0 件・切詰 0 件
2026-09-17 09:51:59,654 [INFO] src.timeline.commands: 貼り付けの割り込み: V2 の 4.000s へ 2.00s を確保 / 移動 2 件・分割 0 件・切詰 0 件
2026-09-17 09:51:59,654 [INFO] src.timeline.clipboard: Timeline のノードをコピーしました: 1 件
2026-09-17 09:51:59,654 [INFO] src.timeline.clipboard: Timeline のノードをコピーしました: 1 件
2026-09-17 09:51:59,654 [INFO] src.timeline.commands: 貼り付けの割り込み: V1 の 4.000s へ 2.00s を確保 / 移動 2 件・分割 1 件・切詰 0 件
2026-09-17 09:51:59,654 [INFO] src.timeline.commands: 貼り付けの割り込み: V2 の 4.000s へ 2.00s を確保 / 移動 2 件・分割 0 件・切詰 0 件
2026-09-17 09:51:59,654 [INFO] src.timeline.commands: 貼り付けの割り込み: S1 の 4.000s へ 2.00s を確保 / 移動 1 件・分割 0 件・切詰 0 件
2026-09-17 09:51:59,654 [INFO] src.timeline.commands: 貼り付けの割り込み: V2 の 4.000s へ 2.00s を確保 / 移動 2 件・分割 0 件・切詰 0 件
2026-09-17 09:51:59,654 [INFO] src.timeline.commands: 貼り付けの割り込み: V1 の 5.000s へ 10.00s を確保 / 移動 2 件・分割 1 件・切詰 0 件
2026-09-17 09:51:59,654 [INFO] src.timeline.commands: 貼り付けの割り込み: V2 の 5.000s へ 10.00s を確保 / 移動 2 件・分割 0 件・切詰 0 件
2026-09-17 09:51:59,654 [INFO] src.timeline.commands: 貼り付けの割り込み: V1 の 5.000s へ 10.00s を確保 / 移動 2 件・分割 1 件・切詰 0 件
2026-09-17 09:51:59,654 [WARNING] src.timeline.builder: 貼り付けの設定が不正なため既定 base_syncs_all を使用します: 'なにか'
2026-09-17 09:51:59,654 [WARNING] src.timeline.builder: 貼り付けの設定が不正なため既定 split を使用します: 123
2026-09-17 09:51:59,654 [INFO] src.timeline.commands: 貼り付けの割り込み: V1 の 5.000s へ 10.00s を確保 / 移動 2 件・分割 1 件・切詰 0 件
2026-09-17 09:51:59,654 [INFO] src.timeline.commands: 貼り付けの割り込み: V2 の 5.000s へ 10.00s を確保 / 移動 2 件・分割 0 件・切詰 0 件
2026-09-17 09:51:59,654 [INFO] src.timeline.commands: 貼り付けの割り込み: S1 の 5.000s へ 10.00s を確保 / 移動 1 件・分割 0 件・切詰 0 件
2026-09-17 09:51:59,654 [WARNING] src.timeline.commands: 映像トラックの上限 (3) に達しているため追加できません
2026-09-17 09:51:59,654 [INFO] src.timeline.commands: 字幕を追加できる空きがありません (2.000 秒)
2026-09-17 09:51:59,654 [INFO] src.timeline.commands: 字幕を追加できる空きがありません (0.990 秒)
2026-09-17 09:51:59,654 [INFO] src.timeline.commands: リップル: 10.000〜20.000s (10.00s) を除去 / 削除 1 件・短縮 0 件・移動 1 件
2026-09-17 09:51:59,654 [INFO] src.timeline.commands: リップル: 10.000〜20.000s (10.00s) を除去 / 削除 1 件・短縮 0 件・移動 1 件
2026-09-17 09:51:59,654 [INFO] src.timeline.commands: リップル: 10.000〜20.000s (10.00s) を除去 / 削除 1 件・短縮 0 件・移動 1 件
2026-09-17 09:51:59,654 [INFO] src.timeline.commands: リップル: 0.000〜10.000s (10.00s) を除去 / 削除 2 件・短縮 0 件・移動 1 件
2026-09-17 09:51:59,654 [INFO] src.timeline.commands: リップル: 10.000〜20.000s (10.00s) を除去 / 削除 1 件・短縮 0 件・移動 1 件
2026-09-17 09:51:59,661 [INFO] src.timeline.commands: リップル: 10.000〜20.000s (10.00s) を除去 / 削除 2 件・短縮 1 件・移動 2 件
2026-09-17 09:51:59,662 [INFO] src.timeline.commands: リップル: 10.000〜20.000s (10.00s) を除去 / 削除 2 件・短縮 1 件・移動 2 件
2026-09-17 09:51:59,662 [INFO] src.timeline.commands: リップル: 10.000〜20.000s (10.00s) を除去 / 削除 2 件・短縮 1 件・移動 2 件
2026-09-17 09:51:59,662 [INFO] src.timeline.commands: リップル: 10.000〜20.000s (10.00s) を除去 / 削除 2 件・短縮 1 件・移動 2 件
2026-09-17 09:51:59,662 [INFO] src.timeline.commands: リップル: 10.000〜20.000s (10.00s) を除去 / 削除 2 件・短縮 1 件・移動 2 件
2026-09-17 09:51:59,662 [INFO] src.timeline.commands: リップル: 10.000〜20.000s (10.00s) を除去 / 削除 2 件・短縮 1 件・移動 2 件
2026-09-17 09:51:59,662 [INFO] src.timeline.commands: リップル: 10.000〜20.000s (10.00s) を除去 / 削除 2 件・短縮 0 件・移動 3 件
2026-09-17 09:51:59,662 [INFO] src.timeline.commands: リップル: 10.000〜20.000s (10.00s) を除去 / 削除 1 件・短縮 0 件・移動 1 件
2026-09-17 09:51:59,662 [INFO] src.timeline.commands: リップル: 10.000〜20.000s (10.00s) を除去 / 削除 2 件・短縮 1 件・移動 2 件
2026-09-17 09:51:59,662 [INFO] src.timeline.commands: 残り尺が下限を割るためクリップごとリップル削除しました: c2
2026-09-17 09:51:59,662 [INFO] src.timeline.commands: リップル: 10.000〜20.000s (10.00s) を除去 / 削除 1 件・短縮 0 件・移動 2 件
2026-09-17 09:51:59,663 [INFO] src.timeline.commands: リップル: 15.000〜20.000s (5.00s) を除去 / 削除 0 件・短縮 1 件・移動 2 件
2026-09-17 09:51:59,663 [INFO] src.timeline.commands: リップル: 10.000〜15.000s (5.00s) を除去 / 削除 0 件・短縮 1 件・移動 2 件
2026-09-17 09:51:59,663 [INFO] src.timeline.commands: リップル: 15.000〜20.000s (5.00s) を除去 / 削除 0 件・短縮 1 件・移動 2 件
2026-09-17 09:51:59,663 [INFO] src.timeline.commands: リップル: 15.000〜20.000s (5.00s) を除去 / 削除 0 件・短縮 1 件・移動 2 件
2026-09-17 09:51:59,663 [INFO] src.timeline.commands: リップル: 26.000〜27.000s (1.00s) を除去 / 削除 0 件・短縮 2 件・移動 0 件
2026-09-17 09:51:59,663 [INFO] src.timeline.commands: リップル: 10.000〜20.000s (10.00s) を除去 / 削除 1 件・短縮 0 件・移動 1 件
2026-09-17 09:51:59,663 [INFO] src.timeline.commands: リップル: 10.000〜20.000s (10.00s) を除去 / 削除 1 件・短縮 0 件・移動 1 件
2026-09-17 09:51:59,663 [INFO] src.timeline.commands: リップル: 10.000〜20.000s (10.00s) を除去 / 削除 1 件・短縮 0 件・移動 1 件
2026-09-17 09:51:59,665 [INFO] src.timeline.project_io: プロジェクト保存: C:\Users\evolu\AppData\Local\Temp\timeline_io_test_6h7d15ml\sample.timeline.json
2026-09-17 09:51:59,672 [INFO] src.timeline.project_io: プロジェクト読込: C:\Users\evolu\AppData\Local\Temp\timeline_io_test_6h7d15ml\sample.timeline.json
2026-09-17 09:51:59,685 [INFO] src.timeline.project_io: プロジェクト保存: C:\Users\evolu\AppData\Local\Temp\timeline_io_test_6h7d15ml\sample.timeline.json
2026-09-17 09:51:59,687 [INFO] src.timeline.project_io: プロジェクト読込: C:\Users\evolu\AppData\Local\Temp\timeline_io_test_6h7d15ml\sample.timeline.json
2026-09-17 09:51:59,688 [INFO] src.timeline.project_io: プロジェクト保存: C:\Users\evolu\AppData\Local\Temp\timeline_io_test_mhwpxeam\sample.timeline.json
2026-09-17 09:51:59,703 [INFO] src.timeline.project_io: プロジェクト読込: C:\Users\evolu\AppData\Local\Temp\timeline_io_test_mhwpxeam\sample.timeline.json
2026-09-17 09:51:59,706 [INFO] src.timeline.project_io: プロジェクト保存: C:\Users\evolu\AppData\Local\Temp\timeline_io_test_ypfs_g_4\sample.timeline.json
2026-09-17 09:51:59,721 [WARNING] src.timeline.project_io: メディアの実体が見つかりません (1 件)。該当クリップを無効化します: m1
2026-09-17 09:51:59,721 [INFO] src.timeline.project_io: プロジェクト保存: C:\Users\evolu\AppData\Local\Temp\timeline_io_test_50kuayg4\sample.timeline.json
2026-09-17 09:51:59,738 [INFO] src.timeline.project_io: プロジェクト保存: C:\Users\evolu\AppData\Local\Temp\timeline_io_test__v8yivh9\sample.timeline.json
2026-09-17 09:51:59,743 [WARNING] src.timeline.project_io: 編集点の区間が不正なため無視します: 20.000→15.000
2026-09-17 09:51:59,743 [WARNING] src.timeline.project_io: メディアの実体が見つかりません (1 件)。該当クリップを無効化します: m1
2026-09-17 09:51:59,745 [WARNING] src.timeline.project_io: 音声クリップ a1 のリンク先 no_such_clip が存在しないため除外します (該当区間は無音になります)
2026-09-17 09:51:59,746 [WARNING] src.timeline.project_io: トラック V1 でクリップ c2 が重複しているため 12.480 へ移動します
2026-09-17 09:51:59,749 [WARNING] src.timeline.project_io: クリップ c2 の尺 (0.001s) が下限 (0.050s) 未満のため除外します
2026-09-17 09:51:59,749 [WARNING] src.timeline.project_io: 音声クリップ a2 のリンク先 c2 が存在しないため除外します (該当区間は無音になります)
2026-09-17 09:51:59,831 [INFO] src.utils.trash: ゴミ箱へ移動しました (2 件)
2026-09-17 09:51:59,835 [WARNING] src.timeline.builder: 寸法の設定が不正なため既定 8000 を使用します: 0
2026-09-17 09:57:39,472 [WARNING] src.blur.config: 未知の blur.default_policy のため既定を使用します: なにか変な値
2026-09-17 09:57:39,472 [WARNING] src.blur.config: 未知の blur.render.mode のため既定を使用します: unknown
2026-09-17 09:57:39,534 [INFO] src.blur.tracker: 人物クラスタリング: tracklet 2 本 → 人物 2 人 (主役 p1)
2026-09-17 09:57:39,534 [INFO] src.blur.tracker: 人物クラスタリング: tracklet 3 本 → 人物 2 人 (主役 p1)
2026-09-17 09:57:39,535 [INFO] src.blur.tracker: 人物クラスタリング: tracklet 2 本 → 人物 2 人 (主役 p1)
2026-09-17 09:57:39,535 [INFO] src.blur.tracker: 人物クラスタリング: tracklet 2 本 → 人物 1 人 (主役 p1)
2026-09-17 09:57:39,535 [INFO] src.blur.tracker: 人物クラスタリング: tracklet 2 本 → 人物 1 人 (主役 p1)
2026-09-17 09:57:39,535 [INFO] src.blur.tracker: 人物クラスタリング: tracklet 2 本 → 人物 1 人 (主役 p1)
2026-09-17 09:57:39,535 [INFO] src.blur.tracker: 人物クラスタリング: tracklet 2 本 → 人物 2 人 (主役 p1)
2026-09-17 09:57:42,385 [INFO] src.blur.region_tracker: 領域の追従: 2 件のトラックを追加しました
2026-09-17 09:57:56,134 [INFO] src.archive.timeline_builder: アーカイブ Timeline 構築: 2 クリップ / V1 2 本 / S1 0 件 / 全長 60.0s
2026-09-17 09:57:56,134 [INFO] src.archive.timeline_builder: アーカイブ Timeline 構築: 2 クリップ / V1 2 本 / S1 0 件 / 全長 60.0s
2026-09-17 09:57:56,134 [WARNING] src.archive.marker_source: VOD 外のマーカーを 2 件除外しました (尺 7200.0s)
2026-09-17 09:57:56,141 [INFO] src.archive.clip_writer: clip1 prepare 完了 (字幕 2 件)
2026-09-17 09:57:56,143 [INFO] src.archive.clip_writer: clip1 prepare 完了 (字幕 2 件)
2026-09-17 09:57:56,143 [INFO] src.archive.clip_writer: 編集点準備: 残す区間 2 件 / 想定尺 10.00s (素材 30.00s)
2026-09-17 09:57:56,144 [INFO] src.archive.clip_writer: clip1 prepare 完了 (字幕 2 件 / 実カットなし)
2026-09-17 09:57:56,144 [INFO] src.archive.clip_writer: 編集点準備: 残す区間 2 件 / 想定尺 10.00s (素材 30.00s)
2026-09-17 09:57:56,144 [INFO] src.archive.clip_writer: clip1 prepare 完了 (字幕 2 件 / 実カットなし)
2026-09-17 09:57:56,147 [INFO] src.archive.clip_writer: 編集点準備: 残す区間 2 件 / 想定尺 10.00s (素材 30.00s)
2026-09-17 09:57:56,147 [INFO] src.archive.clip_writer: clip1 prepare 完了 (字幕 2 件 / 実カットなし)
2026-09-17 09:57:56,148 [INFO] src.archive.clip_writer: 編集点準備: 残す区間 2 件 / 想定尺 10.00s (素材 30.00s)
2026-09-17 09:57:56,148 [INFO] src.archive.clip_writer: clip1 prepare 完了 (字幕 2 件 / 実カットなし)
2026-09-17 09:57:56,150 [INFO] src.archive.clip_writer: 編集点準備: 残す区間 2 件 / 想定尺 10.00s (素材 30.00s)
2026-09-17 09:57:56,150 [INFO] src.archive.clip_writer: clip1 prepare 完了 (字幕 2 件 / 実カットなし)
2026-09-17 09:57:56,150 [INFO] src.archive.clip_writer: 編集点準備: 残す区間 2 件 / 想定尺 10.00s (素材 30.00s)
2026-09-17 09:57:56,150 [INFO] src.archive.clip_writer: clip1 prepare 完了 (字幕 2 件 / 実カットなし)
2026-09-17 09:57:56,152 [INFO] src.archive.clip_writer: 編集点準備: 残す区間 2 件 / 想定尺 10.00s (素材 30.00s)
2026-09-17 09:57:56,152 [INFO] src.archive.clip_writer: clip1 prepare 完了 (字幕 0 件 / 実カットなし)
2026-09-17 09:57:56,152 [INFO] src.archive.clip_writer: 編集点準備: 残す区間 2 件 / 想定尺 10.00s (素材 30.00s)
2026-09-17 09:57:56,155 [INFO] src.timeline.project_io: プロジェクト保存: C:\Users\evolu\AppData\Local\Temp\archive_resume_66cmo7ip\vod.archive.timeline.json
2026-09-17 09:57:56,173 [INFO] src.timeline.project_io: プロジェクト読込: C:\Users\evolu\AppData\Local\Temp\archive_resume_66cmo7ip\vod.archive.timeline.json
2026-09-17 09:57:56,180 [INFO] src.timeline.project_io: プロジェクト保存: C:\Users\evolu\AppData\Local\Temp\archive_resume_ti334qz9\vod.archive.timeline.json
2026-09-17 09:57:56,184 [INFO] src.timeline.project_io: プロジェクト保存: C:\Users\evolu\AppData\Local\Temp\archive_resume_ti334qz9\clip.timeline.json
2026-09-17 09:57:56,185 [INFO] src.archive.project_resume: ==================================================
2026-09-17 09:57:56,185 [INFO] src.archive.project_resume: 保存済みアーカイブプロジェクトから再開: C:\Users\evolu\AppData\Local\Temp\archive_resume_ti334qz9\clip.timeline.json
2026-09-17 09:57:56,206 [INFO] src.timeline.project_io: プロジェクト読込: C:\Users\evolu\AppData\Local\Temp\archive_resume_ti334qz9\clip.timeline.json
2026-09-17 09:57:56,212 [INFO] src.timeline.project_io: プロジェクト保存: C:\Users\evolu\AppData\Local\Temp\archive_resume_2pxmnhvu\vod.archive.timeline.json
2026-09-17 09:57:56,227 [INFO] src.timeline.project_io: プロジェクト読込: C:\Users\evolu\AppData\Local\Temp\archive_resume_2pxmnhvu\vod.archive.timeline.json
2026-09-17 09:57:56,228 [INFO] src.archive.project_resume: 音声サイドカーが無いため clip1 の正規化をやり直します
2026-09-17 09:57:56,230 [INFO] src.archive.project_resume: 音声サイドカーが無いため clip2 の正規化をやり直します
2026-09-17 09:57:56,235 [INFO] src.timeline.project_io: プロジェクト保存: C:\Users\evolu\AppData\Local\Temp\archive_resume_buhjh4jn\vod.archive.timeline.json
2026-09-17 09:57:56,242 [INFO] src.timeline.project_io: プロジェクト読込: C:\Users\evolu\AppData\Local\Temp\archive_resume_buhjh4jn\vod.archive.timeline.json
2026-09-17 09:57:56,243 [INFO] src.archive.project_resume: 音声サイドカーが無いため clip1 の正規化をやり直します
2026-09-17 09:57:56,245 [INFO] src.archive.project_resume: 音声サイドカーが無いため clip2 の正規化をやり直します
2026-09-17 09:57:56,247 [INFO] src.timeline.project_io: プロジェクト保存: C:\Users\evolu\AppData\Local\Temp\archive_resume_o8y5_lye\vod.archive.timeline.json
2026-09-17 09:57:56,247 [INFO] src.archive.project_resume: ==================================================
2026-09-17 09:57:56,247 [INFO] src.archive.project_resume: 保存済みアーカイブプロジェクトから再開: C:\Users\evolu\AppData\Local\Temp\archive_resume_o8y5_lye\no_such.timeline.json
2026-09-17 09:57:56,247 [INFO] src.timeline.project_io: プロジェクト保存: C:\Users\evolu\AppData\Local\Temp\archive_resume_ff3z5u7b\vod.archive.timeline.json
2026-09-17 09:57:56,273 [INFO] src.timeline.project_io: プロジェクト読込: C:\Users\evolu\AppData\Local\Temp\archive_resume_ff3z5u7b\vod.archive.timeline.json
2026-09-17 09:57:56,283 [INFO] src.timeline.project_io: プロジェクト保存: C:\Users\evolu\AppData\Local\Temp\archive_resume_h6g6vl5i\vod.archive.timeline.json
2026-09-17 09:57:56,299 [INFO] src.timeline.project_io: プロジェクト読込: C:\Users\evolu\AppData\Local\Temp\archive_resume_h6g6vl5i\vod.archive.timeline.json
2026-09-17 09:57:56,301 [INFO] src.archive.project_resume: 設定に従い切り出したままの音量で使います: clip1
2026-09-17 09:57:56,301 [INFO] src.archive.project_resume: 設定に従い切り出したままの音量で使います: clip2
2026-09-17 09:57:56,303 [WARNING] src.timeline.media_sidecar: 音声サイドカーの尺が保存値と合いません (100.00s / 期待 103.00s) → 使いません
2026-09-17 09:57:56,303 [INFO] src.archive.timeline_builder: アーカイブ Timeline 構築: 2 クリップ / V1 2 本 / S1 0 件 / 全長 200.0s
2026-09-17 09:57:56,303 [INFO] src.archive.timeline_builder: セクション追加: clip3 を 200.00s へ挿入 (VOD 900.0-950.0 / 尺 50.00s)
2026-09-17 09:57:56,303 [INFO] src.archive.timeline_builder: アーカイブ Timeline 構築: 2 クリップ / V1 2 本 / S1 0 件 / 全長 200.0s
2026-09-17 09:57:56,303 [INFO] src.timeline.commands: 貼り付けの割り込み: V1 の 0.000s へ 50.00s を確保 / 移動 2 件・分割 0 件・切詰 0 件
2026-09-17 09:57:56,303 [INFO] src.timeline.commands: 貼り付けの割り込み: S1 の 0.000s へ 50.00s を確保 / 移動 0 件・分割 0 件・切詰 0 件
2026-09-17 09:57:56,303 [INFO] src.archive.timeline_builder: セクション追加: clip3 を 0.00s へ挿入 (VOD 0.0-50.0 / 尺 50.00s)
2026-09-17 09:57:56,304 [INFO] src.archive.timeline_builder: アーカイブ Timeline 構築: 2 クリップ / V1 2 本 / S1 0 件 / 全長 200.0s
2026-09-17 09:57:56,304 [INFO] src.timeline.commands: 貼り付けの割り込み: V1 の 100.000s へ 50.00s を確保 / 移動 1 件・分割 0 件・切詰 0 件
2026-09-17 09:57:56,304 [INFO] src.timeline.commands: 貼り付けの割り込み: S1 の 100.000s へ 50.00s を確保 / 移動 0 件・分割 0 件・切詰 0 件
2026-09-17 09:57:56,304 [INFO] src.archive.timeline_builder: セクション追加: clip3 を 100.00s へ挿入 (VOD 250.0-300.0 / 尺 50.00s)
2026-09-17 09:57:56,304 [INFO] src.archive.timeline_builder: アーカイブ Timeline 構築: 3 クリップ / V1 3 本 / S1 0 件 / 全長 300.0s
2026-09-17 09:57:56,304 [INFO] src.timeline.commands: 貼り付けの割り込み: V1 の 100.000s へ 50.00s を確保 / 移動 2 件・分割 0 件・切詰 0 件
2026-09-17 09:57:56,304 [INFO] src.timeline.commands: 貼り付けの割り込み: S1 の 100.000s へ 50.00s を確保 / 移動 0 件・分割 0 件・切詰 0 件
2026-09-17 09:57:56,304 [INFO] src.archive.timeline_builder: セクション追加: clip4 を 100.00s へ挿入 (VOD 250.0-300.0 / 尺 50.00s)
2026-09-17 09:57:56,304 [INFO] src.timeline.commands: 貼り付けの割り込み: V1 の 0.000s へ 50.00s を確保 / 移動 4 件・分割 0 件・切詰 0 件
2026-09-17 09:57:56,305 [INFO] src.timeline.commands: 貼り付けの割り込み: S1 の 0.000s へ 50.00s を確保 / 移動 0 件・分割 0 件・切詰 0 件
2026-09-17 09:57:56,305 [INFO] src.archive.timeline_builder: セクション追加: clip5 を 0.00s へ挿入 (VOD 0.0-50.0 / 尺 50.00s)
2026-09-17 09:57:56,305 [INFO] src.archive.timeline_builder: セクション追加: clip6 を 400.00s へ挿入 (VOD 900.0-950.0 / 尺 50.00s)
2026-09-17 09:57:56,305 [INFO] src.archive.timeline_builder: アーカイブ Timeline 構築: 1 クリップ / V1 1 本 / S1 0 件 / 全長 100.0s
2026-09-17 09:57:56,305 [INFO] src.archive.timeline_builder: セクション追加: clip2 を 100.00s へ挿入 (VOD 300.0-400.0 / 尺 100.00s)
2026-09-17 09:57:56,305 [INFO] src.archive.timeline_builder: アーカイブ Timeline 構築: 3 クリップ / V1 3 本 / S1 0 件 / 全長 300.0s
2026-09-17 09:57:56,305 [INFO] src.timeline.commands: 貼り付けの割り込み: V1 の 100.000s へ 50.00s を確保 / 移動 2 件・分割 0 件・切詰 0 件
2026-09-17 09:57:56,305 [INFO] src.timeline.commands: 貼り付けの割り込み: S1 の 100.000s へ 50.00s を確保 / 移動 0 件・分割 0 件・切詰 0 件
2026-09-17 09:57:56,305 [INFO] src.archive.timeline_builder: セクション追加: clip4 を 100.00s へ挿入 (VOD 250.0-300.0 / 尺 50.00s)
2026-09-17 09:57:56,306 [INFO] src.archive.timeline_builder: アーカイブ Timeline 構築: 2 クリップ / V1 2 本 / S1 0 件 / 全長 200.0s
2026-09-17 09:57:56,306 [INFO] src.archive.timeline_builder: セクション追加: clip3 を 200.00s へ挿入 (VOD 900.0-950.0 / 尺 50.00s)
2026-09-17 09:57:56,306 [INFO] src.archive.timeline_builder: アーカイブ Timeline 構築: 2 クリップ / V1 2 本 / S1 0 件 / 全長 200.0s
2026-09-17 09:57:56,306 [INFO] src.archive.timeline_builder: アーカイブ Timeline 構築: 1 クリップ / V1 1 本 / S1 0 件 / 全長 100.0s
2026-09-17 09:57:56,306 [INFO] src.archive.timeline_builder: セクション追加: clip2 を 100.00s へ挿入 (VOD 450.0-600.0 / 尺 150.00s)
2026-09-17 09:57:56,306 [INFO] src.archive.timeline_builder: アーカイブ Timeline 構築: 2 クリップ / V1 2 本 / S1 0 件 / 全長 200.0s
2026-09-17 09:57:56,306 [INFO] src.archive.timeline_builder: セクション追加: clip3 を 200.00s へ挿入 (VOD 500.0-600.0 / 尺 100.00s)
2026-09-17 09:57:56,306 [INFO] src.archive.timeline_builder: セクション統合: clip2 へ 1 件を畳み込み (VOD 400.0-600.0)
2026-09-17 09:57:56,306 [INFO] src.archive.timeline_builder: アーカイブ Timeline 構築: 2 クリップ / V1 2 本 / S1 0 件 / 全長 200.0s
2026-09-17 09:57:56,306 [INFO] src.archive.timeline_builder: セクション追加: clip3 を 200.00s へ挿入 (VOD 500.0-600.0 / 尺 100.00s)
2026-09-17 09:57:56,306 [INFO] src.archive.timeline_builder: セクション統合: clip2 へ 1 件を畳み込み (VOD 400.0-600.0)
2026-09-17 09:57:56,306 [INFO] src.archive.timeline_builder: アーカイブ Timeline 構築: 3 クリップ / V1 3 本 / S1 0 件 / 全長 300.0s
2026-09-17 09:57:56,306 [INFO] src.timeline.commands: 貼り付けの割り込み: V1 の 200.000s へ 100.00s を確保 / 移動 1 件・分割 0 件・切詰 0 件
2026-09-17 09:57:56,306 [INFO] src.timeline.commands: 貼り付けの割り込み: S1 の 200.000s へ 100.00s を確保 / 移動 0 件・分割 0 件・切詰 0 件
2026-09-17 09:57:56,308 [INFO] src.archive.timeline_builder: セクション追加: clip4 を 200.00s へ挿入 (VOD 500.0-600.0 / 尺 100.00s)
2026-09-17 09:57:56,308 [INFO] src.archive.timeline_builder: セクション統合: clip2 へ 1 件を畳み込み (VOD 400.0-600.0)
2026-09-17 09:57:56,308 [INFO] src.archive.timeline_builder: アーカイブ Timeline 構築: 3 クリップ / V1 3 本 / S1 0 件 / 全長 300.0s
2026-09-17 09:57:56,308 [INFO] src.timeline.commands: 貼り付けの割り込み: V1 の 100.000s へ 200.00s を確保 / 移動 2 件・分割 0 件・切詰 0 件
2026-09-17 09:57:56,308 [INFO] src.timeline.commands: 貼り付けの割り込み: S1 の 100.000s へ 200.00s を確保 / 移動 0 件・分割 0 件・切詰 0 件
2026-09-17 09:57:56,308 [INFO] src.archive.timeline_builder: セクション追加: clip4 を 100.00s へ挿入 (VOD 200.0-400.0 / 尺 200.00s)
2026-09-17 09:57:56,308 [INFO] src.timeline.commands: 貼り付けの割り込み: V1 の 400.000s へ 200.00s を確保 / 移動 1 件・分割 0 件・切詰 0 件
2026-09-17 09:57:56,308 [INFO] src.timeline.commands: 貼り付けの割り込み: S1 の 400.000s へ 200.00s を確保 / 移動 0 件・分割 0 件・切詰 0 件
2026-09-17 09:57:56,308 [INFO] src.archive.timeline_builder: セクション追加: clip5 を 400.00s へ挿入 (VOD 500.0-700.0 / 尺 200.00s)
2026-09-17 09:57:56,308 [INFO] src.archive.timeline_builder: セクション統合: clip1 へ 4 件を畳み込み (VOD 100.0-800.0)
2026-09-17 09:57:56,308 [INFO] src.archive.timeline_builder: アーカイブ Timeline 構築: 1 クリップ / V1 1 本 / S1 0 件 / 全長 100.0s
2026-09-17 09:57:56,308 [INFO] src.archive.timeline_builder: セクション追加: clip2 を 100.00s へ挿入 (VOD 200.0-300.0 / 尺 100.00s)
2026-09-17 09:57:56,308 [INFO] src.archive.timeline_builder: セクション統合: clip1 へ 1 件を畳み込み (VOD 100.0-300.0)
2026-09-17 09:57:56,308 [INFO] src.archive.timeline_builder: アーカイブ Timeline 構築: 2 クリップ / V1 2 本 / S1 0 件 / 全長 200.0s
2026-09-17 09:57:56,308 [INFO] src.timeline.commands: 貼り付けの割り込み: V1 の 100.000s へ 50.00s を確保 / 移動 1 件・分割 0 件・切詰 0 件
2026-09-17 09:57:56,308 [INFO] src.timeline.commands: 貼り付けの割り込み: S1 の 100.000s へ 50.00s を確保 / 移動 0 件・分割 0 件・切詰 0 件
2026-09-17 09:57:56,308 [INFO] src.archive.timeline_builder: セクション追加: clip3 を 100.00s へ挿入 (VOD 250.0-300.0 / 尺 50.00s)
2026-09-17 09:57:56,308 [INFO] src.archive.timeline_builder: アーカイブ Timeline 構築: 2 クリップ / V1 2 本 / S1 0 件 / 全長 200.0s
2026-09-17 09:57:56,308 [INFO] src.archive.timeline_builder: セクション追加: clip3 を 200.00s へ挿入 (VOD 500.0-600.0 / 尺 100.00s)
2026-09-17 09:57:56,308 [INFO] src.archive.timeline_builder: セクション統合: clip2 へ 1 件を畳み込み (VOD 400.0-600.0)
2026-09-17 09:57:56,308 [INFO] src.archive.timeline_builder: アーカイブ Timeline 構築: 3 クリップ / V1 3 本 / S1 0 件 / 全長 300.0s
2026-09-17 09:57:56,308 [INFO] src.timeline.commands: 貼り付けの割り込み: V1 の 100.000s へ 50.00s を確保 / 移動 2 件・分割 0 件・切詰 0 件
2026-09-17 09:57:56,308 [INFO] src.timeline.commands: 貼り付けの割り込み: S1 の 100.000s へ 50.00s を確保 / 移動 0 件・分割 0 件・切詰 0 件
2026-09-17 09:57:56,310 [INFO] src.archive.timeline_builder: セクション追加: clip4 を 100.00s へ挿入 (VOD 250.0-300.0 / 尺 50.00s)
2026-09-17 09:57:56,310 [INFO] src.archive.timeline_builder: アーカイブ Timeline 構築: 1 クリップ / V1 1 本 / S1 0 件 / 全長 30.0s
2026-09-17 09:57:56,310 [INFO] src.archive.timeline_builder: アーカイブ Timeline 構築: 1 クリップ / V1 1 本 / S1 0 件 / 全長 30.0s
2026-09-17 09:57:56,311 [INFO] src.archive.timeline_builder: アーカイブ Timeline 構築: 1 クリップ / V1 1 本 / S1 0 件 / 全長 30.0s
2026-09-17 09:57:56,311 [INFO] src.archive.timeline_builder: アーカイブ Timeline 構築: 1 クリップ / V1 1 本 / S1 0 件 / 全長 30.0s
2026-09-17 09:57:56,311 [INFO] src.archive.timeline_builder: アーカイブ Timeline 構築: 1 クリップ / V1 1 本 / S1 0 件 / 全長 30.0s
2026-09-17 09:57:56,311 [INFO] src.archive.timeline_builder: アーカイブ Timeline 構築: 3 クリップ / V1 6 本 / S1 6 件 / 全長 30.0s
2026-09-17 09:57:56,311 [INFO] src.archive.timeline_builder: アーカイブ Timeline 構築: 3 クリップ / V1 6 本 / S1 6 件 / 全長 30.0s
2026-09-17 09:57:56,311 [INFO] src.archive.timeline_builder: アーカイブ Timeline 構築: 3 クリップ / V1 6 本 / S1 6 件 / 全長 30.0s
2026-09-17 09:57:56,311 [INFO] src.archive.timeline_builder: アーカイブ Timeline 構築: 3 クリップ / V1 6 本 / S1 6 件 / 全長 30.0s
2026-09-17 09:57:56,311 [INFO] src.archive.timeline_builder: アーカイブ Timeline 構築: 3 クリップ / V1 6 本 / S1 6 件 / 全長 30.0s
2026-09-17 09:57:56,311 [INFO] src.archive.timeline_builder: アーカイブ Timeline 構築: 3 クリップ / V1 6 本 / S1 6 件 / 全長 30.0s
2026-09-17 09:57:56,312 [INFO] src.archive.timeline_builder: アーカイブ Timeline 構築: 3 クリップ / V1 6 本 / S1 6 件 / 全長 30.0s
2026-09-17 09:57:56,312 [INFO] src.archive.timeline_builder: アーカイブ Timeline 構築: 3 クリップ / V1 6 本 / S1 6 件 / 全長 30.0s
2026-09-17 09:57:56,312 [INFO] src.archive.timeline_builder: アーカイブ Timeline 構築: 3 クリップ / V1 6 本 / S1 6 件 / 全長 30.0s
2026-09-17 09:57:56,312 [INFO] src.archive.timeline_builder: アーカイブ Timeline 構築: 1 クリップ / V1 1 本 / S1 2 件 / 全長 30.0s
2026-09-17 09:57:56,312 [INFO] src.archive.timeline_builder: clip1: クリップ終端で打ち切った字幕 1 件 / 載せなかった字幕 0 件
2026-09-17 09:57:56,312 [INFO] src.archive.timeline_builder: clip2: クリップ終端で打ち切った字幕 1 件 / 載せなかった字幕 0 件
2026-09-17 09:57:56,312 [INFO] src.archive.timeline_builder: clip3: クリップ終端で打ち切った字幕 1 件 / 載せなかった字幕 0 件
2026-09-17 09:57:56,312 [INFO] src.archive.timeline_builder: アーカイブ Timeline 構築: 3 クリップ / V1 6 本 / S1 3 件 / 全長 30.0s
2026-09-17 09:57:56,312 [INFO] src.archive.timeline_builder: clip1: クリップ終端で打ち切った字幕 1 件 / 載せなかった字幕 0 件
2026-09-17 09:57:56,312 [INFO] src.archive.timeline_builder: アーカイブ Timeline 構築: 2 クリップ / V1 4 本 / S1 3 件 / 全長 20.0s
2026-09-17 09:57:56,312 [INFO] src.archive.timeline_builder: clip1: クリップ終端で打ち切った字幕 1 件 / 載せなかった字幕 1 件
2026-09-17 09:57:56,312 [INFO] src.archive.timeline_builder: アーカイブ Timeline 構築: 2 クリップ / V1 4 本 / S1 2 件 / 全長 20.0s
2026-09-17 09:57:56,312 [INFO] src.archive.timeline_builder: clip1: クリップ終端で打ち切った字幕 1 件 / 載せなかった字幕 0 件
2026-09-17 09:57:56,312 [INFO] src.archive.timeline_builder: clip2: クリップ終端で打ち切った字幕 1 件 / 載せなかった字幕 0 件
2026-09-17 09:57:56,312 [INFO] src.archive.timeline_builder: アーカイブ Timeline 構築: 2 クリップ / V1 4 本 / S1 2 件 / 全長 20.0s
2026-09-17 09:57:56,312 [INFO] src.archive.timeline_builder: アーカイブ Timeline 構築: 3 クリップ / V1 6 本 / S1 6 件 / 全長 30.0s
2026-09-17 09:57:56,314 [INFO] src.archive.timeline_builder: アーカイブ Timeline 構築: 3 クリップ / V1 6 本 / S1 6 件 / 全長 30.0s
2026-09-17 09:57:56,314 [INFO] src.archive.timeline_builder: アーカイブ Timeline 構築: 3 クリップ / V1 6 本 / S1 6 件 / 全長 30.0s
2026-09-17 09:57:56,314 [INFO] src.archive.timeline_builder: アーカイブ Timeline 構築: 3 クリップ / V1 6 本 / S1 6 件 / 全長 30.0s
2026-09-17 09:57:56,314 [INFO] src.archive.timeline_builder: アーカイブ Timeline 構築: 3 クリップ / V1 6 本 / S1 6 件 / 全長 30.0s
2026-09-17 09:57:56,314 [INFO] src.archive.timeline_builder: アーカイブ Timeline 構築: 3 クリップ / V1 6 本 / S1 6 件 / 全長 30.0s
2026-09-17 09:57:56,314 [INFO] src.archive.timeline_builder: アーカイブ Timeline 構築: 3 クリップ / V1 6 本 / S1 6 件 / 全長 30.0s
2026-09-17 09:57:56,314 [INFO] src.archive.timeline_builder: clip2 は使用しないため書き出しから除外します
2026-09-17 09:57:56,316 [INFO] src.archive.timeline_builder: アーカイブ Timeline 構築: 3 クリップ / V1 6 本 / S1 6 件 / 全長 30.0s
2026-09-17 09:57:56,316 [INFO] src.archive.timeline_builder: アーカイブ Timeline 構築: 3 クリップ / V1 6 本 / S1 6 件 / 全長 30.0s
2026-09-17 09:57:56,316 [INFO] src.archive.timeline_builder: アーカイブ Timeline 構築: 3 クリップ / V1 6 本 / S1 6 件 / 全長 30.0s
2026-09-17 09:57:56,316 [INFO] src.archive.timeline_builder: アーカイブ Timeline 構築: 3 クリップ / V1 6 本 / S1 6 件 / 全長 30.0s
2026-09-17 09:57:56,316 [INFO] src.archive.timeline_builder: アーカイブ Timeline 構築: 3 クリップ / V1 6 本 / S1 6 件 / 全長 30.0s
2026-09-17 09:57:56,316 [INFO] src.archive.timeline_builder: アーカイブ Timeline 構築: 3 クリップ / V1 6 本 / S1 6 件 / 全長 30.0s
2026-09-17 09:57:56,316 [WARNING] src.blur.config: 未知の blur.default_policy のため既定を使用します: なにか変な値
2026-09-17 09:57:56,316 [WARNING] src.blur.config: 未知の blur.render.mode のため既定を使用します: unknown
2026-09-17 09:57:56,369 [INFO] src.blur.tracker: 人物クラスタリング: tracklet 2 本 → 人物 2 人 (主役 p1)
2026-09-17 09:57:56,369 [INFO] src.blur.tracker: 人物クラスタリング: tracklet 3 本 → 人物 2 人 (主役 p1)
2026-09-17 09:57:56,369 [INFO] src.blur.tracker: 人物クラスタリング: tracklet 2 本 → 人物 2 人 (主役 p1)
2026-09-17 09:57:56,369 [INFO] src.blur.tracker: 人物クラスタリング: tracklet 2 本 → 人物 1 人 (主役 p1)
2026-09-17 09:57:56,369 [INFO] src.blur.tracker: 人物クラスタリング: tracklet 2 本 → 人物 1 人 (主役 p1)
2026-09-17 09:57:56,369 [INFO] src.blur.tracker: 人物クラスタリング: tracklet 2 本 → 人物 1 人 (主役 p1)
2026-09-17 09:57:56,369 [INFO] src.blur.tracker: 人物クラスタリング: tracklet 2 本 → 人物 2 人 (主役 p1)
2026-09-17 09:57:56,378 [WARNING] src.modules.blur_overlay: ぼかしマスクが見つからないため、ぼかしを省略します: 
2026-09-17 09:57:56,385 [INFO] src.blur.mask_builder: ぼかしマスク: 1200 フレーム / 480x270 / 対象 1 件
2026-09-17 09:57:57,046 [INFO] src.blur.mask_builder: ぼかしマスクを書き出しました: mask.mkv (0.4 MB)
2026-09-17 09:57:57,046 [INFO] src.blur.mask_builder: ぼかしマスク: 1200 フレーム / 480x270 / 対象 1 件
2026-09-17 09:57:57,713 [INFO] src.blur.mask_builder: ぼかしマスクを書き出しました: mask.mkv (0.4 MB)
2026-09-17 09:57:57,834 [INFO] src.blur.mask_builder: ぼかす対象が無いためマスクを作りません
2026-09-17 09:57:57,834 [INFO] src.blur.mask_builder: ぼかしマスク: 1200 フレーム / 270x480 / 対象 1 件
2026-09-17 09:57:58,515 [INFO] src.blur.mask_builder: ぼかしマスクを書き出しました: mask.mkv (0.4 MB)
2026-09-17 09:57:58,528 [INFO] src.timeline.renderer: ベース映像構築: 1 クリップ / ギャップ 0 件 / 合計 5.0s
2026-09-17 09:57:58,528 [INFO] src.timeline.renderer: ベース映像の尺: モデル 5.000s / 実測 5.000s (差 +0.000s / 1 部品)
2026-09-17 09:57:58,528 [INFO] src.timeline.renderer: 字幕焼き込み: 1 件
2026-09-17 09:57:58,534 [INFO] src.timeline.renderer: ベース映像構築: 1 クリップ / ギャップ 0 件 / 合計 5.0s
2026-09-17 09:57:58,541 [INFO] src.timeline.renderer: ベース映像の尺: モデル 5.000s / 実測 5.000s (差 +0.000s / 1 部品)
2026-09-17 09:57:58,541 [INFO] src.timeline.renderer: 字幕焼き込み: 1 件
2026-09-17 09:57:58,547 [INFO] src.timeline.renderer: ベース映像構築: 1 クリップ / ギャップ 0 件 / 合計 5.0s
2026-09-17 09:57:58,547 [INFO] src.timeline.renderer: ベース映像の尺: モデル 5.000s / 実測 5.000s (差 +0.000s / 1 部品)
2026-09-17 09:57:58,547 [INFO] src.timeline.renderer: オーバーレイ・字幕が無いため合成をスキップします
2026-09-17 09:57:58,547 [INFO] src.modules.blur_overlay: ぼかしを焼き込みます: blur_applied.mp4
2026-09-17 09:57:58,554 [INFO] src.timeline.renderer: ベース映像構築: 1 クリップ / ギャップ 0 件 / 合計 5.0s
2026-09-17 09:57:58,556 [INFO] src.timeline.renderer: ベース映像の尺: モデル 5.000s / 実測 5.000s (差 +0.000s / 1 部品)
2026-09-17 09:57:58,556 [INFO] src.timeline.renderer: オーバーレイ・字幕が無いため合成をスキップします
2026-09-17 09:57:58,556 [INFO] src.modules.blur_overlay: ぼかしを焼き込みます: blur_applied.mp4
2026-09-17 09:57:58,556 [INFO] src.timeline.renderer: ベース映像構築: 1 クリップ / ギャップ 0 件 / 合計 5.0s
2026-09-17 09:57:58,556 [INFO] src.timeline.renderer: ベース映像の尺: モデル 5.000s / 実測 5.000s (差 +0.000s / 1 部品)
2026-09-17 09:57:58,556 [INFO] src.timeline.renderer: 字幕焼き込み: 1 件
2026-09-17 09:57:58,572 [INFO] src.timeline.renderer: ベース映像構築: 1 クリップ / ギャップ 0 件 / 合計 5.0s
2026-09-17 09:57:58,577 [INFO] src.timeline.renderer: ベース映像の尺: モデル 5.000s / 実測 5.000s (差 +0.000s / 1 部品)
2026-09-17 09:57:58,577 [ERROR] src.blur.mask_builder: ぼかしの解析結果が見つからないためマスクを作れません: C:\Users\evolu\AppData\Local\Temp\tmpzylhails\timeline.blur.json
2026-09-17 09:57:58,579 [INFO] src.timeline.renderer: ベース映像構築: 1 クリップ / ギャップ 0 件 / 合計 5.0s
2026-09-17 09:57:58,581 [INFO] src.timeline.renderer: ベース映像の尺: モデル 5.000s / 実測 5.000s (差 +0.000s / 1 部品)
2026-09-17 09:57:58,582 [ERROR] src.blur.mask_builder: ぼかしの解析結果が見つからないためマスクを作れません: C:\Users\evolu\AppData\Local\Temp\tmpe8y9opeu\timeline.blur.json
2026-09-17 09:57:58,583 [INFO] src.timeline.renderer: ベース映像構築: 1 クリップ / ギャップ 0 件 / 合計 5.0s
2026-09-17 09:57:58,588 [INFO] src.timeline.renderer: ベース映像の尺: モデル 5.000s / 実測 5.000s (差 +0.000s / 1 部品)
2026-09-17 09:57:58,588 [ERROR] src.blur.mask_builder: ぼかしの解析結果が見つからないためマスクを作れません: C:\Users\evolu\AppData\Local\Temp\tmpqdjitbdg\timeline.blur.json
2026-09-17 09:57:58,588 [WARNING] src.timeline.renderer: 利用者の指示により、ぼかしを入れずに出力します
2026-09-17 09:57:58,588 [INFO] src.timeline.renderer: オーバーレイ・字幕が無いため合成をスキップします
2026-09-17 09:57:58,588 [INFO] src.timeline.renderer: 中間形式を最終形式へ変換: .mov → mp4 (音声のみ再エンコード)
2026-09-17 09:57:58,593 [INFO] src.timeline.renderer: ベース映像構築: 1 クリップ / ギャップ 0 件 / 合計 5.0s
2026-09-17 09:57:58,593 [INFO] src.timeline.renderer: ベース映像の尺: モデル 5.000s / 実測 5.000s (差 +0.000s / 1 部品)
2026-09-17 09:57:58,593 [INFO] src.timeline.renderer: オーバーレイ・字幕が無いため合成をスキップします
2026-09-17 09:57:58,598 [INFO] src.timeline.renderer: 中間形式を最終形式へ変換: .mov → mp4 (音声のみ再エンコード)
2026-09-17 09:57:59,697 [INFO] src.modules.subtitle_generator: 縦動画のため字幕設定を縦用へ上書き (font/改行/配置/余白)
2026-09-17 09:57:59,697 [WARNING] src.modules.comment_decor: コメント背景がキャンバスに収まらないため詰めました (推定幅 1181px / 使える幅 1080px)。font_size か max_line_length を下げると解消します
2026-09-17 09:57:59,697 [INFO] src.modules.comment_decor: コメントアイコン: 2 件 / 位置 2 種類
2026-09-17 09:57:59,697 [INFO] src.modules.comment_decor: コメントアイコン: 2 件 / 位置 1 種類
2026-09-17 09:57:59,697 [INFO] src.modules.comment_decor: コメントアイコン: 1 件 / 位置 1 種類
2026-09-17 09:57:59,697 [INFO] src.modules.subtitle_generator: 縦動画のため字幕設定を縦用へ上書き (font/改行/配置/余白)
2026-09-17 09:57:59,697 [WARNING] src.modules.comment_decor: コメントアイコンがキャンバスに収まらないため位置を詰めました (要求 x=-190.0 y=465.0 → x=0.0 y=465.0)。subtitle.comment_margin_l を大きくすると解消します
2026-09-17 09:57:59,697 [INFO] src.modules.subtitle_generator: コメント背景: 1 件
2026-09-17 09:57:59,710 [WARNING] src.modules.subtitle_generator: コメントの Layer が逆転しているため本文を 6 へ引き上げます (背景=5 / 本文=1)
2026-09-17 09:57:59,710 [INFO] src.modules.subtitle_generator: コメント背景: 1 件
2026-09-17 09:57:59,728 [WARNING] src.modules.subtitle_generator: コメントの配置は左寄せ (1/4/7) のみ対応のため 4 を使用します: 2
2026-09-17 09:57:59,728 [INFO] src.modules.subtitle_generator: 縦動画のため字幕設定を縦用へ上書き (font/改行/配置/余白)
2026-09-17 09:57:59,728 [WARNING] src.export.fcpxml_builder: タイムライン終端を超える字幕をクリップ末尾へクランプしました (丸め誤差の端数など)。
2026-09-17 09:57:59,782 [INFO] src.modules.loudness_normalizer: 入力ラウドネス: I=-9.2 LUFS / TP=-0.3 dBTP / LRA=5.1 LU → 目標 I=-14.0 LUFS / TP=-1.0 dBTP (offset 0.4 dB)
2026-09-17 09:57:59,787 [ERROR] src.modules.loudness_normalizer: ラウドネス正規化の適用に失敗 (元音声のまま継続): in.mp4
Traceback (most recent call last):
  File "D:\develop\autoedit\src\modules\loudness_normalizer.py", line 219, in normalize_file
    ffmpeg_runner.execute(
  File "C:\Users\evolu\AppData\Local\Programs\Python\Python312\Lib\unittest\mock.py", line 1139, in __call__
    return self._mock_call(*args, **kwargs)
           ^^^^^^^^^^^^^^^^^^^^^^^^^^^^^^^^
  File "C:\Users\evolu\AppData\Local\Programs\Python\Python312\Lib\unittest\mock.py", line 1143, in _mock_call
    return self._execute_mock_call(*args, **kwargs)
           ^^^^^^^^^^^^^^^^^^^^^^^^^^^^^^^^^^^^^^^^
  File "C:\Users\evolu\AppData\Local\Programs\Python\Python312\Lib\unittest\mock.py", line 1198, in _execute_mock_call
    raise effect
src.exceptions.FFmpegError: 失敗
2026-09-17 09:57:59,817 [INFO] src.modules.loudness_normalizer: ラウドネス正規化は無効のためスキップ
2026-09-17 09:57:59,818 [WARNING] src.modules.loudness_normalizer: ラウドネス測定に失敗したため正規化をスキップ (元音声のまま継続): in.mp4
2026-09-17 09:57:59,819 [INFO] src.modules.loudness_normalizer: 音声ストリームが無いためラウドネス正規化をスキップ: in.mp4
2026-09-17 09:57:59,825 [INFO] src.modules.loudness_normalizer: ラウドネス正規化 完了: out.mp4
2026-09-17 09:57:59,825 [INFO] src.modules.loudness_normalizer: 入力ラウドネス: I=-9.2 LUFS / TP=-0.3 dBTP / LRA=5.1 LU → 目標 I=-14.0 LUFS / TP=-1.0 dBTP (offset 0.4 dB)
2026-09-17 09:57:59,830 [INFO] src.modules.loudness_normalizer: ラウドネス正規化 完了: out.mp4
2026-09-17 09:57:59,831 [INFO] src.timeline.media_recovery: 本編素材を元動画から作り直します: C:\Users\evolu\AppData\Local\Temp\media_recovery_test_mhnf95q8\sample.mp4
2026-09-17 09:57:59,833 [WARNING] src.timeline.media_recovery: 素材が見つかりません: m2 (C:\Users\evolu\AppData\Local\Temp\media_recovery_test__8dyw4m2\gone.png)
2026-09-17 09:57:59,834 [INFO] src.timeline.media_recovery: 素材を差し替え済みのフォルダで見つけました: m3 → C:\Users\evolu\AppData\Local\Temp\media_recovery_test_3wtnrnrs\moved\logo2.png
2026-09-17 09:57:59,835 [INFO] src.timeline.media_recovery: 本編素材を元動画から作り直します: C:\Users\evolu\AppData\Local\Temp\media_recovery_test_vag84b1a\sample.mp4
2026-09-17 09:57:59,836 [WARNING] src.timeline.media_recovery: 元動画が見つからないため本編素材を復旧できません: C:\Users\evolu\AppData\Local\Temp\media_recovery_test_62p6p5ys\no_such_input.mp4
2026-09-17 09:57:59,836 [WARNING] src.timeline.media_recovery: 素材が見つかりません: m1 (C:\Users\evolu\AppData\Local\Temp\media_recovery_test_62p6p5ys\work\loudness_normalized.mp4)
2026-09-17 09:57:59,837 [INFO] src.timeline.media_recovery: 本編素材は元動画そのものだったため、そのまま使います: C:\Users\evolu\AppData\Local\Temp\media_recovery_test_pt7nwx7b\sample.mp4
2026-09-17 09:57:59,837 [INFO] src.timeline.media_recovery: 素材を相対パスで見つけました: m2 → C:\Users\evolu\AppData\Local\Temp\media_recovery_test__xap6pbo\assets\logo.png
2026-09-17 09:57:59,841 [INFO] src.timeline.media_recovery: 設定に従い元動画をそのまま使います (音量は正規化前): C:\Users\evolu\AppData\Local\Temp\media_recovery_test_u_24cr2j\sample.mp4
2026-09-17 09:57:59,842 [INFO] src.services.points: ポイントを予約しました: clip/video 25pt (watermark=False)
2026-09-17 09:57:59,842 [WARNING] src.services.points: ポイント残高を取得できませんでした: 断
2026-09-17 09:57:59,844 [INFO] src.services.points: ポイントを予約しました: clip/video 25pt (watermark=False)
2026-09-17 09:57:59,844 [WARNING] src.services.points: ポイントのcommitを送信できませんでした (再送します): 接続できません
2026-09-17 09:57:59,856 [INFO] src.services.points: ポイントを予約しました: clip/video 25pt (watermark=False)
2026-09-17 09:57:59,870 [WARNING] src.services.points: ポイントのcommitを送信できませんでした (再送します): 断
2026-09-17 09:57:59,884 [INFO] src.services.points: 保留していたポイント処理を 2 件送信しました。
2026-09-17 09:57:59,885 [WARNING] src.services.points: ポイントを予約できませんでした: 再ログインが必要です。
2026-09-17 09:57:59,886 [INFO] src.services.points: ポイントを予約しました: clip/video 25pt (watermark=False)
2026-09-17 09:57:59,886 [WARNING] src.services.points: ポイントのcancelが拒否されました: 確定済み
2026-09-17 09:57:59,889 [INFO] src.services.points: 保留していたポイント処理を 1 件送信しました。
2026-09-17 09:57:59,890 [INFO] src.services.points: ポイントを予約しました: clip/video 25pt (watermark=False)
2026-09-17 09:57:59,901 [INFO] src.services.points: サブスク判定のキャッシュが古いため watermark を入れます。
2026-09-17 09:57:59,902 [WARNING] src.services.points: ポイントを予約できませんでした (オフライン): 接続できません
2026-09-17 09:57:59,909 [WARNING] src.services.points: ポイントを予約できませんでした (オフライン): 接続できません
2026-09-17 09:57:59,909 [WARNING] src.services.points: ポイントを予約できませんでした (オフライン): 接続できません
2026-09-17 09:57:59,909 [WARNING] src.services.points: ポイントを予約できませんでした: 想定外
2026-09-17 09:57:59,909 [INFO] src.services.points: ポイントを予約しました: clip/resolveProject 0pt (watermark=False)
2026-09-17 09:57:59,932 [INFO] src.services.points: ポイントを予約しました: clip/video 25pt (watermark=False)
2026-09-17 09:57:59,932 [INFO] src.services.points: ポイントを予約しました: archive/video 0pt (watermark=True)
2026-09-17 09:57:59,953 [WARNING] src.timeline.builder: フレーム間引きの設定が不正なため none を使用します: 'all'
2026-09-17 09:57:59,956 [INFO] src.timeline.project_io: プロジェクト保存: C:\Users\evolu\AppData\Local\Temp\library_summary_vkr0axas\vod.archive.timeline.json
2026-09-17 09:57:59,988 [WARNING] src.timeline.project_io: プロジェクトの概要を読めませんでした: C:\Users\evolu\AppData\Local\Temp\library_summary_ud5ipsjj\broken.timeline.json
2026-09-17 09:57:59,991 [INFO] src.timeline.project_io: プロジェクト保存: C:\Users\evolu\AppData\Local\Temp\library_summary_bmy5jyf8\sample.timeline.json
2026-09-17 09:58:00,007 [INFO] src.timeline.project_io: プロジェクト保存: C:\Users\evolu\AppData\Local\Temp\library_summary_72kr66vo\sample.timeline.json
2026-09-17 09:58:00,027 [INFO] src.timeline.project_io: プロジェクト保存: C:\Users\evolu\AppData\Local\Temp\library_rename_vapm9njl\old.timeline.json
2026-09-17 09:58:00,027 [INFO] src.timeline.project_io: プロジェクト保存: C:\Users\evolu\AppData\Local\Temp\library_rename_yqfdu_ol\old.timeline.json
2026-09-17 09:58:00,027 [INFO] src.timeline.project_io: プロジェクト保存: C:\Users\evolu\AppData\Local\Temp\library_rename_163d7v0d\old.timeline.json
2026-09-17 09:58:00,042 [INFO] src.timeline.project_io: プロジェクトを改名しました: old.timeline.json → new.timeline.json
2026-09-17 09:58:00,058 [INFO] src.timeline.project_io: プロジェクト保存: C:\Users\evolu\AppData\Local\Temp\library_rename_5m8h_3w8\old.timeline.json
2026-09-17 09:58:00,074 [INFO] src.timeline.project_io: プロジェクトを改名しました: old.timeline.json → new.timeline.json
2026-09-17 09:58:00,074 [INFO] src.timeline.project_io: プロジェクト保存: C:\Users\evolu\AppData\Local\Temp\library_rename_j6fr0pdu\old.timeline.json
2026-09-17 09:58:00,090 [INFO] src.timeline.project_io: プロジェクトが 5 件見つかりました (新しい 2 件を表示します)
2026-09-17 09:58:00,110 [WARNING] src.export.resolve_export: ソース総尺の取得に失敗 (タイムライン全長で代用): C:\Users\evolu\AppData\Local\Temp\resolve_export_test_p7fkpb7k\sample.mp4
2026-09-17 09:58:00,118 [WARNING] src.export.resolve_export: ソース総尺の取得に失敗 (タイムライン全長で代用): C:\Users\evolu\AppData\Local\Temp\resolve_export_test_ylai5f8c\sample.mp4
2026-09-17 09:58:00,119 [WARNING] src.export.resolve_export: ソース総尺の取得に失敗 (タイムライン全長で代用): C:\Users\evolu\AppData\Local\Temp\resolve_export_test_n8bnbkc4\sample.mp4
2026-09-17 09:58:00,119 [WARNING] src.export.resolve_export: ソース総尺の取得に失敗 (タイムライン全長で代用): C:\Users\evolu\AppData\Local\Temp\resolve_export_test_it5x5wi9\sample.mp4
2026-09-17 09:58:00,119 [WARNING] src.export.resolve_export: テーマ演出はテキストと区間のみを出力します (ブラー・黒帯などの映像エフェクトは FCPXML で表現できません)。
2026-09-17 09:58:00,119 [WARNING] src.export.resolve_export: 字幕位置は配置(alignment)＋余白からの近似です。Resolve 取り込み時に位置が中央へ戻る場合があります (フォント/サイズ/色は保持)。
2026-09-17 09:58:00,143 [WARNING] src.export.resolve_export: ソース総尺の取得に失敗 (タイムライン全長で代用): C:\Users\evolu\AppData\Local\Temp\resolve_export_test_s8d20hxe\sample.mp4
2026-09-17 09:58:00,150 [WARNING] src.export.resolve_export: ソース総尺の取得に失敗 (タイムライン全長で代用): C:\Users\evolu\AppData\Local\Temp\resolve_export_test_jf_jmr9p\sample.mp4
2026-09-17 09:58:00,156 [WARNING] src.export.resolve_export: ソース総尺の取得に失敗 (タイムライン全長で代用): C:\Users\evolu\AppData\Local\Temp\resolve_export_test_gqtqohhx\sample.mp4
2026-09-17 09:58:00,171 [WARNING] src.export.resolve_export: ソース総尺の取得に失敗 (タイムライン全長で代用): C:\Users\evolu\AppData\Local\Temp\resolve_export_test_gqtqohhx\sample.mp4
2026-09-17 09:58:00,191 [WARNING] src.export.resolve_export: ソース総尺の取得に失敗 (タイムライン全長で代用): C:\Users\evolu\AppData\Local\Temp\resolve_export_test_g0ptnhqr\sample.mp4
2026-09-17 09:58:00,191 [WARNING] src.export.resolve_export: 未対応の字幕出力方式 export.resolve.subtitle.mode=bogus のため caption で出力します
2026-09-17 09:58:00,200 [WARNING] src.export.resolve_export: ソース総尺の取得に失敗 (タイムライン全長で代用): C:\Users\evolu\AppData\Local\Temp\resolve_export_test_cupjh1ub\sample.mp4
2026-09-17 09:58:00,209 [WARNING] src.export.resolve_export: ソース総尺の取得に失敗 (タイムライン全長で代用): C:\Users\evolu\AppData\Local\Temp\resolve_export_test_wchvdqoi\sample.mp4
2026-09-17 09:58:00,219 [WARNING] src.export.resolve_export: ソース総尺の取得に失敗 (タイムライン全長で代用): C:\Users\evolu\AppData\Local\Temp\resolve_export_test_3spp0sb3\sample.mp4
2026-09-17 09:58:00,228 [WARNING] src.export.resolve_export: ソース総尺の取得に失敗 (タイムライン全長で代用): C:\Users\evolu\AppData\Local\Temp\resolve_export_test_yv6jwu_y\sample.mp4
2026-09-17 09:58:00,239 [WARNING] src.export.resolve_export: ソース総尺の取得に失敗 (タイムライン全長で代用): C:\Users\evolu\AppData\Local\Temp\resolve_export_test_h0xci16h\sample.mp4
2026-09-17 09:58:00,253 [WARNING] src.export.resolve_export: ソース総尺の取得に失敗 (タイムライン全長で代用): C:\Users\evolu\AppData\Local\Temp\resolve_export_test_fl60jjef\sample.mp4
2026-09-17 09:58:00,259 [WARNING] src.export.resolve_export: ソース総尺の取得に失敗 (タイムライン全長で代用): C:\Users\evolu\AppData\Local\Temp\resolve_export_test_b75atl_2\sample.mp4
2026-09-17 09:58:00,277 [WARNING] src.export.resolve_export: ソース総尺の取得に失敗 (タイムライン全長で代用): C:\Users\evolu\AppData\Local\Temp\resolve_export_test_z1cxsdb8\sample.mp4
2026-09-17 09:58:00,289 [WARNING] src.export.resolve_export: ソース総尺の取得に失敗 (タイムライン全長で代用): C:\Users\evolu\AppData\Local\Temp\resolve_export_test_3e31jk5o\sample.mp4
2026-09-17 09:58:00,290 [INFO] src.export.resolve_export: 編集点が無いため全長 1 クリップとして出力します
2026-09-17 09:58:00,304 [WARNING] src.export.resolve_export: ソース総尺の取得に失敗 (タイムライン全長で代用): C:\Users\evolu\AppData\Local\Temp\resolve_export_test_p7j3uk0o\sample.mp4
2026-09-17 09:58:00,305 [INFO] src.export.resolve_export: Resolve 出力開始: C:\Users\evolu\AppData\Local\Temp\resolve_export_test_p7j3uk0o\out2.fcpxml (クリップ 1 件 / 字幕 caption 1 件 / title・テーマ 0 件 / 1920x1080 60fps)
2026-09-17 09:58:00,307 [INFO] src.export.resolve_export: 字幕トラックのスタイルは Resolve の字幕トラックヘッダー選択 → インスペクタ → Track Style で一括設定できます (Resolve 19 以降は Text+ スタイルも指定可)。
2026-09-17 09:58:00,307 [INFO] src.export.resolve_export: Resolve 出力完了: C:\Users\evolu\AppData\Local\Temp\resolve_export_test_p7j3uk0o\out2.fcpxml (タイムライン尺 5.00s)
2026-09-17 09:58:00,316 [WARNING] src.export.resolve_export: ソース総尺の取得に失敗 (タイムライン全長で代用): C:\Users\evolu\AppData\Local\Temp\resolve_export_test_kp4l_rhe\sample.mp4
2026-09-17 09:58:00,316 [INFO] src.export.resolve_export: Resolve 出力開始: C:\Users\evolu\AppData\Local\Temp\resolve_export_test_kp4l_rhe\out3.fcpxml (クリップ 1 件 / 字幕 caption 0 件 / title・テーマ 0 件 / 1920x1080 60fps)
2026-09-17 09:58:00,317 [INFO] src.export.resolve_export: Resolve 出力完了: C:\Users\evolu\AppData\Local\Temp\resolve_export_test_kp4l_rhe\out3.fcpxml (タイムライン尺 5.00s)
2026-09-17 09:58:00,325 [WARNING] src.export.resolve_export: ソース総尺の取得に失敗 (タイムライン全長で代用): C:\Users\evolu\AppData\Local\Temp\resolve_export_test_e0e880kz\sample.mp4
2026-09-17 09:58:00,326 [INFO] src.export.resolve_export: Resolve 出力開始: C:\Users\evolu\AppData\Local\Temp\resolve_export_test_e0e880kz\out.fcpxml (クリップ 1 件 / 字幕 caption 1 件 / title・テーマ 0 件 / 1920x1080 60fps)
2026-09-17 09:58:00,328 [INFO] src.export.resolve_export: SRT サイドカー出力: C:\Users\evolu\AppData\Local\Temp\resolve_export_test_e0e880kz\out.srt (1 件)
2026-09-17 09:58:00,328 [INFO] src.export.resolve_export: Resolve 出力完了: C:\Users\evolu\AppData\Local\Temp\resolve_export_test_e0e880kz\out.fcpxml / C:\Users\evolu\AppData\Local\Temp\resolve_export_test_e0e880kz\out.srt (タイムライン尺 5.00s)
2026-09-17 09:58:00,336 [INFO] src.export.resolve_export: Resolve 出力を中止 (上書きしない): C:\Users\evolu\AppData\Local\Temp\resolve_export_test_e0e880kz\out.fcpxml
2026-09-17 09:58:00,703 [INFO] src.modules.subtitle_generator: 縦動画のため字幕設定を縦用へ上書き (font/改行/配置/余白)
2026-09-17 09:58:00,706 [WARNING] src.services.stretheus_auth: API の日時を解釈できませんでした。
2026-09-17 09:58:00,729 [INFO] src.services.stretheus_auth: Stretheus のログインページを開きます (ポート52365)
2026-09-17 09:58:00,738 [INFO] src.services.stretheus_auth: Stretheus へログインしました。
2026-09-17 09:58:01,810 [INFO] src.services.stretheus_auth: Stretheus のログインページを開きます (ポート52373)
2026-09-17 09:58:01,824 [INFO] src.services.stretheus_auth: Stretheus へログインしました。
2026-09-17 09:58:02,872 [INFO] src.services.stretheus_auth: Stretheus のログインページを開きます (ポート52381)
2026-09-17 09:58:02,875 [INFO] src.services.stretheus_auth: Stretheus へログインしました。
2026-09-17 09:58:03,400 [INFO] src.services.stretheus_auth: Stretheus のログインページを開きます (ポート52386)
2026-09-17 09:58:03,434 [INFO] src.services.stretheus_auth: Stretheus へログインしました。
2026-09-17 09:58:03,989 [INFO] src.services.stretheus_auth: Stretheus のログインページを開きます (ポート52392)
2026-09-17 09:58:04,009 [INFO] src.services.stretheus_auth: Stretheus へログインしました。
2026-09-17 09:58:04,557 [INFO] src.services.stretheus_auth: Stretheus のログインページを開きます (ポート52398)
2026-09-17 09:58:04,570 [INFO] src.services.stretheus_auth: Stretheus へログインしました。
2026-09-17 09:58:05,076 [INFO] src.modules.subtitle_generator: テロップ個別指定 フォント 0 件 / サイズ 0 件 / 文字色 1 件 / 縁の色 0 件
2026-09-17 09:58:05,078 [INFO] src.modules.subtitle_generator: テロップ個別指定 フォント 0 件 / サイズ 0 件 / 文字色 1 件 / 縁の色 0 件
2026-09-17 09:58:05,093 [INFO] src.modules.subtitle_generator: テロップ個別指定 フォント 0 件 / サイズ 0 件 / 文字色 0 件 / 縁の色 1 件
2026-09-17 09:58:05,105 [INFO] src.modules.subtitle_generator: テロップ個別指定 フォント 0 件 / サイズ 0 件 / 文字色 0 件 / 縁の色 1 件
2026-09-17 09:58:05,113 [INFO] src.modules.subtitle_generator: テロップ個別指定 フォント 1 件 / サイズ 1 件 / 文字色 1 件 / 縁の色 1 件
2026-09-17 09:58:05,124 [INFO] src.timeline.commands: コメント用の字幕トラックを作成しました: S2
2026-09-17 09:58:05,125 [INFO] src.timeline.commands: 移動先 S2 が空いていないため役割だけ変更しました: s1
2026-09-17 09:58:05,125 [INFO] src.timeline.commands: コメント用の字幕トラックを作成しました: S2
2026-09-17 09:58:05,125 [INFO] src.timeline.commands: コメント用の字幕トラックを作成しました: S2
2026-09-17 09:58:05,125 [INFO] src.timeline.commands: コメント用の字幕トラックを作成しました: S2
2026-09-17 09:58:05,127 [INFO] src.timeline.project_io: プロジェクト保存: C:\Users\evolu\AppData\Local\Temp\tmpu757r186\sample.timeline.json
2026-09-17 09:58:05,142 [INFO] src.modules.subtitle_generator: VAD フィルタ有効 (min_silence=500ms, speech_pad=100ms, condition_on_previous_text=False)
2026-09-17 09:58:05,142 [WARNING] src.modules.subtitle_generator: VAD 付き認識に失敗したため VAD 無しで再試行します: VAD の初期化に失敗しました (テスト)
2026-09-17 09:58:05,142 [INFO] src.modules.subtitle_generator: VAD フィルタ有効 (min_silence=800ms, speech_pad=100ms, condition_on_previous_text=False)
2026-09-17 09:58:05,142 [INFO] src.modules.subtitle_generator: VAD フィルタ有効 (min_silence=500ms, speech_pad=100ms, condition_on_previous_text=False)
2026-09-17 09:58:05,151 [INFO] src.timeline.commands: 貼り付けの割り込み: V1 の 5.000s へ 10.00s を確保 / 移動 2 件・分割 1 件・切詰 0 件
2026-09-17 09:58:05,151 [INFO] src.timeline.commands: 貼り付けの割り込み: V2 の 5.000s へ 10.00s を確保 / 移動 2 件・分割 0 件・切詰 0 件
2026-09-17 09:58:05,151 [INFO] src.timeline.commands: 貼り付けの割り込み: S1 の 5.000s へ 10.00s を確保 / 移動 1 件・分割 0 件・切詰 0 件
2026-09-17 09:58:05,151 [INFO] src.timeline.commands: 貼り付けの割り込み: V1 の 5.000s へ 10.00s を確保 / 移動 2 件・分割 1 件・切詰 0 件
2026-09-17 09:58:05,151 [INFO] src.timeline.commands: 貼り付けの割り込み: V2 の 5.000s へ 10.00s を確保 / 移動 2 件・分割 0 件・切詰 0 件
2026-09-17 09:58:05,151 [INFO] src.timeline.commands: 貼り付けの割り込み: S1 の 5.000s へ 10.00s を確保 / 移動 1 件・分割 0 件・切詰 0 件
2026-09-17 09:58:05,151 [INFO] src.timeline.commands: 貼り付けの割り込み: V1 の 5.000s へ 10.00s を確保 / 移動 2 件・分割 1 件・切詰 0 件
2026-09-17 09:58:05,151 [INFO] src.timeline.commands: 貼り付けの割り込み: V2 の 5.000s へ 10.00s を確保 / 移動 2 件・分割 0 件・切詰 0 件
2026-09-17 09:58:05,151 [INFO] src.timeline.commands: 貼り付けの割り込み: S1 の 5.000s へ 10.00s を確保 / 移動 1 件・分割 0 件・切詰 0 件
2026-09-17 09:58:05,151 [INFO] src.timeline.commands: 貼り付けの割り込み: V1 の 5.000s へ 15.00s を確保 / 移動 3 件・分割 0 件・切詰 0 件
2026-09-17 09:58:05,151 [INFO] src.timeline.commands: 貼り付けの割り込み: V2 の 5.000s へ 15.00s を確保 / 移動 2 件・分割 0 件・切詰 0 件
2026-09-17 09:58:05,151 [INFO] src.timeline.commands: 貼り付けの割り込み: S1 の 5.000s へ 15.00s を確保 / 移動 1 件・分割 0 件・切詰 0 件
2026-09-17 09:58:05,151 [INFO] src.timeline.commands: 貼り付けの割り込み: V1 の 10.020s へ 10.02s を確保 / 移動 2 件・分割 0 件・切詰 0 件
2026-09-17 09:58:05,151 [INFO] src.timeline.commands: 貼り付けの割り込み: V2 の 10.020s へ 10.02s を確保 / 移動 1 件・分割 0 件・切詰 0 件
2026-09-17 09:58:05,151 [INFO] src.timeline.commands: 貼り付けの割り込み: S1 の 10.020s へ 10.02s を確保 / 移動 1 件・分割 0 件・切詰 0 件
2026-09-17 09:58:05,151 [INFO] src.timeline.commands: 貼り付けの割り込み: V1 の 19.980s へ 9.98s を確保 / 移動 1 件・分割 0 件・切詰 1 件
2026-09-17 09:58:05,151 [INFO] src.timeline.commands: 貼り付けの割り込み: V2 の 19.980s へ 9.98s を確保 / 移動 1 件・分割 0 件・切詰 0 件
2026-09-17 09:58:05,151 [INFO] src.timeline.commands: 貼り付けの割り込み: S1 の 19.980s へ 9.98s を確保 / 移動 0 件・分割 0 件・切詰 0 件
2026-09-17 09:58:05,151 [WARNING] src.timeline.commands: 素材が見つからないため貼り付けません: D:\develop\autoedit\tests\存在しない素材.mp4
2026-09-17 09:58:05,151 [INFO] src.timeline.commands: 貼り付けの割り込み: V1 の 5.000s へ 10.00s を確保 / 移動 2 件・分割 1 件・切詰 0 件
2026-09-17 09:58:05,151 [INFO] src.timeline.commands: 貼り付けの割り込み: V2 の 5.000s へ 10.00s を確保 / 移動 2 件・分割 0 件・切詰 0 件
2026-09-17 09:58:05,151 [INFO] src.timeline.commands: 貼り付けの割り込み: S1 の 5.000s へ 10.00s を確保 / 移動 1 件・分割 0 件・切詰 0 件
2026-09-17 09:58:05,151 [INFO] src.timeline.commands: 貼り付けの割り込み: V1 の 5.000s へ 10.00s を確保 / 移動 2 件・分割 1 件・切詰 0 件
2026-09-17 09:58:05,151 [INFO] src.timeline.commands: 貼り付けの割り込み: V2 の 5.000s へ 10.00s を確保 / 移動 2 件・分割 0 件・切詰 0 件
2026-09-17 09:58:05,151 [INFO] src.timeline.commands: 貼り付けの割り込み: S1 の 5.000s へ 10.00s を確保 / 移動 1 件・分割 0 件・切詰 0 件
2026-09-17 09:58:05,151 [INFO] src.timeline.commands: 貼り付けの割り込み: V1 の 5.000s へ 10.00s を確保 / 移動 2 件・分割 1 件・切詰 0 件
2026-09-17 09:58:05,151 [INFO] src.timeline.commands: 貼り付けの割り込み: V2 の 5.000s へ 10.00s を確保 / 移動 2 件・分割 0 件・切詰 0 件
2026-09-17 09:58:05,151 [INFO] src.timeline.commands: 貼り付けの割り込み: S1 の 5.000s へ 10.00s を確保 / 移動 1 件・分割 0 件・切詰 0 件
2026-09-17 09:58:05,151 [INFO] src.timeline.commands: 貼り付けの割り込み: V1 の 5.000s へ 10.00s を確保 / 移動 2 件・分割 1 件・切詰 0 件
2026-09-17 09:58:05,151 [INFO] src.timeline.commands: 貼り付けの割り込み: V2 の 5.000s へ 10.00s を確保 / 移動 2 件・分割 0 件・切詰 0 件
2026-09-17 09:58:05,151 [INFO] src.timeline.commands: 貼り付けの割り込み: S1 の 5.000s へ 10.00s を確保 / 移動 1 件・分割 0 件・切詰 0 件
2026-09-17 09:58:05,151 [INFO] src.timeline.commands: 貼り付けの割り込み: V1 の 5.000s へ 10.00s を確保 / 移動 2 件・分割 1 件・切詰 0 件
2026-09-17 09:58:05,151 [INFO] src.timeline.commands: 貼り付けの割り込み: V2 の 5.000s へ 10.00s を確保 / 移動 2 件・分割 0 件・切詰 0 件
2026-09-17 09:58:05,151 [INFO] src.timeline.commands: 貼り付けの割り込み: S1 の 5.000s へ 10.00s を確保 / 移動 1 件・分割 0 件・切詰 0 件
2026-09-17 09:58:05,151 [INFO] src.timeline.commands: 貼り付けの割り込み: V2 の 4.000s へ 2.00s を確保 / 移動 2 件・分割 0 件・切詰 0 件
2026-09-17 09:58:05,151 [INFO] src.timeline.commands: 貼り付けの割り込み: V2 の 4.000s へ 2.00s を確保 / 移動 2 件・分割 0 件・切詰 0 件
2026-09-17 09:58:05,151 [INFO] src.timeline.commands: 貼り付けの割り込み: V2 の 4.000s へ 2.00s を確保 / 移動 2 件・分割 0 件・切詰 0 件
2026-09-17 09:58:05,155 [INFO] src.timeline.clipboard: Timeline のノードをコピーしました: 1 件
2026-09-17 09:58:05,156 [INFO] src.timeline.clipboard: Timeline のノードをコピーしました: 1 件
2026-09-17 09:58:05,156 [INFO] src.timeline.commands: 貼り付けの割り込み: V1 の 4.000s へ 2.00s を確保 / 移動 2 件・分割 1 件・切詰 0 件
2026-09-17 09:58:05,156 [INFO] src.timeline.commands: 貼り付けの割り込み: V2 の 4.000s へ 2.00s を確保 / 移動 2 件・分割 0 件・切詰 0 件
2026-09-17 09:58:05,156 [INFO] src.timeline.commands: 貼り付けの割り込み: S1 の 4.000s へ 2.00s を確保 / 移動 1 件・分割 0 件・切詰 0 件
2026-09-17 09:58:05,156 [INFO] src.timeline.commands: 貼り付けの割り込み: V2 の 4.000s へ 2.00s を確保 / 移動 2 件・分割 0 件・切詰 0 件
2026-09-17 09:58:05,156 [INFO] src.timeline.commands: 貼り付けの割り込み: V1 の 5.000s へ 10.00s を確保 / 移動 2 件・分割 1 件・切詰 0 件
2026-09-17 09:58:05,156 [INFO] src.timeline.commands: 貼り付けの割り込み: V2 の 5.000s へ 10.00s を確保 / 移動 2 件・分割 0 件・切詰 0 件
2026-09-17 09:58:05,156 [INFO] src.timeline.commands: 貼り付けの割り込み: V1 の 5.000s へ 10.00s を確保 / 移動 2 件・分割 1 件・切詰 0 件
2026-09-17 09:58:05,156 [WARNING] src.timeline.builder: 貼り付けの設定が不正なため既定 base_syncs_all を使用します: 'なにか'
2026-09-17 09:58:05,156 [WARNING] src.timeline.builder: 貼り付けの設定が不正なため既定 split を使用します: 123
2026-09-17 09:58:05,157 [INFO] src.timeline.commands: 貼り付けの割り込み: V1 の 5.000s へ 10.00s を確保 / 移動 2 件・分割 1 件・切詰 0 件
2026-09-17 09:58:05,157 [INFO] src.timeline.commands: 貼り付けの割り込み: V2 の 5.000s へ 10.00s を確保 / 移動 2 件・分割 0 件・切詰 0 件
2026-09-17 09:58:05,157 [INFO] src.timeline.commands: 貼り付けの割り込み: S1 の 5.000s へ 10.00s を確保 / 移動 1 件・分割 0 件・切詰 0 件
2026-09-17 09:58:05,158 [WARNING] src.timeline.commands: 映像トラックの上限 (3) に達しているため追加できません
2026-09-17 09:58:05,158 [INFO] src.timeline.commands: 字幕を追加できる空きがありません (2.000 秒)
2026-09-17 09:58:05,158 [INFO] src.timeline.commands: 字幕を追加できる空きがありません (0.990 秒)
2026-09-17 09:58:05,159 [INFO] src.timeline.commands: リップル: 10.000〜20.000s (10.00s) を除去 / 削除 1 件・短縮 0 件・移動 1 件
2026-09-17 09:58:05,160 [INFO] src.timeline.commands: リップル: 10.000〜20.000s (10.00s) を除去 / 削除 1 件・短縮 0 件・移動 1 件
2026-09-17 09:58:05,160 [INFO] src.timeline.commands: リップル: 10.000〜20.000s (10.00s) を除去 / 削除 1 件・短縮 0 件・移動 1 件
2026-09-17 09:58:05,160 [INFO] src.timeline.commands: リップル: 0.000〜10.000s (10.00s) を除去 / 削除 2 件・短縮 0 件・移動 1 件
2026-09-17 09:58:05,160 [INFO] src.timeline.commands: リップル: 10.000〜20.000s (10.00s) を除去 / 削除 1 件・短縮 0 件・移動 1 件
2026-09-17 09:58:05,161 [INFO] src.timeline.commands: リップル: 10.000〜20.000s (10.00s) を除去 / 削除 2 件・短縮 1 件・移動 2 件
2026-09-17 09:58:05,161 [INFO] src.timeline.commands: リップル: 10.000〜20.000s (10.00s) を除去 / 削除 2 件・短縮 1 件・移動 2 件
2026-09-17 09:58:05,161 [INFO] src.timeline.commands: リップル: 10.000〜20.000s (10.00s) を除去 / 削除 2 件・短縮 1 件・移動 2 件
2026-09-17 09:58:05,161 [INFO] src.timeline.commands: リップル: 10.000〜20.000s (10.00s) を除去 / 削除 2 件・短縮 1 件・移動 2 件
2026-09-17 09:58:05,162 [INFO] src.timeline.commands: リップル: 10.000〜20.000s (10.00s) を除去 / 削除 2 件・短縮 1 件・移動 2 件
2026-09-17 09:58:05,162 [INFO] src.timeline.commands: リップル: 10.000〜20.000s (10.00s) を除去 / 削除 2 件・短縮 1 件・移動 2 件
2026-09-17 09:58:05,162 [INFO] src.timeline.commands: リップル: 10.000〜20.000s (10.00s) を除去 / 削除 2 件・短縮 0 件・移動 3 件
2026-09-17 09:58:05,162 [INFO] src.timeline.commands: リップル: 10.000〜20.000s (10.00s) を除去 / 削除 1 件・短縮 0 件・移動 1 件
2026-09-17 09:58:05,162 [INFO] src.timeline.commands: リップル: 10.000〜20.000s (10.00s) を除去 / 削除 2 件・短縮 1 件・移動 2 件
2026-09-17 09:58:05,162 [INFO] src.timeline.commands: 残り尺が下限を割るためクリップごとリップル削除しました: c2
2026-09-17 09:58:05,162 [INFO] src.timeline.commands: リップル: 10.000〜20.000s (10.00s) を除去 / 削除 1 件・短縮 0 件・移動 2 件
2026-09-17 09:58:05,162 [INFO] src.timeline.commands: リップル: 15.000〜20.000s (5.00s) を除去 / 削除 0 件・短縮 1 件・移動 2 件
2026-09-17 09:58:05,162 [INFO] src.timeline.commands: リップル: 10.000〜15.000s (5.00s) を除去 / 削除 0 件・短縮 1 件・移動 2 件
2026-09-17 09:58:05,162 [INFO] src.timeline.commands: リップル: 15.000〜20.000s (5.00s) を除去 / 削除 0 件・短縮 1 件・移動 2 件
2026-09-17 09:58:05,163 [INFO] src.timeline.commands: リップル: 15.000〜20.000s (5.00s) を除去 / 削除 0 件・短縮 1 件・移動 2 件
2026-09-17 09:58:05,163 [INFO] src.timeline.commands: リップル: 26.000〜27.000s (1.00s) を除去 / 削除 0 件・短縮 2 件・移動 0 件
2026-09-17 09:58:05,163 [INFO] src.timeline.commands: リップル: 10.000〜20.000s (10.00s) を除去 / 削除 1 件・短縮 0 件・移動 1 件
2026-09-17 09:58:05,163 [INFO] src.timeline.commands: リップル: 10.000〜20.000s (10.00s) を除去 / 削除 1 件・短縮 0 件・移動 1 件
2026-09-17 09:58:05,164 [INFO] src.timeline.commands: リップル: 10.000〜20.000s (10.00s) を除去 / 削除 1 件・短縮 0 件・移動 1 件
2026-09-17 09:58:05,167 [INFO] src.timeline.project_io: プロジェクト保存: C:\Users\evolu\AppData\Local\Temp\timeline_io_test_9zueukon\sample.timeline.json
2026-09-17 09:58:05,181 [INFO] src.timeline.project_io: プロジェクト読込: C:\Users\evolu\AppData\Local\Temp\timeline_io_test_9zueukon\sample.timeline.json
2026-09-17 09:58:05,185 [INFO] src.timeline.project_io: プロジェクト保存: C:\Users\evolu\AppData\Local\Temp\timeline_io_test_9zueukon\sample.timeline.json
2026-09-17 09:58:05,189 [INFO] src.timeline.project_io: プロジェクト読込: C:\Users\evolu\AppData\Local\Temp\timeline_io_test_9zueukon\sample.timeline.json
2026-09-17 09:58:05,192 [INFO] src.timeline.project_io: プロジェクト保存: C:\Users\evolu\AppData\Local\Temp\timeline_io_test_y4uupwjz\sample.timeline.json
2026-09-17 09:58:05,207 [INFO] src.timeline.project_io: プロジェクト読込: C:\Users\evolu\AppData\Local\Temp\timeline_io_test_y4uupwjz\sample.timeline.json
2026-09-17 09:58:05,210 [INFO] src.timeline.project_io: プロジェクト保存: C:\Users\evolu\AppData\Local\Temp\timeline_io_test_p4ey87dl\sample.timeline.json
2026-09-17 09:58:05,223 [WARNING] src.timeline.project_io: メディアの実体が見つかりません (1 件)。該当クリップを無効化します: m1
2026-09-17 09:58:05,230 [INFO] src.timeline.project_io: プロジェクト保存: C:\Users\evolu\AppData\Local\Temp\timeline_io_test_xnwvmk8f\sample.timeline.json
2026-09-17 09:58:05,240 [INFO] src.timeline.project_io: プロジェクト保存: C:\Users\evolu\AppData\Local\Temp\timeline_io_test_enx1iiyi\sample.timeline.json
2026-09-17 09:58:05,240 [WARNING] src.timeline.project_io: 編集点の区間が不正なため無視します: 20.000→15.000
2026-09-17 09:58:05,240 [WARNING] src.timeline.project_io: メディアの実体が見つかりません (1 件)。該当クリップを無効化します: m1
2026-09-17 09:58:05,240 [WARNING] src.timeline.project_io: 音声クリップ a1 のリンク先 no_such_clip が存在しないため除外します (該当区間は無音になります)
2026-09-17 09:58:05,240 [WARNING] src.timeline.project_io: トラック V1 でクリップ c2 が重複しているため 12.480 へ移動します
2026-09-17 09:58:05,296 [WARNING] src.timeline.project_io: クリップ c2 の尺 (0.001s) が下限 (0.050s) 未満のため除外します
2026-09-17 09:58:05,297 [WARNING] src.timeline.project_io: 音声クリップ a2 のリンク先 c2 が存在しないため除外します (該当区間は無音になります)
2026-09-17 09:58:05,396 [INFO] src.utils.trash: ゴミ箱へ移動しました (2 件)
2026-09-17 09:58:05,398 [WARNING] src.timeline.builder: 寸法の設定が不正なため既定 8000 を使用します: 0
2026-09-17 10:05:27,191 [WARNING] src.blur.config: 未知の blur.default_policy のため既定を使用します: なにか変な値
2026-09-17 10:05:27,191 [WARNING] src.blur.config: 未知の blur.render.mode のため既定を使用します: unknown
2026-09-17 10:05:27,298 [INFO] src.blur.tracker: 人物クラスタリング: tracklet 2 本 → 人物 2 人 (主役 p1)
2026-09-17 10:05:27,298 [INFO] src.blur.tracker: 人物クラスタリング: tracklet 3 本 → 人物 2 人 (主役 p1)
2026-09-17 10:05:27,300 [INFO] src.blur.tracker: 人物クラスタリング: tracklet 2 本 → 人物 2 人 (主役 p1)
2026-09-17 10:05:27,300 [INFO] src.blur.tracker: 人物クラスタリング: tracklet 2 本 → 人物 1 人 (主役 p1)
2026-09-17 10:05:27,300 [INFO] src.blur.tracker: 人物クラスタリング: tracklet 2 本 → 人物 1 人 (主役 p1)
2026-09-17 10:05:27,300 [INFO] src.blur.tracker: 人物クラスタリング: tracklet 2 本 → 人物 1 人 (主役 p1)
2026-09-17 10:05:27,300 [INFO] src.blur.tracker: 人物クラスタリング: tracklet 2 本 → 人物 2 人 (主役 p1)
2026-09-17 10:05:28,248 [INFO] src.archive.timeline_builder: アーカイブ Timeline 構築: 2 クリップ / V1 2 本 / S1 0 件 / 全長 60.0s
2026-09-17 10:05:28,248 [INFO] src.archive.timeline_builder: アーカイブ Timeline 構築: 2 クリップ / V1 2 本 / S1 0 件 / 全長 60.0s
2026-09-17 10:05:28,248 [WARNING] src.archive.marker_source: VOD 外のマーカーを 2 件除外しました (尺 7200.0s)
2026-09-17 10:05:28,258 [INFO] src.archive.clip_writer: clip1 prepare 完了 (字幕 2 件)
2026-09-17 10:05:28,258 [INFO] src.archive.clip_writer: clip1 prepare 完了 (字幕 2 件)
2026-09-17 10:05:28,258 [INFO] src.archive.clip_writer: 編集点準備: 残す区間 2 件 / 想定尺 10.00s (素材 30.00s)
2026-09-17 10:05:28,258 [INFO] src.archive.clip_writer: clip1 prepare 完了 (字幕 2 件 / 実カットなし)
2026-09-17 10:05:28,262 [INFO] src.archive.clip_writer: 編集点準備: 残す区間 2 件 / 想定尺 10.00s (素材 30.00s)
2026-09-17 10:05:28,262 [INFO] src.archive.clip_writer: clip1 prepare 完了 (字幕 2 件 / 実カットなし)
2026-09-17 10:05:28,262 [INFO] src.archive.clip_writer: 編集点準備: 残す区間 2 件 / 想定尺 10.00s (素材 30.00s)
2026-09-17 10:05:28,262 [INFO] src.archive.clip_writer: clip1 prepare 完了 (字幕 2 件 / 実カットなし)
2026-09-17 10:05:28,262 [INFO] src.archive.clip_writer: 編集点準備: 残す区間 2 件 / 想定尺 10.00s (素材 30.00s)
2026-09-17 10:05:28,262 [INFO] src.archive.clip_writer: clip1 prepare 完了 (字幕 2 件 / 実カットなし)
2026-09-17 10:05:28,262 [INFO] src.archive.clip_writer: 編集点準備: 残す区間 2 件 / 想定尺 10.00s (素材 30.00s)
2026-09-17 10:05:28,262 [INFO] src.archive.clip_writer: clip1 prepare 完了 (字幕 2 件 / 実カットなし)
2026-09-17 10:05:28,262 [INFO] src.archive.clip_writer: 編集点準備: 残す区間 2 件 / 想定尺 10.00s (素材 30.00s)
2026-09-17 10:05:28,262 [INFO] src.archive.clip_writer: clip1 prepare 完了 (字幕 2 件 / 実カットなし)
2026-09-17 10:05:28,270 [INFO] src.archive.clip_writer: 編集点準備: 残す区間 2 件 / 想定尺 10.00s (素材 30.00s)
2026-09-17 10:05:28,270 [INFO] src.archive.clip_writer: clip1 prepare 完了 (字幕 0 件 / 実カットなし)
2026-09-17 10:05:28,270 [INFO] src.archive.clip_writer: 編集点準備: 残す区間 2 件 / 想定尺 10.00s (素材 30.00s)
2026-09-17 10:05:28,270 [INFO] src.timeline.project_io: プロジェクト保存: C:\Users\evolu\AppData\Local\Temp\archive_resume_362yqj3w\vod.archive.timeline.json
2026-09-17 10:05:28,284 [INFO] src.timeline.project_io: プロジェクト読込: C:\Users\evolu\AppData\Local\Temp\archive_resume_362yqj3w\vod.archive.timeline.json
2026-09-17 10:05:28,294 [INFO] src.timeline.project_io: プロジェクト保存: C:\Users\evolu\AppData\Local\Temp\archive_resume_2mfrndsc\vod.archive.timeline.json
2026-09-17 10:05:28,294 [INFO] src.timeline.project_io: プロジェクト保存: C:\Users\evolu\AppData\Local\Temp\archive_resume_2mfrndsc\clip.timeline.json
2026-09-17 10:05:28,294 [INFO] src.archive.project_resume: ==================================================
2026-09-17 10:05:28,294 [INFO] src.archive.project_resume: 保存済みアーカイブプロジェクトから再開: C:\Users\evolu\AppData\Local\Temp\archive_resume_2mfrndsc\clip.timeline.json
2026-09-17 10:05:28,313 [INFO] src.timeline.project_io: プロジェクト読込: C:\Users\evolu\AppData\Local\Temp\archive_resume_2mfrndsc\clip.timeline.json
2026-09-17 10:05:28,318 [INFO] src.timeline.project_io: プロジェクト保存: C:\Users\evolu\AppData\Local\Temp\archive_resume_klk7ed42\vod.archive.timeline.json
2026-09-17 10:05:28,334 [INFO] src.timeline.project_io: プロジェクト読込: C:\Users\evolu\AppData\Local\Temp\archive_resume_klk7ed42\vod.archive.timeline.json
2026-09-17 10:05:28,337 [INFO] src.archive.project_resume: 音声サイドカーが無いため clip1 の正規化をやり直します
2026-09-17 10:05:28,338 [INFO] src.archive.project_resume: 音声サイドカーが無いため clip2 の正規化をやり直します
2026-09-17 10:05:28,343 [INFO] src.timeline.project_io: プロジェクト保存: C:\Users\evolu\AppData\Local\Temp\archive_resume_b67lo_jp\vod.archive.timeline.json
2026-09-17 10:05:28,354 [INFO] src.timeline.project_io: プロジェクト読込: C:\Users\evolu\AppData\Local\Temp\archive_resume_b67lo_jp\vod.archive.timeline.json
2026-09-17 10:05:28,354 [INFO] src.archive.project_resume: 音声サイドカーが無いため clip1 の正規化をやり直します
2026-09-17 10:05:28,354 [INFO] src.archive.project_resume: 音声サイドカーが無いため clip2 の正規化をやり直します
2026-09-17 10:05:28,354 [INFO] src.timeline.project_io: プロジェクト保存: C:\Users\evolu\AppData\Local\Temp\archive_resume_7ypw1dq7\vod.archive.timeline.json
2026-09-17 10:05:28,354 [INFO] src.archive.project_resume: ==================================================
2026-09-17 10:05:28,354 [INFO] src.archive.project_resume: 保存済みアーカイブプロジェクトから再開: C:\Users\evolu\AppData\Local\Temp\archive_resume_7ypw1dq7\no_such.timeline.json
2026-09-17 10:05:28,369 [INFO] src.timeline.project_io: プロジェクト保存: C:\Users\evolu\AppData\Local\Temp\archive_resume_xkyrmrcc\vod.archive.timeline.json
2026-09-17 10:05:28,379 [INFO] src.timeline.project_io: プロジェクト読込: C:\Users\evolu\AppData\Local\Temp\archive_resume_xkyrmrcc\vod.archive.timeline.json
2026-09-17 10:05:28,385 [INFO] src.timeline.project_io: プロジェクト保存: C:\Users\evolu\AppData\Local\Temp\archive_resume_6ysjfuai\vod.archive.timeline.json
2026-09-17 10:05:28,405 [INFO] src.timeline.project_io: プロジェクト読込: C:\Users\evolu\AppData\Local\Temp\archive_resume_6ysjfuai\vod.archive.timeline.json
2026-09-17 10:05:28,407 [INFO] src.archive.project_resume: 設定に従い切り出したままの音量で使います: clip1
2026-09-17 10:05:28,407 [INFO] src.archive.project_resume: 設定に従い切り出したままの音量で使います: clip2
2026-09-17 10:05:28,407 [WARNING] src.timeline.media_sidecar: 音声サイドカーの尺が保存値と合いません (100.00s / 期待 103.00s) → 使いません
2026-09-17 10:05:28,407 [INFO] src.archive.timeline_builder: アーカイブ Timeline 構築: 2 クリップ / V1 2 本 / S1 0 件 / 全長 200.0s
2026-09-17 10:05:28,407 [INFO] src.archive.timeline_builder: セクション追加: clip3 を 200.00s へ挿入 (VOD 900.0-950.0 / 尺 50.00s)
2026-09-17 10:05:28,407 [INFO] src.archive.timeline_builder: アーカイブ Timeline 構築: 2 クリップ / V1 2 本 / S1 0 件 / 全長 200.0s
2026-09-17 10:05:28,407 [INFO] src.timeline.commands: 貼り付けの割り込み: V1 の 0.000s へ 50.00s を確保 / 移動 2 件・分割 0 件・切詰 0 件
2026-09-17 10:05:28,407 [INFO] src.timeline.commands: 貼り付けの割り込み: S1 の 0.000s へ 50.00s を確保 / 移動 0 件・分割 0 件・切詰 0 件
2026-09-17 10:05:28,407 [INFO] src.archive.timeline_builder: セクション追加: clip3 を 0.00s へ挿入 (VOD 0.0-50.0 / 尺 50.00s)
2026-09-17 10:05:28,407 [INFO] src.archive.timeline_builder: アーカイブ Timeline 構築: 2 クリップ / V1 2 本 / S1 0 件 / 全長 200.0s
2026-09-17 10:05:28,407 [INFO] src.timeline.commands: 貼り付けの割り込み: V1 の 100.000s へ 50.00s を確保 / 移動 1 件・分割 0 件・切詰 0 件
2026-09-17 10:05:28,407 [INFO] src.timeline.commands: 貼り付けの割り込み: S1 の 100.000s へ 50.00s を確保 / 移動 0 件・分割 0 件・切詰 0 件
2026-09-17 10:05:28,407 [INFO] src.archive.timeline_builder: セクション追加: clip3 を 100.00s へ挿入 (VOD 250.0-300.0 / 尺 50.00s)
2026-09-17 10:05:28,407 [INFO] src.archive.timeline_builder: アーカイブ Timeline 構築: 3 クリップ / V1 3 本 / S1 0 件 / 全長 300.0s
2026-09-17 10:05:28,407 [INFO] src.timeline.commands: 貼り付けの割り込み: V1 の 100.000s へ 50.00s を確保 / 移動 2 件・分割 0 件・切詰 0 件
2026-09-17 10:05:28,407 [INFO] src.timeline.commands: 貼り付けの割り込み: S1 の 100.000s へ 50.00s を確保 / 移動 0 件・分割 0 件・切詰 0 件
2026-09-17 10:05:28,407 [INFO] src.archive.timeline_builder: セクション追加: clip4 を 100.00s へ挿入 (VOD 250.0-300.0 / 尺 50.00s)
2026-09-17 10:05:28,407 [INFO] src.timeline.commands: 貼り付けの割り込み: V1 の 0.000s へ 50.00s を確保 / 移動 4 件・分割 0 件・切詰 0 件
2026-09-17 10:05:28,407 [INFO] src.timeline.commands: 貼り付けの割り込み: S1 の 0.000s へ 50.00s を確保 / 移動 0 件・分割 0 件・切詰 0 件
2026-09-17 10:05:28,407 [INFO] src.archive.timeline_builder: セクション追加: clip5 を 0.00s へ挿入 (VOD 0.0-50.0 / 尺 50.00s)
2026-09-17 10:05:28,407 [INFO] src.archive.timeline_builder: セクション追加: clip6 を 400.00s へ挿入 (VOD 900.0-950.0 / 尺 50.00s)
2026-09-17 10:05:28,407 [INFO] src.archive.timeline_builder: アーカイブ Timeline 構築: 1 クリップ / V1 1 本 / S1 0 件 / 全長 100.0s
2026-09-17 10:05:28,407 [INFO] src.archive.timeline_builder: セクション追加: clip2 を 100.00s へ挿入 (VOD 300.0-400.0 / 尺 100.00s)
2026-09-17 10:05:28,411 [INFO] src.archive.timeline_builder: アーカイブ Timeline 構築: 3 クリップ / V1 3 本 / S1 0 件 / 全長 300.0s
2026-09-17 10:05:28,411 [INFO] src.timeline.commands: 貼り付けの割り込み: V1 の 100.000s へ 50.00s を確保 / 移動 2 件・分割 0 件・切詰 0 件
2026-09-17 10:05:28,411 [INFO] src.timeline.commands: 貼り付けの割り込み: S1 の 100.000s へ 50.00s を確保 / 移動 0 件・分割 0 件・切詰 0 件
2026-09-17 10:05:28,411 [INFO] src.archive.timeline_builder: セクション追加: clip4 を 100.00s へ挿入 (VOD 250.0-300.0 / 尺 50.00s)
2026-09-17 10:05:28,411 [INFO] src.archive.timeline_builder: アーカイブ Timeline 構築: 2 クリップ / V1 2 本 / S1 0 件 / 全長 200.0s
2026-09-17 10:05:28,411 [INFO] src.archive.timeline_builder: セクション追加: clip3 を 200.00s へ挿入 (VOD 900.0-950.0 / 尺 50.00s)
2026-09-17 10:05:28,411 [INFO] src.archive.timeline_builder: アーカイブ Timeline 構築: 2 クリップ / V1 2 本 / S1 0 件 / 全長 200.0s
2026-09-17 10:05:28,411 [INFO] src.archive.timeline_builder: アーカイブ Timeline 構築: 1 クリップ / V1 1 本 / S1 0 件 / 全長 100.0s
2026-09-17 10:05:28,411 [INFO] src.archive.timeline_builder: セクション追加: clip2 を 100.00s へ挿入 (VOD 450.0-600.0 / 尺 150.00s)
2026-09-17 10:05:28,411 [INFO] src.archive.timeline_builder: アーカイブ Timeline 構築: 2 クリップ / V1 2 本 / S1 0 件 / 全長 200.0s
2026-09-17 10:05:28,411 [INFO] src.archive.timeline_builder: セクション追加: clip3 を 200.00s へ挿入 (VOD 500.0-600.0 / 尺 100.00s)
2026-09-17 10:05:28,411 [INFO] src.archive.timeline_builder: セクション統合: clip2 へ 1 件を畳み込み (VOD 400.0-600.0)
2026-09-17 10:05:28,411 [INFO] src.archive.timeline_builder: アーカイブ Timeline 構築: 2 クリップ / V1 2 本 / S1 0 件 / 全長 200.0s
2026-09-17 10:05:28,411 [INFO] src.archive.timeline_builder: セクション追加: clip3 を 200.00s へ挿入 (VOD 500.0-600.0 / 尺 100.00s)
2026-09-17 10:05:28,411 [INFO] src.archive.timeline_builder: セクション統合: clip2 へ 1 件を畳み込み (VOD 400.0-600.0)
2026-09-17 10:05:28,413 [INFO] src.archive.timeline_builder: アーカイブ Timeline 構築: 3 クリップ / V1 3 本 / S1 0 件 / 全長 300.0s
2026-09-17 10:05:28,413 [INFO] src.timeline.commands: 貼り付けの割り込み: V1 の 200.000s へ 100.00s を確保 / 移動 1 件・分割 0 件・切詰 0 件
2026-09-17 10:05:28,413 [INFO] src.timeline.commands: 貼り付けの割り込み: S1 の 200.000s へ 100.00s を確保 / 移動 0 件・分割 0 件・切詰 0 件
2026-09-17 10:05:28,413 [INFO] src.archive.timeline_builder: セクション追加: clip4 を 200.00s へ挿入 (VOD 500.0-600.0 / 尺 100.00s)
2026-09-17 10:05:28,413 [INFO] src.archive.timeline_builder: セクション統合: clip2 へ 1 件を畳み込み (VOD 400.0-600.0)
2026-09-17 10:05:28,413 [INFO] src.archive.timeline_builder: アーカイブ Timeline 構築: 3 クリップ / V1 3 本 / S1 0 件 / 全長 300.0s
2026-09-17 10:05:28,413 [INFO] src.timeline.commands: 貼り付けの割り込み: V1 の 100.000s へ 200.00s を確保 / 移動 2 件・分割 0 件・切詰 0 件
2026-09-17 10:05:28,413 [INFO] src.timeline.commands: 貼り付けの割り込み: S1 の 100.000s へ 200.00s を確保 / 移動 0 件・分割 0 件・切詰 0 件
2026-09-17 10:05:28,413 [INFO] src.archive.timeline_builder: セクション追加: clip4 を 100.00s へ挿入 (VOD 200.0-400.0 / 尺 200.00s)
2026-09-17 10:05:28,413 [INFO] src.timeline.commands: 貼り付けの割り込み: V1 の 400.000s へ 200.00s を確保 / 移動 1 件・分割 0 件・切詰 0 件
2026-09-17 10:05:28,413 [INFO] src.timeline.commands: 貼り付けの割り込み: S1 の 400.000s へ 200.00s を確保 / 移動 0 件・分割 0 件・切詰 0 件
2026-09-17 10:05:28,413 [INFO] src.archive.timeline_builder: セクション追加: clip5 を 400.00s へ挿入 (VOD 500.0-700.0 / 尺 200.00s)
2026-09-17 10:05:28,413 [INFO] src.archive.timeline_builder: セクション統合: clip1 へ 4 件を畳み込み (VOD 100.0-800.0)
2026-09-17 10:05:28,413 [INFO] src.archive.timeline_builder: アーカイブ Timeline 構築: 1 クリップ / V1 1 本 / S1 0 件 / 全長 100.0s
2026-09-17 10:05:28,413 [INFO] src.archive.timeline_builder: セクション追加: clip2 を 100.00s へ挿入 (VOD 200.0-300.0 / 尺 100.00s)
2026-09-17 10:05:28,413 [INFO] src.archive.timeline_builder: セクション統合: clip1 へ 1 件を畳み込み (VOD 100.0-300.0)
2026-09-17 10:05:28,413 [INFO] src.archive.timeline_builder: アーカイブ Timeline 構築: 2 クリップ / V1 2 本 / S1 0 件 / 全長 200.0s
2026-09-17 10:05:28,413 [INFO] src.timeline.commands: 貼り付けの割り込み: V1 の 100.000s へ 50.00s を確保 / 移動 1 件・分割 0 件・切詰 0 件
2026-09-17 10:05:28,413 [INFO] src.timeline.commands: 貼り付けの割り込み: S1 の 100.000s へ 50.00s を確保 / 移動 0 件・分割 0 件・切詰 0 件
2026-09-17 10:05:28,413 [INFO] src.archive.timeline_builder: セクション追加: clip3 を 100.00s へ挿入 (VOD 250.0-300.0 / 尺 50.00s)
2026-09-17 10:05:28,413 [INFO] src.archive.timeline_builder: アーカイブ Timeline 構築: 2 クリップ / V1 2 本 / S1 0 件 / 全長 200.0s
2026-09-17 10:05:28,413 [INFO] src.archive.timeline_builder: セクション追加: clip3 を 200.00s へ挿入 (VOD 500.0-600.0 / 尺 100.00s)
2026-09-17 10:05:28,413 [INFO] src.archive.timeline_builder: セクション統合: clip2 へ 1 件を畳み込み (VOD 400.0-600.0)
2026-09-17 10:05:28,413 [INFO] src.archive.timeline_builder: アーカイブ Timeline 構築: 3 クリップ / V1 3 本 / S1 0 件 / 全長 300.0s
2026-09-17 10:05:28,413 [INFO] src.timeline.commands: 貼り付けの割り込み: V1 の 100.000s へ 50.00s を確保 / 移動 2 件・分割 0 件・切詰 0 件
2026-09-17 10:05:28,413 [INFO] src.timeline.commands: 貼り付けの割り込み: S1 の 100.000s へ 50.00s を確保 / 移動 0 件・分割 0 件・切詰 0 件
2026-09-17 10:05:28,413 [INFO] src.archive.timeline_builder: セクション追加: clip4 を 100.00s へ挿入 (VOD 250.0-300.0 / 尺 50.00s)
2026-09-17 10:05:28,413 [INFO] src.archive.timeline_builder: アーカイブ Timeline 構築: 1 クリップ / V1 1 本 / S1 0 件 / 全長 30.0s
2026-09-17 10:05:28,413 [INFO] src.archive.timeline_builder: アーカイブ Timeline 構築: 1 クリップ / V1 1 本 / S1 0 件 / 全長 30.0s
2026-09-17 10:05:28,413 [INFO] src.archive.timeline_builder: アーカイブ Timeline 構築: 1 クリップ / V1 1 本 / S1 0 件 / 全長 30.0s
2026-09-17 10:05:28,413 [INFO] src.archive.timeline_builder: アーカイブ Timeline 構築: 1 クリップ / V1 1 本 / S1 0 件 / 全長 30.0s
2026-09-17 10:05:28,413 [INFO] src.archive.timeline_builder: アーカイブ Timeline 構築: 1 クリップ / V1 1 本 / S1 0 件 / 全長 30.0s
2026-09-17 10:05:28,413 [INFO] src.archive.timeline_builder: アーカイブ Timeline 構築: 3 クリップ / V1 6 本 / S1 6 件 / 全長 30.0s
2026-09-17 10:05:28,413 [INFO] src.archive.timeline_builder: アーカイブ Timeline 構築: 3 クリップ / V1 6 本 / S1 6 件 / 全長 30.0s
2026-09-17 10:05:28,413 [INFO] src.archive.timeline_builder: アーカイブ Timeline 構築: 3 クリップ / V1 6 本 / S1 6 件 / 全長 30.0s
2026-09-17 10:05:28,413 [INFO] src.archive.timeline_builder: アーカイブ Timeline 構築: 3 クリップ / V1 6 本 / S1 6 件 / 全長 30.0s
2026-09-17 10:05:28,413 [INFO] src.archive.timeline_builder: アーカイブ Timeline 構築: 3 クリップ / V1 6 本 / S1 6 件 / 全長 30.0s
2026-09-17 10:05:28,417 [INFO] src.archive.timeline_builder: アーカイブ Timeline 構築: 3 クリップ / V1 6 本 / S1 6 件 / 全長 30.0s
2026-09-17 10:05:28,417 [INFO] src.archive.timeline_builder: アーカイブ Timeline 構築: 3 クリップ / V1 6 本 / S1 6 件 / 全長 30.0s
2026-09-17 10:05:28,417 [INFO] src.archive.timeline_builder: アーカイブ Timeline 構築: 3 クリップ / V1 6 本 / S1 6 件 / 全長 30.0s
2026-09-17 10:05:28,417 [INFO] src.archive.timeline_builder: アーカイブ Timeline 構築: 3 クリップ / V1 6 本 / S1 6 件 / 全長 30.0s
2026-09-17 10:05:28,417 [INFO] src.archive.timeline_builder: アーカイブ Timeline 構築: 1 クリップ / V1 1 本 / S1 2 件 / 全長 30.0s
2026-09-17 10:05:28,417 [INFO] src.archive.timeline_builder: clip1: クリップ終端で打ち切った字幕 1 件 / 載せなかった字幕 0 件
2026-09-17 10:05:28,417 [INFO] src.archive.timeline_builder: clip2: クリップ終端で打ち切った字幕 1 件 / 載せなかった字幕 0 件
2026-09-17 10:05:28,417 [INFO] src.archive.timeline_builder: clip3: クリップ終端で打ち切った字幕 1 件 / 載せなかった字幕 0 件
2026-09-17 10:05:28,417 [INFO] src.archive.timeline_builder: アーカイブ Timeline 構築: 3 クリップ / V1 6 本 / S1 3 件 / 全長 30.0s
2026-09-17 10:05:28,417 [INFO] src.archive.timeline_builder: clip1: クリップ終端で打ち切った字幕 1 件 / 載せなかった字幕 0 件
2026-09-17 10:05:28,417 [INFO] src.archive.timeline_builder: アーカイブ Timeline 構築: 2 クリップ / V1 4 本 / S1 3 件 / 全長 20.0s
2026-09-17 10:05:28,417 [INFO] src.archive.timeline_builder: clip1: クリップ終端で打ち切った字幕 1 件 / 載せなかった字幕 1 件
2026-09-17 10:05:28,417 [INFO] src.archive.timeline_builder: アーカイブ Timeline 構築: 2 クリップ / V1 4 本 / S1 2 件 / 全長 20.0s
2026-09-17 10:05:28,417 [INFO] src.archive.timeline_builder: clip1: クリップ終端で打ち切った字幕 1 件 / 載せなかった字幕 0 件
2026-09-17 10:05:28,417 [INFO] src.archive.timeline_builder: clip2: クリップ終端で打ち切った字幕 1 件 / 載せなかった字幕 0 件
2026-09-17 10:05:28,417 [INFO] src.archive.timeline_builder: アーカイブ Timeline 構築: 2 クリップ / V1 4 本 / S1 2 件 / 全長 20.0s
2026-09-17 10:05:28,417 [INFO] src.archive.timeline_builder: アーカイブ Timeline 構築: 3 クリップ / V1 6 本 / S1 6 件 / 全長 30.0s
2026-09-17 10:05:28,417 [INFO] src.archive.timeline_builder: アーカイブ Timeline 構築: 3 クリップ / V1 6 本 / S1 6 件 / 全長 30.0s
2026-09-17 10:05:28,417 [INFO] src.archive.timeline_builder: アーカイブ Timeline 構築: 3 クリップ / V1 6 本 / S1 6 件 / 全長 30.0s
2026-09-17 10:05:28,417 [INFO] src.archive.timeline_builder: アーカイブ Timeline 構築: 3 クリップ / V1 6 本 / S1 6 件 / 全長 30.0s
2026-09-17 10:05:28,417 [INFO] src.archive.timeline_builder: アーカイブ Timeline 構築: 3 クリップ / V1 6 本 / S1 6 件 / 全長 30.0s
2026-09-17 10:05:28,417 [INFO] src.archive.timeline_builder: アーカイブ Timeline 構築: 3 クリップ / V1 6 本 / S1 6 件 / 全長 30.0s
2026-09-17 10:05:28,417 [INFO] src.archive.timeline_builder: アーカイブ Timeline 構築: 3 クリップ / V1 6 本 / S1 6 件 / 全長 30.0s
2026-09-17 10:05:28,417 [INFO] src.archive.timeline_builder: clip2 は使用しないため書き出しから除外します
2026-09-17 10:05:28,417 [INFO] src.archive.timeline_builder: アーカイブ Timeline 構築: 3 クリップ / V1 6 本 / S1 6 件 / 全長 30.0s
2026-09-17 10:05:28,417 [INFO] src.archive.timeline_builder: アーカイブ Timeline 構築: 3 クリップ / V1 6 本 / S1 6 件 / 全長 30.0s
2026-09-17 10:05:28,417 [INFO] src.archive.timeline_builder: アーカイブ Timeline 構築: 3 クリップ / V1 6 本 / S1 6 件 / 全長 30.0s
2026-09-17 10:05:28,417 [INFO] src.archive.timeline_builder: アーカイブ Timeline 構築: 3 クリップ / V1 6 本 / S1 6 件 / 全長 30.0s
2026-09-17 10:05:28,417 [INFO] src.archive.timeline_builder: アーカイブ Timeline 構築: 3 クリップ / V1 6 本 / S1 6 件 / 全長 30.0s
2026-09-17 10:05:28,417 [INFO] src.archive.timeline_builder: アーカイブ Timeline 構築: 3 クリップ / V1 6 本 / S1 6 件 / 全長 30.0s
2026-09-17 10:05:28,417 [WARNING] src.blur.config: 未知の blur.default_policy のため既定を使用します: なにか変な値
2026-09-17 10:05:28,417 [WARNING] src.blur.config: 未知の blur.render.mode のため既定を使用します: unknown
2026-09-17 10:05:28,479 [INFO] src.blur.tracker: 人物クラスタリング: tracklet 2 本 → 人物 2 人 (主役 p1)
2026-09-17 10:05:28,479 [INFO] src.blur.tracker: 人物クラスタリング: tracklet 3 本 → 人物 2 人 (主役 p1)
2026-09-17 10:05:28,479 [INFO] src.blur.tracker: 人物クラスタリング: tracklet 2 本 → 人物 2 人 (主役 p1)
2026-09-17 10:05:28,479 [INFO] src.blur.tracker: 人物クラスタリング: tracklet 2 本 → 人物 1 人 (主役 p1)
2026-09-17 10:05:28,479 [INFO] src.blur.tracker: 人物クラスタリング: tracklet 2 本 → 人物 1 人 (主役 p1)
2026-09-17 10:05:28,480 [INFO] src.blur.tracker: 人物クラスタリング: tracklet 2 本 → 人物 1 人 (主役 p1)
2026-09-17 10:05:28,480 [INFO] src.blur.tracker: 人物クラスタリング: tracklet 2 本 → 人物 2 人 (主役 p1)
2026-09-17 10:05:28,484 [WARNING] src.modules.blur_overlay: ぼかしマスクが見つからないため、ぼかしを省略します: 
2026-09-17 10:05:28,493 [INFO] src.blur.mask_builder: ぼかしマスク: 1200 フレーム / 480x270 / 対象 1 件
2026-09-17 10:05:29,122 [INFO] src.blur.mask_builder: ぼかしマスクを書き出しました: mask.mkv (0.4 MB)
2026-09-17 10:05:29,128 [INFO] src.blur.mask_builder: ぼかしマスク: 1200 フレーム / 480x270 / 対象 1 件
2026-09-17 10:05:29,708 [INFO] src.blur.mask_builder: ぼかしマスクを書き出しました: mask.mkv (0.4 MB)
2026-09-17 10:05:29,834 [INFO] src.blur.mask_builder: ぼかす対象が無いためマスクを作りません
2026-09-17 10:05:29,836 [INFO] src.blur.mask_builder: ぼかしマスク: 1200 フレーム / 270x480 / 対象 1 件
2026-09-17 10:05:30,422 [INFO] src.blur.mask_builder: ぼかしマスクを書き出しました: mask.mkv (0.4 MB)
2026-09-17 10:05:30,435 [INFO] src.timeline.renderer: ベース映像構築: 1 クリップ / ギャップ 0 件 / 合計 5.0s
2026-09-17 10:05:30,435 [INFO] src.timeline.renderer: ベース映像の尺: モデル 5.000s / 実測 5.000s (差 +0.000s / 1 部品)
2026-09-17 10:05:30,435 [INFO] src.timeline.renderer: 字幕焼き込み: 1 件
2026-09-17 10:05:30,450 [INFO] src.timeline.renderer: ベース映像構築: 1 クリップ / ギャップ 0 件 / 合計 5.0s
2026-09-17 10:05:30,457 [INFO] src.timeline.renderer: ベース映像の尺: モデル 5.000s / 実測 5.000s (差 +0.000s / 1 部品)
2026-09-17 10:05:30,457 [INFO] src.timeline.renderer: 字幕焼き込み: 1 件
2026-09-17 10:05:30,462 [INFO] src.timeline.renderer: ベース映像構築: 1 クリップ / ギャップ 0 件 / 合計 5.0s
2026-09-17 10:05:30,464 [INFO] src.timeline.renderer: ベース映像の尺: モデル 5.000s / 実測 5.000s (差 +0.000s / 1 部品)
2026-09-17 10:05:30,464 [INFO] src.timeline.renderer: オーバーレイ・字幕が無いため合成をスキップします
2026-09-17 10:05:30,464 [INFO] src.modules.blur_overlay: ぼかしを焼き込みます: blur_applied.mp4
2026-09-17 10:05:30,464 [INFO] src.timeline.renderer: ベース映像構築: 1 クリップ / ギャップ 0 件 / 合計 5.0s
2026-09-17 10:05:30,464 [INFO] src.timeline.renderer: ベース映像の尺: モデル 5.000s / 実測 5.000s (差 +0.000s / 1 部品)
2026-09-17 10:05:30,464 [INFO] src.timeline.renderer: オーバーレイ・字幕が無いため合成をスキップします
2026-09-17 10:05:30,464 [INFO] src.modules.blur_overlay: ぼかしを焼き込みます: blur_applied.mp4
2026-09-17 10:05:30,464 [INFO] src.timeline.renderer: ベース映像構築: 1 クリップ / ギャップ 0 件 / 合計 5.0s
2026-09-17 10:05:30,464 [INFO] src.timeline.renderer: ベース映像の尺: モデル 5.000s / 実測 5.000s (差 +0.000s / 1 部品)
2026-09-17 10:05:30,480 [INFO] src.timeline.renderer: 字幕焼き込み: 1 件
2026-09-17 10:05:30,480 [INFO] src.timeline.renderer: ベース映像構築: 1 クリップ / ギャップ 0 件 / 合計 5.0s
2026-09-17 10:05:30,480 [INFO] src.timeline.renderer: ベース映像の尺: モデル 5.000s / 実測 5.000s (差 +0.000s / 1 部品)
2026-09-17 10:05:30,480 [ERROR] src.blur.mask_builder: ぼかしの解析結果が見つからないためマスクを作れません: C:\Users\evolu\AppData\Local\Temp\tmpx3z0crnm\timeline.blur.json
2026-09-17 10:05:30,480 [INFO] src.timeline.renderer: ベース映像構築: 1 クリップ / ギャップ 0 件 / 合計 5.0s
2026-09-17 10:05:30,490 [INFO] src.timeline.renderer: ベース映像の尺: モデル 5.000s / 実測 5.000s (差 +0.000s / 1 部品)
2026-09-17 10:05:30,490 [ERROR] src.blur.mask_builder: ぼかしの解析結果が見つからないためマスクを作れません: C:\Users\evolu\AppData\Local\Temp\tmpb86cb97s\timeline.blur.json
2026-09-17 10:05:30,490 [INFO] src.timeline.renderer: ベース映像構築: 1 クリップ / ギャップ 0 件 / 合計 5.0s
2026-09-17 10:05:30,490 [INFO] src.timeline.renderer: ベース映像の尺: モデル 5.000s / 実測 5.000s (差 +0.000s / 1 部品)
2026-09-17 10:05:30,490 [ERROR] src.blur.mask_builder: ぼかしの解析結果が見つからないためマスクを作れません: C:\Users\evolu\AppData\Local\Temp\tmpvya7d1pn\timeline.blur.json
2026-09-17 10:05:30,490 [WARNING] src.timeline.renderer: 利用者の指示により、ぼかしを入れずに出力します
2026-09-17 10:05:30,490 [INFO] src.timeline.renderer: オーバーレイ・字幕が無いため合成をスキップします
2026-09-17 10:05:30,498 [INFO] src.timeline.renderer: 中間形式を最終形式へ変換: .mov → mp4 (音声のみ再エンコード)
2026-09-17 10:05:30,498 [INFO] src.timeline.renderer: ベース映像構築: 1 クリップ / ギャップ 0 件 / 合計 5.0s
2026-09-17 10:05:30,498 [INFO] src.timeline.renderer: ベース映像の尺: モデル 5.000s / 実測 5.000s (差 +0.000s / 1 部品)
2026-09-17 10:05:30,498 [INFO] src.timeline.renderer: オーバーレイ・字幕が無いため合成をスキップします
2026-09-17 10:05:30,502 [INFO] src.timeline.renderer: 中間形式を最終形式へ変換: .mov → mp4 (音声のみ再エンコード)
2026-09-17 10:05:31,614 [INFO] src.modules.subtitle_generator: 縦動画のため字幕設定を縦用へ上書き (font/改行/配置/余白)
2026-09-17 10:05:31,614 [WARNING] src.modules.comment_decor: コメント背景がキャンバスに収まらないため詰めました (推定幅 1181px / 使える幅 1080px)。font_size か max_line_length を下げると解消します
2026-09-17 10:05:31,614 [INFO] src.modules.comment_decor: コメントアイコン: 2 件 / 位置 2 種類
2026-09-17 10:05:31,614 [INFO] src.modules.comment_decor: コメントアイコン: 2 件 / 位置 1 種類
2026-09-17 10:05:31,614 [INFO] src.modules.comment_decor: コメントアイコン: 1 件 / 位置 1 種類
2026-09-17 10:05:31,614 [INFO] src.modules.subtitle_generator: 縦動画のため字幕設定を縦用へ上書き (font/改行/配置/余白)
2026-09-17 10:05:31,614 [WARNING] src.modules.comment_decor: コメントアイコンがキャンバスに収まらないため位置を詰めました (要求 x=-190.0 y=465.0 → x=0.0 y=465.0)。subtitle.comment_margin_l を大きくすると解消します
2026-09-17 10:05:31,614 [INFO] src.modules.subtitle_generator: コメント背景: 1 件
2026-09-17 10:05:31,624 [WARNING] src.modules.subtitle_generator: コメントの Layer が逆転しているため本文を 6 へ引き上げます (背景=5 / 本文=1)
2026-09-17 10:05:31,624 [INFO] src.modules.subtitle_generator: コメント背景: 1 件
2026-09-17 10:05:31,637 [WARNING] src.modules.subtitle_generator: コメントの配置は左寄せ (1/4/7) のみ対応のため 4 を使用します: 2
2026-09-17 10:05:31,640 [INFO] src.modules.subtitle_generator: 縦動画のため字幕設定を縦用へ上書き (font/改行/配置/余白)
2026-09-17 10:05:31,643 [WARNING] src.export.fcpxml_builder: タイムライン終端を超える字幕をクリップ末尾へクランプしました (丸め誤差の端数など)。
2026-09-17 10:05:31,647 [INFO] src.modules.loudness_normalizer: 入力ラウドネス: I=-9.2 LUFS / TP=-0.3 dBTP / LRA=5.1 LU → 目標 I=-14.0 LUFS / TP=-1.0 dBTP (offset 0.4 dB)
2026-09-17 10:05:31,653 [ERROR] src.modules.loudness_normalizer: ラウドネス正規化の適用に失敗 (元音声のまま継続): in.mp4
Traceback (most recent call last):
  File "D:\develop\autoedit\src\modules\loudness_normalizer.py", line 219, in normalize_file
    ffmpeg_runner.execute(
  File "C:\Users\evolu\AppData\Local\Programs\Python\Python312\Lib\unittest\mock.py", line 1139, in __call__
    return self._mock_call(*args, **kwargs)
           ^^^^^^^^^^^^^^^^^^^^^^^^^^^^^^^^
  File "C:\Users\evolu\AppData\Local\Programs\Python\Python312\Lib\unittest\mock.py", line 1143, in _mock_call
    return self._execute_mock_call(*args, **kwargs)
           ^^^^^^^^^^^^^^^^^^^^^^^^^^^^^^^^^^^^^^^^
  File "C:\Users\evolu\AppData\Local\Programs\Python\Python312\Lib\unittest\mock.py", line 1198, in _execute_mock_call
    raise effect
src.exceptions.FFmpegError: 失敗
2026-09-17 10:05:31,654 [INFO] src.modules.loudness_normalizer: ラウドネス正規化は無効のためスキップ
2026-09-17 10:05:31,655 [WARNING] src.modules.loudness_normalizer: ラウドネス測定に失敗したため正規化をスキップ (元音声のまま継続): in.mp4
2026-09-17 10:05:31,656 [INFO] src.modules.loudness_normalizer: 音声ストリームが無いためラウドネス正規化をスキップ: in.mp4
2026-09-17 10:05:31,661 [INFO] src.modules.loudness_normalizer: ラウドネス正規化 完了: out.mp4
2026-09-17 10:05:31,661 [INFO] src.modules.loudness_normalizer: 入力ラウドネス: I=-9.2 LUFS / TP=-0.3 dBTP / LRA=5.1 LU → 目標 I=-14.0 LUFS / TP=-1.0 dBTP (offset 0.4 dB)
2026-09-17 10:05:31,665 [INFO] src.modules.loudness_normalizer: ラウドネス正規化 完了: out.mp4
2026-09-17 10:05:31,666 [INFO] src.timeline.media_recovery: 本編素材を元動画から作り直します: C:\Users\evolu\AppData\Local\Temp\media_recovery_test_8e7dngwv\sample.mp4
2026-09-17 10:05:31,666 [WARNING] src.timeline.media_recovery: 素材が見つかりません: m2 (C:\Users\evolu\AppData\Local\Temp\media_recovery_test_j82yz19d\gone.png)
2026-09-17 10:05:31,669 [INFO] src.timeline.media_recovery: 素材を差し替え済みのフォルダで見つけました: m3 → C:\Users\evolu\AppData\Local\Temp\media_recovery_test_qiuu5q69\moved\logo2.png
2026-09-17 10:05:31,671 [INFO] src.timeline.media_recovery: 本編素材を元動画から作り直します: C:\Users\evolu\AppData\Local\Temp\media_recovery_test_dv0symfg\sample.mp4
2026-09-17 10:05:31,671 [WARNING] src.timeline.media_recovery: 元動画が見つからないため本編素材を復旧できません: C:\Users\evolu\AppData\Local\Temp\media_recovery_test_ddwvyq96\no_such_input.mp4
2026-09-17 10:05:31,671 [WARNING] src.timeline.media_recovery: 素材が見つかりません: m1 (C:\Users\evolu\AppData\Local\Temp\media_recovery_test_ddwvyq96\work\loudness_normalized.mp4)
2026-09-17 10:05:31,673 [INFO] src.timeline.media_recovery: 本編素材は元動画そのものだったため、そのまま使います: C:\Users\evolu\AppData\Local\Temp\media_recovery_test_qybsbnku\sample.mp4
2026-09-17 10:05:31,673 [INFO] src.timeline.media_recovery: 素材を相対パスで見つけました: m2 → C:\Users\evolu\AppData\Local\Temp\media_recovery_test_jbvarurs\assets\logo.png
2026-09-17 10:05:31,674 [INFO] src.timeline.media_recovery: 設定に従い元動画をそのまま使います (音量は正規化前): C:\Users\evolu\AppData\Local\Temp\media_recovery_test_6q72i0mi\sample.mp4
2026-09-17 10:05:31,676 [INFO] src.services.points: ポイントを予約しました: clip/video 25pt (watermark=False)
2026-09-17 10:05:31,678 [WARNING] src.services.points: ポイント残高を取得できませんでした: 断
2026-09-17 10:05:31,678 [INFO] src.services.points: ポイントを予約しました: clip/video 25pt (watermark=False)
2026-09-17 10:05:31,678 [WARNING] src.services.points: ポイントのcommitを送信できませんでした (再送します): 接続できません
2026-09-17 10:05:31,698 [INFO] src.services.points: ポイントを予約しました: clip/video 25pt (watermark=False)
2026-09-17 10:05:31,698 [WARNING] src.services.points: ポイントのcommitを送信できませんでした (再送します): 断
2026-09-17 10:05:31,698 [INFO] src.services.points: 保留していたポイント処理を 2 件送信しました。
2026-09-17 10:05:31,704 [WARNING] src.services.points: ポイントを予約できませんでした: 再ログインが必要です。
2026-09-17 10:05:31,704 [INFO] src.services.points: ポイントを予約しました: clip/video 25pt (watermark=False)
2026-09-17 10:05:31,704 [WARNING] src.services.points: ポイントのcancelが拒否されました: 確定済み
2026-09-17 10:05:31,706 [INFO] src.services.points: 保留していたポイント処理を 1 件送信しました。
2026-09-17 10:05:31,706 [INFO] src.services.points: ポイントを予約しました: clip/video 25pt (watermark=False)
2026-09-17 10:05:31,714 [INFO] src.services.points: サブスク判定のキャッシュが古いため watermark を入れます。
2026-09-17 10:05:31,714 [WARNING] src.services.points: ポイントを予約できませんでした (オフライン): 接続できません
2026-09-17 10:05:31,731 [WARNING] src.services.points: ポイントを予約できませんでした (オフライン): 接続できません
2026-09-17 10:05:31,731 [WARNING] src.services.points: ポイントを予約できませんでした (オフライン): 接続できません
2026-09-17 10:05:31,732 [WARNING] src.services.points: ポイントを予約できませんでした: 想定外
2026-09-17 10:05:31,733 [INFO] src.services.points: ポイントを予約しました: clip/resolveProject 0pt (watermark=False)
2026-09-17 10:05:31,744 [INFO] src.services.points: ポイントを予約しました: clip/video 25pt (watermark=False)
2026-09-17 10:05:31,744 [INFO] src.services.points: ポイントを予約しました: archive/video 0pt (watermark=True)
2026-09-17 10:05:31,762 [WARNING] src.timeline.builder: フレーム間引きの設定が不正なため none を使用します: 'all'
2026-09-17 10:05:31,764 [INFO] src.timeline.project_io: プロジェクト保存: C:\Users\evolu\AppData\Local\Temp\library_summary_ljhannt4\vod.archive.timeline.json
2026-09-17 10:05:31,788 [WARNING] src.timeline.project_io: プロジェクトの概要を読めませんでした: C:\Users\evolu\AppData\Local\Temp\library_summary_3dr4t_oz\broken.timeline.json
2026-09-17 10:05:31,791 [INFO] src.timeline.project_io: プロジェクト保存: C:\Users\evolu\AppData\Local\Temp\library_summary_gln8w4ge\sample.timeline.json
2026-09-17 10:05:31,807 [INFO] src.timeline.project_io: プロジェクト保存: C:\Users\evolu\AppData\Local\Temp\library_summary__g7g5j1a\sample.timeline.json
2026-09-17 10:05:31,823 [INFO] src.timeline.project_io: プロジェクト保存: C:\Users\evolu\AppData\Local\Temp\library_rename_sfhnhwbn\old.timeline.json
2026-09-17 10:05:31,825 [INFO] src.timeline.project_io: プロジェクト保存: C:\Users\evolu\AppData\Local\Temp\library_rename_naoo6aml\old.timeline.json
2026-09-17 10:05:31,829 [INFO] src.timeline.project_io: プロジェクト保存: C:\Users\evolu\AppData\Local\Temp\library_rename__39_pcfg\old.timeline.json
2026-09-17 10:05:31,840 [INFO] src.timeline.project_io: プロジェクトを改名しました: old.timeline.json → new.timeline.json
2026-09-17 10:05:31,857 [INFO] src.timeline.project_io: プロジェクト保存: C:\Users\evolu\AppData\Local\Temp\library_rename_r1arcgc8\old.timeline.json
2026-09-17 10:05:31,873 [INFO] src.timeline.project_io: プロジェクトを改名しました: old.timeline.json → new.timeline.json
2026-09-17 10:05:31,877 [INFO] src.timeline.project_io: プロジェクト保存: C:\Users\evolu\AppData\Local\Temp\library_rename_588mlob8\old.timeline.json
2026-09-17 10:05:31,877 [INFO] src.timeline.project_io: プロジェクトが 5 件見つかりました (新しい 2 件を表示します)
2026-09-17 10:05:31,900 [WARNING] src.export.resolve_export: ソース総尺の取得に失敗 (タイムライン全長で代用): C:\Users\evolu\AppData\Local\Temp\resolve_export_test_hbqzeg22\sample.mp4
2026-09-17 10:05:31,910 [WARNING] src.export.resolve_export: ソース総尺の取得に失敗 (タイムライン全長で代用): C:\Users\evolu\AppData\Local\Temp\resolve_export_test_4la0gfrr\sample.mp4
2026-09-17 10:05:31,918 [WARNING] src.export.resolve_export: ソース総尺の取得に失敗 (タイムライン全長で代用): C:\Users\evolu\AppData\Local\Temp\resolve_export_test__3429gfb\sample.mp4
2026-09-17 10:05:31,925 [WARNING] src.export.resolve_export: ソース総尺の取得に失敗 (タイムライン全長で代用): C:\Users\evolu\AppData\Local\Temp\resolve_export_test_4skz1wre\sample.mp4
2026-09-17 10:05:31,925 [WARNING] src.export.resolve_export: テーマ演出はテキストと区間のみを出力します (ブラー・黒帯などの映像エフェクトは FCPXML で表現できません)。
2026-09-17 10:05:31,925 [WARNING] src.export.resolve_export: 字幕位置は配置(alignment)＋余白からの近似です。Resolve 取り込み時に位置が中央へ戻る場合があります (フォント/サイズ/色は保持)。
2026-09-17 10:05:31,934 [WARNING] src.export.resolve_export: ソース総尺の取得に失敗 (タイムライン全長で代用): C:\Users\evolu\AppData\Local\Temp\resolve_export_test_9p42697q\sample.mp4
2026-09-17 10:05:31,942 [WARNING] src.export.resolve_export: ソース総尺の取得に失敗 (タイムライン全長で代用): C:\Users\evolu\AppData\Local\Temp\resolve_export_test_8rhhmy81\sample.mp4
2026-09-17 10:05:31,950 [WARNING] src.export.resolve_export: ソース総尺の取得に失敗 (タイムライン全長で代用): C:\Users\evolu\AppData\Local\Temp\resolve_export_test_38lid89z\sample.mp4
2026-09-17 10:05:31,957 [WARNING] src.export.resolve_export: ソース総尺の取得に失敗 (タイムライン全長で代用): C:\Users\evolu\AppData\Local\Temp\resolve_export_test_38lid89z\sample.mp4
2026-09-17 10:05:31,965 [WARNING] src.export.resolve_export: ソース総尺の取得に失敗 (タイムライン全長で代用): C:\Users\evolu\AppData\Local\Temp\resolve_export_test_j89jpc4k\sample.mp4
2026-09-17 10:05:31,965 [WARNING] src.export.resolve_export: 未対応の字幕出力方式 export.resolve.subtitle.mode=bogus のため caption で出力します
2026-09-17 10:05:31,973 [WARNING] src.export.resolve_export: ソース総尺の取得に失敗 (タイムライン全長で代用): C:\Users\evolu\AppData\Local\Temp\resolve_export_test_j_wc8tt3\sample.mp4
2026-09-17 10:05:31,981 [WARNING] src.export.resolve_export: ソース総尺の取得に失敗 (タイムライン全長で代用): C:\Users\evolu\AppData\Local\Temp\resolve_export_test_246feu_c\sample.mp4
2026-09-17 10:05:31,989 [WARNING] src.export.resolve_export: ソース総尺の取得に失敗 (タイムライン全長で代用): C:\Users\evolu\AppData\Local\Temp\resolve_export_test_ofsugywk\sample.mp4
2026-09-17 10:05:31,997 [WARNING] src.export.resolve_export: ソース総尺の取得に失敗 (タイムライン全長で代用): C:\Users\evolu\AppData\Local\Temp\resolve_export_test_eq47h7j6\sample.mp4
2026-09-17 10:05:32,004 [WARNING] src.export.resolve_export: ソース総尺の取得に失敗 (タイムライン全長で代用): C:\Users\evolu\AppData\Local\Temp\resolve_export_test_kd2nd3im\sample.mp4
2026-09-17 10:05:32,013 [WARNING] src.export.resolve_export: ソース総尺の取得に失敗 (タイムライン全長で代用): C:\Users\evolu\AppData\Local\Temp\resolve_export_test_ir7d5ck6\sample.mp4
2026-09-17 10:05:32,021 [WARNING] src.export.resolve_export: ソース総尺の取得に失敗 (タイムライン全長で代用): C:\Users\evolu\AppData\Local\Temp\resolve_export_test_rceyak2o\sample.mp4
2026-09-17 10:05:32,027 [WARNING] src.export.resolve_export: ソース総尺の取得に失敗 (タイムライン全長で代用): C:\Users\evolu\AppData\Local\Temp\resolve_export_test_ix9llqj8\sample.mp4
2026-09-17 10:05:32,037 [WARNING] src.export.resolve_export: ソース総尺の取得に失敗 (タイムライン全長で代用): C:\Users\evolu\AppData\Local\Temp\resolve_export_test_rp2f_kan\sample.mp4
2026-09-17 10:05:32,037 [INFO] src.export.resolve_export: 編集点が無いため全長 1 クリップとして出力します
2026-09-17 10:05:32,044 [WARNING] src.export.resolve_export: ソース総尺の取得に失敗 (タイムライン全長で代用): C:\Users\evolu\AppData\Local\Temp\resolve_export_test_hz4wpwvz\sample.mp4
2026-09-17 10:05:32,044 [INFO] src.export.resolve_export: Resolve 出力開始: C:\Users\evolu\AppData\Local\Temp\resolve_export_test_hz4wpwvz\out2.fcpxml (クリップ 1 件 / 字幕 caption 1 件 / title・テーマ 0 件 / 1920x1080 60fps)
2026-09-17 10:05:32,046 [INFO] src.export.resolve_export: 字幕トラックのスタイルは Resolve の字幕トラックヘッダー選択 → インスペクタ → Track Style で一括設定できます (Resolve 19 以降は Text+ スタイルも指定可)。
2026-09-17 10:05:32,046 [INFO] src.export.resolve_export: Resolve 出力完了: C:\Users\evolu\AppData\Local\Temp\resolve_export_test_hz4wpwvz\out2.fcpxml (タイムライン尺 5.00s)
2026-09-17 10:05:32,051 [WARNING] src.export.resolve_export: ソース総尺の取得に失敗 (タイムライン全長で代用): C:\Users\evolu\AppData\Local\Temp\resolve_export_test_ak9s3gt7\sample.mp4
2026-09-17 10:05:32,051 [INFO] src.export.resolve_export: Resolve 出力開始: C:\Users\evolu\AppData\Local\Temp\resolve_export_test_ak9s3gt7\out3.fcpxml (クリップ 1 件 / 字幕 caption 0 件 / title・テーマ 0 件 / 1920x1080 60fps)
2026-09-17 10:05:32,058 [INFO] src.export.resolve_export: Resolve 出力完了: C:\Users\evolu\AppData\Local\Temp\resolve_export_test_ak9s3gt7\out3.fcpxml (タイムライン尺 5.00s)
2026-09-17 10:05:32,070 [WARNING] src.export.resolve_export: ソース総尺の取得に失敗 (タイムライン全長で代用): C:\Users\evolu\AppData\Local\Temp\resolve_export_test_a6p4hh9z\sample.mp4
2026-09-17 10:05:32,070 [INFO] src.export.resolve_export: Resolve 出力開始: C:\Users\evolu\AppData\Local\Temp\resolve_export_test_a6p4hh9z\out.fcpxml (クリップ 1 件 / 字幕 caption 1 件 / title・テーマ 0 件 / 1920x1080 60fps)
2026-09-17 10:05:32,072 [INFO] src.export.resolve_export: SRT サイドカー出力: C:\Users\evolu\AppData\Local\Temp\resolve_export_test_a6p4hh9z\out.srt (1 件)
2026-09-17 10:05:32,073 [INFO] src.export.resolve_export: Resolve 出力完了: C:\Users\evolu\AppData\Local\Temp\resolve_export_test_a6p4hh9z\out.fcpxml / C:\Users\evolu\AppData\Local\Temp\resolve_export_test_a6p4hh9z\out.srt (タイムライン尺 5.00s)
2026-09-17 10:05:32,073 [INFO] src.export.resolve_export: Resolve 出力を中止 (上書きしない): C:\Users\evolu\AppData\Local\Temp\resolve_export_test_a6p4hh9z\out.fcpxml
2026-09-17 10:05:32,365 [INFO] src.modules.subtitle_generator: 縦動画のため字幕設定を縦用へ上書き (font/改行/配置/余白)
2026-09-17 10:05:32,370 [WARNING] src.services.stretheus_auth: API の日時を解釈できませんでした。
2026-09-17 10:05:32,387 [INFO] src.services.stretheus_auth: Stretheus のログインページを開きます (ポート54516)
2026-09-17 10:05:32,391 [INFO] src.services.stretheus_auth: Stretheus へログインしました。
2026-09-17 10:05:33,467 [INFO] src.services.stretheus_auth: Stretheus のログインページを開きます (ポート54524)
2026-09-17 10:05:33,483 [INFO] src.services.stretheus_auth: Stretheus へログインしました。
2026-09-17 10:05:34,543 [INFO] src.services.stretheus_auth: Stretheus のログインページを開きます (ポート54532)
2026-09-17 10:05:34,561 [INFO] src.services.stretheus_auth: Stretheus へログインしました。
2026-09-17 10:05:35,092 [INFO] src.services.stretheus_auth: Stretheus のログインページを開きます (ポート54537)
2026-09-17 10:05:35,124 [INFO] src.services.stretheus_auth: Stretheus へログインしました。
2026-09-17 10:05:35,651 [INFO] src.services.stretheus_auth: Stretheus のログインページを開きます (ポート54543)
2026-09-17 10:05:35,670 [INFO] src.services.stretheus_auth: Stretheus へログインしました。
2026-09-17 10:05:36,186 [INFO] src.services.stretheus_auth: Stretheus のログインページを開きます (ポート54550)
2026-09-17 10:05:36,217 [INFO] src.services.stretheus_auth: Stretheus へログインしました。
2026-09-17 10:05:36,731 [INFO] src.modules.subtitle_generator: テロップ個別指定 フォント 0 件 / サイズ 0 件 / 文字色 1 件 / 縁の色 0 件
2026-09-17 10:05:36,743 [INFO] src.modules.subtitle_generator: テロップ個別指定 フォント 0 件 / サイズ 0 件 / 文字色 1 件 / 縁の色 0 件
2026-09-17 10:05:36,765 [INFO] src.modules.subtitle_generator: テロップ個別指定 フォント 0 件 / サイズ 0 件 / 文字色 0 件 / 縁の色 1 件
2026-09-17 10:05:36,771 [INFO] src.modules.subtitle_generator: テロップ個別指定 フォント 0 件 / サイズ 0 件 / 文字色 0 件 / 縁の色 1 件
2026-09-17 10:05:36,773 [INFO] src.modules.subtitle_generator: テロップ個別指定 フォント 1 件 / サイズ 1 件 / 文字色 1 件 / 縁の色 1 件
2026-09-17 10:05:36,775 [INFO] src.timeline.commands: コメント用の字幕トラックを作成しました: S2
2026-09-17 10:05:36,775 [INFO] src.timeline.commands: 移動先 S2 が空いていないため役割だけ変更しました: s1
2026-09-17 10:05:36,775 [INFO] src.timeline.commands: コメント用の字幕トラックを作成しました: S2
2026-09-17 10:05:36,775 [INFO] src.timeline.commands: コメント用の字幕トラックを作成しました: S2
2026-09-17 10:05:36,775 [INFO] src.timeline.commands: コメント用の字幕トラックを作成しました: S2
2026-09-17 10:05:36,775 [INFO] src.timeline.project_io: プロジェクト保存: C:\Users\evolu\AppData\Local\Temp\tmpv1mk_spc\sample.timeline.json
2026-09-17 10:05:36,792 [INFO] src.modules.subtitle_generator: VAD フィルタ有効 (min_silence=500ms, speech_pad=100ms, condition_on_previous_text=False)
2026-09-17 10:05:36,792 [WARNING] src.modules.subtitle_generator: VAD 付き認識に失敗したため VAD 無しで再試行します: VAD の初期化に失敗しました (テスト)
2026-09-17 10:05:36,792 [INFO] src.modules.subtitle_generator: VAD フィルタ有効 (min_silence=800ms, speech_pad=100ms, condition_on_previous_text=False)
2026-09-17 10:05:36,792 [INFO] src.modules.subtitle_generator: VAD フィルタ有効 (min_silence=500ms, speech_pad=100ms, condition_on_previous_text=False)
2026-09-17 10:05:36,802 [INFO] src.timeline.commands: 貼り付けの割り込み: V1 の 5.000s へ 10.00s を確保 / 移動 2 件・分割 1 件・切詰 0 件
2026-09-17 10:05:36,802 [INFO] src.timeline.commands: 貼り付けの割り込み: V2 の 5.000s へ 10.00s を確保 / 移動 2 件・分割 0 件・切詰 0 件
2026-09-17 10:05:36,802 [INFO] src.timeline.commands: 貼り付けの割り込み: S1 の 5.000s へ 10.00s を確保 / 移動 1 件・分割 0 件・切詰 0 件
2026-09-17 10:05:36,802 [INFO] src.timeline.commands: 貼り付けの割り込み: V1 の 5.000s へ 10.00s を確保 / 移動 2 件・分割 1 件・切詰 0 件
2026-09-17 10:05:36,802 [INFO] src.timeline.commands: 貼り付けの割り込み: V2 の 5.000s へ 10.00s を確保 / 移動 2 件・分割 0 件・切詰 0 件
2026-09-17 10:05:36,802 [INFO] src.timeline.commands: 貼り付けの割り込み: S1 の 5.000s へ 10.00s を確保 / 移動 1 件・分割 0 件・切詰 0 件
2026-09-17 10:05:36,802 [INFO] src.timeline.commands: 貼り付けの割り込み: V1 の 5.000s へ 10.00s を確保 / 移動 2 件・分割 1 件・切詰 0 件
2026-09-17 10:05:36,802 [INFO] src.timeline.commands: 貼り付けの割り込み: V2 の 5.000s へ 10.00s を確保 / 移動 2 件・分割 0 件・切詰 0 件
2026-09-17 10:05:36,802 [INFO] src.timeline.commands: 貼り付けの割り込み: S1 の 5.000s へ 10.00s を確保 / 移動 1 件・分割 0 件・切詰 0 件
2026-09-17 10:05:36,802 [INFO] src.timeline.commands: 貼り付けの割り込み: V1 の 5.000s へ 15.00s を確保 / 移動 3 件・分割 0 件・切詰 0 件
2026-09-17 10:05:36,803 [INFO] src.timeline.commands: 貼り付けの割り込み: V2 の 5.000s へ 15.00s を確保 / 移動 2 件・分割 0 件・切詰 0 件
2026-09-17 10:05:36,803 [INFO] src.timeline.commands: 貼り付けの割り込み: S1 の 5.000s へ 15.00s を確保 / 移動 1 件・分割 0 件・切詰 0 件
2026-09-17 10:05:36,803 [INFO] src.timeline.commands: 貼り付けの割り込み: V1 の 10.020s へ 10.02s を確保 / 移動 2 件・分割 0 件・切詰 0 件
2026-09-17 10:05:36,803 [INFO] src.timeline.commands: 貼り付けの割り込み: V2 の 10.020s へ 10.02s を確保 / 移動 1 件・分割 0 件・切詰 0 件
2026-09-17 10:05:36,803 [INFO] src.timeline.commands: 貼り付けの割り込み: S1 の 10.020s へ 10.02s を確保 / 移動 1 件・分割 0 件・切詰 0 件
2026-09-17 10:05:36,803 [INFO] src.timeline.commands: 貼り付けの割り込み: V1 の 19.980s へ 9.98s を確保 / 移動 1 件・分割 0 件・切詰 1 件
2026-09-17 10:05:36,803 [INFO] src.timeline.commands: 貼り付けの割り込み: V2 の 19.980s へ 9.98s を確保 / 移動 1 件・分割 0 件・切詰 0 件
2026-09-17 10:05:36,803 [INFO] src.timeline.commands: 貼り付けの割り込み: S1 の 19.980s へ 9.98s を確保 / 移動 0 件・分割 0 件・切詰 0 件
2026-09-17 10:05:36,803 [WARNING] src.timeline.commands: 素材が見つからないため貼り付けません: D:\develop\autoedit\tests\存在しない素材.mp4
2026-09-17 10:05:36,803 [INFO] src.timeline.commands: 貼り付けの割り込み: V1 の 5.000s へ 10.00s を確保 / 移動 2 件・分割 1 件・切詰 0 件
2026-09-17 10:05:36,803 [INFO] src.timeline.commands: 貼り付けの割り込み: V2 の 5.000s へ 10.00s を確保 / 移動 2 件・分割 0 件・切詰 0 件
2026-09-17 10:05:36,803 [INFO] src.timeline.commands: 貼り付けの割り込み: S1 の 5.000s へ 10.00s を確保 / 移動 1 件・分割 0 件・切詰 0 件
2026-09-17 10:05:36,804 [INFO] src.timeline.commands: 貼り付けの割り込み: V1 の 5.000s へ 10.00s を確保 / 移動 2 件・分割 1 件・切詰 0 件
2026-09-17 10:05:36,804 [INFO] src.timeline.commands: 貼り付けの割り込み: V2 の 5.000s へ 10.00s を確保 / 移動 2 件・分割 0 件・切詰 0 件
2026-09-17 10:05:36,804 [INFO] src.timeline.commands: 貼り付けの割り込み: S1 の 5.000s へ 10.00s を確保 / 移動 1 件・分割 0 件・切詰 0 件
2026-09-17 10:05:36,804 [INFO] src.timeline.commands: 貼り付けの割り込み: V1 の 5.000s へ 10.00s を確保 / 移動 2 件・分割 1 件・切詰 0 件
2026-09-17 10:05:36,804 [INFO] src.timeline.commands: 貼り付けの割り込み: V2 の 5.000s へ 10.00s を確保 / 移動 2 件・分割 0 件・切詰 0 件
2026-09-17 10:05:36,804 [INFO] src.timeline.commands: 貼り付けの割り込み: S1 の 5.000s へ 10.00s を確保 / 移動 1 件・分割 0 件・切詰 0 件
2026-09-17 10:05:36,805 [INFO] src.timeline.commands: 貼り付けの割り込み: V1 の 5.000s へ 10.00s を確保 / 移動 2 件・分割 1 件・切詰 0 件
2026-09-17 10:05:36,805 [INFO] src.timeline.commands: 貼り付けの割り込み: V2 の 5.000s へ 10.00s を確保 / 移動 2 件・分割 0 件・切詰 0 件
2026-09-17 10:05:36,805 [INFO] src.timeline.commands: 貼り付けの割り込み: S1 の 5.000s へ 10.00s を確保 / 移動 1 件・分割 0 件・切詰 0 件
2026-09-17 10:05:36,805 [INFO] src.timeline.commands: 貼り付けの割り込み: V1 の 5.000s へ 10.00s を確保 / 移動 2 件・分割 1 件・切詰 0 件
2026-09-17 10:05:36,805 [INFO] src.timeline.commands: 貼り付けの割り込み: V2 の 5.000s へ 10.00s を確保 / 移動 2 件・分割 0 件・切詰 0 件
2026-09-17 10:05:36,805 [INFO] src.timeline.commands: 貼り付けの割り込み: S1 の 5.000s へ 10.00s を確保 / 移動 1 件・分割 0 件・切詰 0 件
2026-09-17 10:05:36,805 [INFO] src.timeline.commands: 貼り付けの割り込み: V2 の 4.000s へ 2.00s を確保 / 移動 2 件・分割 0 件・切詰 0 件
2026-09-17 10:05:36,805 [INFO] src.timeline.commands: 貼り付けの割り込み: V2 の 4.000s へ 2.00s を確保 / 移動 2 件・分割 0 件・切詰 0 件
2026-09-17 10:05:36,805 [INFO] src.timeline.commands: 貼り付けの割り込み: V2 の 4.000s へ 2.00s を確保 / 移動 2 件・分割 0 件・切詰 0 件
2026-09-17 10:05:36,805 [INFO] src.timeline.clipboard: Timeline のノードをコピーしました: 1 件
2026-09-17 10:05:36,805 [INFO] src.timeline.clipboard: Timeline のノードをコピーしました: 1 件
2026-09-17 10:05:36,806 [INFO] src.timeline.commands: 貼り付けの割り込み: V1 の 4.000s へ 2.00s を確保 / 移動 2 件・分割 1 件・切詰 0 件
2026-09-17 10:05:36,806 [INFO] src.timeline.commands: 貼り付けの割り込み: V2 の 4.000s へ 2.00s を確保 / 移動 2 件・分割 0 件・切詰 0 件
2026-09-17 10:05:36,806 [INFO] src.timeline.commands: 貼り付けの割り込み: S1 の 4.000s へ 2.00s を確保 / 移動 1 件・分割 0 件・切詰 0 件
2026-09-17 10:05:36,806 [INFO] src.timeline.commands: 貼り付けの割り込み: V2 の 4.000s へ 2.00s を確保 / 移動 2 件・分割 0 件・切詰 0 件
2026-09-17 10:05:36,806 [INFO] src.timeline.commands: 貼り付けの割り込み: V1 の 5.000s へ 10.00s を確保 / 移動 2 件・分割 1 件・切詰 0 件
2026-09-17 10:05:36,806 [INFO] src.timeline.commands: 貼り付けの割り込み: V2 の 5.000s へ 10.00s を確保 / 移動 2 件・分割 0 件・切詰 0 件
2026-09-17 10:05:36,806 [INFO] src.timeline.commands: 貼り付けの割り込み: V1 の 5.000s へ 10.00s を確保 / 移動 2 件・分割 1 件・切詰 0 件
2026-09-17 10:05:36,806 [WARNING] src.timeline.builder: 貼り付けの設定が不正なため既定 base_syncs_all を使用します: 'なにか'
2026-09-17 10:05:36,806 [WARNING] src.timeline.builder: 貼り付けの設定が不正なため既定 split を使用します: 123
2026-09-17 10:05:36,806 [INFO] src.timeline.commands: 貼り付けの割り込み: V1 の 5.000s へ 10.00s を確保 / 移動 2 件・分割 1 件・切詰 0 件
2026-09-17 10:05:36,806 [INFO] src.timeline.commands: 貼り付けの割り込み: V2 の 5.000s へ 10.00s を確保 / 移動 2 件・分割 0 件・切詰 0 件
2026-09-17 10:05:36,806 [INFO] src.timeline.commands: 貼り付けの割り込み: S1 の 5.000s へ 10.00s を確保 / 移動 1 件・分割 0 件・切詰 0 件
2026-09-17 10:05:36,806 [WARNING] src.timeline.commands: 映像トラックの上限 (3) に達しているため追加できません
2026-09-17 10:05:36,806 [INFO] src.timeline.commands: 字幕を追加できる空きがありません (2.000 秒)
2026-09-17 10:05:36,806 [INFO] src.timeline.commands: 字幕を追加できる空きがありません (0.990 秒)
2026-09-17 10:05:36,808 [INFO] src.timeline.commands: リップル: 10.000〜20.000s (10.00s) を除去 / 削除 1 件・短縮 0 件・移動 1 件
2026-09-17 10:05:36,808 [INFO] src.timeline.commands: リップル: 10.000〜20.000s (10.00s) を除去 / 削除 1 件・短縮 0 件・移動 1 件
2026-09-17 10:05:36,808 [INFO] src.timeline.commands: リップル: 10.000〜20.000s (10.00s) を除去 / 削除 1 件・短縮 0 件・移動 1 件
2026-09-17 10:05:36,808 [INFO] src.timeline.commands: リップル: 0.000〜10.000s (10.00s) を除去 / 削除 2 件・短縮 0 件・移動 1 件
2026-09-17 10:05:36,808 [INFO] src.timeline.commands: リップル: 10.000〜20.000s (10.00s) を除去 / 削除 1 件・短縮 0 件・移動 1 件
2026-09-17 10:05:36,808 [INFO] src.timeline.commands: リップル: 10.000〜20.000s (10.00s) を除去 / 削除 2 件・短縮 1 件・移動 2 件
2026-09-17 10:05:36,808 [INFO] src.timeline.commands: リップル: 10.000〜20.000s (10.00s) を除去 / 削除 2 件・短縮 1 件・移動 2 件
2026-09-17 10:05:36,810 [INFO] src.timeline.commands: リップル: 10.000〜20.000s (10.00s) を除去 / 削除 2 件・短縮 1 件・移動 2 件
2026-09-17 10:05:36,810 [INFO] src.timeline.commands: リップル: 10.000〜20.000s (10.00s) を除去 / 削除 2 件・短縮 1 件・移動 2 件
2026-09-17 10:05:36,810 [INFO] src.timeline.commands: リップル: 10.000〜20.000s (10.00s) を除去 / 削除 2 件・短縮 1 件・移動 2 件
2026-09-17 10:05:36,810 [INFO] src.timeline.commands: リップル: 10.000〜20.000s (10.00s) を除去 / 削除 2 件・短縮 1 件・移動 2 件
2026-09-17 10:05:36,810 [INFO] src.timeline.commands: リップル: 10.000〜20.000s (10.00s) を除去 / 削除 2 件・短縮 0 件・移動 3 件
2026-09-17 10:05:36,810 [INFO] src.timeline.commands: リップル: 10.000〜20.000s (10.00s) を除去 / 削除 1 件・短縮 0 件・移動 1 件
2026-09-17 10:05:36,810 [INFO] src.timeline.commands: リップル: 10.000〜20.000s (10.00s) を除去 / 削除 2 件・短縮 1 件・移動 2 件
2026-09-17 10:05:36,810 [INFO] src.timeline.commands: 残り尺が下限を割るためクリップごとリップル削除しました: c2
2026-09-17 10:05:36,810 [INFO] src.timeline.commands: リップル: 10.000〜20.000s (10.00s) を除去 / 削除 1 件・短縮 0 件・移動 2 件
2026-09-17 10:05:36,810 [INFO] src.timeline.commands: リップル: 15.000〜20.000s (5.00s) を除去 / 削除 0 件・短縮 1 件・移動 2 件
2026-09-17 10:05:36,810 [INFO] src.timeline.commands: リップル: 10.000〜15.000s (5.00s) を除去 / 削除 0 件・短縮 1 件・移動 2 件
2026-09-17 10:05:36,810 [INFO] src.timeline.commands: リップル: 15.000〜20.000s (5.00s) を除去 / 削除 0 件・短縮 1 件・移動 2 件
2026-09-17 10:05:36,810 [INFO] src.timeline.commands: リップル: 15.000〜20.000s (5.00s) を除去 / 削除 0 件・短縮 1 件・移動 2 件
2026-09-17 10:05:36,810 [INFO] src.timeline.commands: リップル: 26.000〜27.000s (1.00s) を除去 / 削除 0 件・短縮 2 件・移動 0 件
2026-09-17 10:05:36,810 [INFO] src.timeline.commands: リップル: 10.000〜20.000s (10.00s) を除去 / 削除 1 件・短縮 0 件・移動 1 件
2026-09-17 10:05:36,812 [INFO] src.timeline.commands: リップル: 10.000〜20.000s (10.00s) を除去 / 削除 1 件・短縮 0 件・移動 1 件
2026-09-17 10:05:36,812 [INFO] src.timeline.commands: リップル: 10.000〜20.000s (10.00s) を除去 / 削除 1 件・短縮 0 件・移動 1 件
2026-09-17 10:05:36,814 [INFO] src.timeline.project_io: プロジェクト保存: C:\Users\evolu\AppData\Local\Temp\timeline_io_test_qb_l2ygd\sample.timeline.json
2026-09-17 10:05:36,829 [INFO] src.timeline.project_io: プロジェクト読込: C:\Users\evolu\AppData\Local\Temp\timeline_io_test_qb_l2ygd\sample.timeline.json
2026-09-17 10:05:36,835 [INFO] src.timeline.project_io: プロジェクト保存: C:\Users\evolu\AppData\Local\Temp\timeline_io_test_qb_l2ygd\sample.timeline.json
2026-09-17 10:05:36,835 [INFO] src.timeline.project_io: プロジェクト読込: C:\Users\evolu\AppData\Local\Temp\timeline_io_test_qb_l2ygd\sample.timeline.json
2026-09-17 10:05:36,839 [INFO] src.timeline.project_io: プロジェクト保存: C:\Users\evolu\AppData\Local\Temp\timeline_io_test_w7ev39ch\sample.timeline.json
2026-09-17 10:05:36,855 [INFO] src.timeline.project_io: プロジェクト読込: C:\Users\evolu\AppData\Local\Temp\timeline_io_test_w7ev39ch\sample.timeline.json
2026-09-17 10:05:36,858 [INFO] src.timeline.project_io: プロジェクト保存: C:\Users\evolu\AppData\Local\Temp\timeline_io_test_8vdigiic\sample.timeline.json
2026-09-17 10:05:36,868 [WARNING] src.timeline.project_io: メディアの実体が見つかりません (1 件)。該当クリップを無効化します: m1
2026-09-17 10:05:36,871 [INFO] src.timeline.project_io: プロジェクト保存: C:\Users\evolu\AppData\Local\Temp\timeline_io_test_kd85_8bm\sample.timeline.json
2026-09-17 10:05:36,886 [INFO] src.timeline.project_io: プロジェクト保存: C:\Users\evolu\AppData\Local\Temp\timeline_io_test_kt8vgkmf\sample.timeline.json
2026-09-17 10:05:36,886 [WARNING] src.timeline.project_io: 編集点の区間が不正なため無視します: 20.000→15.000
2026-09-17 10:05:36,886 [WARNING] src.timeline.project_io: メディアの実体が見つかりません (1 件)。該当クリップを無効化します: m1
2026-09-17 10:05:36,895 [WARNING] src.timeline.project_io: 音声クリップ a1 のリンク先 no_such_clip が存在しないため除外します (該当区間は無音になります)
2026-09-17 10:05:36,895 [WARNING] src.timeline.project_io: トラック V1 でクリップ c2 が重複しているため 12.480 へ移動します
2026-09-17 10:05:36,897 [WARNING] src.timeline.project_io: クリップ c2 の尺 (0.001s) が下限 (0.050s) 未満のため除外します
2026-09-17 10:05:36,901 [WARNING] src.timeline.project_io: 音声クリップ a2 のリンク先 c2 が存在しないため除外します (該当区間は無音になります)
2026-09-17 10:05:36,971 [INFO] src.utils.trash: ゴミ箱へ移動しました (2 件)
2026-09-17 10:05:36,974 [WARNING] src.timeline.builder: 寸法の設定が不正なため既定 8000 を使用します: 0
2026-09-17 10:05:48,890 [WARNING] src.blur.config: 未知の blur.default_policy のため既定を使用します: なにか変な値
2026-09-17 10:05:48,890 [WARNING] src.blur.config: 未知の blur.render.mode のため既定を使用します: unknown
2026-09-17 10:05:48,933 [INFO] src.blur.tracker: 人物クラスタリング: tracklet 2 本 → 人物 2 人 (主役 p1)
2026-09-17 10:05:48,933 [INFO] src.blur.tracker: 人物クラスタリング: tracklet 3 本 → 人物 2 人 (主役 p1)
2026-09-17 10:05:48,933 [INFO] src.blur.tracker: 人物クラスタリング: tracklet 2 本 → 人物 2 人 (主役 p1)
2026-09-17 10:05:48,933 [INFO] src.blur.tracker: 人物クラスタリング: tracklet 2 本 → 人物 1 人 (主役 p1)
2026-09-17 10:05:48,933 [INFO] src.blur.tracker: 人物クラスタリング: tracklet 2 本 → 人物 1 人 (主役 p1)
2026-09-17 10:05:48,933 [INFO] src.blur.tracker: 人物クラスタリング: tracklet 2 本 → 人物 1 人 (主役 p1)
2026-09-17 10:05:48,948 [INFO] src.blur.tracker: 人物クラスタリング: tracklet 2 本 → 人物 2 人 (主役 p1)
2026-09-17 10:06:36,187 [INFO] src.pipeline.pipeline_runner: ==================================================
2026-09-17 10:06:36,187 [INFO] src.pipeline.pipeline_runner: パイプライン開始: C:\Users\evolu\AppData\Local\Temp\claude\D--develop-autoedit\358d0b78-016f-41ac-8f05-b380f8f79da8\scratchpad\input\kaidemiru.mp4
2026-09-17 10:06:36,631 [INFO] src.modules.output_profile: 縦動画と判定 (入力=1080x1920 → 出力=1080x1920)
2026-09-17 10:06:37,658 [INFO] src.modules.loudness_normalizer: 入力ラウドネス: I=-12.7 LUFS / TP=-0.4 dBTP / LRA=23.2 LU → 目標 I=-14.0 LUFS / TP=-1.0 dBTP (offset -0.0 dB)
2026-09-17 10:06:38,675 [INFO] src.modules.loudness_normalizer: ラウドネス正規化 完了: C:\Users\evolu\AppData\Local\Temp\autoedit_iz18yhcp\loudness_normalized.mp4
2026-09-17 10:06:40,061 [INFO] src.modules.volume_analyzer: 発話区間の最低dB=-41 (mean, 測定 3/3 区間)
2026-09-17 10:06:41,846 [INFO] src.pipeline.pipeline_runner: カット閾値を更新し保存: -41 dB
2026-09-17 10:06:42,572 [INFO] src.modules.silence_cutter: 編集点検出: 無音 0 件 / 残す区間 1 件 (閾値=-41dB, 最小無音=0.60s, 総尺=17.8s)
2026-09-17 10:06:42,572 [INFO] src.modules.subtitle_generator: 縦動画のため字幕設定を縦用へ上書き (font/改行/配置/余白)
2026-09-17 10:06:43,240 [INFO] src.modules.silence_cutter: 認識用音声を抽出: 1 区間 → 17.8s (元 17.8s)
2026-09-17 10:07:03,889 [INFO] src.modules.subtitle_generator: 音声認識開始 (model=large-v3, device=cpu, compute_type=int8, 設定=cpu)
2026-09-17 10:07:03,889 [INFO] src.modules.subtitle_generator: 音声認識実行 (device=cpu, compute_type=int8)
2026-09-17 10:07:11,074 [INFO] src.modules.subtitle_generator: VAD フィルタ有効 (min_silence=500ms, speech_pad=100ms, condition_on_previous_text=False)
2026-09-17 10:07:30,844 [INFO] src.modules.subtitle_generator: 音声認識完了 (4 セグメント)
2026-09-17 10:07:30,957 [INFO] src.modules.subtitle_generator: 字幕時刻を Timeline の軸へ写像: 4 → 4 件 (カット区間のため 0 件除外)
2026-09-17 10:07:30,957 [INFO] src.modules.subtitle_generator: テロップ表示タイミング整形: 4 → 4 区間 (max_hold=2.0s, min_dur=0.5s)
2026-09-17 10:07:30,957 [INFO] src.modules.subtitle_generator: 音声認識完了 (Timeline 用 4 件)
2026-09-17 10:07:31,030 [INFO] src.timeline.builder: オープニング配置スキップ (縦動画のため)
2026-09-17 10:07:31,030 [INFO] src.timeline.builder: エンディング配置スキップ (縦動画のため)
2026-09-17 10:07:31,030 [INFO] src.timeline.builder: Timeline 構築: V1 1 クリップ (OP=無 / ED=無) / S1 4 字幕 / S2(コメント) 0 字幕 / 全長 19.1s / 60fps 1080x1920
2026-09-17 10:07:31,032 [INFO] src.timeline.project_io: プロジェクト保存: D:/develop/autoedit/output\kaidemiru.timeline.json
2026-09-17 10:07:31,033 [INFO] src.modules.subtitle_generator: 縦動画のため字幕設定を縦用へ上書き (font/改行/配置/余白)
2026-09-17 10:07:31,033 [INFO] src.timeline.audio_source: プレビュー音声に認識用音声を再利用します (未編集)
2026-09-17 10:07:31,713 [INFO] src.blur.models: モデルを読み込みました: yolox_tiny.onnx
2026-09-17 10:07:31,841 [INFO] src.blur.models: モデルを読み込みました: osnet_x0_25.onnx
2026-09-17 10:08:15,667 [INFO] src.blur.tracker: 人物クラスタリング: tracklet 5 本 → 人物 2 人 (主役 p1)
2026-09-17 10:08:15,671 [INFO] src.blur.store: ぼかしの解析結果を保存しました: kaidemiru.timeline.blur.json
2026-09-17 10:08:59,898 [INFO] src.pipeline.pipeline_runner: パイプライン中断: ユーザーによるキャンセル
2026-09-17 10:09:20,279 [INFO] src.pipeline.pipeline_runner: ==================================================
2026-09-17 10:09:20,279 [INFO] src.pipeline.pipeline_runner: パイプライン開始: C:\Users\evolu\AppData\Local\Temp\claude\D--develop-autoedit\358d0b78-016f-41ac-8f05-b380f8f79da8\scratchpad\input\kaidemiru.mp4
2026-09-17 10:09:20,337 [INFO] src.modules.output_profile: 縦動画と判定 (入力=1080x1920 → 出力=1080x1920)
2026-09-17 10:09:20,904 [INFO] src.modules.loudness_normalizer: 入力ラウドネス: I=-12.7 LUFS / TP=-0.4 dBTP / LRA=23.2 LU → 目標 I=-14.0 LUFS / TP=-1.0 dBTP (offset -0.0 dB)
2026-09-17 10:09:21,865 [INFO] src.modules.loudness_normalizer: ラウドネス正規化 完了: C:\Users\evolu\AppData\Local\Temp\autoedit_uk4zcrsh\loudness_normalized.mp4
2026-09-17 10:09:23,180 [INFO] src.modules.volume_analyzer: 発話区間の最低dB=-41 (mean, 測定 3/3 区間)
2026-09-17 10:09:25,024 [INFO] src.pipeline.pipeline_runner: カット閾値を更新し保存: -24 dB
2026-09-17 10:09:25,723 [INFO] src.modules.silence_cutter: 編集点検出: 無音 4 件 / 残す区間 3 件 (閾値=-24dB, 最小無音=0.60s, 総尺=17.8s)
2026-09-17 10:09:25,723 [INFO] src.modules.subtitle_generator: 縦動画のため字幕設定を縦用へ上書き (font/改行/配置/余白)
2026-09-17 10:09:26,195 [INFO] src.modules.silence_cutter: 認識用音声を抽出: 3 区間 → 4.7s (元 17.8s)
2026-09-17 10:09:26,195 [INFO] src.modules.subtitle_generator: 音声認識開始 (model=large-v3, device=cpu, compute_type=int8, 設定=cpu)
2026-09-17 10:09:26,195 [INFO] src.modules.subtitle_generator: 音声認識実行 (device=cpu, compute_type=int8)
2026-09-17 10:09:31,932 [INFO] src.modules.subtitle_generator: VAD フィルタ有効 (min_silence=500ms, speech_pad=100ms, condition_on_previous_text=False)
2026-09-17 10:09:50,525 [INFO] src.modules.subtitle_generator: 音声認識完了 (4 セグメント)
2026-09-17 10:09:50,639 [INFO] src.modules.subtitle_generator: 字幕時刻を Timeline の軸へ写像: 4 → 4 件 (カット区間のため 0 件除外)
2026-09-17 10:09:50,639 [INFO] src.modules.subtitle_generator: テロップ表示タイミング整形: 4 → 4 区間 (max_hold=2.0s, min_dur=0.5s)
2026-09-17 10:09:50,639 [INFO] src.modules.subtitle_generator: 音声認識完了 (Timeline 用 4 件)
2026-09-17 10:09:50,729 [INFO] src.timeline.builder: オープニング配置スキップ (縦動画のため)
2026-09-17 10:09:50,729 [INFO] src.timeline.builder: エンディング配置スキップ (縦動画のため)
2026-09-17 10:09:50,729 [INFO] src.timeline.builder: Timeline 構築: V1 3 クリップ (OP=無 / ED=無) / S1 4 字幕 / S2(コメント) 0 字幕 / 全長 6.0s / 60fps 1080x1920
2026-09-17 10:09:50,729 [INFO] src.timeline.project_io: プロジェクト保存: D:/develop/autoedit/output\kaidemiru.timeline.json
2026-09-17 10:09:50,729 [INFO] src.modules.subtitle_generator: 縦動画のため字幕設定を縦用へ上書き (font/改行/配置/余白)
2026-09-17 10:09:50,729 [INFO] src.timeline.audio_source: プレビュー音声に認識用音声を再利用します (未編集)
2026-09-17 10:09:51,268 [INFO] src.blur.store: 素材か設定が変わったため、ぼかしの解析をやり直します
2026-09-17 10:10:04,000 [INFO] src.blur.tracker: 人物クラスタリング: tracklet 4 本 → 人物 2 人 (主役 p1)
2026-09-17 10:10:04,134 [INFO] src.blur.store: ぼかしの解析結果を保存しました: kaidemiru.timeline.blur.json
2026-09-17 10:10:22,589 [INFO] src.blur.region_tracker: 領域の追従: 2 件のトラックを追加しました
2026-09-17 10:10:22,594 [INFO] src.blur.store: ぼかしの解析結果を保存しました: kaidemiru.timeline.blur.json
2026-09-17 10:10:35,136 [INFO] src.gui.timeline.timeline_editor_dialog: Timeline 編集確定: V 3 クリップ / オーバーレイ 0 件 / 字幕 4 件（使用 4 件）/ ギャップ 0 件
2026-09-17 10:10:35,164 [INFO] src.timeline.project_io: プロジェクト保存: D:/develop/autoedit/output\kaidemiru.timeline.json
2026-09-17 10:10:35,164 [INFO] src.timeline.renderer: ベース映像構築: 3 クリップ / ギャップ 0 件 / 合計 4.7s
2026-09-17 10:10:38,688 [WARNING] src.timeline.renderer: ベース映像の尺: モデル 4.700s / 実測 4.667s (差 -0.033s / 3 部品)
2026-09-17 10:10:38,718 [INFO] src.blur.mask_builder: ぼかしマスク: 360 フレーム / 270x480 / 対象 4 件
2026-09-17 10:10:39,181 [INFO] src.blur.mask_builder: ぼかしマスクを書き出しました: blur_mask.mkv (0.4 MB)
2026-09-17 10:10:39,181 [INFO] src.modules.subtitle_generator: 縦動画のため字幕設定を縦用へ上書き (font/改行/配置/余白)
2026-09-17 10:10:39,181 [INFO] src.timeline.renderer: 字幕焼き込み: 4 件
2026-09-17 10:10:39,181 [INFO] src.modules.subtitle_generator: 縦動画のため字幕設定を縦用へ上書き (font/改行/配置/余白)
2026-09-17 10:10:42,742 [INFO] src.modules.output_writer: 出力完了: D:/develop/autoedit/output\kaidemiru_edited_3.mp4
2026-09-17 10:10:42,742 [INFO] src.pipeline.pipeline_runner: パイプライン正常終了: D:/develop/autoedit/output\kaidemiru_edited_3.mp4
