2026-09-25 11:08:59,233 [INFO] src.blur.decisions: ぼかし: 以前の書式の指定 4 件は新しい方式へ移せないため引き継ぎません (人物の自動検出を廃止したため)
2026-09-25 11:08:59,239 [INFO] src.blur.decisions: ぼかし: 以前の書式の指定 1 件は新しい方式へ移せないため引き継ぎません (人物の自動検出を廃止したため)
2026-09-25 11:14:30,208 [INFO] src.timeline.project_io: プロジェクトを改名しました: sample.timeline.json → renamed.timeline.json
2026-09-25 11:14:30,215 [INFO] src.blur.store: ぼかしの追従結果を保存しました: sample.blur.json
2026-09-25 11:14:30,224 [INFO] src.blur.store: ぼかしの追従結果の版が違うため作り直します: C:\Users\evolu\AppData\Local\Temp\blur_reuse_test_yhhhgb5u\sample.blur.json
2026-09-25 11:14:30,226 [INFO] src.blur.store: ぼかしの追従結果を保存しました: sample.blur.json
2026-09-25 11:14:30,241 [INFO] src.blur.store: 追従の設定が変わったため、ぼかしの追従結果を作り直します
2026-09-25 11:14:30,243 [INFO] src.blur.store: ぼかし: 素材が変わったため m9 の追従結果を捨てました
2026-09-25 11:17:42,443 [INFO] src.timeline.renderer: ベース映像構築: 1 クリップ / ギャップ 0 件 / 合計 5.0s
2026-09-25 11:17:42,449 [INFO] src.timeline.renderer: ベース映像の尺: モデル 5.000s / 実測 5.000s (差 +0.000s / 1 部品)
2026-09-25 11:17:42,452 [INFO] src.timeline.renderer: 字幕焼き込み: 1 件
2026-09-25 11:17:42,462 [INFO] src.timeline.renderer: ベース映像構築: 1 クリップ / ギャップ 0 件 / 合計 5.0s
2026-09-25 11:17:42,468 [INFO] src.timeline.renderer: ベース映像の尺: モデル 5.000s / 実測 5.000s (差 +0.000s / 1 部品)
2026-09-25 11:17:42,469 [INFO] src.timeline.renderer: 字幕焼き込み: 1 件
2026-09-25 11:17:42,476 [INFO] src.timeline.renderer: ベース映像構築: 1 クリップ / ギャップ 0 件 / 合計 5.0s
2026-09-25 11:17:42,484 [INFO] src.timeline.renderer: ベース映像の尺: モデル 5.000s / 実測 5.000s (差 +0.000s / 1 部品)
2026-09-25 11:17:42,484 [INFO] src.timeline.renderer: オーバーレイ・字幕が無いため合成をスキップします
2026-09-25 11:17:42,489 [INFO] src.modules.blur_overlay: ぼかしを焼き込みます: blur_applied.mp4
2026-09-25 11:17:42,491 [INFO] src.timeline.renderer: ベース映像構築: 1 クリップ / ギャップ 0 件 / 合計 5.0s
2026-09-25 11:17:42,498 [INFO] src.timeline.renderer: ベース映像の尺: モデル 5.000s / 実測 5.000s (差 +0.000s / 1 部品)
2026-09-25 11:17:42,498 [INFO] src.timeline.renderer: オーバーレイ・字幕が無いため合成をスキップします
2026-09-25 11:17:42,504 [INFO] src.modules.blur_overlay: ぼかしを焼き込みます: blur_applied.mp4
2026-09-25 11:17:42,507 [INFO] src.timeline.renderer: ベース映像構築: 1 クリップ / ギャップ 0 件 / 合計 5.0s
2026-09-25 11:17:42,514 [INFO] src.timeline.renderer: ベース映像の尺: モデル 5.000s / 実測 5.000s (差 +0.000s / 1 部品)
2026-09-25 11:17:42,515 [INFO] src.timeline.renderer: 字幕焼き込み: 1 件
2026-09-25 11:17:46,202 [INFO] src.timeline.renderer: ベース映像構築: 1 クリップ / ギャップ 0 件 / 合計 5.0s
2026-09-25 11:17:46,212 [INFO] src.timeline.renderer: ベース映像の尺: モデル 5.000s / 実測 5.000s (差 +0.000s / 1 部品)
2026-09-25 11:17:46,266 [WARNING] src.blur.frames: PyAV でのデコードに失敗したため FFmpeg へ切り替えます: [Errno 1094995529] Invalid data found when processing input: 'D:\\develop\\autoedit\\tests\\test_blur_renderer_integration.py'
2026-09-25 11:17:47,658 [WARNING] src.blur.tracker: ぼかしの追従: 基準のフレームを取得できません (1.00 秒)
2026-09-25 11:17:47,664 [WARNING] src.blur.frames: PyAV でのデコードに失敗したため FFmpeg へ切り替えます: [Errno 1094995529] Invalid data found when processing input: 'D:\\develop\\autoedit\\tests\\test_blur_renderer_integration.py'
2026-09-25 11:17:47,769 [WARNING] src.blur.tracker: ぼかしの追従: 基準のフレームを取得できません (1.00 秒)
2026-09-25 11:17:47,770 [INFO] src.blur.tracker: ぼかしの追従: 2 区切りを追いました
2026-09-25 11:17:47,773 [INFO] src.blur.store: ぼかしの追従結果を保存しました: timeline.blur.json
2026-09-25 11:17:47,773 [ERROR] src.blur.mask_builder: ぼかしマスクの生成に失敗しました: テスト: マスクを作れない状態
Traceback (most recent call last):
  File "D:\develop\autoedit\src\blur\mask_builder.py", line 64, in prepare
    return build(timeline, tracks, decisions, cfg, out_path,
           ^^^^^^^^^^^^^^^^^^^^^^^^^^^^^^^^^^^^^^^^^^^^^^^^^
  File "D:\develop\autoedit\tests\test_blur_renderer_integration.py", line 196, in broken
    raise RuntimeError("テスト: マスクを作れない状態")
RuntimeError: テスト: マスクを作れない状態
2026-09-25 11:17:47,779 [INFO] src.timeline.renderer: ベース映像構築: 1 クリップ / ギャップ 0 件 / 合計 5.0s
2026-09-25 11:17:47,793 [INFO] src.timeline.renderer: ベース映像の尺: モデル 5.000s / 実測 5.000s (差 +0.000s / 1 部品)
2026-09-25 11:17:47,799 [WARNING] src.blur.frames: PyAV でのデコードに失敗したため FFmpeg へ切り替えます: [Errno 1094995529] Invalid data found when processing input: 'D:\\develop\\autoedit\\tests\\test_blur_renderer_integration.py'
2026-09-25 11:17:47,909 [WARNING] src.blur.tracker: ぼかしの追従: 基準のフレームを取得できません (1.00 秒)
2026-09-25 11:17:47,914 [WARNING] src.blur.frames: PyAV でのデコードに失敗したため FFmpeg へ切り替えます: [Errno 1094995529] Invalid data found when processing input: 'D:\\develop\\autoedit\\tests\\test_blur_renderer_integration.py'
2026-09-25 11:17:48,018 [WARNING] src.blur.tracker: ぼかしの追従: 基準のフレームを取得できません (1.00 秒)
2026-09-25 11:17:48,018 [INFO] src.blur.tracker: ぼかしの追従: 2 区切りを追いました
2026-09-25 11:17:48,020 [INFO] src.blur.store: ぼかしの追従結果を保存しました: timeline.blur.json
2026-09-25 11:17:48,020 [ERROR] src.blur.mask_builder: ぼかしマスクの生成に失敗しました: テスト: マスクを作れない状態
Traceback (most recent call last):
  File "D:\develop\autoedit\src\blur\mask_builder.py", line 64, in prepare
    return build(timeline, tracks, decisions, cfg, out_path,
           ^^^^^^^^^^^^^^^^^^^^^^^^^^^^^^^^^^^^^^^^^^^^^^^^^
  File "D:\develop\autoedit\tests\test_blur_renderer_integration.py", line 196, in broken
    raise RuntimeError("テスト: マスクを作れない状態")
RuntimeError: テスト: マスクを作れない状態
2026-09-25 11:17:48,024 [INFO] src.timeline.renderer: ベース映像構築: 1 クリップ / ギャップ 0 件 / 合計 5.0s
2026-09-25 11:17:48,034 [INFO] src.timeline.renderer: ベース映像の尺: モデル 5.000s / 実測 5.000s (差 +0.000s / 1 部品)
2026-09-25 11:17:48,037 [WARNING] src.blur.frames: PyAV でのデコードに失敗したため FFmpeg へ切り替えます: [Errno 1094995529] Invalid data found when processing input: 'D:\\develop\\autoedit\\tests\\test_blur_renderer_integration.py'
2026-09-25 11:17:48,108 [WARNING] src.blur.tracker: ぼかしの追従: 基準のフレームを取得できません (1.00 秒)
2026-09-25 11:17:48,113 [WARNING] src.blur.frames: PyAV でのデコードに失敗したため FFmpeg へ切り替えます: [Errno 1094995529] Invalid data found when processing input: 'D:\\develop\\autoedit\\tests\\test_blur_renderer_integration.py'
2026-09-25 11:17:48,181 [WARNING] src.blur.tracker: ぼかしの追従: 基準のフレームを取得できません (1.00 秒)
2026-09-25 11:17:48,181 [INFO] src.blur.tracker: ぼかしの追従: 2 区切りを追いました
2026-09-25 11:17:48,183 [INFO] src.blur.store: ぼかしの追従結果を保存しました: timeline.blur.json
2026-09-25 11:17:48,183 [ERROR] src.blur.mask_builder: ぼかしマスクの生成に失敗しました: テスト: マスクを作れない状態
Traceback (most recent call last):
  File "D:\develop\autoedit\src\blur\mask_builder.py", line 64, in prepare
    return build(timeline, tracks, decisions, cfg, out_path,
           ^^^^^^^^^^^^^^^^^^^^^^^^^^^^^^^^^^^^^^^^^^^^^^^^^
  File "D:\develop\autoedit\tests\test_blur_renderer_integration.py", line 196, in broken
    raise RuntimeError("テスト: マスクを作れない状態")
RuntimeError: テスト: マスクを作れない状態
2026-09-25 11:17:48,184 [WARNING] src.timeline.renderer: 利用者の指示により、ぼかしを入れずに出力します
2026-09-25 11:17:48,184 [INFO] src.timeline.renderer: オーバーレイ・字幕が無いため合成をスキップします
2026-09-25 11:17:48,190 [INFO] src.timeline.renderer: 中間形式を最終形式へ変換: .mov → mp4 (音声のみ再エンコード)
2026-09-25 11:17:48,195 [INFO] src.timeline.renderer: ベース映像構築: 1 クリップ / ギャップ 0 件 / 合計 5.0s
2026-09-25 11:17:48,202 [INFO] src.timeline.renderer: ベース映像の尺: モデル 5.000s / 実測 5.000s (差 +0.000s / 1 部品)
2026-09-25 11:17:48,202 [INFO] src.blur.mask_builder: ぼかす指定が無いためマスクを作りません
2026-09-25 11:17:48,203 [INFO] src.timeline.renderer: オーバーレイ・字幕が無いため合成をスキップします
2026-09-25 11:17:48,208 [INFO] src.timeline.renderer: 中間形式を最終形式へ変換: .mov → mp4 (音声のみ再エンコード)
2026-09-25 11:17:57,340 [INFO] src.archive.timeline_builder: アーカイブ Timeline 構築: 2 クリップ / V1 2 本 / S1 0 件 / 全長 60.0s
2026-09-25 11:17:57,341 [INFO] src.archive.timeline_builder: アーカイブ Timeline 構築: 2 クリップ / V1 2 本 / S1 0 件 / 全長 60.0s
2026-09-25 11:17:57,341 [WARNING] src.archive.marker_source: VOD 外のマーカーを 2 件除外しました (尺 7200.0s)
2026-09-25 11:17:57,342 [INFO] src.archive.timeline_builder: アーカイブ Timeline 構築: 2 クリップ / V1 2 本 / S1 0 件 / 全長 200.0s
2026-09-25 11:17:57,343 [INFO] src.timeline.commands: 貼り付けの割り込み: V1 の 0.000s へ 50.00s を確保 / 移動 2 件・分割 0 件・切詰 0 件
2026-09-25 11:17:57,343 [INFO] src.timeline.commands: 貼り付けの割り込み: S1 の 0.000s へ 50.00s を確保 / 移動 0 件・分割 0 件・切詰 0 件
2026-09-25 11:17:57,343 [INFO] src.archive.timeline_builder: セクション追加: clip3 を 0.00s へ挿入 (VOD 100.0-150.0 / 尺 50.00s)
2026-09-25 11:17:57,343 [INFO] src.archive.timeline_builder: セクション統合: clip1 へ 1 件を畳み込み (VOD 100.0-200.0)
2026-09-25 11:17:57,343 [INFO] src.archive.timeline_builder: アーカイブ Timeline 構築: 2 クリップ / V1 2 本 / S1 0 件 / 全長 200.0s
2026-09-25 11:17:57,344 [INFO] src.archive.timeline_builder: アーカイブ Timeline 構築: 1 クリップ / V1 1 本 / S1 0 件 / 全長 100.0s
2026-09-25 11:17:57,344 [INFO] src.archive.timeline_builder: アーカイブ Timeline 構築: 1 クリップ / V1 1 本 / S1 0 件 / 全長 100.0s
2026-09-25 11:17:57,344 [INFO] src.archive.timeline_builder: アーカイブ Timeline 構築: 1 クリップ / V1 1 本 / S1 0 件 / 全長 100.0s
2026-09-25 11:17:57,345 [INFO] src.archive.timeline_builder: セクション追加: clip2 を 100.00s へ挿入 (VOD 200.0-300.0 / 尺 100.00s)
2026-09-25 11:17:57,345 [INFO] src.archive.timeline_builder: セクション統合: clip1 へ 1 件を畳み込み (VOD 100.0-300.0)
2026-09-25 11:17:57,345 [INFO] src.archive.timeline_builder: アーカイブ Timeline 構築: 1 クリップ / V1 1 本 / S1 0 件 / 全長 100.0s
2026-09-25 11:17:57,345 [INFO] src.archive.timeline_builder: セクション追加: clip2 を 100.00s へ挿入 (VOD 200.0-300.0 / 尺 100.00s)
2026-09-25 11:17:57,345 [INFO] src.archive.timeline_builder: セクション統合: clip1 へ 1 件を畳み込み (VOD 100.0-300.0)
2026-09-25 11:17:57,346 [INFO] src.archive.timeline_builder: アーカイブ Timeline 構築: 1 クリップ / V1 1 本 / S1 0 件 / 全長 100.0s
2026-09-25 11:17:57,346 [INFO] src.archive.timeline_builder: セクション追加: clip2 を 100.00s へ挿入 (VOD 200.0-300.0 / 尺 100.00s)
2026-09-25 11:17:57,346 [INFO] src.archive.timeline_builder: セクション統合: clip1 へ 1 件を畳み込み (VOD 100.0-300.0)
2026-09-25 11:17:57,346 [INFO] src.archive.timeline_builder: アーカイブ Timeline 構築: 1 クリップ / V1 1 本 / S1 0 件 / 全長 100.0s
2026-09-25 11:17:57,347 [INFO] src.archive.timeline_builder: セクション追加: clip2 を 100.00s へ挿入 (VOD 200.0-300.0 / 尺 100.00s)
2026-09-25 11:17:57,347 [INFO] src.archive.timeline_builder: セクション統合: clip1 へ 1 件を畳み込み (VOD 100.0-300.0)
2026-09-25 11:17:57,347 [INFO] src.archive.timeline_builder: clip1 の素材 m2 は区間を特定できませんでした (尺 12.0s / 候補の穴 0 件)。差し替えを尋ねます
2026-09-25 11:17:57,347 [INFO] src.archive.timeline_builder: アーカイブ Timeline 構築: 1 クリップ / V1 1 本 / S1 0 件 / 全長 100.0s
2026-09-25 11:17:57,348 [INFO] src.archive.timeline_builder: セクション追加: clip2 を 100.00s へ挿入 (VOD 200.0-300.0 / 尺 100.00s)
2026-09-25 11:17:57,348 [INFO] src.archive.timeline_builder: セクション統合: clip1 へ 1 件を畳み込み (VOD 100.0-300.0)
2026-09-25 11:17:57,348 [INFO] src.archive.timeline_builder: アーカイブ Timeline 構築: 1 クリップ / V1 1 本 / S1 0 件 / 全長 100.0s
2026-09-25 11:17:57,348 [INFO] src.archive.timeline_builder: セクション追加: clip2 を 100.00s へ挿入 (VOD 200.0-300.0 / 尺 100.00s)
2026-09-25 11:17:57,348 [INFO] src.archive.timeline_builder: セクション統合: clip1 へ 1 件を畳み込み (VOD 100.0-300.0)
2026-09-25 11:17:57,348 [INFO] src.archive.timeline_builder: clip1 の素材 m2 の区間を 200.0–300.0 として復元しました
2026-09-25 11:17:57,349 [INFO] src.archive.timeline_builder: アーカイブ Timeline 構築: 1 クリップ / V1 1 本 / S1 0 件 / 全長 100.0s
2026-09-25 11:17:57,349 [INFO] src.archive.timeline_builder: セクション追加: clip2 を 100.00s へ挿入 (VOD 200.0-300.0 / 尺 100.00s)
2026-09-25 11:17:57,349 [INFO] src.archive.timeline_builder: セクション統合: clip1 へ 1 件を畳み込み (VOD 100.0-300.0)
2026-09-25 11:17:57,349 [INFO] src.archive.timeline_builder: clip1 の素材 m2 の区間を 200.0–300.0 として復元しました
2026-09-25 11:17:57,350 [INFO] src.archive.timeline_builder: アーカイブ Timeline 構築: 1 クリップ / V1 1 本 / S1 0 件 / 全長 100.0s
2026-09-25 11:17:57,350 [INFO] src.archive.timeline_builder: セクション追加: clip2 を 100.00s へ挿入 (VOD 200.0-300.0 / 尺 100.00s)
2026-09-25 11:17:57,350 [INFO] src.archive.timeline_builder: セクション統合: clip1 へ 1 件を畳み込み (VOD 100.0-300.0)
2026-09-25 11:17:57,350 [INFO] src.archive.timeline_builder: clip1 の素材 m2 の区間を 200.0–303.0 として復元しました
2026-09-25 11:17:57,354 [INFO] src.archive.timeline_builder: アーカイブ Timeline 構築: 1 クリップ / V1 1 本 / S1 0 件 / 全長 100.0s
2026-09-25 11:17:57,357 [INFO] src.archive.timeline_builder: アーカイブ Timeline 構築: 1 クリップ / V1 1 本 / S1 0 件 / 全長 100.0s
2026-09-25 11:17:57,358 [INFO] src.archive.timeline_builder: アーカイブ Timeline 構築: 1 クリップ / V1 1 本 / S1 0 件 / 全長 100.0s
2026-09-25 11:17:57,360 [INFO] src.timeline.media_recovery: 使われていない素材のため復旧しません: orphan (C:\Users\evolu\AppData\Local\Temp\archive_media_test_k9pn7w5z\gone.mp4)
2026-09-25 11:17:57,362 [INFO] src.archive.timeline_builder: アーカイブ Timeline 構築: 1 クリップ / V1 1 本 / S1 0 件 / 全長 100.0s
2026-09-25 11:17:57,363 [INFO] src.timeline.project_io: 使われていない素材 1 件を保存対象から外しました
2026-09-25 11:17:57,366 [INFO] src.archive.timeline_builder: アーカイブ Timeline 構築: 1 クリップ / V1 1 本 / S1 0 件 / 全長 100.0s
2026-09-25 11:17:57,368 [INFO] src.archive.timeline_builder: アーカイブ Timeline 構築: 1 クリップ / V1 1 本 / S1 0 件 / 全長 100.0s
2026-09-25 11:17:57,369 [WARNING] src.timeline.media_recovery: 素材が見つかりません: m1 (C:\Users\evolu\AppData\Local\Temp\archive_media_test_me0f52d2\lost.mp4)
2026-09-25 11:17:57,370 [INFO] src.timeline.media_recovery: 使われていない素材のため復旧しません: orphan (C:\Users\evolu\AppData\Local\Temp\archive_media_test_me0f52d2\gone.mp4)
2026-09-25 11:17:57,374 [INFO] src.archive.clip_writer: clip1 prepare 完了 (字幕 2 件)
2026-09-25 11:17:57,382 [INFO] src.archive.clip_writer: clip1 prepare 完了 (字幕 2 件)
2026-09-25 11:17:57,385 [INFO] src.archive.clip_writer: 編集点準備: 残す区間 2 件 / 想定尺 10.00s (素材 30.00s)
2026-09-25 11:17:57,385 [INFO] src.archive.clip_writer: clip1 prepare 完了 (字幕 2 件 / 実カットなし)
2026-09-25 11:17:57,389 [INFO] src.archive.clip_writer: 編集点準備: 残す区間 2 件 / 想定尺 10.00s (素材 30.00s)
2026-09-25 11:17:57,389 [INFO] src.archive.clip_writer: clip1 prepare 完了 (字幕 2 件 / 実カットなし)
2026-09-25 11:17:57,392 [INFO] src.archive.clip_writer: 編集点準備: 残す区間 2 件 / 想定尺 10.00s (素材 30.00s)
2026-09-25 11:17:57,393 [INFO] src.archive.clip_writer: clip1 prepare 完了 (字幕 2 件 / 実カットなし)
2026-09-25 11:17:57,398 [INFO] src.archive.clip_writer: 編集点準備: 残す区間 2 件 / 想定尺 10.00s (素材 30.00s)
2026-09-25 11:17:57,399 [INFO] src.archive.clip_writer: clip1 prepare 完了 (字幕 2 件 / 実カットなし)
2026-09-25 11:17:57,402 [INFO] src.archive.clip_writer: 編集点準備: 残す区間 2 件 / 想定尺 10.00s (素材 30.00s)
2026-09-25 11:17:57,403 [INFO] src.archive.clip_writer: clip1 prepare 完了 (字幕 2 件 / 実カットなし)
2026-09-25 11:17:57,407 [INFO] src.archive.clip_writer: 編集点準備: 残す区間 2 件 / 想定尺 10.00s (素材 30.00s)
2026-09-25 11:17:57,407 [INFO] src.archive.clip_writer: clip1 prepare 完了 (字幕 2 件 / 実カットなし)
2026-09-25 11:17:57,411 [INFO] src.archive.clip_writer: 編集点準備: 残す区間 2 件 / 想定尺 10.00s (素材 30.00s)
2026-09-25 11:17:57,411 [INFO] src.archive.clip_writer: clip1 prepare 完了 (字幕 0 件 / 実カットなし)
2026-09-25 11:17:57,413 [INFO] src.archive.clip_writer: 編集点準備: 残す区間 2 件 / 想定尺 10.00s (素材 30.00s)
2026-09-25 11:17:57,421 [INFO] src.timeline.project_io: プロジェクト保存: C:\Users\evolu\AppData\Local\Temp\archive_resume_tyg9imaa\vod.archive.timeline.json
2026-09-25 11:17:57,442 [INFO] src.timeline.project_io: プロジェクト読込: C:\Users\evolu\AppData\Local\Temp\archive_resume_tyg9imaa\vod.archive.timeline.json
2026-09-25 11:17:57,462 [INFO] src.timeline.project_io: プロジェクト保存: C:\Users\evolu\AppData\Local\Temp\archive_resume_qzefsnm9\vod.archive.timeline.json
2026-09-25 11:17:57,467 [INFO] src.timeline.project_io: プロジェクト保存: C:\Users\evolu\AppData\Local\Temp\archive_resume_qzefsnm9\clip.timeline.json
2026-09-25 11:17:57,468 [INFO] src.archive.project_resume: ==================================================
2026-09-25 11:17:57,468 [INFO] src.archive.project_resume: 保存済みアーカイブプロジェクトから再開: C:\Users\evolu\AppData\Local\Temp\archive_resume_qzefsnm9\clip.timeline.json
2026-09-25 11:17:57,501 [INFO] src.timeline.project_io: プロジェクト読込: C:\Users\evolu\AppData\Local\Temp\archive_resume_qzefsnm9\clip.timeline.json
2026-09-25 11:17:57,511 [INFO] src.timeline.project_io: プロジェクト保存: C:\Users\evolu\AppData\Local\Temp\archive_resume_bpi3alky\vod.archive.timeline.json
2026-09-25 11:17:57,532 [INFO] src.timeline.project_io: プロジェクト読込: C:\Users\evolu\AppData\Local\Temp\archive_resume_bpi3alky\vod.archive.timeline.json
2026-09-25 11:17:57,536 [INFO] src.archive.project_resume: 音声サイドカーが無いため素材 m1 の正規化をやり直します
2026-09-25 11:17:57,539 [INFO] src.archive.project_resume: 音声サイドカーが無いため素材 m2 の正規化をやり直します
2026-09-25 11:17:57,549 [INFO] src.timeline.project_io: プロジェクト保存: C:\Users\evolu\AppData\Local\Temp\archive_resume_clc4whf6\vod.archive.timeline.json
2026-09-25 11:17:57,567 [INFO] src.timeline.project_io: プロジェクト読込: C:\Users\evolu\AppData\Local\Temp\archive_resume_clc4whf6\vod.archive.timeline.json
2026-09-25 11:17:57,570 [INFO] src.archive.project_resume: 音声サイドカーが無いため素材 m1 の正規化をやり直します
2026-09-25 11:17:57,571 [INFO] src.archive.project_resume: 音声サイドカーが無いため素材 m2 の正規化をやり直します
2026-09-25 11:17:57,583 [INFO] src.timeline.project_io: プロジェクト保存: C:\Users\evolu\AppData\Local\Temp\archive_resume_ykk1ifyd\vod.archive.timeline.json
2026-09-25 11:17:57,587 [INFO] src.archive.project_resume: ==================================================
2026-09-25 11:17:57,587 [INFO] src.archive.project_resume: 保存済みアーカイブプロジェクトから再開: C:\Users\evolu\AppData\Local\Temp\archive_resume_ykk1ifyd\no_such.timeline.json
2026-09-25 11:17:57,595 [INFO] src.timeline.project_io: プロジェクト保存: C:\Users\evolu\AppData\Local\Temp\archive_resume_6ml69_on\vod.archive.timeline.json
2026-09-25 11:17:57,616 [INFO] src.timeline.project_io: プロジェクト読込: C:\Users\evolu\AppData\Local\Temp\archive_resume_6ml69_on\vod.archive.timeline.json
2026-09-25 11:17:57,633 [INFO] src.timeline.project_io: プロジェクト保存: C:\Users\evolu\AppData\Local\Temp\archive_resume_mdhe_upg\vod.archive.timeline.json
2026-09-25 11:17:57,653 [INFO] src.timeline.project_io: プロジェクト読込: C:\Users\evolu\AppData\Local\Temp\archive_resume_mdhe_upg\vod.archive.timeline.json
2026-09-25 11:17:57,655 [INFO] src.archive.project_resume: 設定に従い切り出したままの音量で使います: 素材 m1
2026-09-25 11:17:57,658 [INFO] src.archive.project_resume: 設定に従い切り出したままの音量で使います: 素材 m2
2026-09-25 11:17:57,662 [WARNING] src.timeline.media_sidecar: 音声サイドカーの尺が保存値と合いません (100.00s / 期待 103.00s) → 使いません
2026-09-25 11:17:57,664 [INFO] src.archive.timeline_builder: アーカイブ Timeline 構築: 2 クリップ / V1 2 本 / S1 0 件 / 全長 200.0s
2026-09-25 11:17:57,664 [INFO] src.archive.timeline_builder: セクション追加: clip3 を 200.00s へ挿入 (VOD 900.0-950.0 / 尺 50.00s)
2026-09-25 11:17:57,665 [INFO] src.archive.timeline_builder: アーカイブ Timeline 構築: 2 クリップ / V1 2 本 / S1 0 件 / 全長 200.0s
2026-09-25 11:17:57,665 [INFO] src.timeline.commands: 貼り付けの割り込み: V1 の 0.000s へ 50.00s を確保 / 移動 2 件・分割 0 件・切詰 0 件
2026-09-25 11:17:57,666 [INFO] src.timeline.commands: 貼り付けの割り込み: S1 の 0.000s へ 50.00s を確保 / 移動 0 件・分割 0 件・切詰 0 件
2026-09-25 11:17:57,666 [INFO] src.archive.timeline_builder: セクション追加: clip3 を 0.00s へ挿入 (VOD 0.0-50.0 / 尺 50.00s)
2026-09-25 11:17:57,666 [INFO] src.archive.timeline_builder: アーカイブ Timeline 構築: 2 クリップ / V1 2 本 / S1 0 件 / 全長 200.0s
2026-09-25 11:17:57,666 [INFO] src.timeline.commands: 貼り付けの割り込み: V1 の 100.000s へ 50.00s を確保 / 移動 1 件・分割 0 件・切詰 0 件
2026-09-25 11:17:57,667 [INFO] src.timeline.commands: 貼り付けの割り込み: S1 の 100.000s へ 50.00s を確保 / 移動 0 件・分割 0 件・切詰 0 件
2026-09-25 11:17:57,667 [INFO] src.archive.timeline_builder: セクション追加: clip3 を 100.00s へ挿入 (VOD 250.0-300.0 / 尺 50.00s)
2026-09-25 11:17:57,667 [INFO] src.archive.timeline_builder: アーカイブ Timeline 構築: 3 クリップ / V1 3 本 / S1 0 件 / 全長 300.0s
2026-09-25 11:17:57,667 [INFO] src.timeline.commands: 貼り付けの割り込み: V1 の 100.000s へ 50.00s を確保 / 移動 2 件・分割 0 件・切詰 0 件
2026-09-25 11:17:57,668 [INFO] src.timeline.commands: 貼り付けの割り込み: S1 の 100.000s へ 50.00s を確保 / 移動 0 件・分割 0 件・切詰 0 件
2026-09-25 11:17:57,668 [INFO] src.archive.timeline_builder: セクション追加: clip4 を 100.00s へ挿入 (VOD 250.0-300.0 / 尺 50.00s)
2026-09-25 11:17:57,668 [INFO] src.timeline.commands: 貼り付けの割り込み: V1 の 0.000s へ 50.00s を確保 / 移動 4 件・分割 0 件・切詰 0 件
2026-09-25 11:17:57,668 [INFO] src.timeline.commands: 貼り付けの割り込み: S1 の 0.000s へ 50.00s を確保 / 移動 0 件・分割 0 件・切詰 0 件
2026-09-25 11:17:57,669 [INFO] src.archive.timeline_builder: セクション追加: clip5 を 0.00s へ挿入 (VOD 0.0-50.0 / 尺 50.00s)
2026-09-25 11:17:57,669 [INFO] src.archive.timeline_builder: セクション追加: clip6 を 400.00s へ挿入 (VOD 900.0-950.0 / 尺 50.00s)
2026-09-25 11:17:57,669 [INFO] src.archive.timeline_builder: アーカイブ Timeline 構築: 1 クリップ / V1 1 本 / S1 0 件 / 全長 100.0s
2026-09-25 11:17:57,670 [INFO] src.archive.timeline_builder: セクション追加: clip2 を 100.00s へ挿入 (VOD 300.0-400.0 / 尺 100.00s)
2026-09-25 11:17:57,670 [INFO] src.archive.timeline_builder: アーカイブ Timeline 構築: 3 クリップ / V1 3 本 / S1 0 件 / 全長 300.0s
2026-09-25 11:17:57,671 [INFO] src.timeline.commands: 貼り付けの割り込み: V1 の 100.000s へ 50.00s を確保 / 移動 2 件・分割 0 件・切詰 0 件
2026-09-25 11:17:57,671 [INFO] src.timeline.commands: 貼り付けの割り込み: S1 の 100.000s へ 50.00s を確保 / 移動 0 件・分割 0 件・切詰 0 件
2026-09-25 11:17:57,671 [INFO] src.archive.timeline_builder: セクション追加: clip4 を 100.00s へ挿入 (VOD 250.0-300.0 / 尺 50.00s)
2026-09-25 11:17:57,671 [INFO] src.archive.timeline_builder: アーカイブ Timeline 構築: 2 クリップ / V1 2 本 / S1 0 件 / 全長 200.0s
2026-09-25 11:17:57,671 [INFO] src.archive.timeline_builder: セクション追加: clip3 を 200.00s へ挿入 (VOD 900.0-950.0 / 尺 50.00s)
2026-09-25 11:17:57,672 [INFO] src.archive.timeline_builder: アーカイブ Timeline 構築: 2 クリップ / V1 2 本 / S1 0 件 / 全長 200.0s
2026-09-25 11:17:57,672 [INFO] src.archive.timeline_builder: アーカイブ Timeline 構築: 1 クリップ / V1 1 本 / S1 0 件 / 全長 100.0s
2026-09-25 11:17:57,672 [INFO] src.archive.timeline_builder: セクション追加: clip2 を 100.00s へ挿入 (VOD 450.0-600.0 / 尺 150.00s)
2026-09-25 11:17:57,673 [INFO] src.archive.timeline_builder: アーカイブ Timeline 構築: 2 クリップ / V1 2 本 / S1 0 件 / 全長 200.0s
2026-09-25 11:17:57,673 [INFO] src.archive.timeline_builder: セクション追加: clip3 を 200.00s へ挿入 (VOD 500.0-600.0 / 尺 100.00s)
2026-09-25 11:17:57,673 [INFO] src.archive.timeline_builder: セクション統合: clip2 へ 1 件を畳み込み (VOD 400.0-600.0)
2026-09-25 11:17:57,673 [INFO] src.archive.timeline_builder: アーカイブ Timeline 構築: 2 クリップ / V1 2 本 / S1 0 件 / 全長 200.0s
2026-09-25 11:17:57,674 [INFO] src.archive.timeline_builder: セクション追加: clip3 を 200.00s へ挿入 (VOD 500.0-600.0 / 尺 100.00s)
2026-09-25 11:17:57,674 [INFO] src.archive.timeline_builder: セクション統合: clip2 へ 1 件を畳み込み (VOD 400.0-600.0)
2026-09-25 11:17:57,674 [INFO] src.archive.timeline_builder: アーカイブ Timeline 構築: 3 クリップ / V1 3 本 / S1 0 件 / 全長 300.0s
2026-09-25 11:17:57,674 [INFO] src.timeline.commands: 貼り付けの割り込み: V1 の 200.000s へ 100.00s を確保 / 移動 1 件・分割 0 件・切詰 0 件
2026-09-25 11:17:57,675 [INFO] src.timeline.commands: 貼り付けの割り込み: S1 の 200.000s へ 100.00s を確保 / 移動 0 件・分割 0 件・切詰 0 件
2026-09-25 11:17:57,675 [INFO] src.archive.timeline_builder: セクション追加: clip4 を 200.00s へ挿入 (VOD 500.0-600.0 / 尺 100.00s)
2026-09-25 11:17:57,675 [INFO] src.archive.timeline_builder: セクション統合: clip2 へ 1 件を畳み込み (VOD 400.0-600.0)
2026-09-25 11:17:57,675 [INFO] src.archive.timeline_builder: アーカイブ Timeline 構築: 3 クリップ / V1 3 本 / S1 0 件 / 全長 300.0s
2026-09-25 11:17:57,675 [INFO] src.timeline.commands: 貼り付けの割り込み: V1 の 100.000s へ 200.00s を確保 / 移動 2 件・分割 0 件・切詰 0 件
2026-09-25 11:17:57,675 [INFO] src.timeline.commands: 貼り付けの割り込み: S1 の 100.000s へ 200.00s を確保 / 移動 0 件・分割 0 件・切詰 0 件
2026-09-25 11:17:57,676 [INFO] src.archive.timeline_builder: セクション追加: clip4 を 100.00s へ挿入 (VOD 200.0-400.0 / 尺 200.00s)
2026-09-25 11:17:57,676 [INFO] src.timeline.commands: 貼り付けの割り込み: V1 の 400.000s へ 200.00s を確保 / 移動 1 件・分割 0 件・切詰 0 件
2026-09-25 11:17:57,676 [INFO] src.timeline.commands: 貼り付けの割り込み: S1 の 400.000s へ 200.00s を確保 / 移動 0 件・分割 0 件・切詰 0 件
2026-09-25 11:17:57,676 [INFO] src.archive.timeline_builder: セクション追加: clip5 を 400.00s へ挿入 (VOD 500.0-700.0 / 尺 200.00s)
2026-09-25 11:17:57,676 [INFO] src.archive.timeline_builder: セクション統合: clip1 へ 4 件を畳み込み (VOD 100.0-800.0)
2026-09-25 11:17:57,676 [INFO] src.archive.timeline_builder: アーカイブ Timeline 構築: 1 クリップ / V1 1 本 / S1 0 件 / 全長 100.0s
2026-09-25 11:17:57,676 [INFO] src.archive.timeline_builder: セクション追加: clip2 を 100.00s へ挿入 (VOD 200.0-300.0 / 尺 100.00s)
2026-09-25 11:17:57,677 [INFO] src.archive.timeline_builder: セクション統合: clip1 へ 1 件を畳み込み (VOD 100.0-300.0)
2026-09-25 11:17:57,677 [INFO] src.archive.timeline_builder: アーカイブ Timeline 構築: 2 クリップ / V1 2 本 / S1 0 件 / 全長 200.0s
2026-09-25 11:17:57,677 [INFO] src.timeline.commands: 貼り付けの割り込み: V1 の 100.000s へ 50.00s を確保 / 移動 1 件・分割 0 件・切詰 0 件
2026-09-25 11:17:57,677 [INFO] src.timeline.commands: 貼り付けの割り込み: S1 の 100.000s へ 50.00s を確保 / 移動 0 件・分割 0 件・切詰 0 件
2026-09-25 11:17:57,677 [INFO] src.archive.timeline_builder: セクション追加: clip3 を 100.00s へ挿入 (VOD 250.0-300.0 / 尺 50.00s)
2026-09-25 11:17:57,678 [INFO] src.archive.timeline_builder: アーカイブ Timeline 構築: 2 クリップ / V1 2 本 / S1 0 件 / 全長 200.0s
2026-09-25 11:17:57,678 [INFO] src.archive.timeline_builder: セクション追加: clip3 を 200.00s へ挿入 (VOD 500.0-600.0 / 尺 100.00s)
2026-09-25 11:17:57,678 [INFO] src.archive.timeline_builder: セクション統合: clip2 へ 1 件を畳み込み (VOD 400.0-600.0)
2026-09-25 11:17:57,678 [INFO] src.archive.timeline_builder: アーカイブ Timeline 構築: 3 クリップ / V1 3 本 / S1 0 件 / 全長 300.0s
2026-09-25 11:17:57,678 [INFO] src.timeline.commands: 貼り付けの割り込み: V1 の 100.000s へ 50.00s を確保 / 移動 2 件・分割 0 件・切詰 0 件
2026-09-25 11:17:57,678 [INFO] src.timeline.commands: 貼り付けの割り込み: S1 の 100.000s へ 50.00s を確保 / 移動 0 件・分割 0 件・切詰 0 件
2026-09-25 11:17:57,678 [INFO] src.archive.timeline_builder: セクション追加: clip4 を 100.00s へ挿入 (VOD 250.0-300.0 / 尺 50.00s)
2026-09-25 11:17:57,680 [INFO] src.archive.timeline_builder: アーカイブ Timeline 構築: 2 クリップ / V1 2 本 / S1 0 件 / 全長 200.0s
2026-09-25 11:17:57,680 [INFO] src.archive.timeline_builder: アーカイブ Timeline 構築: 1 クリップ / V1 1 本 / S1 0 件 / 全長 100.0s
2026-09-25 11:17:57,681 [INFO] src.archive.timeline_builder: アーカイブ Timeline 構築: 1 クリップ / V1 1 本 / S1 0 件 / 全長 100.0s
2026-09-25 11:17:57,681 [INFO] src.archive.timeline_builder: アーカイブ Timeline 構築: 1 クリップ / V1 1 本 / S1 0 件 / 全長 100.0s
2026-09-25 11:17:57,681 [INFO] src.archive.timeline_builder: アーカイブ Timeline 構築: 1 クリップ / V1 1 本 / S1 0 件 / 全長 100.0s
2026-09-25 11:17:57,681 [INFO] src.archive.timeline_builder: アーカイブ Timeline 構築: 1 クリップ / V1 1 本 / S1 0 件 / 全長 300.0s
2026-09-25 11:17:57,681 [INFO] src.archive.timeline_builder: アーカイブ Timeline 構築: 1 クリップ / V1 1 本 / S1 0 件 / 全長 100.0s
2026-09-25 11:17:57,681 [INFO] src.archive.timeline_builder: アーカイブ Timeline 構築: 1 クリップ / V1 1 本 / S1 0 件 / 全長 100.0s
2026-09-25 11:17:57,682 [INFO] src.archive.timeline_builder: アーカイブ Timeline 構築: 1 クリップ / V1 1 本 / S1 0 件 / 全長 30.0s
2026-09-25 11:17:57,682 [INFO] src.archive.timeline_builder: アーカイブ Timeline 構築: 1 クリップ / V1 1 本 / S1 0 件 / 全長 30.0s
2026-09-25 11:17:57,682 [INFO] src.archive.timeline_builder: アーカイブ Timeline 構築: 1 クリップ / V1 1 本 / S1 0 件 / 全長 30.0s
2026-09-25 11:17:57,682 [INFO] src.archive.timeline_builder: アーカイブ Timeline 構築: 1 クリップ / V1 1 本 / S1 0 件 / 全長 30.0s
2026-09-25 11:17:57,683 [INFO] src.archive.timeline_builder: アーカイブ Timeline 構築: 1 クリップ / V1 1 本 / S1 0 件 / 全長 30.0s
2026-09-25 11:17:57,683 [INFO] src.archive.timeline_builder: アーカイブ Timeline 構築: 3 クリップ / V1 6 本 / S1 6 件 / 全長 30.0s
2026-09-25 11:17:57,683 [INFO] src.archive.timeline_builder: アーカイブ Timeline 構築: 3 クリップ / V1 6 本 / S1 6 件 / 全長 30.0s
2026-09-25 11:17:57,683 [INFO] src.archive.timeline_builder: アーカイブ Timeline 構築: 3 クリップ / V1 6 本 / S1 6 件 / 全長 30.0s
2026-09-25 11:17:57,684 [INFO] src.archive.timeline_builder: アーカイブ Timeline 構築: 3 クリップ / V1 6 本 / S1 6 件 / 全長 30.0s
2026-09-25 11:17:57,684 [INFO] src.archive.timeline_builder: アーカイブ Timeline 構築: 3 クリップ / V1 6 本 / S1 6 件 / 全長 30.0s
2026-09-25 11:17:57,684 [INFO] src.archive.timeline_builder: アーカイブ Timeline 構築: 3 クリップ / V1 6 本 / S1 6 件 / 全長 30.0s
2026-09-25 11:17:57,684 [INFO] src.archive.timeline_builder: アーカイブ Timeline 構築: 3 クリップ / V1 6 本 / S1 6 件 / 全長 30.0s
2026-09-25 11:17:57,684 [INFO] src.archive.timeline_builder: アーカイブ Timeline 構築: 3 クリップ / V1 6 本 / S1 6 件 / 全長 30.0s
2026-09-25 11:17:57,686 [INFO] src.archive.timeline_builder: アーカイブ Timeline 構築: 3 クリップ / V1 6 本 / S1 6 件 / 全長 30.0s
2026-09-25 11:17:57,686 [INFO] src.archive.timeline_builder: アーカイブ Timeline 構築: 1 クリップ / V1 1 本 / S1 2 件 / 全長 30.0s
2026-09-25 11:17:57,686 [INFO] src.archive.timeline_builder: clip1: クリップ終端で打ち切った字幕 1 件 / 載せなかった字幕 0 件
2026-09-25 11:17:57,686 [INFO] src.archive.timeline_builder: clip2: クリップ終端で打ち切った字幕 1 件 / 載せなかった字幕 0 件
2026-09-25 11:17:57,686 [INFO] src.archive.timeline_builder: clip3: クリップ終端で打ち切った字幕 1 件 / 載せなかった字幕 0 件
2026-09-25 11:17:57,686 [INFO] src.archive.timeline_builder: アーカイブ Timeline 構築: 3 クリップ / V1 6 本 / S1 3 件 / 全長 30.0s
2026-09-25 11:17:57,686 [INFO] src.archive.timeline_builder: clip1: クリップ終端で打ち切った字幕 1 件 / 載せなかった字幕 0 件
2026-09-25 11:17:57,687 [INFO] src.archive.timeline_builder: アーカイブ Timeline 構築: 2 クリップ / V1 4 本 / S1 3 件 / 全長 20.0s
2026-09-25 11:17:57,687 [INFO] src.archive.timeline_builder: clip1: クリップ終端で打ち切った字幕 1 件 / 載せなかった字幕 1 件
2026-09-25 11:17:57,687 [INFO] src.archive.timeline_builder: アーカイブ Timeline 構築: 2 クリップ / V1 4 本 / S1 2 件 / 全長 20.0s
2026-09-25 11:17:57,687 [INFO] src.archive.timeline_builder: clip1: クリップ終端で打ち切った字幕 1 件 / 載せなかった字幕 0 件
2026-09-25 11:17:57,687 [INFO] src.archive.timeline_builder: clip2: クリップ終端で打ち切った字幕 1 件 / 載せなかった字幕 0 件
2026-09-25 11:17:57,687 [INFO] src.archive.timeline_builder: アーカイブ Timeline 構築: 2 クリップ / V1 4 本 / S1 2 件 / 全長 20.0s
2026-09-25 11:17:57,688 [INFO] src.archive.timeline_builder: アーカイブ Timeline 構築: 3 クリップ / V1 6 本 / S1 6 件 / 全長 30.0s
2026-09-25 11:17:57,688 [INFO] src.archive.timeline_builder: アーカイブ Timeline 構築: 3 クリップ / V1 6 本 / S1 6 件 / 全長 30.0s
2026-09-25 11:17:57,689 [INFO] src.archive.timeline_builder: アーカイブ Timeline 構築: 3 クリップ / V1 6 本 / S1 6 件 / 全長 30.0s
2026-09-25 11:17:57,689 [INFO] src.archive.timeline_builder: アーカイブ Timeline 構築: 3 クリップ / V1 6 本 / S1 6 件 / 全長 30.0s
2026-09-25 11:17:57,689 [INFO] src.archive.timeline_builder: アーカイブ Timeline 構築: 3 クリップ / V1 6 本 / S1 6 件 / 全長 30.0s
2026-09-25 11:17:57,689 [INFO] src.archive.timeline_builder: アーカイブ Timeline 構築: 3 クリップ / V1 6 本 / S1 6 件 / 全長 30.0s
2026-09-25 11:17:57,691 [INFO] src.archive.timeline_builder: アーカイブ Timeline 構築: 3 クリップ / V1 6 本 / S1 6 件 / 全長 30.0s
2026-09-25 11:17:57,691 [INFO] src.archive.timeline_builder: clip2 は使用しないため書き出しから除外します
2026-09-25 11:17:57,692 [INFO] src.archive.timeline_builder: アーカイブ Timeline 構築: 3 クリップ / V1 6 本 / S1 6 件 / 全長 30.0s
2026-09-25 11:17:57,692 [INFO] src.archive.timeline_builder: アーカイブ Timeline 構築: 3 クリップ / V1 6 本 / S1 6 件 / 全長 30.0s
2026-09-25 11:17:57,693 [INFO] src.archive.timeline_builder: アーカイブ Timeline 構築: 3 クリップ / V1 6 本 / S1 6 件 / 全長 30.0s
2026-09-25 11:17:57,693 [INFO] src.archive.timeline_builder: アーカイブ Timeline 構築: 3 クリップ / V1 6 本 / S1 6 件 / 全長 30.0s
2026-09-25 11:17:57,694 [INFO] src.archive.timeline_builder: アーカイブ Timeline 構築: 3 クリップ / V1 6 本 / S1 6 件 / 全長 30.0s
2026-09-25 11:17:57,694 [INFO] src.archive.timeline_builder: アーカイブ Timeline 構築: 3 クリップ / V1 6 本 / S1 6 件 / 全長 30.0s
2026-09-25 11:17:57,762 [INFO] src.timeline.project_io: プロジェクトを改名しました: sample.timeline.json → renamed.timeline.json
2026-09-25 11:17:57,782 [INFO] src.blur.store: ぼかしの追従結果を保存しました: sample.blur.json
2026-09-25 11:17:57,800 [INFO] src.blur.store: ぼかしの追従結果の版が違うため作り直します: C:\Users\evolu\AppData\Local\Temp\blur_reuse_test_hyry8hx_\sample.blur.json
2026-09-25 11:17:57,805 [INFO] src.blur.store: ぼかしの追従結果を保存しました: sample.blur.json
2026-09-25 11:17:57,821 [INFO] src.blur.store: 追従の設定が変わったため、ぼかしの追従結果を作り直します
2026-09-25 11:17:57,827 [INFO] src.blur.store: ぼかし: 素材が変わったため m9 の追従結果を捨てました
2026-09-25 11:17:57,837 [INFO] src.blur.decisions: ぼかし: 以前の書式の指定 4 件は新しい方式へ移せないため引き継ぎません (人物の自動検出を廃止したため)
2026-09-25 11:17:57,838 [INFO] src.blur.decisions: ぼかし: 以前の書式の指定 1 件は新しい方式へ移せないため引き継ぎません (人物の自動検出を廃止したため)
2026-09-25 11:17:58,629 [INFO] src.timeline.renderer: ベース映像構築: 1 クリップ / ギャップ 0 件 / 合計 5.0s
2026-09-25 11:17:58,647 [INFO] src.timeline.renderer: ベース映像の尺: モデル 5.000s / 実測 5.000s (差 +0.000s / 1 部品)
2026-09-25 11:17:58,650 [INFO] src.timeline.renderer: 字幕焼き込み: 1 件
2026-09-25 11:17:58,675 [INFO] src.timeline.renderer: ベース映像構築: 1 クリップ / ギャップ 0 件 / 合計 5.0s
2026-09-25 11:17:58,694 [INFO] src.timeline.renderer: ベース映像の尺: モデル 5.000s / 実測 5.000s (差 +0.000s / 1 部品)
2026-09-25 11:17:58,697 [INFO] src.timeline.renderer: 字幕焼き込み: 1 件
2026-09-25 11:17:58,715 [INFO] src.timeline.renderer: ベース映像構築: 1 クリップ / ギャップ 0 件 / 合計 5.0s
2026-09-25 11:17:58,733 [INFO] src.timeline.renderer: ベース映像の尺: モデル 5.000s / 実測 5.000s (差 +0.000s / 1 部品)
2026-09-25 11:17:58,734 [INFO] src.timeline.renderer: オーバーレイ・字幕が無いため合成をスキップします
2026-09-25 11:17:58,748 [INFO] src.modules.blur_overlay: ぼかしを焼き込みます: blur_applied.mp4
2026-09-25 11:17:58,756 [INFO] src.timeline.renderer: ベース映像構築: 1 クリップ / ギャップ 0 件 / 合計 5.0s
2026-09-25 11:17:58,771 [INFO] src.timeline.renderer: ベース映像の尺: モデル 5.000s / 実測 5.000s (差 +0.000s / 1 部品)
2026-09-25 11:17:58,772 [INFO] src.timeline.renderer: オーバーレイ・字幕が無いため合成をスキップします
2026-09-25 11:17:58,784 [INFO] src.modules.blur_overlay: ぼかしを焼き込みます: blur_applied.mp4
2026-09-25 11:17:58,791 [INFO] src.timeline.renderer: ベース映像構築: 1 クリップ / ギャップ 0 件 / 合計 5.0s
2026-09-25 11:17:58,806 [INFO] src.timeline.renderer: ベース映像の尺: モデル 5.000s / 実測 5.000s (差 +0.000s / 1 部品)
2026-09-25 11:17:58,809 [INFO] src.timeline.renderer: 字幕焼き込み: 1 件
2026-09-25 11:17:58,830 [INFO] src.timeline.renderer: ベース映像構築: 1 クリップ / ギャップ 0 件 / 合計 5.0s
2026-09-25 11:17:58,844 [INFO] src.timeline.renderer: ベース映像の尺: モデル 5.000s / 実測 5.000s (差 +0.000s / 1 部品)
2026-09-25 11:17:58,853 [WARNING] src.blur.frames: PyAV でのデコードに失敗したため FFmpeg へ切り替えます: [Errno 1094995529] Invalid data found when processing input: 'D:\\develop\\autoedit\\tests\\test_blur_renderer_integration.py'
2026-09-25 11:17:58,973 [WARNING] src.blur.tracker: ぼかしの追従: 基準のフレームを取得できません (1.00 秒)
2026-09-25 11:17:58,977 [WARNING] src.blur.frames: PyAV でのデコードに失敗したため FFmpeg へ切り替えます: [Errno 1094995529] Invalid data found when processing input: 'D:\\develop\\autoedit\\tests\\test_blur_renderer_integration.py'
2026-09-25 11:17:59,077 [WARNING] src.blur.tracker: ぼかしの追従: 基準のフレームを取得できません (1.00 秒)
2026-09-25 11:17:59,077 [INFO] src.blur.tracker: ぼかしの追従: 2 区切りを追いました
2026-09-25 11:17:59,079 [INFO] src.blur.store: ぼかしの追従結果を保存しました: timeline.blur.json
2026-09-25 11:17:59,079 [ERROR] src.blur.mask_builder: ぼかしマスクの生成に失敗しました: テスト: マスクを作れない状態
Traceback (most recent call last):
  File "D:\develop\autoedit\src\blur\mask_builder.py", line 64, in prepare
    return build(timeline, tracks, decisions, cfg, out_path,
           ^^^^^^^^^^^^^^^^^^^^^^^^^^^^^^^^^^^^^^^^^^^^^^^^^
  File "D:\develop\autoedit\tests\test_blur_renderer_integration.py", line 196, in broken
    raise RuntimeError("テスト: マスクを作れない状態")
RuntimeError: テスト: マスクを作れない状態
2026-09-25 11:17:59,087 [INFO] src.timeline.renderer: ベース映像構築: 1 クリップ / ギャップ 0 件 / 合計 5.0s
2026-09-25 11:17:59,100 [INFO] src.timeline.renderer: ベース映像の尺: モデル 5.000s / 実測 5.000s (差 +0.000s / 1 部品)
2026-09-25 11:17:59,106 [WARNING] src.blur.frames: PyAV でのデコードに失敗したため FFmpeg へ切り替えます: [Errno 1094995529] Invalid data found when processing input: 'D:\\develop\\autoedit\\tests\\test_blur_renderer_integration.py'
2026-09-25 11:17:59,216 [WARNING] src.blur.tracker: ぼかしの追従: 基準のフレームを取得できません (1.00 秒)
2026-09-25 11:17:59,220 [WARNING] src.blur.frames: PyAV でのデコードに失敗したため FFmpeg へ切り替えます: [Errno 1094995529] Invalid data found when processing input: 'D:\\develop\\autoedit\\tests\\test_blur_renderer_integration.py'
2026-09-25 11:17:59,321 [WARNING] src.blur.tracker: ぼかしの追従: 基準のフレームを取得できません (1.00 秒)
2026-09-25 11:17:59,322 [INFO] src.blur.tracker: ぼかしの追従: 2 区切りを追いました
2026-09-25 11:17:59,325 [INFO] src.blur.store: ぼかしの追従結果を保存しました: timeline.blur.json
2026-09-25 11:17:59,326 [ERROR] src.blur.mask_builder: ぼかしマスクの生成に失敗しました: テスト: マスクを作れない状態
Traceback (most recent call last):
  File "D:\develop\autoedit\src\blur\mask_builder.py", line 64, in prepare
    return build(timeline, tracks, decisions, cfg, out_path,
           ^^^^^^^^^^^^^^^^^^^^^^^^^^^^^^^^^^^^^^^^^^^^^^^^^
  File "D:\develop\autoedit\tests\test_blur_renderer_integration.py", line 196, in broken
    raise RuntimeError("テスト: マスクを作れない状態")
RuntimeError: テスト: マスクを作れない状態
2026-09-25 11:17:59,331 [INFO] src.timeline.renderer: ベース映像構築: 1 クリップ / ギャップ 0 件 / 合計 5.0s
2026-09-25 11:17:59,342 [INFO] src.timeline.renderer: ベース映像の尺: モデル 5.000s / 実測 5.000s (差 +0.000s / 1 部品)
2026-09-25 11:17:59,345 [WARNING] src.blur.frames: PyAV でのデコードに失敗したため FFmpeg へ切り替えます: [Errno 1094995529] Invalid data found when processing input: 'D:\\develop\\autoedit\\tests\\test_blur_renderer_integration.py'
2026-09-25 11:17:59,402 [WARNING] src.blur.tracker: ぼかしの追従: 基準のフレームを取得できません (1.00 秒)
2026-09-25 11:17:59,405 [WARNING] src.blur.frames: PyAV でのデコードに失敗したため FFmpeg へ切り替えます: [Errno 1094995529] Invalid data found when processing input: 'D:\\develop\\autoedit\\tests\\test_blur_renderer_integration.py'
2026-09-25 11:17:59,476 [WARNING] src.blur.tracker: ぼかしの追従: 基準のフレームを取得できません (1.00 秒)
2026-09-25 11:17:59,477 [INFO] src.blur.tracker: ぼかしの追従: 2 区切りを追いました
2026-09-25 11:17:59,479 [INFO] src.blur.store: ぼかしの追従結果を保存しました: timeline.blur.json
2026-09-25 11:17:59,479 [ERROR] src.blur.mask_builder: ぼかしマスクの生成に失敗しました: テスト: マスクを作れない状態
Traceback (most recent call last):
  File "D:\develop\autoedit\src\blur\mask_builder.py", line 64, in prepare
    return build(timeline, tracks, decisions, cfg, out_path,
           ^^^^^^^^^^^^^^^^^^^^^^^^^^^^^^^^^^^^^^^^^^^^^^^^^
  File "D:\develop\autoedit\tests\test_blur_renderer_integration.py", line 196, in broken
    raise RuntimeError("テスト: マスクを作れない状態")
RuntimeError: テスト: マスクを作れない状態
2026-09-25 11:17:59,479 [WARNING] src.timeline.renderer: 利用者の指示により、ぼかしを入れずに出力します
2026-09-25 11:17:59,480 [INFO] src.timeline.renderer: オーバーレイ・字幕が無いため合成をスキップします
2026-09-25 11:17:59,486 [INFO] src.timeline.renderer: 中間形式を最終形式へ変換: .mov → mp4 (音声のみ再エンコード)
2026-09-25 11:17:59,491 [INFO] src.timeline.renderer: ベース映像構築: 1 クリップ / ギャップ 0 件 / 合計 5.0s
2026-09-25 11:17:59,499 [INFO] src.timeline.renderer: ベース映像の尺: モデル 5.000s / 実測 5.000s (差 +0.000s / 1 部品)
2026-09-25 11:17:59,501 [INFO] src.blur.mask_builder: ぼかす指定が無いためマスクを作りません
2026-09-25 11:17:59,501 [INFO] src.timeline.renderer: オーバーレイ・字幕が無いため合成をスキップします
2026-09-25 11:17:59,508 [INFO] src.timeline.renderer: 中間形式を最終形式へ変換: .mov → mp4 (音声のみ再エンコード)
2026-09-25 11:18:01,025 [INFO] src.modules.subtitle_generator: 縦動画のため字幕設定を縦用へ上書き (font/改行/配置/余白)
2026-09-25 11:18:01,026 [WARNING] src.modules.comment_decor: コメント背景がキャンバスに収まらないため詰めました (推定幅 1181px / 使える幅 1080px)。font_size か max_line_length を下げると解消します
2026-09-25 11:18:01,028 [INFO] src.modules.comment_decor: コメントアイコン: 2 件 / 位置 2 種類
2026-09-25 11:18:01,028 [INFO] src.modules.comment_decor: コメントアイコン: 2 件 / 位置 1 種類
2026-09-25 11:18:01,029 [INFO] src.modules.comment_decor: コメントアイコン: 1 件 / 位置 1 種類
2026-09-25 11:18:01,029 [INFO] src.modules.subtitle_generator: 縦動画のため字幕設定を縦用へ上書き (font/改行/配置/余白)
2026-09-25 11:18:01,030 [WARNING] src.modules.comment_decor: コメントアイコンがキャンバスに収まらないため位置を詰めました (要求 x=-190.0 y=465.0 → x=0.0 y=465.0)。subtitle.comment_margin_l を大きくすると解消します
2026-09-25 11:18:01,032 [INFO] src.modules.subtitle_generator: コメント背景: 1 件
2026-09-25 11:18:01,087 [WARNING] src.modules.subtitle_generator: コメントの Layer が逆転しているため本文を 6 へ引き上げます (背景=5 / 本文=1)
2026-09-25 11:18:01,087 [INFO] src.modules.subtitle_generator: コメント背景: 1 件
2026-09-25 11:18:01,245 [WARNING] src.modules.subtitle_generator: コメントの配置は左寄せ (1/4/7) のみ対応のため 4 を使用します: 2
2026-09-25 11:18:01,259 [INFO] src.modules.subtitle_generator: 縦動画のため字幕設定を縦用へ上書き (font/改行/配置/余白)
2026-09-25 11:18:01,268 [WARNING] src.export.fcpxml_builder: タイムライン終端を超える字幕をクリップ末尾へクランプしました (丸め誤差の端数など)。
2026-09-25 11:18:01,342 [INFO] src.modules.loudness_normalizer: 入力ラウドネス: I=-9.2 LUFS / TP=-0.3 dBTP / LRA=5.1 LU → 目標 I=-14.0 LUFS / TP=-1.0 dBTP (offset 0.4 dB)
2026-09-25 11:18:01,365 [ERROR] src.modules.loudness_normalizer: ラウドネス正規化の適用に失敗 (元音声のまま継続): in.mp4
Traceback (most recent call last):
  File "D:\develop\autoedit\src\modules\loudness_normalizer.py", line 219, in normalize_file
    ffmpeg_runner.execute(
  File "C:\Users\evolu\AppData\Local\Programs\Python\Python312\Lib\unittest\mock.py", line 1139, in __call__
    return self._mock_call(*args, **kwargs)
           ^^^^^^^^^^^^^^^^^^^^^^^^^^^^^^^^
  File "C:\Users\evolu\AppData\Local\Programs\Python\Python312\Lib\unittest\mock.py", line 1143, in _mock_call
    return self._execute_mock_call(*args, **kwargs)
           ^^^^^^^^^^^^^^^^^^^^^^^^^^^^^^^^^^^^^^^^
  File "C:\Users\evolu\AppData\Local\Programs\Python\Python312\Lib\unittest\mock.py", line 1198, in _execute_mock_call
    raise effect
src.exceptions.FFmpegError: 失敗
2026-09-25 11:18:01,410 [INFO] src.modules.loudness_normalizer: ラウドネス正規化は無効のためスキップ
2026-09-25 11:18:01,411 [WARNING] src.modules.loudness_normalizer: ラウドネス測定に失敗したため正規化をスキップ (元音声のまま継続): in.mp4
2026-09-25 11:18:01,413 [INFO] src.modules.loudness_normalizer: 音声ストリームが無いためラウドネス正規化をスキップ: in.mp4
2026-09-25 11:18:01,437 [INFO] src.modules.loudness_normalizer: ラウドネス正規化 完了: out.mp4
2026-09-25 11:18:01,439 [INFO] src.modules.loudness_normalizer: 入力ラウドネス: I=-9.2 LUFS / TP=-0.3 dBTP / LRA=5.1 LU → 目標 I=-14.0 LUFS / TP=-1.0 dBTP (offset 0.4 dB)
2026-09-25 11:18:01,464 [INFO] src.modules.loudness_normalizer: ラウドネス正規化 完了: out.mp4
2026-09-25 11:18:01,470 [INFO] src.timeline.media_recovery: 本編素材を元動画から作り直します: C:\Users\evolu\AppData\Local\Temp\media_recovery_test_gf_pz_zd\sample.mp4
2026-09-25 11:18:01,478 [WARNING] src.timeline.media_recovery: 素材が見つかりません: m2 (C:\Users\evolu\AppData\Local\Temp\media_recovery_test_fg1ogb_3\gone.png)
2026-09-25 11:18:01,492 [INFO] src.timeline.media_recovery: 素材を差し替え済みのフォルダで見つけました: m3 → C:\Users\evolu\AppData\Local\Temp\media_recovery_test_djfrt59n\moved\logo2.png
2026-09-25 11:18:01,497 [INFO] src.timeline.media_recovery: 本編素材を元動画から作り直します: C:\Users\evolu\AppData\Local\Temp\media_recovery_test_zppscswn\sample.mp4
2026-09-25 11:18:01,504 [WARNING] src.timeline.media_recovery: 元動画が見つからないため本編素材を復旧できません: C:\Users\evolu\AppData\Local\Temp\media_recovery_test_adkrq6dv\no_such_input.mp4
2026-09-25 11:18:01,504 [WARNING] src.timeline.media_recovery: 素材が見つかりません: m1 (C:\Users\evolu\AppData\Local\Temp\media_recovery_test_adkrq6dv\work\loudness_normalized.mp4)
2026-09-25 11:18:01,509 [INFO] src.timeline.media_recovery: 本編素材は元動画そのものだったため、そのまま使います: C:\Users\evolu\AppData\Local\Temp\media_recovery_test_869z_0lq\sample.mp4
2026-09-25 11:18:01,514 [INFO] src.timeline.media_recovery: 素材を相対パスで見つけました: m2 → C:\Users\evolu\AppData\Local\Temp\media_recovery_test_bfimlibs\assets\logo.png
2026-09-25 11:18:01,527 [INFO] src.timeline.media_recovery: 設定に従い元動画をそのまま使います (音量は正規化前): C:\Users\evolu\AppData\Local\Temp\media_recovery_test_xqzuimuw\sample.mp4
2026-09-25 11:18:01,533 [INFO] src.services.points: ポイントを予約しました: clip/video 25pt (watermark=False)
2026-09-25 11:18:01,536 [WARNING] src.services.points: ポイント残高を取得できませんでした: 断
2026-09-25 11:18:01,543 [INFO] src.services.points: ポイントを予約しました: clip/video 25pt (watermark=False)
2026-09-25 11:18:01,543 [WARNING] src.services.points: ポイントのcommitを送信できませんでした (再送します): 接続できません
2026-09-25 11:18:01,573 [INFO] src.services.points: ポイントを予約しました: clip/video 25pt (watermark=False)
2026-09-25 11:18:01,595 [WARNING] src.services.points: ポイントのcommitを送信できませんでした (再送します): 断
2026-09-25 11:18:01,626 [INFO] src.services.points: 保留していたポイント処理を 2 件送信しました。
2026-09-25 11:18:01,631 [WARNING] src.services.points: ポイントを予約できませんでした: 再ログインが必要です。
2026-09-25 11:18:01,636 [INFO] src.services.points: ポイントを予約しました: clip/video 25pt (watermark=False)
2026-09-25 11:18:01,636 [WARNING] src.services.points: ポイントのcancelが拒否されました: 確定済み
2026-09-25 11:18:01,643 [INFO] src.services.points: 保留していたポイント処理を 1 件送信しました。
2026-09-25 11:18:01,646 [INFO] src.services.points: ポイントを予約しました: clip/video 25pt (watermark=False)
2026-09-25 11:18:01,668 [INFO] src.services.points: サブスク判定のキャッシュが古いため watermark を入れます。
2026-09-25 11:18:01,670 [WARNING] src.services.points: ポイントを予約できませんでした (オフライン): 接続できません
2026-09-25 11:18:01,695 [WARNING] src.services.points: ポイントを予約できませんでした (オフライン): 接続できません
2026-09-25 11:18:01,699 [WARNING] src.services.points: ポイントを予約できませんでした (オフライン): 接続できません
2026-09-25 11:18:01,701 [WARNING] src.services.points: ポイントを予約できませんでした: 想定外
2026-09-25 11:18:01,704 [INFO] src.services.points: ポイントを予約しました: clip/resolveProject 0pt (watermark=False)
2026-09-25 11:18:01,728 [INFO] src.services.points: ポイントを予約しました: clip/video 25pt (watermark=False)
2026-09-25 11:18:01,733 [INFO] src.services.points: ポイントを予約しました: archive/video 0pt (watermark=True)
2026-09-25 11:18:01,812 [WARNING] src.timeline.builder: フレーム間引きの設定が不正なため none を使用します: 'all'
2026-09-25 11:18:01,851 [INFO] src.timeline.project_io: プロジェクト保存: C:\Users\evolu\AppData\Local\Temp\library_summary_gwogvc0y\vod.archive.timeline.json
2026-09-25 11:18:01,898 [WARNING] src.timeline.project_io: プロジェクトの概要を読めませんでした: C:\Users\evolu\AppData\Local\Temp\library_summary_zdwvhz3a\broken.timeline.json
2026-09-25 11:18:01,909 [INFO] src.timeline.project_io: プロジェクト保存: C:\Users\evolu\AppData\Local\Temp\library_summary_6avx9271\sample.timeline.json
2026-09-25 11:18:01,942 [INFO] src.timeline.project_io: プロジェクト保存: C:\Users\evolu\AppData\Local\Temp\library_summary_uzdtok9o\sample.timeline.json
2026-09-25 11:18:01,976 [INFO] src.timeline.project_io: プロジェクト保存: C:\Users\evolu\AppData\Local\Temp\library_rename_lhdhz2qp\old.timeline.json
2026-09-25 11:18:01,991 [INFO] src.timeline.project_io: プロジェクト保存: C:\Users\evolu\AppData\Local\Temp\library_rename_6c0zboc2\old.timeline.json
2026-09-25 11:18:02,005 [INFO] src.timeline.project_io: プロジェクト保存: C:\Users\evolu\AppData\Local\Temp\library_rename_lgq5p_te\old.timeline.json
2026-09-25 11:18:02,031 [INFO] src.timeline.project_io: プロジェクトを改名しました: old.timeline.json → new.timeline.json
2026-09-25 11:18:02,067 [INFO] src.timeline.project_io: プロジェクト保存: C:\Users\evolu\AppData\Local\Temp\library_rename_obqo32fw\old.timeline.json
2026-09-25 11:18:02,094 [INFO] src.timeline.project_io: プロジェクトを改名しました: old.timeline.json → new.timeline.json
2026-09-25 11:18:02,104 [INFO] src.timeline.project_io: プロジェクト保存: C:\Users\evolu\AppData\Local\Temp\library_rename_l75wf1by\old.timeline.json
2026-09-25 11:18:02,138 [INFO] src.timeline.project_io: プロジェクトが 5 件見つかりました (新しい 2 件を表示します)
2026-09-25 11:18:02,207 [WARNING] src.export.resolve_export: ソース総尺の取得に失敗 (タイムライン全長で代用): C:\Users\evolu\AppData\Local\Temp\resolve_export_test_3wsvx6op\sample.mp4
2026-09-25 11:18:02,244 [WARNING] src.export.resolve_export: ソース総尺の取得に失敗 (タイムライン全長で代用): C:\Users\evolu\AppData\Local\Temp\resolve_export_test_dntu5ffk\sample.mp4
2026-09-25 11:18:02,282 [WARNING] src.export.resolve_export: ソース総尺の取得に失敗 (タイムライン全長で代用): C:\Users\evolu\AppData\Local\Temp\resolve_export_test_4e1vbhmz\sample.mp4
2026-09-25 11:18:02,319 [WARNING] src.export.resolve_export: ソース総尺の取得に失敗 (タイムライン全長で代用): C:\Users\evolu\AppData\Local\Temp\resolve_export_test_onrgkqda\sample.mp4
2026-09-25 11:18:02,319 [WARNING] src.export.resolve_export: テーマ演出はテキストと区間のみを出力します (ブラー・黒帯などの映像エフェクトは FCPXML で表現できません)。
2026-09-25 11:18:02,320 [WARNING] src.export.resolve_export: 字幕位置は配置(alignment)＋余白からの近似です。Resolve 取り込み時に位置が中央へ戻る場合があります (フォント/サイズ/色は保持)。
2026-09-25 11:18:02,353 [WARNING] src.export.resolve_export: ソース総尺の取得に失敗 (タイムライン全長で代用): C:\Users\evolu\AppData\Local\Temp\resolve_export_test_3e3a5rh3\sample.mp4
2026-09-25 11:18:02,389 [WARNING] src.export.resolve_export: ソース総尺の取得に失敗 (タイムライン全長で代用): C:\Users\evolu\AppData\Local\Temp\resolve_export_test_vqw5w8ft\sample.mp4
2026-09-25 11:18:02,428 [WARNING] src.export.resolve_export: ソース総尺の取得に失敗 (タイムライン全長で代用): C:\Users\evolu\AppData\Local\Temp\resolve_export_test_7v3dbtwl\sample.mp4
2026-09-25 11:18:02,462 [WARNING] src.export.resolve_export: ソース総尺の取得に失敗 (タイムライン全長で代用): C:\Users\evolu\AppData\Local\Temp\resolve_export_test_7v3dbtwl\sample.mp4
2026-09-25 11:18:02,498 [WARNING] src.export.resolve_export: ソース総尺の取得に失敗 (タイムライン全長で代用): C:\Users\evolu\AppData\Local\Temp\resolve_export_test_0v_kr0vs\sample.mp4
2026-09-25 11:18:02,498 [WARNING] src.export.resolve_export: 未対応の字幕出力方式 export.resolve.subtitle.mode=bogus のため caption で出力します
2026-09-25 11:18:02,532 [WARNING] src.export.resolve_export: ソース総尺の取得に失敗 (タイムライン全長で代用): C:\Users\evolu\AppData\Local\Temp\resolve_export_test_rbehs3_f\sample.mp4
2026-09-25 11:18:02,568 [WARNING] src.export.resolve_export: ソース総尺の取得に失敗 (タイムライン全長で代用): C:\Users\evolu\AppData\Local\Temp\resolve_export_test_9xuvkobo\sample.mp4
2026-09-25 11:18:02,607 [WARNING] src.export.resolve_export: ソース総尺の取得に失敗 (タイムライン全長で代用): C:\Users\evolu\AppData\Local\Temp\resolve_export_test_c1a_y0vl\sample.mp4
2026-09-25 11:18:02,643 [WARNING] src.export.resolve_export: ソース総尺の取得に失敗 (タイムライン全長で代用): C:\Users\evolu\AppData\Local\Temp\resolve_export_test_evevkuwm\sample.mp4
2026-09-25 11:18:02,681 [WARNING] src.export.resolve_export: ソース総尺の取得に失敗 (タイムライン全長で代用): C:\Users\evolu\AppData\Local\Temp\resolve_export_test_12iz3fmx\sample.mp4
2026-09-25 11:18:02,722 [WARNING] src.export.resolve_export: ソース総尺の取得に失敗 (タイムライン全長で代用): C:\Users\evolu\AppData\Local\Temp\resolve_export_test_g3rm5k_7\sample.mp4
2026-09-25 11:18:02,765 [WARNING] src.export.resolve_export: ソース総尺の取得に失敗 (タイムライン全長で代用): C:\Users\evolu\AppData\Local\Temp\resolve_export_test_zw2bn9br\sample.mp4
2026-09-25 11:18:02,806 [WARNING] src.export.resolve_export: ソース総尺の取得に失敗 (タイムライン全長で代用): C:\Users\evolu\AppData\Local\Temp\resolve_export_test_1uelpmgh\sample.mp4
2026-09-25 11:18:02,845 [WARNING] src.export.resolve_export: ソース総尺の取得に失敗 (タイムライン全長で代用): C:\Users\evolu\AppData\Local\Temp\resolve_export_test_o08jxtpa\sample.mp4
2026-09-25 11:18:02,846 [INFO] src.export.resolve_export: 編集点が無いため全長 1 クリップとして出力します
2026-09-25 11:18:02,885 [WARNING] src.export.resolve_export: ソース総尺の取得に失敗 (タイムライン全長で代用): C:\Users\evolu\AppData\Local\Temp\resolve_export_test_vzhjw_47\sample.mp4
2026-09-25 11:18:02,886 [INFO] src.export.resolve_export: Resolve 出力開始: C:\Users\evolu\AppData\Local\Temp\resolve_export_test_vzhjw_47\out2.fcpxml (クリップ 1 件 / 字幕 caption 1 件 / title・テーマ 0 件 / 1920x1080 60fps)
2026-09-25 11:18:02,890 [INFO] src.export.resolve_export: 字幕トラックのスタイルは Resolve の字幕トラックヘッダー選択 → インスペクタ → Track Style で一括設定できます (Resolve 19 以降は Text+ スタイルも指定可)。
2026-09-25 11:18:02,890 [INFO] src.export.resolve_export: Resolve 出力完了: C:\Users\evolu\AppData\Local\Temp\resolve_export_test_vzhjw_47\out2.fcpxml (タイムライン尺 5.00s)
2026-09-25 11:18:02,930 [WARNING] src.export.resolve_export: ソース総尺の取得に失敗 (タイムライン全長で代用): C:\Users\evolu\AppData\Local\Temp\resolve_export_test_0wbol9kt\sample.mp4
2026-09-25 11:18:02,930 [INFO] src.export.resolve_export: Resolve 出力開始: C:\Users\evolu\AppData\Local\Temp\resolve_export_test_0wbol9kt\out3.fcpxml (クリップ 1 件 / 字幕 caption 0 件 / title・テーマ 0 件 / 1920x1080 60fps)
2026-09-25 11:18:02,934 [INFO] src.export.resolve_export: Resolve 出力完了: C:\Users\evolu\AppData\Local\Temp\resolve_export_test_0wbol9kt\out3.fcpxml (タイムライン尺 5.00s)
2026-09-25 11:18:02,973 [WARNING] src.export.resolve_export: ソース総尺の取得に失敗 (タイムライン全長で代用): C:\Users\evolu\AppData\Local\Temp\resolve_export_test_0h35a4u_\sample.mp4
2026-09-25 11:18:02,974 [INFO] src.export.resolve_export: Resolve 出力開始: C:\Users\evolu\AppData\Local\Temp\resolve_export_test_0h35a4u_\out.fcpxml (クリップ 1 件 / 字幕 caption 1 件 / title・テーマ 0 件 / 1920x1080 60fps)
2026-09-25 11:18:02,980 [INFO] src.export.resolve_export: SRT サイドカー出力: C:\Users\evolu\AppData\Local\Temp\resolve_export_test_0h35a4u_\out.srt (1 件)
2026-09-25 11:18:02,981 [INFO] src.export.resolve_export: Resolve 出力完了: C:\Users\evolu\AppData\Local\Temp\resolve_export_test_0h35a4u_\out.fcpxml / C:\Users\evolu\AppData\Local\Temp\resolve_export_test_0h35a4u_\out.srt (タイムライン尺 5.00s)
2026-09-25 11:18:02,998 [INFO] src.export.resolve_export: Resolve 出力を中止 (上書きしない): C:\Users\evolu\AppData\Local\Temp\resolve_export_test_0h35a4u_\out.fcpxml
2026-09-25 11:18:03,621 [INFO] src.modules.subtitle_generator: 縦動画のため字幕設定を縦用へ上書き (font/改行/配置/余白)
2026-09-25 11:18:03,631 [WARNING] src.services.stretheus_auth: API の日時を解釈できませんでした。
2026-09-25 11:18:03,671 [INFO] src.services.stretheus_auth: Stretheus のログインページを開きます (ポート64704)
2026-09-25 11:18:03,702 [INFO] src.services.stretheus_auth: Stretheus へログインしました。
2026-09-25 11:18:04,782 [INFO] src.services.stretheus_auth: Stretheus のログインページを開きます (ポート64712)
2026-09-25 11:18:04,791 [INFO] src.services.stretheus_auth: Stretheus へログインしました。
2026-09-25 11:18:05,861 [INFO] src.services.stretheus_auth: Stretheus のログインページを開きます (ポート64720)
2026-09-25 11:18:05,873 [INFO] src.services.stretheus_auth: Stretheus へログインしました。
2026-09-25 11:18:06,394 [INFO] src.services.stretheus_auth: Stretheus のログインページを開きます (ポート64725)
2026-09-25 11:18:06,405 [INFO] src.services.stretheus_auth: Stretheus へログインしました。
2026-09-25 11:18:06,976 [INFO] src.services.stretheus_auth: Stretheus のログインページを開きます (ポート64731)
2026-09-25 11:18:06,989 [INFO] src.services.stretheus_auth: Stretheus へログインしました。
2026-09-25 11:18:07,519 [INFO] src.services.stretheus_auth: Stretheus のログインページを開きます (ポート64737)
2026-09-25 11:18:07,531 [INFO] src.services.stretheus_auth: Stretheus へログインしました。
2026-09-25 11:18:08,040 [INFO] src.modules.subtitle_generator: テロップ個別指定 フォント 0 件 / サイズ 0 件 / 文字色 1 件 / 縁の色 0 件
2026-09-25 11:18:08,066 [INFO] src.modules.subtitle_generator: テロップ個別指定 フォント 0 件 / サイズ 0 件 / 文字色 1 件 / 縁の色 0 件
2026-09-25 11:18:08,144 [INFO] src.modules.subtitle_generator: テロップ個別指定 フォント 0 件 / サイズ 0 件 / 文字色 0 件 / 縁の色 1 件
2026-09-25 11:18:08,160 [INFO] src.modules.subtitle_generator: テロップ個別指定 フォント 0 件 / サイズ 0 件 / 文字色 0 件 / 縁の色 1 件
2026-09-25 11:18:08,179 [INFO] src.modules.subtitle_generator: テロップ個別指定 フォント 1 件 / サイズ 1 件 / 文字色 1 件 / 縁の色 1 件
2026-09-25 11:18:08,203 [INFO] src.timeline.commands: コメント用の字幕トラックを作成しました: S2
2026-09-25 11:18:08,204 [INFO] src.timeline.commands: 移動先 S2 が空いていないため役割だけ変更しました: s1
2026-09-25 11:18:08,204 [INFO] src.timeline.commands: コメント用の字幕トラックを作成しました: S2
2026-09-25 11:18:08,204 [INFO] src.timeline.commands: コメント用の字幕トラックを作成しました: S2
2026-09-25 11:18:08,205 [INFO] src.timeline.commands: コメント用の字幕トラックを作成しました: S2
2026-09-25 11:18:08,208 [INFO] src.timeline.project_io: プロジェクト保存: C:\Users\evolu\AppData\Local\Temp\tmpemns73li\sample.timeline.json
2026-09-25 11:18:08,229 [INFO] src.modules.subtitle_generator: VAD フィルタ有効 (min_silence=500ms, speech_pad=100ms, condition_on_previous_text=False)
2026-09-25 11:18:08,229 [WARNING] src.modules.subtitle_generator: VAD 付き認識に失敗したため VAD 無しで再試行します: VAD の初期化に失敗しました (テスト)
2026-09-25 11:18:08,231 [INFO] src.modules.subtitle_generator: VAD フィルタ有効 (min_silence=800ms, speech_pad=100ms, condition_on_previous_text=False)
2026-09-25 11:18:08,231 [INFO] src.modules.subtitle_generator: VAD フィルタ有効 (min_silence=500ms, speech_pad=100ms, condition_on_previous_text=False)
2026-09-25 11:18:08,360 [INFO] src.timeline.commands: 貼り付けの割り込み: V1 の 5.000s へ 10.00s を確保 / 移動 2 件・分割 1 件・切詰 0 件
2026-09-25 11:18:08,360 [INFO] src.timeline.commands: 貼り付けの割り込み: V2 の 5.000s へ 10.00s を確保 / 移動 2 件・分割 0 件・切詰 0 件
2026-09-25 11:18:08,361 [INFO] src.timeline.commands: 貼り付けの割り込み: S1 の 5.000s へ 10.00s を確保 / 移動 1 件・分割 0 件・切詰 0 件
2026-09-25 11:18:08,362 [INFO] src.timeline.commands: 貼り付けの割り込み: V1 の 5.000s へ 10.00s を確保 / 移動 2 件・分割 1 件・切詰 0 件
2026-09-25 11:18:08,362 [INFO] src.timeline.commands: 貼り付けの割り込み: V2 の 5.000s へ 10.00s を確保 / 移動 2 件・分割 0 件・切詰 0 件
2026-09-25 11:18:08,362 [INFO] src.timeline.commands: 貼り付けの割り込み: S1 の 5.000s へ 10.00s を確保 / 移動 1 件・分割 0 件・切詰 0 件
2026-09-25 11:18:08,363 [INFO] src.timeline.commands: 貼り付けの割り込み: V1 の 5.000s へ 10.00s を確保 / 移動 2 件・分割 1 件・切詰 0 件
2026-09-25 11:18:08,363 [INFO] src.timeline.commands: 貼り付けの割り込み: V2 の 5.000s へ 10.00s を確保 / 移動 2 件・分割 0 件・切詰 0 件
2026-09-25 11:18:08,363 [INFO] src.timeline.commands: 貼り付けの割り込み: S1 の 5.000s へ 10.00s を確保 / 移動 1 件・分割 0 件・切詰 0 件
2026-09-25 11:18:08,364 [INFO] src.timeline.commands: 貼り付けの割り込み: V1 の 5.000s へ 15.00s を確保 / 移動 3 件・分割 0 件・切詰 0 件
2026-09-25 11:18:08,364 [INFO] src.timeline.commands: 貼り付けの割り込み: V2 の 5.000s へ 15.00s を確保 / 移動 2 件・分割 0 件・切詰 0 件
2026-09-25 11:18:08,364 [INFO] src.timeline.commands: 貼り付けの割り込み: S1 の 5.000s へ 15.00s を確保 / 移動 1 件・分割 0 件・切詰 0 件
2026-09-25 11:18:08,365 [INFO] src.timeline.commands: 貼り付けの割り込み: V1 の 10.020s へ 10.02s を確保 / 移動 2 件・分割 0 件・切詰 0 件
2026-09-25 11:18:08,365 [INFO] src.timeline.commands: 貼り付けの割り込み: V2 の 10.020s へ 10.02s を確保 / 移動 1 件・分割 0 件・切詰 0 件
2026-09-25 11:18:08,366 [INFO] src.timeline.commands: 貼り付けの割り込み: S1 の 10.020s へ 10.02s を確保 / 移動 1 件・分割 0 件・切詰 0 件
2026-09-25 11:18:08,366 [INFO] src.timeline.commands: 貼り付けの割り込み: V1 の 19.980s へ 9.98s を確保 / 移動 1 件・分割 0 件・切詰 1 件
2026-09-25 11:18:08,366 [INFO] src.timeline.commands: 貼り付けの割り込み: V2 の 19.980s へ 9.98s を確保 / 移動 1 件・分割 0 件・切詰 0 件
2026-09-25 11:18:08,367 [INFO] src.timeline.commands: 貼り付けの割り込み: S1 の 19.980s へ 9.98s を確保 / 移動 0 件・分割 0 件・切詰 0 件
2026-09-25 11:18:08,369 [WARNING] src.timeline.commands: 素材が見つからないため貼り付けません: D:\develop\autoedit\tests\存在しない素材.mp4
2026-09-25 11:18:08,370 [INFO] src.timeline.commands: 貼り付けの割り込み: V1 の 5.000s へ 10.00s を確保 / 移動 2 件・分割 1 件・切詰 0 件
2026-09-25 11:18:08,370 [INFO] src.timeline.commands: 貼り付けの割り込み: V2 の 5.000s へ 10.00s を確保 / 移動 2 件・分割 0 件・切詰 0 件
2026-09-25 11:18:08,371 [INFO] src.timeline.commands: 貼り付けの割り込み: S1 の 5.000s へ 10.00s を確保 / 移動 1 件・分割 0 件・切詰 0 件
2026-09-25 11:18:08,371 [INFO] src.timeline.commands: 貼り付けの割り込み: V1 の 5.000s へ 10.00s を確保 / 移動 2 件・分割 1 件・切詰 0 件
2026-09-25 11:18:08,371 [INFO] src.timeline.commands: 貼り付けの割り込み: V2 の 5.000s へ 10.00s を確保 / 移動 2 件・分割 0 件・切詰 0 件
2026-09-25 11:18:08,371 [INFO] src.timeline.commands: 貼り付けの割り込み: S1 の 5.000s へ 10.00s を確保 / 移動 1 件・分割 0 件・切詰 0 件
2026-09-25 11:18:08,371 [INFO] src.timeline.commands: 貼り付けの割り込み: V1 の 5.000s へ 10.00s を確保 / 移動 2 件・分割 1 件・切詰 0 件
2026-09-25 11:18:08,371 [INFO] src.timeline.commands: 貼り付けの割り込み: V2 の 5.000s へ 10.00s を確保 / 移動 2 件・分割 0 件・切詰 0 件
2026-09-25 11:18:08,371 [INFO] src.timeline.commands: 貼り付けの割り込み: S1 の 5.000s へ 10.00s を確保 / 移動 1 件・分割 0 件・切詰 0 件
2026-09-25 11:18:08,372 [INFO] src.timeline.commands: 貼り付けの割り込み: V1 の 5.000s へ 10.00s を確保 / 移動 2 件・分割 1 件・切詰 0 件
2026-09-25 11:18:08,372 [INFO] src.timeline.commands: 貼り付けの割り込み: V2 の 5.000s へ 10.00s を確保 / 移動 2 件・分割 0 件・切詰 0 件
2026-09-25 11:18:08,372 [INFO] src.timeline.commands: 貼り付けの割り込み: S1 の 5.000s へ 10.00s を確保 / 移動 1 件・分割 0 件・切詰 0 件
2026-09-25 11:18:08,373 [INFO] src.timeline.commands: 貼り付けの割り込み: V1 の 5.000s へ 10.00s を確保 / 移動 2 件・分割 1 件・切詰 0 件
2026-09-25 11:18:08,373 [INFO] src.timeline.commands: 貼り付けの割り込み: V2 の 5.000s へ 10.00s を確保 / 移動 2 件・分割 0 件・切詰 0 件
2026-09-25 11:18:08,373 [INFO] src.timeline.commands: 貼り付けの割り込み: S1 の 5.000s へ 10.00s を確保 / 移動 1 件・分割 0 件・切詰 0 件
2026-09-25 11:18:08,374 [INFO] src.timeline.commands: 貼り付けの割り込み: V2 の 4.000s へ 2.00s を確保 / 移動 2 件・分割 0 件・切詰 0 件
2026-09-25 11:18:08,374 [INFO] src.timeline.commands: 貼り付けの割り込み: V2 の 4.000s へ 2.00s を確保 / 移動 2 件・分割 0 件・切詰 0 件
2026-09-25 11:18:08,375 [INFO] src.timeline.commands: 貼り付けの割り込み: V2 の 4.000s へ 2.00s を確保 / 移動 2 件・分割 0 件・切詰 0 件
2026-09-25 11:18:08,377 [INFO] src.timeline.clipboard: Timeline のノードをコピーしました: 1 件
2026-09-25 11:18:08,377 [INFO] src.timeline.clipboard: Timeline のノードをコピーしました: 1 件
2026-09-25 11:18:08,378 [INFO] src.timeline.commands: 貼り付けの割り込み: V1 の 4.000s へ 2.00s を確保 / 移動 2 件・分割 1 件・切詰 0 件
2026-09-25 11:18:08,378 [INFO] src.timeline.commands: 貼り付けの割り込み: V2 の 4.000s へ 2.00s を確保 / 移動 2 件・分割 0 件・切詰 0 件
2026-09-25 11:18:08,378 [INFO] src.timeline.commands: 貼り付けの割り込み: S1 の 4.000s へ 2.00s を確保 / 移動 1 件・分割 0 件・切詰 0 件
2026-09-25 11:18:08,378 [INFO] src.timeline.commands: 貼り付けの割り込み: V2 の 4.000s へ 2.00s を確保 / 移動 2 件・分割 0 件・切詰 0 件
2026-09-25 11:18:08,378 [INFO] src.timeline.commands: 貼り付けの割り込み: V1 の 5.000s へ 10.00s を確保 / 移動 2 件・分割 1 件・切詰 0 件
2026-09-25 11:18:08,380 [INFO] src.timeline.commands: 貼り付けの割り込み: V2 の 5.000s へ 10.00s を確保 / 移動 2 件・分割 0 件・切詰 0 件
2026-09-25 11:18:08,380 [INFO] src.timeline.commands: 貼り付けの割り込み: V1 の 5.000s へ 10.00s を確保 / 移動 2 件・分割 1 件・切詰 0 件
2026-09-25 11:18:08,381 [WARNING] src.timeline.builder: 貼り付けの設定が不正なため既定 base_syncs_all を使用します: 'なにか'
2026-09-25 11:18:08,381 [WARNING] src.timeline.builder: 貼り付けの設定が不正なため既定 split を使用します: 123
2026-09-25 11:18:08,383 [INFO] src.timeline.commands: 貼り付けの割り込み: V1 の 5.000s へ 10.00s を確保 / 移動 2 件・分割 1 件・切詰 0 件
2026-09-25 11:18:08,383 [INFO] src.timeline.commands: 貼り付けの割り込み: V2 の 5.000s へ 10.00s を確保 / 移動 2 件・分割 0 件・切詰 0 件
2026-09-25 11:18:08,383 [INFO] src.timeline.commands: 貼り付けの割り込み: S1 の 5.000s へ 10.00s を確保 / 移動 1 件・分割 0 件・切詰 0 件
2026-09-25 11:18:08,385 [WARNING] src.timeline.commands: 映像トラックの上限 (3) に達しているため追加できません
2026-09-25 11:18:08,385 [INFO] src.timeline.commands: 字幕を追加できる空きがありません (2.000 秒)
2026-09-25 11:18:08,385 [INFO] src.timeline.commands: 字幕を追加できる空きがありません (0.990 秒)
2026-09-25 11:18:08,385 [INFO] src.timeline.commands: リップル: 10.000〜20.000s (10.00s) を除去 / 削除 1 件・短縮 0 件・移動 1 件
2026-09-25 11:18:08,387 [INFO] src.timeline.commands: リップル: 10.000〜20.000s (10.00s) を除去 / 削除 1 件・短縮 0 件・移動 1 件
2026-09-25 11:18:08,387 [INFO] src.timeline.commands: リップル: 10.000〜20.000s (10.00s) を除去 / 削除 1 件・短縮 0 件・移動 1 件
2026-09-25 11:18:08,388 [INFO] src.timeline.commands: リップル: 0.000〜10.000s (10.00s) を除去 / 削除 2 件・短縮 0 件・移動 1 件
2026-09-25 11:18:08,388 [INFO] src.timeline.commands: リップル: 10.000〜20.000s (10.00s) を除去 / 削除 1 件・短縮 0 件・移動 1 件
2026-09-25 11:18:08,392 [INFO] src.timeline.commands: リップル: 10.000〜20.000s (10.00s) を除去 / 削除 2 件・短縮 1 件・移動 2 件
2026-09-25 11:18:08,393 [INFO] src.timeline.commands: リップル: 10.000〜20.000s (10.00s) を除去 / 削除 2 件・短縮 1 件・移動 2 件
2026-09-25 11:18:08,394 [INFO] src.timeline.commands: リップル: 10.000〜20.000s (10.00s) を除去 / 削除 2 件・短縮 1 件・移動 2 件
2026-09-25 11:18:08,394 [INFO] src.timeline.commands: リップル: 10.000〜20.000s (10.00s) を除去 / 削除 2 件・短縮 1 件・移動 2 件
2026-09-25 11:18:08,395 [INFO] src.timeline.commands: リップル: 10.000〜20.000s (10.00s) を除去 / 削除 2 件・短縮 1 件・移動 2 件
2026-09-25 11:18:08,395 [INFO] src.timeline.commands: リップル: 10.000〜20.000s (10.00s) を除去 / 削除 2 件・短縮 1 件・移動 2 件
2026-09-25 11:18:08,396 [INFO] src.timeline.commands: リップル: 10.000〜20.000s (10.00s) を除去 / 削除 2 件・短縮 0 件・移動 3 件
2026-09-25 11:18:08,397 [INFO] src.timeline.commands: リップル: 10.000〜20.000s (10.00s) を除去 / 削除 1 件・短縮 0 件・移動 1 件
2026-09-25 11:18:08,397 [INFO] src.timeline.commands: リップル: 10.000〜20.000s (10.00s) を除去 / 削除 2 件・短縮 1 件・移動 2 件
2026-09-25 11:18:08,398 [INFO] src.timeline.commands: 残り尺が下限を割るためクリップごとリップル削除しました: c2
2026-09-25 11:18:08,398 [INFO] src.timeline.commands: リップル: 10.000〜20.000s (10.00s) を除去 / 削除 1 件・短縮 0 件・移動 2 件
2026-09-25 11:18:08,398 [INFO] src.timeline.commands: リップル: 15.000〜20.000s (5.00s) を除去 / 削除 0 件・短縮 1 件・移動 2 件
2026-09-25 11:18:08,398 [INFO] src.timeline.commands: リップル: 10.000〜15.000s (5.00s) を除去 / 削除 0 件・短縮 1 件・移動 2 件
2026-09-25 11:18:08,399 [INFO] src.timeline.commands: リップル: 15.000〜20.000s (5.00s) を除去 / 削除 0 件・短縮 1 件・移動 2 件
2026-09-25 11:18:08,399 [INFO] src.timeline.commands: リップル: 15.000〜20.000s (5.00s) を除去 / 削除 0 件・短縮 1 件・移動 2 件
2026-09-25 11:18:08,399 [INFO] src.timeline.commands: リップル: 26.000〜27.000s (1.00s) を除去 / 削除 0 件・短縮 2 件・移動 0 件
2026-09-25 11:18:08,402 [INFO] src.timeline.commands: リップル: 10.000〜20.000s (10.00s) を除去 / 削除 1 件・短縮 0 件・移動 1 件
2026-09-25 11:18:08,403 [INFO] src.timeline.commands: リップル: 10.000〜20.000s (10.00s) を除去 / 削除 1 件・短縮 0 件・移動 1 件
2026-09-25 11:18:08,404 [INFO] src.timeline.commands: リップル: 10.000〜20.000s (10.00s) を除去 / 削除 1 件・短縮 0 件・移動 1 件
2026-09-25 11:18:08,412 [INFO] src.timeline.project_io: プロジェクト保存: C:\Users\evolu\AppData\Local\Temp\timeline_io_test_sean8d99\sample.timeline.json
2026-09-25 11:18:08,438 [INFO] src.timeline.project_io: プロジェクト読込: C:\Users\evolu\AppData\Local\Temp\timeline_io_test_sean8d99\sample.timeline.json
2026-09-25 11:18:08,445 [INFO] src.timeline.project_io: プロジェクト保存: C:\Users\evolu\AppData\Local\Temp\timeline_io_test_sean8d99\sample.timeline.json
2026-09-25 11:18:08,448 [INFO] src.timeline.project_io: プロジェクト読込: C:\Users\evolu\AppData\Local\Temp\timeline_io_test_sean8d99\sample.timeline.json
2026-09-25 11:18:08,454 [INFO] src.timeline.project_io: プロジェクト保存: C:\Users\evolu\AppData\Local\Temp\timeline_io_test__bmttc2g\sample.timeline.json
2026-09-25 11:18:08,474 [INFO] src.timeline.project_io: プロジェクト読込: C:\Users\evolu\AppData\Local\Temp\timeline_io_test__bmttc2g\sample.timeline.json
2026-09-25 11:18:08,485 [INFO] src.timeline.project_io: プロジェクト保存: C:\Users\evolu\AppData\Local\Temp\timeline_io_test_fzf3hhd9\sample.timeline.json
2026-09-25 11:18:08,512 [WARNING] src.timeline.project_io: メディアの実体が見つかりません (1 件)。該当クリップを無効化します: m1
2026-09-25 11:18:08,520 [INFO] src.timeline.project_io: プロジェクト保存: C:\Users\evolu\AppData\Local\Temp\timeline_io_test_i9g8wuzi\sample.timeline.json
2026-09-25 11:18:08,546 [INFO] src.timeline.project_io: プロジェクト保存: C:\Users\evolu\AppData\Local\Temp\timeline_io_test_v_4g19li\sample.timeline.json
2026-09-25 11:18:08,565 [WARNING] src.timeline.project_io: 編集点の区間が不正なため無視します: 20.000→15.000
2026-09-25 11:18:08,567 [WARNING] src.timeline.project_io: メディアの実体が見つかりません (1 件)。該当クリップを無効化します: m1
2026-09-25 11:18:08,570 [WARNING] src.timeline.project_io: 音声クリップ a1 のリンク先 no_such_clip が存在しないため除外します (該当区間は無音になります)
2026-09-25 11:18:08,574 [WARNING] src.timeline.project_io: トラック V1 でクリップ c2 が重複しているため 12.480 へ移動します
2026-09-25 11:18:08,619 [WARNING] src.timeline.project_io: クリップ c2 の尺 (0.001s) が下限 (0.050s) 未満のため除外します
2026-09-25 11:18:08,619 [WARNING] src.timeline.project_io: 音声クリップ a2 のリンク先 c2 が存在しないため除外します (該当区間は無音になります)
2026-09-25 11:18:08,782 [INFO] src.utils.trash: ゴミ箱へ移動しました (2 件)
2026-09-25 11:18:08,790 [WARNING] src.timeline.builder: 寸法の設定が不正なため既定 8000 を使用します: 0
2026-09-25 11:18:24,467 [INFO] src.modules.subtitle_generator: 縦動画のため字幕設定を縦用へ上書き (font/改行/配置/余白)
2026-09-25 11:18:31,582 [INFO] src.archive.timeline_builder: アーカイブ Timeline 構築: 2 クリップ / V1 2 本 / S1 0 件 / 全長 60.0s
2026-09-25 11:18:31,583 [INFO] src.archive.timeline_builder: アーカイブ Timeline 構築: 2 クリップ / V1 2 本 / S1 0 件 / 全長 60.0s
2026-09-25 11:18:31,584 [WARNING] src.archive.marker_source: VOD 外のマーカーを 2 件除外しました (尺 7200.0s)
2026-09-25 11:18:31,585 [INFO] src.archive.timeline_builder: アーカイブ Timeline 構築: 2 クリップ / V1 2 本 / S1 0 件 / 全長 200.0s
2026-09-25 11:18:31,585 [INFO] src.timeline.commands: 貼り付けの割り込み: V1 の 0.000s へ 50.00s を確保 / 移動 2 件・分割 0 件・切詰 0 件
2026-09-25 11:18:31,585 [INFO] src.timeline.commands: 貼り付けの割り込み: S1 の 0.000s へ 50.00s を確保 / 移動 0 件・分割 0 件・切詰 0 件
2026-09-25 11:18:31,585 [INFO] src.archive.timeline_builder: セクション追加: clip3 を 0.00s へ挿入 (VOD 100.0-150.0 / 尺 50.00s)
2026-09-25 11:18:31,586 [INFO] src.archive.timeline_builder: セクション統合: clip1 へ 1 件を畳み込み (VOD 100.0-200.0)
2026-09-25 11:18:31,586 [INFO] src.archive.timeline_builder: アーカイブ Timeline 構築: 2 クリップ / V1 2 本 / S1 0 件 / 全長 200.0s
2026-09-25 11:18:31,587 [INFO] src.archive.timeline_builder: アーカイブ Timeline 構築: 1 クリップ / V1 1 本 / S1 0 件 / 全長 100.0s
2026-09-25 11:18:31,587 [INFO] src.archive.timeline_builder: アーカイブ Timeline 構築: 1 クリップ / V1 1 本 / S1 0 件 / 全長 100.0s
2026-09-25 11:18:31,587 [INFO] src.archive.timeline_builder: アーカイブ Timeline 構築: 1 クリップ / V1 1 本 / S1 0 件 / 全長 100.0s
2026-09-25 11:18:31,588 [INFO] src.archive.timeline_builder: セクション追加: clip2 を 100.00s へ挿入 (VOD 200.0-300.0 / 尺 100.00s)
2026-09-25 11:18:31,588 [INFO] src.archive.timeline_builder: セクション統合: clip1 へ 1 件を畳み込み (VOD 100.0-300.0)
2026-09-25 11:18:31,588 [INFO] src.archive.timeline_builder: アーカイブ Timeline 構築: 1 クリップ / V1 1 本 / S1 0 件 / 全長 100.0s
2026-09-25 11:18:31,588 [INFO] src.archive.timeline_builder: セクション追加: clip2 を 100.00s へ挿入 (VOD 200.0-300.0 / 尺 100.00s)
2026-09-25 11:18:31,589 [INFO] src.archive.timeline_builder: セクション統合: clip1 へ 1 件を畳み込み (VOD 100.0-300.0)
2026-09-25 11:18:31,589 [INFO] src.archive.timeline_builder: アーカイブ Timeline 構築: 1 クリップ / V1 1 本 / S1 0 件 / 全長 100.0s
2026-09-25 11:18:31,589 [INFO] src.archive.timeline_builder: セクション追加: clip2 を 100.00s へ挿入 (VOD 200.0-300.0 / 尺 100.00s)
2026-09-25 11:18:31,589 [INFO] src.archive.timeline_builder: セクション統合: clip1 へ 1 件を畳み込み (VOD 100.0-300.0)
2026-09-25 11:18:31,591 [INFO] src.archive.timeline_builder: アーカイブ Timeline 構築: 1 クリップ / V1 1 本 / S1 0 件 / 全長 100.0s
2026-09-25 11:18:31,591 [INFO] src.archive.timeline_builder: セクション追加: clip2 を 100.00s へ挿入 (VOD 200.0-300.0 / 尺 100.00s)
2026-09-25 11:18:31,591 [INFO] src.archive.timeline_builder: セクション統合: clip1 へ 1 件を畳み込み (VOD 100.0-300.0)
2026-09-25 11:18:31,592 [INFO] src.archive.timeline_builder: clip1 の素材 m2 は区間を特定できませんでした (尺 12.0s / 候補の穴 0 件)。差し替えを尋ねます
2026-09-25 11:18:31,592 [INFO] src.archive.timeline_builder: アーカイブ Timeline 構築: 1 クリップ / V1 1 本 / S1 0 件 / 全長 100.0s
2026-09-25 11:18:31,592 [INFO] src.archive.timeline_builder: セクション追加: clip2 を 100.00s へ挿入 (VOD 200.0-300.0 / 尺 100.00s)
2026-09-25 11:18:31,592 [INFO] src.archive.timeline_builder: セクション統合: clip1 へ 1 件を畳み込み (VOD 100.0-300.0)
2026-09-25 11:18:31,593 [INFO] src.archive.timeline_builder: アーカイブ Timeline 構築: 1 クリップ / V1 1 本 / S1 0 件 / 全長 100.0s
2026-09-25 11:18:31,593 [INFO] src.archive.timeline_builder: セクション追加: clip2 を 100.00s へ挿入 (VOD 200.0-300.0 / 尺 100.00s)
2026-09-25 11:18:31,593 [INFO] src.archive.timeline_builder: セクション統合: clip1 へ 1 件を畳み込み (VOD 100.0-300.0)
2026-09-25 11:18:31,594 [INFO] src.archive.timeline_builder: clip1 の素材 m2 の区間を 200.0–300.0 として復元しました
2026-09-25 11:18:31,594 [INFO] src.archive.timeline_builder: アーカイブ Timeline 構築: 1 クリップ / V1 1 本 / S1 0 件 / 全長 100.0s
2026-09-25 11:18:31,595 [INFO] src.archive.timeline_builder: セクション追加: clip2 を 100.00s へ挿入 (VOD 200.0-300.0 / 尺 100.00s)
2026-09-25 11:18:31,595 [INFO] src.archive.timeline_builder: セクション統合: clip1 へ 1 件を畳み込み (VOD 100.0-300.0)
2026-09-25 11:18:31,595 [INFO] src.archive.timeline_builder: clip1 の素材 m2 の区間を 200.0–300.0 として復元しました
2026-09-25 11:18:31,595 [INFO] src.archive.timeline_builder: アーカイブ Timeline 構築: 1 クリップ / V1 1 本 / S1 0 件 / 全長 100.0s
2026-09-25 11:18:31,596 [INFO] src.archive.timeline_builder: セクション追加: clip2 を 100.00s へ挿入 (VOD 200.0-300.0 / 尺 100.00s)
2026-09-25 11:18:31,596 [INFO] src.archive.timeline_builder: セクション統合: clip1 へ 1 件を畳み込み (VOD 100.0-300.0)
2026-09-25 11:18:31,596 [INFO] src.archive.timeline_builder: clip1 の素材 m2 の区間を 200.0–303.0 として復元しました
2026-09-25 11:18:31,601 [INFO] src.archive.timeline_builder: アーカイブ Timeline 構築: 1 クリップ / V1 1 本 / S1 0 件 / 全長 100.0s
2026-09-25 11:18:31,604 [INFO] src.archive.timeline_builder: アーカイブ Timeline 構築: 1 クリップ / V1 1 本 / S1 0 件 / 全長 100.0s
2026-09-25 11:18:31,606 [INFO] src.archive.timeline_builder: アーカイブ Timeline 構築: 1 クリップ / V1 1 本 / S1 0 件 / 全長 100.0s
2026-09-25 11:18:31,607 [INFO] src.timeline.media_recovery: 使われていない素材のため復旧しません: orphan (C:\Users\evolu\AppData\Local\Temp\archive_media_test_w703o_s3\gone.mp4)
2026-09-25 11:18:31,609 [INFO] src.archive.timeline_builder: アーカイブ Timeline 構築: 1 クリップ / V1 1 本 / S1 0 件 / 全長 100.0s
2026-09-25 11:18:31,610 [INFO] src.timeline.project_io: 使われていない素材 1 件を保存対象から外しました
2026-09-25 11:18:31,612 [INFO] src.archive.timeline_builder: アーカイブ Timeline 構築: 1 クリップ / V1 1 本 / S1 0 件 / 全長 100.0s
2026-09-25 11:18:31,614 [INFO] src.archive.timeline_builder: アーカイブ Timeline 構築: 1 クリップ / V1 1 本 / S1 0 件 / 全長 100.0s
2026-09-25 11:18:31,615 [WARNING] src.timeline.media_recovery: 素材が見つかりません: m1 (C:\Users\evolu\AppData\Local\Temp\archive_media_test_ud5rtmo3\lost.mp4)
2026-09-25 11:18:31,615 [INFO] src.timeline.media_recovery: 使われていない素材のため復旧しません: orphan (C:\Users\evolu\AppData\Local\Temp\archive_media_test_ud5rtmo3\gone.mp4)
2026-09-25 11:18:31,619 [INFO] src.archive.clip_writer: clip1 prepare 完了 (字幕 2 件)
2026-09-25 11:18:31,626 [INFO] src.archive.clip_writer: clip1 prepare 完了 (字幕 2 件)
2026-09-25 11:18:31,631 [INFO] src.archive.clip_writer: 編集点準備: 残す区間 2 件 / 想定尺 10.00s (素材 30.00s)
2026-09-25 11:18:31,631 [INFO] src.archive.clip_writer: clip1 prepare 完了 (字幕 2 件 / 実カットなし)
2026-09-25 11:18:31,635 [INFO] src.archive.clip_writer: 編集点準備: 残す区間 2 件 / 想定尺 10.00s (素材 30.00s)
2026-09-25 11:18:31,635 [INFO] src.archive.clip_writer: clip1 prepare 完了 (字幕 2 件 / 実カットなし)
2026-09-25 11:18:31,639 [INFO] src.archive.clip_writer: 編集点準備: 残す区間 2 件 / 想定尺 10.00s (素材 30.00s)
2026-09-25 11:18:31,639 [INFO] src.archive.clip_writer: clip1 prepare 完了 (字幕 2 件 / 実カットなし)
2026-09-25 11:18:31,644 [INFO] src.archive.clip_writer: 編集点準備: 残す区間 2 件 / 想定尺 10.00s (素材 30.00s)
2026-09-25 11:18:31,644 [INFO] src.archive.clip_writer: clip1 prepare 完了 (字幕 2 件 / 実カットなし)
2026-09-25 11:18:31,648 [INFO] src.archive.clip_writer: 編集点準備: 残す区間 2 件 / 想定尺 10.00s (素材 30.00s)
2026-09-25 11:18:31,648 [INFO] src.archive.clip_writer: clip1 prepare 完了 (字幕 2 件 / 実カットなし)
2026-09-25 11:18:31,651 [INFO] src.archive.clip_writer: 編集点準備: 残す区間 2 件 / 想定尺 10.00s (素材 30.00s)
2026-09-25 11:18:31,651 [INFO] src.archive.clip_writer: clip1 prepare 完了 (字幕 2 件 / 実カットなし)
2026-09-25 11:18:31,656 [INFO] src.archive.clip_writer: 編集点準備: 残す区間 2 件 / 想定尺 10.00s (素材 30.00s)
2026-09-25 11:18:31,657 [INFO] src.archive.clip_writer: clip1 prepare 完了 (字幕 0 件 / 実カットなし)
2026-09-25 11:18:31,659 [INFO] src.archive.clip_writer: 編集点準備: 残す区間 2 件 / 想定尺 10.00s (素材 30.00s)
2026-09-25 11:18:31,670 [INFO] src.timeline.project_io: プロジェクト保存: C:\Users\evolu\AppData\Local\Temp\archive_resume_y7vqftzr\vod.archive.timeline.json
2026-09-25 11:18:31,699 [INFO] src.timeline.project_io: プロジェクト読込: C:\Users\evolu\AppData\Local\Temp\archive_resume_y7vqftzr\vod.archive.timeline.json
2026-09-25 11:18:31,720 [INFO] src.timeline.project_io: プロジェクト保存: C:\Users\evolu\AppData\Local\Temp\archive_resume_q_e1r80s\vod.archive.timeline.json
2026-09-25 11:18:31,725 [INFO] src.timeline.project_io: プロジェクト保存: C:\Users\evolu\AppData\Local\Temp\archive_resume_q_e1r80s\clip.timeline.json
2026-09-25 11:18:31,725 [INFO] src.archive.project_resume: ==================================================
2026-09-25 11:18:31,725 [INFO] src.archive.project_resume: 保存済みアーカイブプロジェクトから再開: C:\Users\evolu\AppData\Local\Temp\archive_resume_q_e1r80s\clip.timeline.json
2026-09-25 11:18:31,763 [INFO] src.timeline.project_io: プロジェクト読込: C:\Users\evolu\AppData\Local\Temp\archive_resume_q_e1r80s\clip.timeline.json
2026-09-25 11:18:31,774 [INFO] src.timeline.project_io: プロジェクト保存: C:\Users\evolu\AppData\Local\Temp\archive_resume_0ha0ktbj\vod.archive.timeline.json
2026-09-25 11:18:31,808 [INFO] src.timeline.project_io: プロジェクト読込: C:\Users\evolu\AppData\Local\Temp\archive_resume_0ha0ktbj\vod.archive.timeline.json
2026-09-25 11:18:31,814 [INFO] src.archive.project_resume: 音声サイドカーが無いため素材 m1 の正規化をやり直します
2026-09-25 11:18:31,817 [INFO] src.archive.project_resume: 音声サイドカーが無いため素材 m2 の正規化をやり直します
2026-09-25 11:18:31,834 [INFO] src.timeline.project_io: プロジェクト保存: C:\Users\evolu\AppData\Local\Temp\archive_resume_qm3k3e9w\vod.archive.timeline.json
2026-09-25 11:18:31,852 [INFO] src.timeline.project_io: プロジェクト読込: C:\Users\evolu\AppData\Local\Temp\archive_resume_qm3k3e9w\vod.archive.timeline.json
2026-09-25 11:18:31,857 [INFO] src.archive.project_resume: 音声サイドカーが無いため素材 m1 の正規化をやり直します
2026-09-25 11:18:31,861 [INFO] src.archive.project_resume: 音声サイドカーが無いため素材 m2 の正規化をやり直します
2026-09-25 11:18:31,872 [INFO] src.timeline.project_io: プロジェクト保存: C:\Users\evolu\AppData\Local\Temp\archive_resume_he9nks82\vod.archive.timeline.json
2026-09-25 11:18:31,876 [INFO] src.archive.project_resume: ==================================================
2026-09-25 11:18:31,876 [INFO] src.archive.project_resume: 保存済みアーカイブプロジェクトから再開: C:\Users\evolu\AppData\Local\Temp\archive_resume_he9nks82\no_such.timeline.json
2026-09-25 11:18:31,884 [INFO] src.timeline.project_io: プロジェクト保存: C:\Users\evolu\AppData\Local\Temp\archive_resume_zfz5h6c9\vod.archive.timeline.json
2026-09-25 11:18:31,914 [INFO] src.timeline.project_io: プロジェクト読込: C:\Users\evolu\AppData\Local\Temp\archive_resume_zfz5h6c9\vod.archive.timeline.json
2026-09-25 11:18:31,938 [INFO] src.timeline.project_io: プロジェクト保存: C:\Users\evolu\AppData\Local\Temp\archive_resume_6lsoqeq1\vod.archive.timeline.json
2026-09-25 11:18:31,967 [INFO] src.timeline.project_io: プロジェクト読込: C:\Users\evolu\AppData\Local\Temp\archive_resume_6lsoqeq1\vod.archive.timeline.json
2026-09-25 11:18:31,972 [INFO] src.archive.project_resume: 設定に従い切り出したままの音量で使います: 素材 m1
2026-09-25 11:18:31,974 [INFO] src.archive.project_resume: 設定に従い切り出したままの音量で使います: 素材 m2
2026-09-25 11:18:31,978 [WARNING] src.timeline.media_sidecar: 音声サイドカーの尺が保存値と合いません (100.00s / 期待 103.00s) → 使いません
2026-09-25 11:18:31,979 [INFO] src.archive.timeline_builder: アーカイブ Timeline 構築: 2 クリップ / V1 2 本 / S1 0 件 / 全長 200.0s
2026-09-25 11:18:31,980 [INFO] src.archive.timeline_builder: セクション追加: clip3 を 200.00s へ挿入 (VOD 900.0-950.0 / 尺 50.00s)
2026-09-25 11:18:31,981 [INFO] src.archive.timeline_builder: アーカイブ Timeline 構築: 2 クリップ / V1 2 本 / S1 0 件 / 全長 200.0s
2026-09-25 11:18:31,981 [INFO] src.timeline.commands: 貼り付けの割り込み: V1 の 0.000s へ 50.00s を確保 / 移動 2 件・分割 0 件・切詰 0 件
2026-09-25 11:18:31,981 [INFO] src.timeline.commands: 貼り付けの割り込み: S1 の 0.000s へ 50.00s を確保 / 移動 0 件・分割 0 件・切詰 0 件
2026-09-25 11:18:31,981 [INFO] src.archive.timeline_builder: セクション追加: clip3 を 0.00s へ挿入 (VOD 0.0-50.0 / 尺 50.00s)
2026-09-25 11:18:31,982 [INFO] src.archive.timeline_builder: アーカイブ Timeline 構築: 2 クリップ / V1 2 本 / S1 0 件 / 全長 200.0s
2026-09-25 11:18:31,982 [INFO] src.timeline.commands: 貼り付けの割り込み: V1 の 100.000s へ 50.00s を確保 / 移動 1 件・分割 0 件・切詰 0 件
2026-09-25 11:18:31,982 [INFO] src.timeline.commands: 貼り付けの割り込み: S1 の 100.000s へ 50.00s を確保 / 移動 0 件・分割 0 件・切詰 0 件
2026-09-25 11:18:31,982 [INFO] src.archive.timeline_builder: セクション追加: clip3 を 100.00s へ挿入 (VOD 250.0-300.0 / 尺 50.00s)
2026-09-25 11:18:31,983 [INFO] src.archive.timeline_builder: アーカイブ Timeline 構築: 3 クリップ / V1 3 本 / S1 0 件 / 全長 300.0s
2026-09-25 11:18:31,983 [INFO] src.timeline.commands: 貼り付けの割り込み: V1 の 100.000s へ 50.00s を確保 / 移動 2 件・分割 0 件・切詰 0 件
2026-09-25 11:18:31,983 [INFO] src.timeline.commands: 貼り付けの割り込み: S1 の 100.000s へ 50.00s を確保 / 移動 0 件・分割 0 件・切詰 0 件
2026-09-25 11:18:31,983 [INFO] src.archive.timeline_builder: セクション追加: clip4 を 100.00s へ挿入 (VOD 250.0-300.0 / 尺 50.00s)
2026-09-25 11:18:31,984 [INFO] src.timeline.commands: 貼り付けの割り込み: V1 の 0.000s へ 50.00s を確保 / 移動 4 件・分割 0 件・切詰 0 件
2026-09-25 11:18:31,984 [INFO] src.timeline.commands: 貼り付けの割り込み: S1 の 0.000s へ 50.00s を確保 / 移動 0 件・分割 0 件・切詰 0 件
2026-09-25 11:18:31,984 [INFO] src.archive.timeline_builder: セクション追加: clip5 を 0.00s へ挿入 (VOD 0.0-50.0 / 尺 50.00s)
2026-09-25 11:18:31,985 [INFO] src.archive.timeline_builder: セクション追加: clip6 を 400.00s へ挿入 (VOD 900.0-950.0 / 尺 50.00s)
2026-09-25 11:18:31,985 [INFO] src.archive.timeline_builder: アーカイブ Timeline 構築: 1 クリップ / V1 1 本 / S1 0 件 / 全長 100.0s
2026-09-25 11:18:31,985 [INFO] src.archive.timeline_builder: セクション追加: clip2 を 100.00s へ挿入 (VOD 300.0-400.0 / 尺 100.00s)
2026-09-25 11:18:31,986 [INFO] src.archive.timeline_builder: アーカイブ Timeline 構築: 3 クリップ / V1 3 本 / S1 0 件 / 全長 300.0s
2026-09-25 11:18:31,986 [INFO] src.timeline.commands: 貼り付けの割り込み: V1 の 100.000s へ 50.00s を確保 / 移動 2 件・分割 0 件・切詰 0 件
2026-09-25 11:18:31,986 [INFO] src.timeline.commands: 貼り付けの割り込み: S1 の 100.000s へ 50.00s を確保 / 移動 0 件・分割 0 件・切詰 0 件
2026-09-25 11:18:31,986 [INFO] src.archive.timeline_builder: セクション追加: clip4 を 100.00s へ挿入 (VOD 250.0-300.0 / 尺 50.00s)
2026-09-25 11:18:31,987 [INFO] src.archive.timeline_builder: アーカイブ Timeline 構築: 2 クリップ / V1 2 本 / S1 0 件 / 全長 200.0s
2026-09-25 11:18:31,987 [INFO] src.archive.timeline_builder: セクション追加: clip3 を 200.00s へ挿入 (VOD 900.0-950.0 / 尺 50.00s)
2026-09-25 11:18:31,988 [INFO] src.archive.timeline_builder: アーカイブ Timeline 構築: 2 クリップ / V1 2 本 / S1 0 件 / 全長 200.0s
2026-09-25 11:18:31,988 [INFO] src.archive.timeline_builder: アーカイブ Timeline 構築: 1 クリップ / V1 1 本 / S1 0 件 / 全長 100.0s
2026-09-25 11:18:31,988 [INFO] src.archive.timeline_builder: セクション追加: clip2 を 100.00s へ挿入 (VOD 450.0-600.0 / 尺 150.00s)
2026-09-25 11:18:31,988 [INFO] src.archive.timeline_builder: アーカイブ Timeline 構築: 2 クリップ / V1 2 本 / S1 0 件 / 全長 200.0s
2026-09-25 11:18:31,990 [INFO] src.archive.timeline_builder: セクション追加: clip3 を 200.00s へ挿入 (VOD 500.0-600.0 / 尺 100.00s)
2026-09-25 11:18:31,990 [INFO] src.archive.timeline_builder: セクション統合: clip2 へ 1 件を畳み込み (VOD 400.0-600.0)
2026-09-25 11:18:31,990 [INFO] src.archive.timeline_builder: アーカイブ Timeline 構築: 2 クリップ / V1 2 本 / S1 0 件 / 全長 200.0s
2026-09-25 11:18:31,991 [INFO] src.archive.timeline_builder: セクション追加: clip3 を 200.00s へ挿入 (VOD 500.0-600.0 / 尺 100.00s)
2026-09-25 11:18:31,991 [INFO] src.archive.timeline_builder: セクション統合: clip2 へ 1 件を畳み込み (VOD 400.0-600.0)
2026-09-25 11:18:31,991 [INFO] src.archive.timeline_builder: アーカイブ Timeline 構築: 3 クリップ / V1 3 本 / S1 0 件 / 全長 300.0s
2026-09-25 11:18:31,991 [INFO] src.timeline.commands: 貼り付けの割り込み: V1 の 200.000s へ 100.00s を確保 / 移動 1 件・分割 0 件・切詰 0 件
2026-09-25 11:18:31,992 [INFO] src.timeline.commands: 貼り付けの割り込み: S1 の 200.000s へ 100.00s を確保 / 移動 0 件・分割 0 件・切詰 0 件
2026-09-25 11:18:31,992 [INFO] src.archive.timeline_builder: セクション追加: clip4 を 200.00s へ挿入 (VOD 500.0-600.0 / 尺 100.00s)
2026-09-25 11:18:31,992 [INFO] src.archive.timeline_builder: セクション統合: clip2 へ 1 件を畳み込み (VOD 400.0-600.0)
2026-09-25 11:18:31,992 [INFO] src.archive.timeline_builder: アーカイブ Timeline 構築: 3 クリップ / V1 3 本 / S1 0 件 / 全長 300.0s
2026-09-25 11:18:31,993 [INFO] src.timeline.commands: 貼り付けの割り込み: V1 の 100.000s へ 200.00s を確保 / 移動 2 件・分割 0 件・切詰 0 件
2026-09-25 11:18:31,993 [INFO] src.timeline.commands: 貼り付けの割り込み: S1 の 100.000s へ 200.00s を確保 / 移動 0 件・分割 0 件・切詰 0 件
2026-09-25 11:18:31,993 [INFO] src.archive.timeline_builder: セクション追加: clip4 を 100.00s へ挿入 (VOD 200.0-400.0 / 尺 200.00s)
2026-09-25 11:18:31,993 [INFO] src.timeline.commands: 貼り付けの割り込み: V1 の 400.000s へ 200.00s を確保 / 移動 1 件・分割 0 件・切詰 0 件
2026-09-25 11:18:31,993 [INFO] src.timeline.commands: 貼り付けの割り込み: S1 の 400.000s へ 200.00s を確保 / 移動 0 件・分割 0 件・切詰 0 件
2026-09-25 11:18:31,993 [INFO] src.archive.timeline_builder: セクション追加: clip5 を 400.00s へ挿入 (VOD 500.0-700.0 / 尺 200.00s)
2026-09-25 11:18:31,993 [INFO] src.archive.timeline_builder: セクション統合: clip1 へ 4 件を畳み込み (VOD 100.0-800.0)
2026-09-25 11:18:31,994 [INFO] src.archive.timeline_builder: アーカイブ Timeline 構築: 1 クリップ / V1 1 本 / S1 0 件 / 全長 100.0s
2026-09-25 11:18:31,994 [INFO] src.archive.timeline_builder: セクション追加: clip2 を 100.00s へ挿入 (VOD 200.0-300.0 / 尺 100.00s)
2026-09-25 11:18:31,994 [INFO] src.archive.timeline_builder: セクション統合: clip1 へ 1 件を畳み込み (VOD 100.0-300.0)
2026-09-25 11:18:31,995 [INFO] src.archive.timeline_builder: アーカイブ Timeline 構築: 2 クリップ / V1 2 本 / S1 0 件 / 全長 200.0s
2026-09-25 11:18:31,995 [INFO] src.timeline.commands: 貼り付けの割り込み: V1 の 100.000s へ 50.00s を確保 / 移動 1 件・分割 0 件・切詰 0 件
2026-09-25 11:18:31,995 [INFO] src.timeline.commands: 貼り付けの割り込み: S1 の 100.000s へ 50.00s を確保 / 移動 0 件・分割 0 件・切詰 0 件
2026-09-25 11:18:31,995 [INFO] src.archive.timeline_builder: セクション追加: clip3 を 100.00s へ挿入 (VOD 250.0-300.0 / 尺 50.00s)
2026-09-25 11:18:31,996 [INFO] src.archive.timeline_builder: アーカイブ Timeline 構築: 2 クリップ / V1 2 本 / S1 0 件 / 全長 200.0s
2026-09-25 11:18:31,997 [INFO] src.archive.timeline_builder: セクション追加: clip3 を 200.00s へ挿入 (VOD 500.0-600.0 / 尺 100.00s)
2026-09-25 11:18:31,997 [INFO] src.archive.timeline_builder: セクション統合: clip2 へ 1 件を畳み込み (VOD 400.0-600.0)
2026-09-25 11:18:31,998 [INFO] src.archive.timeline_builder: アーカイブ Timeline 構築: 3 クリップ / V1 3 本 / S1 0 件 / 全長 300.0s
2026-09-25 11:18:31,999 [INFO] src.timeline.commands: 貼り付けの割り込み: V1 の 100.000s へ 50.00s を確保 / 移動 2 件・分割 0 件・切詰 0 件
2026-09-25 11:18:31,999 [INFO] src.timeline.commands: 貼り付けの割り込み: S1 の 100.000s へ 50.00s を確保 / 移動 0 件・分割 0 件・切詰 0 件
2026-09-25 11:18:31,999 [INFO] src.archive.timeline_builder: セクション追加: clip4 を 100.00s へ挿入 (VOD 250.0-300.0 / 尺 50.00s)
2026-09-25 11:18:32,000 [INFO] src.archive.timeline_builder: アーカイブ Timeline 構築: 2 クリップ / V1 2 本 / S1 0 件 / 全長 200.0s
2026-09-25 11:18:32,001 [INFO] src.archive.timeline_builder: アーカイブ Timeline 構築: 1 クリップ / V1 1 本 / S1 0 件 / 全長 100.0s
2026-09-25 11:18:32,001 [INFO] src.archive.timeline_builder: アーカイブ Timeline 構築: 1 クリップ / V1 1 本 / S1 0 件 / 全長 100.0s
2026-09-25 11:18:32,001 [INFO] src.archive.timeline_builder: アーカイブ Timeline 構築: 1 クリップ / V1 1 本 / S1 0 件 / 全長 100.0s
2026-09-25 11:18:32,001 [INFO] src.archive.timeline_builder: アーカイブ Timeline 構築: 1 クリップ / V1 1 本 / S1 0 件 / 全長 100.0s
2026-09-25 11:18:32,002 [INFO] src.archive.timeline_builder: アーカイブ Timeline 構築: 1 クリップ / V1 1 本 / S1 0 件 / 全長 300.0s
2026-09-25 11:18:32,002 [INFO] src.archive.timeline_builder: アーカイブ Timeline 構築: 1 クリップ / V1 1 本 / S1 0 件 / 全長 100.0s
2026-09-25 11:18:32,002 [INFO] src.archive.timeline_builder: アーカイブ Timeline 構築: 1 クリップ / V1 1 本 / S1 0 件 / 全長 100.0s
2026-09-25 11:18:32,003 [INFO] src.archive.timeline_builder: アーカイブ Timeline 構築: 1 クリップ / V1 1 本 / S1 0 件 / 全長 30.0s
2026-09-25 11:18:32,003 [INFO] src.archive.timeline_builder: アーカイブ Timeline 構築: 1 クリップ / V1 1 本 / S1 0 件 / 全長 30.0s
2026-09-25 11:18:32,004 [INFO] src.archive.timeline_builder: アーカイブ Timeline 構築: 1 クリップ / V1 1 本 / S1 0 件 / 全長 30.0s
2026-09-25 11:18:32,004 [INFO] src.archive.timeline_builder: アーカイブ Timeline 構築: 1 クリップ / V1 1 本 / S1 0 件 / 全長 30.0s
2026-09-25 11:18:32,004 [INFO] src.archive.timeline_builder: アーカイブ Timeline 構築: 1 クリップ / V1 1 本 / S1 0 件 / 全長 30.0s
2026-09-25 11:18:32,005 [INFO] src.archive.timeline_builder: アーカイブ Timeline 構築: 3 クリップ / V1 6 本 / S1 6 件 / 全長 30.0s
2026-09-25 11:18:32,005 [INFO] src.archive.timeline_builder: アーカイブ Timeline 構築: 3 クリップ / V1 6 本 / S1 6 件 / 全長 30.0s
2026-09-25 11:18:32,006 [INFO] src.archive.timeline_builder: アーカイブ Timeline 構築: 3 クリップ / V1 6 本 / S1 6 件 / 全長 30.0s
2026-09-25 11:18:32,006 [INFO] src.archive.timeline_builder: アーカイブ Timeline 構築: 3 クリップ / V1 6 本 / S1 6 件 / 全長 30.0s
2026-09-25 11:18:32,007 [INFO] src.archive.timeline_builder: アーカイブ Timeline 構築: 3 クリップ / V1 6 本 / S1 6 件 / 全長 30.0s
2026-09-25 11:18:32,008 [INFO] src.archive.timeline_builder: アーカイブ Timeline 構築: 3 クリップ / V1 6 本 / S1 6 件 / 全長 30.0s
2026-09-25 11:18:32,008 [INFO] src.archive.timeline_builder: アーカイブ Timeline 構築: 3 クリップ / V1 6 本 / S1 6 件 / 全長 30.0s
2026-09-25 11:18:32,008 [INFO] src.archive.timeline_builder: アーカイブ Timeline 構築: 3 クリップ / V1 6 本 / S1 6 件 / 全長 30.0s
2026-09-25 11:18:32,010 [INFO] src.archive.timeline_builder: アーカイブ Timeline 構築: 3 クリップ / V1 6 本 / S1 6 件 / 全長 30.0s
2026-09-25 11:18:32,010 [INFO] src.archive.timeline_builder: アーカイブ Timeline 構築: 1 クリップ / V1 1 本 / S1 2 件 / 全長 30.0s
2026-09-25 11:18:32,011 [INFO] src.archive.timeline_builder: clip1: クリップ終端で打ち切った字幕 1 件 / 載せなかった字幕 0 件
2026-09-25 11:18:32,011 [INFO] src.archive.timeline_builder: clip2: クリップ終端で打ち切った字幕 1 件 / 載せなかった字幕 0 件
2026-09-25 11:18:32,011 [INFO] src.archive.timeline_builder: clip3: クリップ終端で打ち切った字幕 1 件 / 載せなかった字幕 0 件
2026-09-25 11:18:32,011 [INFO] src.archive.timeline_builder: アーカイブ Timeline 構築: 3 クリップ / V1 6 本 / S1 3 件 / 全長 30.0s
2026-09-25 11:18:32,011 [INFO] src.archive.timeline_builder: clip1: クリップ終端で打ち切った字幕 1 件 / 載せなかった字幕 0 件
2026-09-25 11:18:32,012 [INFO] src.archive.timeline_builder: アーカイブ Timeline 構築: 2 クリップ / V1 4 本 / S1 3 件 / 全長 20.0s
2026-09-25 11:18:32,013 [INFO] src.archive.timeline_builder: clip1: クリップ終端で打ち切った字幕 1 件 / 載せなかった字幕 1 件
2026-09-25 11:18:32,013 [INFO] src.archive.timeline_builder: アーカイブ Timeline 構築: 2 クリップ / V1 4 本 / S1 2 件 / 全長 20.0s
2026-09-25 11:18:32,014 [INFO] src.archive.timeline_builder: clip1: クリップ終端で打ち切った字幕 1 件 / 載せなかった字幕 0 件
2026-09-25 11:18:32,014 [INFO] src.archive.timeline_builder: clip2: クリップ終端で打ち切った字幕 1 件 / 載せなかった字幕 0 件
2026-09-25 11:18:32,014 [INFO] src.archive.timeline_builder: アーカイブ Timeline 構築: 2 クリップ / V1 4 本 / S1 2 件 / 全長 20.0s
2026-09-25 11:18:32,015 [INFO] src.archive.timeline_builder: アーカイブ Timeline 構築: 3 クリップ / V1 6 本 / S1 6 件 / 全長 30.0s
2026-09-25 11:18:32,015 [INFO] src.archive.timeline_builder: アーカイブ Timeline 構築: 3 クリップ / V1 6 本 / S1 6 件 / 全長 30.0s
2026-09-25 11:18:32,016 [INFO] src.archive.timeline_builder: アーカイブ Timeline 構築: 3 クリップ / V1 6 本 / S1 6 件 / 全長 30.0s
2026-09-25 11:18:32,016 [INFO] src.archive.timeline_builder: アーカイブ Timeline 構築: 3 クリップ / V1 6 本 / S1 6 件 / 全長 30.0s
2026-09-25 11:18:32,016 [INFO] src.archive.timeline_builder: アーカイブ Timeline 構築: 3 クリップ / V1 6 本 / S1 6 件 / 全長 30.0s
2026-09-25 11:18:32,018 [INFO] src.archive.timeline_builder: アーカイブ Timeline 構築: 3 クリップ / V1 6 本 / S1 6 件 / 全長 30.0s
2026-09-25 11:18:32,020 [INFO] src.archive.timeline_builder: アーカイブ Timeline 構築: 3 クリップ / V1 6 本 / S1 6 件 / 全長 30.0s
2026-09-25 11:18:32,020 [INFO] src.archive.timeline_builder: clip2 は使用しないため書き出しから除外します
2026-09-25 11:18:32,021 [INFO] src.archive.timeline_builder: アーカイブ Timeline 構築: 3 クリップ / V1 6 本 / S1 6 件 / 全長 30.0s
2026-09-25 11:18:32,023 [INFO] src.archive.timeline_builder: アーカイブ Timeline 構築: 3 クリップ / V1 6 本 / S1 6 件 / 全長 30.0s
2026-09-25 11:18:32,024 [INFO] src.archive.timeline_builder: アーカイブ Timeline 構築: 3 クリップ / V1 6 本 / S1 6 件 / 全長 30.0s
2026-09-25 11:18:32,025 [INFO] src.archive.timeline_builder: アーカイブ Timeline 構築: 3 クリップ / V1 6 本 / S1 6 件 / 全長 30.0s
2026-09-25 11:18:32,027 [INFO] src.archive.timeline_builder: アーカイブ Timeline 構築: 3 クリップ / V1 6 本 / S1 6 件 / 全長 30.0s
2026-09-25 11:18:32,028 [INFO] src.archive.timeline_builder: アーカイブ Timeline 構築: 3 クリップ / V1 6 本 / S1 6 件 / 全長 30.0s
2026-09-25 11:18:32,108 [INFO] src.timeline.project_io: プロジェクトを改名しました: sample.timeline.json → renamed.timeline.json
2026-09-25 11:18:32,117 [INFO] src.blur.store: ぼかしの追従結果を保存しました: sample.blur.json
2026-09-25 11:18:32,137 [INFO] src.blur.store: ぼかしの追従結果の版が違うため作り直します: C:\Users\evolu\AppData\Local\Temp\blur_reuse_test_0z0wdank\sample.blur.json
2026-09-25 11:18:32,143 [INFO] src.blur.store: ぼかしの追従結果を保存しました: sample.blur.json
2026-09-25 11:18:32,160 [INFO] src.blur.store: 追従の設定が変わったため、ぼかしの追従結果を作り直します
2026-09-25 11:18:32,166 [INFO] src.blur.store: ぼかし: 素材が変わったため m9 の追従結果を捨てました
2026-09-25 11:18:32,173 [INFO] src.blur.decisions: ぼかし: 以前の書式の指定 4 件は新しい方式へ移せないため引き継ぎません (人物の自動検出を廃止したため)
2026-09-25 11:18:32,174 [INFO] src.blur.decisions: ぼかし: 以前の書式の指定 1 件は新しい方式へ移せないため引き継ぎません (人物の自動検出を廃止したため)
2026-09-25 11:18:32,685 [INFO] src.timeline.renderer: ベース映像構築: 1 クリップ / ギャップ 0 件 / 合計 5.0s
2026-09-25 11:18:32,691 [INFO] src.timeline.renderer: ベース映像の尺: モデル 5.000s / 実測 5.000s (差 +0.000s / 1 部品)
2026-09-25 11:18:32,692 [INFO] src.timeline.renderer: 字幕焼き込み: 1 件
2026-09-25 11:18:32,704 [INFO] src.timeline.renderer: ベース映像構築: 1 クリップ / ギャップ 0 件 / 合計 5.0s
2026-09-25 11:18:32,709 [INFO] src.timeline.renderer: ベース映像の尺: モデル 5.000s / 実測 5.000s (差 +0.000s / 1 部品)
2026-09-25 11:18:32,712 [INFO] src.timeline.renderer: 字幕焼き込み: 1 件
2026-09-25 11:18:32,724 [INFO] src.timeline.renderer: ベース映像構築: 1 クリップ / ギャップ 0 件 / 合計 5.0s
2026-09-25 11:18:32,731 [INFO] src.timeline.renderer: ベース映像の尺: モデル 5.000s / 実測 5.000s (差 +0.000s / 1 部品)
2026-09-25 11:18:32,731 [INFO] src.timeline.renderer: オーバーレイ・字幕が無いため合成をスキップします
2026-09-25 11:18:32,735 [INFO] src.modules.blur_overlay: ぼかしを焼き込みます: blur_applied.mp4
2026-09-25 11:18:32,738 [INFO] src.timeline.renderer: ベース映像構築: 1 クリップ / ギャップ 0 件 / 合計 5.0s
2026-09-25 11:18:32,744 [INFO] src.timeline.renderer: ベース映像の尺: モデル 5.000s / 実測 5.000s (差 +0.000s / 1 部品)
2026-09-25 11:18:32,744 [INFO] src.timeline.renderer: オーバーレイ・字幕が無いため合成をスキップします
2026-09-25 11:18:32,747 [INFO] src.modules.blur_overlay: ぼかしを焼き込みます: blur_applied.mp4
2026-09-25 11:18:32,751 [INFO] src.timeline.renderer: ベース映像構築: 1 クリップ / ギャップ 0 件 / 合計 5.0s
2026-09-25 11:18:32,755 [INFO] src.timeline.renderer: ベース映像の尺: モデル 5.000s / 実測 5.000s (差 +0.000s / 1 部品)
2026-09-25 11:18:32,756 [INFO] src.timeline.renderer: 字幕焼き込み: 1 件
2026-09-25 11:18:32,763 [INFO] src.timeline.renderer: ベース映像構築: 1 クリップ / ギャップ 0 件 / 合計 5.0s
2026-09-25 11:18:32,767 [INFO] src.timeline.renderer: ベース映像の尺: モデル 5.000s / 実測 5.000s (差 +0.000s / 1 部品)
2026-09-25 11:18:32,771 [WARNING] src.blur.frames: PyAV でのデコードに失敗したため FFmpeg へ切り替えます: [Errno 1094995529] Invalid data found when processing input: 'D:\\develop\\autoedit\\tests\\test_blur_renderer_integration.py'
2026-09-25 11:18:32,845 [WARNING] src.blur.tracker: ぼかしの追従: 基準のフレームを取得できません (1.00 秒)
2026-09-25 11:18:32,847 [WARNING] src.blur.frames: PyAV でのデコードに失敗したため FFmpeg へ切り替えます: [Errno 1094995529] Invalid data found when processing input: 'D:\\develop\\autoedit\\tests\\test_blur_renderer_integration.py'
2026-09-25 11:18:32,906 [WARNING] src.blur.tracker: ぼかしの追従: 基準のフレームを取得できません (1.00 秒)
2026-09-25 11:18:32,906 [INFO] src.blur.tracker: ぼかしの追従: 2 区切りを追いました
2026-09-25 11:18:32,907 [INFO] src.blur.store: ぼかしの追従結果を保存しました: timeline.blur.json
2026-09-25 11:18:32,908 [ERROR] src.blur.mask_builder: ぼかしマスクの生成に失敗しました: テスト: マスクを作れない状態
Traceback (most recent call last):
  File "D:\develop\autoedit\src\blur\mask_builder.py", line 64, in prepare
    return build(timeline, tracks, decisions, cfg, out_path,
           ^^^^^^^^^^^^^^^^^^^^^^^^^^^^^^^^^^^^^^^^^^^^^^^^^
  File "D:\develop\autoedit\tests\test_blur_renderer_integration.py", line 196, in broken
    raise RuntimeError("テスト: マスクを作れない状態")
RuntimeError: テスト: マスクを作れない状態
2026-09-25 11:18:32,910 [INFO] src.timeline.renderer: ベース映像構築: 1 クリップ / ギャップ 0 件 / 合計 5.0s
2026-09-25 11:18:32,916 [INFO] src.timeline.renderer: ベース映像の尺: モデル 5.000s / 実測 5.000s (差 +0.000s / 1 部品)
2026-09-25 11:18:32,918 [WARNING] src.blur.frames: PyAV でのデコードに失敗したため FFmpeg へ切り替えます: [Errno 1094995529] Invalid data found when processing input: 'D:\\develop\\autoedit\\tests\\test_blur_renderer_integration.py'
2026-09-25 11:18:32,976 [WARNING] src.blur.tracker: ぼかしの追従: 基準のフレームを取得できません (1.00 秒)
2026-09-25 11:18:32,978 [WARNING] src.blur.frames: PyAV でのデコードに失敗したため FFmpeg へ切り替えます: [Errno 1094995529] Invalid data found when processing input: 'D:\\develop\\autoedit\\tests\\test_blur_renderer_integration.py'
2026-09-25 11:18:33,042 [WARNING] src.blur.tracker: ぼかしの追従: 基準のフレームを取得できません (1.00 秒)
2026-09-25 11:18:33,042 [INFO] src.blur.tracker: ぼかしの追従: 2 区切りを追いました
2026-09-25 11:18:33,043 [INFO] src.blur.store: ぼかしの追従結果を保存しました: timeline.blur.json
2026-09-25 11:18:33,044 [ERROR] src.blur.mask_builder: ぼかしマスクの生成に失敗しました: テスト: マスクを作れない状態
Traceback (most recent call last):
  File "D:\develop\autoedit\src\blur\mask_builder.py", line 64, in prepare
    return build(timeline, tracks, decisions, cfg, out_path,
           ^^^^^^^^^^^^^^^^^^^^^^^^^^^^^^^^^^^^^^^^^^^^^^^^^
  File "D:\develop\autoedit\tests\test_blur_renderer_integration.py", line 196, in broken
    raise RuntimeError("テスト: マスクを作れない状態")
RuntimeError: テスト: マスクを作れない状態
2026-09-25 11:18:33,046 [INFO] src.timeline.renderer: ベース映像構築: 1 クリップ / ギャップ 0 件 / 合計 5.0s
2026-09-25 11:18:33,051 [INFO] src.timeline.renderer: ベース映像の尺: モデル 5.000s / 実測 5.000s (差 +0.000s / 1 部品)
2026-09-25 11:18:33,052 [WARNING] src.blur.frames: PyAV でのデコードに失敗したため FFmpeg へ切り替えます: [Errno 1094995529] Invalid data found when processing input: 'D:\\develop\\autoedit\\tests\\test_blur_renderer_integration.py'
2026-09-25 11:18:33,122 [WARNING] src.blur.tracker: ぼかしの追従: 基準のフレームを取得できません (1.00 秒)
2026-09-25 11:18:33,124 [WARNING] src.blur.frames: PyAV でのデコードに失敗したため FFmpeg へ切り替えます: [Errno 1094995529] Invalid data found when processing input: 'D:\\develop\\autoedit\\tests\\test_blur_renderer_integration.py'
2026-09-25 11:18:33,195 [WARNING] src.blur.tracker: ぼかしの追従: 基準のフレームを取得できません (1.00 秒)
2026-09-25 11:18:33,195 [INFO] src.blur.tracker: ぼかしの追従: 2 区切りを追いました
2026-09-25 11:18:33,197 [INFO] src.blur.store: ぼかしの追従結果を保存しました: timeline.blur.json
2026-09-25 11:18:33,198 [ERROR] src.blur.mask_builder: ぼかしマスクの生成に失敗しました: テスト: マスクを作れない状態
Traceback (most recent call last):
  File "D:\develop\autoedit\src\blur\mask_builder.py", line 64, in prepare
    return build(timeline, tracks, decisions, cfg, out_path,
           ^^^^^^^^^^^^^^^^^^^^^^^^^^^^^^^^^^^^^^^^^^^^^^^^^
  File "D:\develop\autoedit\tests\test_blur_renderer_integration.py", line 196, in broken
    raise RuntimeError("テスト: マスクを作れない状態")
RuntimeError: テスト: マスクを作れない状態
2026-09-25 11:18:33,198 [WARNING] src.timeline.renderer: 利用者の指示により、ぼかしを入れずに出力します
2026-09-25 11:18:33,199 [INFO] src.timeline.renderer: オーバーレイ・字幕が無いため合成をスキップします
2026-09-25 11:18:33,204 [INFO] src.timeline.renderer: 中間形式を最終形式へ変換: .mov → mp4 (音声のみ再エンコード)
2026-09-25 11:18:33,211 [INFO] src.timeline.renderer: ベース映像構築: 1 クリップ / ギャップ 0 件 / 合計 5.0s
2026-09-25 11:18:33,218 [INFO] src.timeline.renderer: ベース映像の尺: モデル 5.000s / 実測 5.000s (差 +0.000s / 1 部品)
2026-09-25 11:18:33,218 [INFO] src.blur.mask_builder: ぼかす指定が無いためマスクを作りません
2026-09-25 11:18:33,219 [INFO] src.timeline.renderer: オーバーレイ・字幕が無いため合成をスキップします
2026-09-25 11:18:33,225 [INFO] src.timeline.renderer: 中間形式を最終形式へ変換: .mov → mp4 (音声のみ再エンコード)
2026-09-25 11:18:34,402 [INFO] src.modules.subtitle_generator: 縦動画のため字幕設定を縦用へ上書き (font/改行/配置/余白)
2026-09-25 11:18:34,403 [WARNING] src.modules.comment_decor: コメント背景がキャンバスに収まらないため詰めました (推定幅 1181px / 使える幅 1080px)。font_size か max_line_length を下げると解消します
2026-09-25 11:18:34,405 [INFO] src.modules.comment_decor: コメントアイコン: 2 件 / 位置 2 種類
2026-09-25 11:18:34,406 [INFO] src.modules.comment_decor: コメントアイコン: 2 件 / 位置 1 種類
2026-09-25 11:18:34,406 [INFO] src.modules.comment_decor: コメントアイコン: 1 件 / 位置 1 種類
2026-09-25 11:18:34,407 [INFO] src.modules.subtitle_generator: 縦動画のため字幕設定を縦用へ上書き (font/改行/配置/余白)
2026-09-25 11:18:34,407 [WARNING] src.modules.comment_decor: コメントアイコンがキャンバスに収まらないため位置を詰めました (要求 x=-190.0 y=465.0 → x=0.0 y=465.0)。subtitle.comment_margin_l を大きくすると解消します
2026-09-25 11:18:34,409 [INFO] src.modules.subtitle_generator: コメント背景: 1 件
2026-09-25 11:18:34,422 [WARNING] src.modules.subtitle_generator: コメントの Layer が逆転しているため本文を 6 へ引き上げます (背景=5 / 本文=1)
2026-09-25 11:18:34,422 [INFO] src.modules.subtitle_generator: コメント背景: 1 件
2026-09-25 11:18:34,455 [WARNING] src.modules.subtitle_generator: コメントの配置は左寄せ (1/4/7) のみ対応のため 4 を使用します: 2
2026-09-25 11:18:34,463 [INFO] src.modules.subtitle_generator: 縦動画のため字幕設定を縦用へ上書き (font/改行/配置/余白)
2026-09-25 11:18:34,471 [WARNING] src.export.fcpxml_builder: タイムライン終端を超える字幕をクリップ末尾へクランプしました (丸め誤差の端数など)。
2026-09-25 11:18:34,488 [INFO] src.modules.loudness_normalizer: 入力ラウドネス: I=-9.2 LUFS / TP=-0.3 dBTP / LRA=5.1 LU → 目標 I=-14.0 LUFS / TP=-1.0 dBTP (offset 0.4 dB)
2026-09-25 11:18:34,506 [ERROR] src.modules.loudness_normalizer: ラウドネス正規化の適用に失敗 (元音声のまま継続): in.mp4
Traceback (most recent call last):
  File "D:\develop\autoedit\src\modules\loudness_normalizer.py", line 219, in normalize_file
    ffmpeg_runner.execute(
  File "C:\Users\evolu\AppData\Local\Programs\Python\Python312\Lib\unittest\mock.py", line 1139, in __call__
    return self._mock_call(*args, **kwargs)
           ^^^^^^^^^^^^^^^^^^^^^^^^^^^^^^^^
  File "C:\Users\evolu\AppData\Local\Programs\Python\Python312\Lib\unittest\mock.py", line 1143, in _mock_call
    return self._execute_mock_call(*args, **kwargs)
           ^^^^^^^^^^^^^^^^^^^^^^^^^^^^^^^^^^^^^^^^
  File "C:\Users\evolu\AppData\Local\Programs\Python\Python312\Lib\unittest\mock.py", line 1198, in _execute_mock_call
    raise effect
src.exceptions.FFmpegError: 失敗
2026-09-25 11:18:34,511 [INFO] src.modules.loudness_normalizer: ラウドネス正規化は無効のためスキップ
2026-09-25 11:18:34,513 [WARNING] src.modules.loudness_normalizer: ラウドネス測定に失敗したため正規化をスキップ (元音声のまま継続): in.mp4
2026-09-25 11:18:34,514 [INFO] src.modules.loudness_normalizer: 音声ストリームが無いためラウドネス正規化をスキップ: in.mp4
2026-09-25 11:18:34,529 [INFO] src.modules.loudness_normalizer: ラウドネス正規化 完了: out.mp4
2026-09-25 11:18:34,530 [INFO] src.modules.loudness_normalizer: 入力ラウドネス: I=-9.2 LUFS / TP=-0.3 dBTP / LRA=5.1 LU → 目標 I=-14.0 LUFS / TP=-1.0 dBTP (offset 0.4 dB)
2026-09-25 11:18:34,543 [INFO] src.modules.loudness_normalizer: ラウドネス正規化 完了: out.mp4
2026-09-25 11:18:34,548 [INFO] src.timeline.media_recovery: 本編素材を元動画から作り直します: C:\Users\evolu\AppData\Local\Temp\media_recovery_test_6ng34thk\sample.mp4
2026-09-25 11:18:34,552 [WARNING] src.timeline.media_recovery: 素材が見つかりません: m2 (C:\Users\evolu\AppData\Local\Temp\media_recovery_test_46096w91\gone.png)
2026-09-25 11:18:34,558 [INFO] src.timeline.media_recovery: 素材を差し替え済みのフォルダで見つけました: m3 → C:\Users\evolu\AppData\Local\Temp\media_recovery_test_ain_hnku\moved\logo2.png
2026-09-25 11:18:34,562 [INFO] src.timeline.media_recovery: 本編素材を元動画から作り直します: C:\Users\evolu\AppData\Local\Temp\media_recovery_test_ag5wwhaq\sample.mp4
2026-09-25 11:18:34,564 [WARNING] src.timeline.media_recovery: 元動画が見つからないため本編素材を復旧できません: C:\Users\evolu\AppData\Local\Temp\media_recovery_test_rh6arrr1\no_such_input.mp4
2026-09-25 11:18:34,565 [WARNING] src.timeline.media_recovery: 素材が見つかりません: m1 (C:\Users\evolu\AppData\Local\Temp\media_recovery_test_rh6arrr1\work\loudness_normalized.mp4)
2026-09-25 11:18:34,566 [INFO] src.timeline.media_recovery: 本編素材は元動画そのものだったため、そのまま使います: C:\Users\evolu\AppData\Local\Temp\media_recovery_test_8as8rkk4\sample.mp4
2026-09-25 11:18:34,568 [INFO] src.timeline.media_recovery: 素材を相対パスで見つけました: m2 → C:\Users\evolu\AppData\Local\Temp\media_recovery_test_v2by_ow_\assets\logo.png
2026-09-25 11:18:34,573 [INFO] src.timeline.media_recovery: 設定に従い元動画をそのまま使います (音量は正規化前): C:\Users\evolu\AppData\Local\Temp\media_recovery_test_g4nuo5zk\sample.mp4
2026-09-25 11:18:34,575 [INFO] src.services.points: ポイントを予約しました: clip/video 25pt (watermark=False)
2026-09-25 11:18:34,577 [WARNING] src.services.points: ポイント残高を取得できませんでした: 断
2026-09-25 11:18:34,578 [INFO] src.services.points: ポイントを予約しました: clip/video 25pt (watermark=False)
2026-09-25 11:18:34,578 [WARNING] src.services.points: ポイントのcommitを送信できませんでした (再送します): 接続できません
2026-09-25 11:18:34,604 [INFO] src.services.points: ポイントを予約しました: clip/video 25pt (watermark=False)
2026-09-25 11:18:34,608 [WARNING] src.services.points: ポイントのcommitを送信できませんでした (再送します): 断
2026-09-25 11:18:34,618 [INFO] src.services.points: 保留していたポイント処理を 2 件送信しました。
2026-09-25 11:18:34,622 [WARNING] src.services.points: ポイントを予約できませんでした: 再ログインが必要です。
2026-09-25 11:18:34,625 [INFO] src.services.points: ポイントを予約しました: clip/video 25pt (watermark=False)
2026-09-25 11:18:34,625 [WARNING] src.services.points: ポイントのcancelが拒否されました: 確定済み
2026-09-25 11:18:34,630 [INFO] src.services.points: 保留していたポイント処理を 1 件送信しました。
2026-09-25 11:18:34,632 [INFO] src.services.points: ポイントを予約しました: clip/video 25pt (watermark=False)
2026-09-25 11:18:34,650 [INFO] src.services.points: サブスク判定のキャッシュが古いため watermark を入れます。
2026-09-25 11:18:34,651 [WARNING] src.services.points: ポイントを予約できませんでした (オフライン): 接続できません
2026-09-25 11:18:34,673 [WARNING] src.services.points: ポイントを予約できませんでした (オフライン): 接続できません
2026-09-25 11:18:34,677 [WARNING] src.services.points: ポイントを予約できませんでした (オフライン): 接続できません
2026-09-25 11:18:34,679 [WARNING] src.services.points: ポイントを予約できませんでした: 想定外
2026-09-25 11:18:34,683 [INFO] src.services.points: ポイントを予約しました: clip/resolveProject 0pt (watermark=False)
2026-09-25 11:18:34,704 [INFO] src.services.points: ポイントを予約しました: clip/video 25pt (watermark=False)
2026-09-25 11:18:34,707 [INFO] src.services.points: ポイントを予約しました: archive/video 0pt (watermark=True)
2026-09-25 11:18:34,765 [WARNING] src.timeline.builder: フレーム間引きの設定が不正なため none を使用します: 'all'
2026-09-25 11:18:34,792 [INFO] src.timeline.project_io: プロジェクト保存: C:\Users\evolu\AppData\Local\Temp\library_summary_v65pjqyv\vod.archive.timeline.json
2026-09-25 11:18:34,820 [WARNING] src.timeline.project_io: プロジェクトの概要を読めませんでした: C:\Users\evolu\AppData\Local\Temp\library_summary_8yfyhxzf\broken.timeline.json
2026-09-25 11:18:34,828 [INFO] src.timeline.project_io: プロジェクト保存: C:\Users\evolu\AppData\Local\Temp\library_summary_pbv1tk7s\sample.timeline.json
2026-09-25 11:18:34,857 [INFO] src.timeline.project_io: プロジェクト保存: C:\Users\evolu\AppData\Local\Temp\library_summary_n052nhg5\sample.timeline.json
2026-09-25 11:18:34,886 [INFO] src.timeline.project_io: プロジェクト保存: C:\Users\evolu\AppData\Local\Temp\library_rename_z7vqmhq7\old.timeline.json
2026-09-25 11:18:34,897 [INFO] src.timeline.project_io: プロジェクト保存: C:\Users\evolu\AppData\Local\Temp\library_rename_009_8dj6\old.timeline.json
2026-09-25 11:18:34,908 [INFO] src.timeline.project_io: プロジェクト保存: C:\Users\evolu\AppData\Local\Temp\library_rename_a97plak7\old.timeline.json
2026-09-25 11:18:34,932 [INFO] src.timeline.project_io: プロジェクトを改名しました: old.timeline.json → new.timeline.json
2026-09-25 11:18:34,959 [INFO] src.timeline.project_io: プロジェクト保存: C:\Users\evolu\AppData\Local\Temp\library_rename_apesqc4l\old.timeline.json
2026-09-25 11:18:34,985 [INFO] src.timeline.project_io: プロジェクトを改名しました: old.timeline.json → new.timeline.json
2026-09-25 11:18:34,993 [INFO] src.timeline.project_io: プロジェクト保存: C:\Users\evolu\AppData\Local\Temp\library_rename_6ut8txjr\old.timeline.json
2026-09-25 11:18:35,014 [INFO] src.timeline.project_io: プロジェクトが 5 件見つかりました (新しい 2 件を表示します)
2026-09-25 11:18:35,047 [WARNING] src.export.resolve_export: ソース総尺の取得に失敗 (タイムライン全長で代用): C:\Users\evolu\AppData\Local\Temp\resolve_export_test_x4t2x041\sample.mp4
2026-09-25 11:18:35,065 [WARNING] src.export.resolve_export: ソース総尺の取得に失敗 (タイムライン全長で代用): C:\Users\evolu\AppData\Local\Temp\resolve_export_test_2ohrtln9\sample.mp4
2026-09-25 11:18:35,091 [WARNING] src.export.resolve_export: ソース総尺の取得に失敗 (タイムライン全長で代用): C:\Users\evolu\AppData\Local\Temp\resolve_export_test_p94krn__\sample.mp4
2026-09-25 11:18:35,120 [WARNING] src.export.resolve_export: ソース総尺の取得に失敗 (タイムライン全長で代用): C:\Users\evolu\AppData\Local\Temp\resolve_export_test_b7dob9ap\sample.mp4
2026-09-25 11:18:35,121 [WARNING] src.export.resolve_export: テーマ演出はテキストと区間のみを出力します (ブラー・黒帯などの映像エフェクトは FCPXML で表現できません)。
2026-09-25 11:18:35,121 [WARNING] src.export.resolve_export: 字幕位置は配置(alignment)＋余白からの近似です。Resolve 取り込み時に位置が中央へ戻る場合があります (フォント/サイズ/色は保持)。
2026-09-25 11:18:35,145 [WARNING] src.export.resolve_export: ソース総尺の取得に失敗 (タイムライン全長で代用): C:\Users\evolu\AppData\Local\Temp\resolve_export_test_0910zhhl\sample.mp4
2026-09-25 11:18:35,162 [WARNING] src.export.resolve_export: ソース総尺の取得に失敗 (タイムライン全長で代用): C:\Users\evolu\AppData\Local\Temp\resolve_export_test_tlf_wtu8\sample.mp4
2026-09-25 11:18:35,185 [WARNING] src.export.resolve_export: ソース総尺の取得に失敗 (タイムライン全長で代用): C:\Users\evolu\AppData\Local\Temp\resolve_export_test_sh0gagka\sample.mp4
2026-09-25 11:18:35,210 [WARNING] src.export.resolve_export: ソース総尺の取得に失敗 (タイムライン全長で代用): C:\Users\evolu\AppData\Local\Temp\resolve_export_test_sh0gagka\sample.mp4
2026-09-25 11:18:35,226 [WARNING] src.export.resolve_export: ソース総尺の取得に失敗 (タイムライン全長で代用): C:\Users\evolu\AppData\Local\Temp\resolve_export_test_xshob2rh\sample.mp4
2026-09-25 11:18:35,226 [WARNING] src.export.resolve_export: 未対応の字幕出力方式 export.resolve.subtitle.mode=bogus のため caption で出力します
2026-09-25 11:18:35,247 [WARNING] src.export.resolve_export: ソース総尺の取得に失敗 (タイムライン全長で代用): C:\Users\evolu\AppData\Local\Temp\resolve_export_test_o0xi5nri\sample.mp4
2026-09-25 11:18:35,276 [WARNING] src.export.resolve_export: ソース総尺の取得に失敗 (タイムライン全長で代用): C:\Users\evolu\AppData\Local\Temp\resolve_export_test_iwj901z3\sample.mp4
2026-09-25 11:18:35,295 [WARNING] src.export.resolve_export: ソース総尺の取得に失敗 (タイムライン全長で代用): C:\Users\evolu\AppData\Local\Temp\resolve_export_test_l_2zaifu\sample.mp4
2026-09-25 11:18:35,323 [WARNING] src.export.resolve_export: ソース総尺の取得に失敗 (タイムライン全長で代用): C:\Users\evolu\AppData\Local\Temp\resolve_export_test_8oewcgwq\sample.mp4
2026-09-25 11:18:35,350 [WARNING] src.export.resolve_export: ソース総尺の取得に失敗 (タイムライン全長で代用): C:\Users\evolu\AppData\Local\Temp\resolve_export_test_n91v2f6s\sample.mp4
2026-09-25 11:18:35,385 [WARNING] src.export.resolve_export: ソース総尺の取得に失敗 (タイムライン全長で代用): C:\Users\evolu\AppData\Local\Temp\resolve_export_test_7ftjvkmv\sample.mp4
2026-09-25 11:18:35,416 [WARNING] src.export.resolve_export: ソース総尺の取得に失敗 (タイムライン全長で代用): C:\Users\evolu\AppData\Local\Temp\resolve_export_test_v9e78m86\sample.mp4
2026-09-25 11:18:35,455 [WARNING] src.export.resolve_export: ソース総尺の取得に失敗 (タイムライン全長で代用): C:\Users\evolu\AppData\Local\Temp\resolve_export_test_fiinorc4\sample.mp4
2026-09-25 11:18:35,497 [WARNING] src.export.resolve_export: ソース総尺の取得に失敗 (タイムライン全長で代用): C:\Users\evolu\AppData\Local\Temp\resolve_export_test_8pa4wrgy\sample.mp4
2026-09-25 11:18:35,498 [INFO] src.export.resolve_export: 編集点が無いため全長 1 クリップとして出力します
2026-09-25 11:18:35,542 [WARNING] src.export.resolve_export: ソース総尺の取得に失敗 (タイムライン全長で代用): C:\Users\evolu\AppData\Local\Temp\resolve_export_test_4ciqilm1\sample.mp4
2026-09-25 11:18:35,543 [INFO] src.export.resolve_export: Resolve 出力開始: C:\Users\evolu\AppData\Local\Temp\resolve_export_test_4ciqilm1\out2.fcpxml (クリップ 1 件 / 字幕 caption 1 件 / title・テーマ 0 件 / 1920x1080 60fps)
2026-09-25 11:18:35,547 [INFO] src.export.resolve_export: 字幕トラックのスタイルは Resolve の字幕トラックヘッダー選択 → インスペクタ → Track Style で一括設定できます (Resolve 19 以降は Text+ スタイルも指定可)。
2026-09-25 11:18:35,547 [INFO] src.export.resolve_export: Resolve 出力完了: C:\Users\evolu\AppData\Local\Temp\resolve_export_test_4ciqilm1\out2.fcpxml (タイムライン尺 5.00s)
2026-09-25 11:18:35,588 [WARNING] src.export.resolve_export: ソース総尺の取得に失敗 (タイムライン全長で代用): C:\Users\evolu\AppData\Local\Temp\resolve_export_test_71ycv51b\sample.mp4
2026-09-25 11:18:35,588 [INFO] src.export.resolve_export: Resolve 出力開始: C:\Users\evolu\AppData\Local\Temp\resolve_export_test_71ycv51b\out3.fcpxml (クリップ 1 件 / 字幕 caption 0 件 / title・テーマ 0 件 / 1920x1080 60fps)
2026-09-25 11:18:35,592 [INFO] src.export.resolve_export: Resolve 出力完了: C:\Users\evolu\AppData\Local\Temp\resolve_export_test_71ycv51b\out3.fcpxml (タイムライン尺 5.00s)
2026-09-25 11:18:35,628 [WARNING] src.export.resolve_export: ソース総尺の取得に失敗 (タイムライン全長で代用): C:\Users\evolu\AppData\Local\Temp\resolve_export_test_b2b2s957\sample.mp4
2026-09-25 11:18:35,630 [INFO] src.export.resolve_export: Resolve 出力開始: C:\Users\evolu\AppData\Local\Temp\resolve_export_test_b2b2s957\out.fcpxml (クリップ 1 件 / 字幕 caption 1 件 / title・テーマ 0 件 / 1920x1080 60fps)
2026-09-25 11:18:35,639 [INFO] src.export.resolve_export: SRT サイドカー出力: C:\Users\evolu\AppData\Local\Temp\resolve_export_test_b2b2s957\out.srt (1 件)
2026-09-25 11:18:35,639 [INFO] src.export.resolve_export: Resolve 出力完了: C:\Users\evolu\AppData\Local\Temp\resolve_export_test_b2b2s957\out.fcpxml / C:\Users\evolu\AppData\Local\Temp\resolve_export_test_b2b2s957\out.srt (タイムライン尺 5.00s)
2026-09-25 11:18:35,643 [INFO] src.export.resolve_export: Resolve 出力を中止 (上書きしない): C:\Users\evolu\AppData\Local\Temp\resolve_export_test_b2b2s957\out.fcpxml
2026-09-25 11:18:35,967 [INFO] src.modules.subtitle_generator: 縦動画のため字幕設定を縦用へ上書き (font/改行/配置/余白)
2026-09-25 11:18:35,983 [WARNING] src.services.stretheus_auth: API の日時を解釈できませんでした。
2026-09-25 11:18:35,997 [INFO] src.services.stretheus_auth: Stretheus のログインページを開きます (ポート64745)
2026-09-25 11:18:36,027 [INFO] src.services.stretheus_auth: Stretheus へログインしました。
2026-09-25 11:18:37,115 [INFO] src.services.stretheus_auth: Stretheus のログインページを開きます (ポート64753)
2026-09-25 11:18:37,125 [INFO] src.services.stretheus_auth: Stretheus へログインしました。
2026-09-25 11:18:38,153 [INFO] src.services.stretheus_auth: Stretheus のログインページを開きます (ポート64761)
2026-09-25 11:18:38,164 [INFO] src.services.stretheus_auth: Stretheus へログインしました。
2026-09-25 11:18:38,707 [INFO] src.services.stretheus_auth: Stretheus のログインページを開きます (ポート64766)
2026-09-25 11:18:38,718 [INFO] src.services.stretheus_auth: Stretheus へログインしました。
2026-09-25 11:18:39,249 [INFO] src.services.stretheus_auth: Stretheus のログインページを開きます (ポート64772)
2026-09-25 11:18:39,261 [INFO] src.services.stretheus_auth: Stretheus へログインしました。
2026-09-25 11:18:39,807 [INFO] src.services.stretheus_auth: Stretheus のログインページを開きます (ポート64778)
2026-09-25 11:18:39,818 [INFO] src.services.stretheus_auth: Stretheus へログインしました。
2026-09-25 11:18:40,321 [INFO] src.modules.subtitle_generator: テロップ個別指定 フォント 0 件 / サイズ 0 件 / 文字色 1 件 / 縁の色 0 件
2026-09-25 11:18:40,329 [INFO] src.modules.subtitle_generator: テロップ個別指定 フォント 0 件 / サイズ 0 件 / 文字色 1 件 / 縁の色 0 件
2026-09-25 11:18:40,388 [INFO] src.modules.subtitle_generator: テロップ個別指定 フォント 0 件 / サイズ 0 件 / 文字色 0 件 / 縁の色 1 件
2026-09-25 11:18:40,394 [INFO] src.modules.subtitle_generator: テロップ個別指定 フォント 0 件 / サイズ 0 件 / 文字色 0 件 / 縁の色 1 件
2026-09-25 11:18:40,402 [INFO] src.modules.subtitle_generator: テロップ個別指定 フォント 1 件 / サイズ 1 件 / 文字色 1 件 / 縁の色 1 件
2026-09-25 11:18:40,409 [INFO] src.timeline.commands: コメント用の字幕トラックを作成しました: S2
2026-09-25 11:18:40,409 [INFO] src.timeline.commands: 移動先 S2 が空いていないため役割だけ変更しました: s1
2026-09-25 11:18:40,411 [INFO] src.timeline.commands: コメント用の字幕トラックを作成しました: S2
2026-09-25 11:18:40,411 [INFO] src.timeline.commands: コメント用の字幕トラックを作成しました: S2
2026-09-25 11:18:40,412 [INFO] src.timeline.commands: コメント用の字幕トラックを作成しました: S2
2026-09-25 11:18:40,418 [INFO] src.timeline.project_io: プロジェクト保存: C:\Users\evolu\AppData\Local\Temp\tmph6jlfd07\sample.timeline.json
2026-09-25 11:18:40,444 [INFO] src.modules.subtitle_generator: VAD フィルタ有効 (min_silence=500ms, speech_pad=100ms, condition_on_previous_text=False)
2026-09-25 11:18:40,444 [WARNING] src.modules.subtitle_generator: VAD 付き認識に失敗したため VAD 無しで再試行します: VAD の初期化に失敗しました (テスト)
2026-09-25 11:18:40,445 [INFO] src.modules.subtitle_generator: VAD フィルタ有効 (min_silence=800ms, speech_pad=100ms, condition_on_previous_text=False)
2026-09-25 11:18:40,445 [INFO] src.modules.subtitle_generator: VAD フィルタ有効 (min_silence=500ms, speech_pad=100ms, condition_on_previous_text=False)
2026-09-25 11:18:40,596 [INFO] src.timeline.commands: 貼り付けの割り込み: V1 の 5.000s へ 10.00s を確保 / 移動 2 件・分割 1 件・切詰 0 件
2026-09-25 11:18:40,596 [INFO] src.timeline.commands: 貼り付けの割り込み: V2 の 5.000s へ 10.00s を確保 / 移動 2 件・分割 0 件・切詰 0 件
2026-09-25 11:18:40,596 [INFO] src.timeline.commands: 貼り付けの割り込み: S1 の 5.000s へ 10.00s を確保 / 移動 1 件・分割 0 件・切詰 0 件
2026-09-25 11:18:40,597 [INFO] src.timeline.commands: 貼り付けの割り込み: V1 の 5.000s へ 10.00s を確保 / 移動 2 件・分割 1 件・切詰 0 件
2026-09-25 11:18:40,597 [INFO] src.timeline.commands: 貼り付けの割り込み: V2 の 5.000s へ 10.00s を確保 / 移動 2 件・分割 0 件・切詰 0 件
2026-09-25 11:18:40,597 [INFO] src.timeline.commands: 貼り付けの割り込み: S1 の 5.000s へ 10.00s を確保 / 移動 1 件・分割 0 件・切詰 0 件
2026-09-25 11:18:40,597 [INFO] src.timeline.commands: 貼り付けの割り込み: V1 の 5.000s へ 10.00s を確保 / 移動 2 件・分割 1 件・切詰 0 件
2026-09-25 11:18:40,597 [INFO] src.timeline.commands: 貼り付けの割り込み: V2 の 5.000s へ 10.00s を確保 / 移動 2 件・分割 0 件・切詰 0 件
2026-09-25 11:18:40,598 [INFO] src.timeline.commands: 貼り付けの割り込み: S1 の 5.000s へ 10.00s を確保 / 移動 1 件・分割 0 件・切詰 0 件
2026-09-25 11:18:40,598 [INFO] src.timeline.commands: 貼り付けの割り込み: V1 の 5.000s へ 15.00s を確保 / 移動 3 件・分割 0 件・切詰 0 件
2026-09-25 11:18:40,598 [INFO] src.timeline.commands: 貼り付けの割り込み: V2 の 5.000s へ 15.00s を確保 / 移動 2 件・分割 0 件・切詰 0 件
2026-09-25 11:18:40,598 [INFO] src.timeline.commands: 貼り付けの割り込み: S1 の 5.000s へ 15.00s を確保 / 移動 1 件・分割 0 件・切詰 0 件
2026-09-25 11:18:40,598 [INFO] src.timeline.commands: 貼り付けの割り込み: V1 の 10.020s へ 10.02s を確保 / 移動 2 件・分割 0 件・切詰 0 件
2026-09-25 11:18:40,600 [INFO] src.timeline.commands: 貼り付けの割り込み: V2 の 10.020s へ 10.02s を確保 / 移動 1 件・分割 0 件・切詰 0 件
2026-09-25 11:18:40,600 [INFO] src.timeline.commands: 貼り付けの割り込み: S1 の 10.020s へ 10.02s を確保 / 移動 1 件・分割 0 件・切詰 0 件
2026-09-25 11:18:40,601 [INFO] src.timeline.commands: 貼り付けの割り込み: V1 の 19.980s へ 9.98s を確保 / 移動 1 件・分割 0 件・切詰 1 件
2026-09-25 11:18:40,601 [INFO] src.timeline.commands: 貼り付けの割り込み: V2 の 19.980s へ 9.98s を確保 / 移動 1 件・分割 0 件・切詰 0 件
2026-09-25 11:18:40,601 [INFO] src.timeline.commands: 貼り付けの割り込み: S1 の 19.980s へ 9.98s を確保 / 移動 0 件・分割 0 件・切詰 0 件
2026-09-25 11:18:40,602 [WARNING] src.timeline.commands: 素材が見つからないため貼り付けません: D:\develop\autoedit\tests\存在しない素材.mp4
2026-09-25 11:18:40,603 [INFO] src.timeline.commands: 貼り付けの割り込み: V1 の 5.000s へ 10.00s を確保 / 移動 2 件・分割 1 件・切詰 0 件
2026-09-25 11:18:40,603 [INFO] src.timeline.commands: 貼り付けの割り込み: V2 の 5.000s へ 10.00s を確保 / 移動 2 件・分割 0 件・切詰 0 件
2026-09-25 11:18:40,603 [INFO] src.timeline.commands: 貼り付けの割り込み: S1 の 5.000s へ 10.00s を確保 / 移動 1 件・分割 0 件・切詰 0 件
2026-09-25 11:18:40,604 [INFO] src.timeline.commands: 貼り付けの割り込み: V1 の 5.000s へ 10.00s を確保 / 移動 2 件・分割 1 件・切詰 0 件
2026-09-25 11:18:40,605 [INFO] src.timeline.commands: 貼り付けの割り込み: V2 の 5.000s へ 10.00s を確保 / 移動 2 件・分割 0 件・切詰 0 件
2026-09-25 11:18:40,605 [INFO] src.timeline.commands: 貼り付けの割り込み: S1 の 5.000s へ 10.00s を確保 / 移動 1 件・分割 0 件・切詰 0 件
2026-09-25 11:18:40,605 [INFO] src.timeline.commands: 貼り付けの割り込み: V1 の 5.000s へ 10.00s を確保 / 移動 2 件・分割 1 件・切詰 0 件
2026-09-25 11:18:40,605 [INFO] src.timeline.commands: 貼り付けの割り込み: V2 の 5.000s へ 10.00s を確保 / 移動 2 件・分割 0 件・切詰 0 件
2026-09-25 11:18:40,605 [INFO] src.timeline.commands: 貼り付けの割り込み: S1 の 5.000s へ 10.00s を確保 / 移動 1 件・分割 0 件・切詰 0 件
2026-09-25 11:18:40,606 [INFO] src.timeline.commands: 貼り付けの割り込み: V1 の 5.000s へ 10.00s を確保 / 移動 2 件・分割 1 件・切詰 0 件
2026-09-25 11:18:40,606 [INFO] src.timeline.commands: 貼り付けの割り込み: V2 の 5.000s へ 10.00s を確保 / 移動 2 件・分割 0 件・切詰 0 件
2026-09-25 11:18:40,606 [INFO] src.timeline.commands: 貼り付けの割り込み: S1 の 5.000s へ 10.00s を確保 / 移動 1 件・分割 0 件・切詰 0 件
2026-09-25 11:18:40,606 [INFO] src.timeline.commands: 貼り付けの割り込み: V1 の 5.000s へ 10.00s を確保 / 移動 2 件・分割 1 件・切詰 0 件
2026-09-25 11:18:40,607 [INFO] src.timeline.commands: 貼り付けの割り込み: V2 の 5.000s へ 10.00s を確保 / 移動 2 件・分割 0 件・切詰 0 件
2026-09-25 11:18:40,607 [INFO] src.timeline.commands: 貼り付けの割り込み: S1 の 5.000s へ 10.00s を確保 / 移動 1 件・分割 0 件・切詰 0 件
2026-09-25 11:18:40,607 [INFO] src.timeline.commands: 貼り付けの割り込み: V2 の 4.000s へ 2.00s を確保 / 移動 2 件・分割 0 件・切詰 0 件
2026-09-25 11:18:40,608 [INFO] src.timeline.commands: 貼り付けの割り込み: V2 の 4.000s へ 2.00s を確保 / 移動 2 件・分割 0 件・切詰 0 件
2026-09-25 11:18:40,608 [INFO] src.timeline.commands: 貼り付けの割り込み: V2 の 4.000s へ 2.00s を確保 / 移動 2 件・分割 0 件・切詰 0 件
2026-09-25 11:18:40,610 [INFO] src.timeline.clipboard: Timeline のノードをコピーしました: 1 件
2026-09-25 11:18:40,611 [INFO] src.timeline.clipboard: Timeline のノードをコピーしました: 1 件
2026-09-25 11:18:40,611 [INFO] src.timeline.commands: 貼り付けの割り込み: V1 の 4.000s へ 2.00s を確保 / 移動 2 件・分割 1 件・切詰 0 件
2026-09-25 11:18:40,611 [INFO] src.timeline.commands: 貼り付けの割り込み: V2 の 4.000s へ 2.00s を確保 / 移動 2 件・分割 0 件・切詰 0 件
2026-09-25 11:18:40,612 [INFO] src.timeline.commands: 貼り付けの割り込み: S1 の 4.000s へ 2.00s を確保 / 移動 1 件・分割 0 件・切詰 0 件
2026-09-25 11:18:40,612 [INFO] src.timeline.commands: 貼り付けの割り込み: V2 の 4.000s へ 2.00s を確保 / 移動 2 件・分割 0 件・切詰 0 件
2026-09-25 11:18:40,613 [INFO] src.timeline.commands: 貼り付けの割り込み: V1 の 5.000s へ 10.00s を確保 / 移動 2 件・分割 1 件・切詰 0 件
2026-09-25 11:18:40,613 [INFO] src.timeline.commands: 貼り付けの割り込み: V2 の 5.000s へ 10.00s を確保 / 移動 2 件・分割 0 件・切詰 0 件
2026-09-25 11:18:40,614 [INFO] src.timeline.commands: 貼り付けの割り込み: V1 の 5.000s へ 10.00s を確保 / 移動 2 件・分割 1 件・切詰 0 件
2026-09-25 11:18:40,614 [WARNING] src.timeline.builder: 貼り付けの設定が不正なため既定 base_syncs_all を使用します: 'なにか'
2026-09-25 11:18:40,614 [WARNING] src.timeline.builder: 貼り付けの設定が不正なため既定 split を使用します: 123
2026-09-25 11:18:40,616 [INFO] src.timeline.commands: 貼り付けの割り込み: V1 の 5.000s へ 10.00s を確保 / 移動 2 件・分割 1 件・切詰 0 件
2026-09-25 11:18:40,616 [INFO] src.timeline.commands: 貼り付けの割り込み: V2 の 5.000s へ 10.00s を確保 / 移動 2 件・分割 0 件・切詰 0 件
2026-09-25 11:18:40,616 [INFO] src.timeline.commands: 貼り付けの割り込み: S1 の 5.000s へ 10.00s を確保 / 移動 1 件・分割 0 件・切詰 0 件
2026-09-25 11:18:40,621 [WARNING] src.timeline.commands: 映像トラックの上限 (3) に達しているため追加できません
2026-09-25 11:18:40,623 [INFO] src.timeline.commands: 字幕を追加できる空きがありません (2.000 秒)
2026-09-25 11:18:40,623 [INFO] src.timeline.commands: 字幕を追加できる空きがありません (0.990 秒)
2026-09-25 11:18:40,626 [INFO] src.timeline.commands: リップル: 10.000〜20.000s (10.00s) を除去 / 削除 1 件・短縮 0 件・移動 1 件
2026-09-25 11:18:40,627 [INFO] src.timeline.commands: リップル: 10.000〜20.000s (10.00s) を除去 / 削除 1 件・短縮 0 件・移動 1 件
2026-09-25 11:18:40,627 [INFO] src.timeline.commands: リップル: 10.000〜20.000s (10.00s) を除去 / 削除 1 件・短縮 0 件・移動 1 件
2026-09-25 11:18:40,627 [INFO] src.timeline.commands: リップル: 0.000〜10.000s (10.00s) を除去 / 削除 2 件・短縮 0 件・移動 1 件
2026-09-25 11:18:40,627 [INFO] src.timeline.commands: リップル: 10.000〜20.000s (10.00s) を除去 / 削除 1 件・短縮 0 件・移動 1 件
2026-09-25 11:18:40,635 [INFO] src.timeline.commands: リップル: 10.000〜20.000s (10.00s) を除去 / 削除 2 件・短縮 1 件・移動 2 件
2026-09-25 11:18:40,636 [INFO] src.timeline.commands: リップル: 10.000〜20.000s (10.00s) を除去 / 削除 2 件・短縮 1 件・移動 2 件
2026-09-25 11:18:40,636 [INFO] src.timeline.commands: リップル: 10.000〜20.000s (10.00s) を除去 / 削除 2 件・短縮 1 件・移動 2 件
2026-09-25 11:18:40,637 [INFO] src.timeline.commands: リップル: 10.000〜20.000s (10.00s) を除去 / 削除 2 件・短縮 1 件・移動 2 件
2026-09-25 11:18:40,637 [INFO] src.timeline.commands: リップル: 10.000〜20.000s (10.00s) を除去 / 削除 2 件・短縮 1 件・移動 2 件
2026-09-25 11:18:40,638 [INFO] src.timeline.commands: リップル: 10.000〜20.000s (10.00s) を除去 / 削除 2 件・短縮 1 件・移動 2 件
2026-09-25 11:18:40,638 [INFO] src.timeline.commands: リップル: 10.000〜20.000s (10.00s) を除去 / 削除 2 件・短縮 0 件・移動 3 件
2026-09-25 11:18:40,639 [INFO] src.timeline.commands: リップル: 10.000〜20.000s (10.00s) を除去 / 削除 1 件・短縮 0 件・移動 1 件
2026-09-25 11:18:40,640 [INFO] src.timeline.commands: リップル: 10.000〜20.000s (10.00s) を除去 / 削除 2 件・短縮 1 件・移動 2 件
2026-09-25 11:18:40,641 [INFO] src.timeline.commands: 残り尺が下限を割るためクリップごとリップル削除しました: c2
2026-09-25 11:18:40,641 [INFO] src.timeline.commands: リップル: 10.000〜20.000s (10.00s) を除去 / 削除 1 件・短縮 0 件・移動 2 件
2026-09-25 11:18:40,641 [INFO] src.timeline.commands: リップル: 15.000〜20.000s (5.00s) を除去 / 削除 0 件・短縮 1 件・移動 2 件
2026-09-25 11:18:40,643 [INFO] src.timeline.commands: リップル: 10.000〜15.000s (5.00s) を除去 / 削除 0 件・短縮 1 件・移動 2 件
2026-09-25 11:18:40,643 [INFO] src.timeline.commands: リップル: 15.000〜20.000s (5.00s) を除去 / 削除 0 件・短縮 1 件・移動 2 件
2026-09-25 11:18:40,643 [INFO] src.timeline.commands: リップル: 15.000〜20.000s (5.00s) を除去 / 削除 0 件・短縮 1 件・移動 2 件
2026-09-25 11:18:40,644 [INFO] src.timeline.commands: リップル: 26.000〜27.000s (1.00s) を除去 / 削除 0 件・短縮 2 件・移動 0 件
2026-09-25 11:18:40,647 [INFO] src.timeline.commands: リップル: 10.000〜20.000s (10.00s) を除去 / 削除 1 件・短縮 0 件・移動 1 件
2026-09-25 11:18:40,648 [INFO] src.timeline.commands: リップル: 10.000〜20.000s (10.00s) を除去 / 削除 1 件・短縮 0 件・移動 1 件
2026-09-25 11:18:40,648 [INFO] src.timeline.commands: リップル: 10.000〜20.000s (10.00s) を除去 / 削除 1 件・短縮 0 件・移動 1 件
2026-09-25 11:18:40,658 [INFO] src.timeline.project_io: プロジェクト保存: C:\Users\evolu\AppData\Local\Temp\timeline_io_test_u0mtdk2g\sample.timeline.json
2026-09-25 11:18:40,687 [INFO] src.timeline.project_io: プロジェクト読込: C:\Users\evolu\AppData\Local\Temp\timeline_io_test_u0mtdk2g\sample.timeline.json
2026-09-25 11:18:40,697 [INFO] src.timeline.project_io: プロジェクト保存: C:\Users\evolu\AppData\Local\Temp\timeline_io_test_u0mtdk2g\sample.timeline.json
2026-09-25 11:18:40,701 [INFO] src.timeline.project_io: プロジェクト読込: C:\Users\evolu\AppData\Local\Temp\timeline_io_test_u0mtdk2g\sample.timeline.json
2026-09-25 11:18:40,712 [INFO] src.timeline.project_io: プロジェクト保存: C:\Users\evolu\AppData\Local\Temp\timeline_io_test_4zwvuvpg\sample.timeline.json
2026-09-25 11:18:40,738 [INFO] src.timeline.project_io: プロジェクト読込: C:\Users\evolu\AppData\Local\Temp\timeline_io_test_4zwvuvpg\sample.timeline.json
2026-09-25 11:18:40,752 [INFO] src.timeline.project_io: プロジェクト保存: C:\Users\evolu\AppData\Local\Temp\timeline_io_test_f8lzqttp\sample.timeline.json
2026-09-25 11:18:40,779 [WARNING] src.timeline.project_io: メディアの実体が見つかりません (1 件)。該当クリップを無効化します: m1
2026-09-25 11:18:40,792 [INFO] src.timeline.project_io: プロジェクト保存: C:\Users\evolu\AppData\Local\Temp\timeline_io_test_rz3cy15u\sample.timeline.json
2026-09-25 11:18:40,824 [INFO] src.timeline.project_io: プロジェクト保存: C:\Users\evolu\AppData\Local\Temp\timeline_io_test_7bva67bt\sample.timeline.json
2026-09-25 11:18:40,849 [WARNING] src.timeline.project_io: 編集点の区間が不正なため無視します: 20.000→15.000
2026-09-25 11:18:40,855 [WARNING] src.timeline.project_io: メディアの実体が見つかりません (1 件)。該当クリップを無効化します: m1
2026-09-25 11:18:40,858 [WARNING] src.timeline.project_io: 音声クリップ a1 のリンク先 no_such_clip が存在しないため除外します (該当区間は無音になります)
2026-09-25 11:18:40,862 [WARNING] src.timeline.project_io: トラック V1 でクリップ c2 が重複しているため 12.480 へ移動します
2026-09-25 11:18:40,879 [WARNING] src.timeline.project_io: クリップ c2 の尺 (0.001s) が下限 (0.050s) 未満のため除外します
2026-09-25 11:18:40,881 [WARNING] src.timeline.project_io: 音声クリップ a2 のリンク先 c2 が存在しないため除外します (該当区間は無音になります)
2026-09-25 11:18:41,110 [INFO] src.utils.trash: ゴミ箱へ移動しました (2 件)
2026-09-25 11:18:41,121 [WARNING] src.timeline.builder: 寸法の設定が不正なため既定 8000 を使用します: 0
2026-09-25 11:22:21,242 [INFO] src.archive.timeline_builder: アーカイブ Timeline 構築: 2 クリップ / V1 2 本 / S1 0 件 / 全長 60.0s
2026-09-25 11:22:21,242 [INFO] src.archive.timeline_builder: アーカイブ Timeline 構築: 2 クリップ / V1 2 本 / S1 0 件 / 全長 60.0s
2026-09-25 11:22:21,246 [WARNING] src.archive.marker_source: VOD 外のマーカーを 2 件除外しました (尺 7200.0s)
2026-09-25 11:22:21,246 [INFO] src.archive.timeline_builder: アーカイブ Timeline 構築: 2 クリップ / V1 2 本 / S1 0 件 / 全長 200.0s
2026-09-25 11:22:21,247 [INFO] src.timeline.commands: 貼り付けの割り込み: V1 の 0.000s へ 50.00s を確保 / 移動 2 件・分割 0 件・切詰 0 件
2026-09-25 11:22:21,247 [INFO] src.timeline.commands: 貼り付けの割り込み: S1 の 0.000s へ 50.00s を確保 / 移動 0 件・分割 0 件・切詰 0 件
2026-09-25 11:22:21,247 [INFO] src.archive.timeline_builder: セクション追加: clip3 を 0.00s へ挿入 (VOD 100.0-150.0 / 尺 50.00s)
2026-09-25 11:22:21,247 [INFO] src.archive.timeline_builder: セクション統合: clip1 へ 1 件を畳み込み (VOD 100.0-200.0)
2026-09-25 11:22:21,247 [INFO] src.archive.timeline_builder: アーカイブ Timeline 構築: 2 クリップ / V1 2 本 / S1 0 件 / 全長 200.0s
2026-09-25 11:22:21,247 [INFO] src.archive.timeline_builder: アーカイブ Timeline 構築: 1 クリップ / V1 1 本 / S1 0 件 / 全長 100.0s
2026-09-25 11:22:21,247 [INFO] src.archive.timeline_builder: アーカイブ Timeline 構築: 1 クリップ / V1 1 本 / S1 0 件 / 全長 100.0s
2026-09-25 11:22:21,247 [INFO] src.archive.timeline_builder: アーカイブ Timeline 構築: 1 クリップ / V1 1 本 / S1 0 件 / 全長 100.0s
2026-09-25 11:22:21,248 [INFO] src.archive.timeline_builder: セクション追加: clip2 を 100.00s へ挿入 (VOD 200.0-300.0 / 尺 100.00s)
2026-09-25 11:22:21,248 [INFO] src.archive.timeline_builder: セクション統合: clip1 へ 1 件を畳み込み (VOD 100.0-300.0)
2026-09-25 11:22:21,248 [INFO] src.archive.timeline_builder: アーカイブ Timeline 構築: 1 クリップ / V1 1 本 / S1 0 件 / 全長 100.0s
2026-09-25 11:22:21,248 [INFO] src.archive.timeline_builder: セクション追加: clip2 を 100.00s へ挿入 (VOD 200.0-300.0 / 尺 100.00s)
2026-09-25 11:22:21,248 [INFO] src.archive.timeline_builder: セクション統合: clip1 へ 1 件を畳み込み (VOD 100.0-300.0)
2026-09-25 11:22:21,248 [INFO] src.archive.timeline_builder: アーカイブ Timeline 構築: 1 クリップ / V1 1 本 / S1 0 件 / 全長 100.0s
2026-09-25 11:22:21,248 [INFO] src.archive.timeline_builder: セクション追加: clip2 を 100.00s へ挿入 (VOD 200.0-300.0 / 尺 100.00s)
2026-09-25 11:22:21,248 [INFO] src.archive.timeline_builder: セクション統合: clip1 へ 1 件を畳み込み (VOD 100.0-300.0)
2026-09-25 11:22:21,248 [INFO] src.archive.timeline_builder: アーカイブ Timeline 構築: 1 クリップ / V1 1 本 / S1 0 件 / 全長 100.0s
2026-09-25 11:22:21,248 [INFO] src.archive.timeline_builder: セクション追加: clip2 を 100.00s へ挿入 (VOD 200.0-300.0 / 尺 100.00s)
2026-09-25 11:22:21,248 [INFO] src.archive.timeline_builder: セクション統合: clip1 へ 1 件を畳み込み (VOD 100.0-300.0)
2026-09-25 11:22:21,248 [INFO] src.archive.timeline_builder: clip1 の素材 m2 は区間を特定できませんでした (尺 12.0s / 候補の穴 0 件)。差し替えを尋ねます
2026-09-25 11:22:21,248 [INFO] src.archive.timeline_builder: アーカイブ Timeline 構築: 1 クリップ / V1 1 本 / S1 0 件 / 全長 100.0s
2026-09-25 11:22:21,248 [INFO] src.archive.timeline_builder: セクション追加: clip2 を 100.00s へ挿入 (VOD 200.0-300.0 / 尺 100.00s)
2026-09-25 11:22:21,248 [INFO] src.archive.timeline_builder: セクション統合: clip1 へ 1 件を畳み込み (VOD 100.0-300.0)
2026-09-25 11:22:21,250 [INFO] src.archive.timeline_builder: アーカイブ Timeline 構築: 1 クリップ / V1 1 本 / S1 0 件 / 全長 100.0s
2026-09-25 11:22:21,250 [INFO] src.archive.timeline_builder: セクション追加: clip2 を 100.00s へ挿入 (VOD 200.0-300.0 / 尺 100.00s)
2026-09-25 11:22:21,250 [INFO] src.archive.timeline_builder: セクション統合: clip1 へ 1 件を畳み込み (VOD 100.0-300.0)
2026-09-25 11:22:21,250 [INFO] src.archive.timeline_builder: clip1 の素材 m2 の区間を 200.0–300.0 として復元しました
2026-09-25 11:22:21,250 [INFO] src.archive.timeline_builder: アーカイブ Timeline 構築: 1 クリップ / V1 1 本 / S1 0 件 / 全長 100.0s
2026-09-25 11:22:21,250 [INFO] src.archive.timeline_builder: セクション追加: clip2 を 100.00s へ挿入 (VOD 200.0-300.0 / 尺 100.00s)
2026-09-25 11:22:21,250 [INFO] src.archive.timeline_builder: セクション統合: clip1 へ 1 件を畳み込み (VOD 100.0-300.0)
2026-09-25 11:22:21,250 [INFO] src.archive.timeline_builder: clip1 の素材 m2 の区間を 200.0–300.0 として復元しました
2026-09-25 11:22:21,250 [INFO] src.archive.timeline_builder: アーカイブ Timeline 構築: 1 クリップ / V1 1 本 / S1 0 件 / 全長 100.0s
2026-09-25 11:22:21,250 [INFO] src.archive.timeline_builder: セクション追加: clip2 を 100.00s へ挿入 (VOD 200.0-300.0 / 尺 100.00s)
2026-09-25 11:22:21,250 [INFO] src.archive.timeline_builder: セクション統合: clip1 へ 1 件を畳み込み (VOD 100.0-300.0)
2026-09-25 11:22:21,250 [INFO] src.archive.timeline_builder: clip1 の素材 m2 の区間を 200.0–303.0 として復元しました
2026-09-25 11:22:21,250 [INFO] src.archive.timeline_builder: アーカイブ Timeline 構築: 1 クリップ / V1 1 本 / S1 0 件 / 全長 100.0s
2026-09-25 11:22:21,250 [INFO] src.archive.timeline_builder: アーカイブ Timeline 構築: 1 クリップ / V1 1 本 / S1 0 件 / 全長 100.0s
2026-09-25 11:22:21,255 [INFO] src.archive.timeline_builder: アーカイブ Timeline 構築: 1 クリップ / V1 1 本 / S1 0 件 / 全長 100.0s
2026-09-25 11:22:21,255 [INFO] src.timeline.media_recovery: 使われていない素材のため復旧しません: orphan (C:\Users\evolu\AppData\Local\Temp\archive_media_test_cqxtex2j\gone.mp4)
2026-09-25 11:22:21,257 [INFO] src.archive.timeline_builder: アーカイブ Timeline 構築: 1 クリップ / V1 1 本 / S1 0 件 / 全長 100.0s
2026-09-25 11:22:21,257 [INFO] src.timeline.project_io: 使われていない素材 1 件を保存対象から外しました
2026-09-25 11:22:21,258 [INFO] src.archive.timeline_builder: アーカイブ Timeline 構築: 1 クリップ / V1 1 本 / S1 0 件 / 全長 100.0s
2026-09-25 11:22:21,258 [INFO] src.archive.timeline_builder: アーカイブ Timeline 構築: 1 クリップ / V1 1 本 / S1 0 件 / 全長 100.0s
2026-09-25 11:22:21,258 [WARNING] src.timeline.media_recovery: 素材が見つかりません: m1 (C:\Users\evolu\AppData\Local\Temp\archive_media_test_jdtm3cfq\lost.mp4)
2026-09-25 11:22:21,258 [INFO] src.timeline.media_recovery: 使われていない素材のため復旧しません: orphan (C:\Users\evolu\AppData\Local\Temp\archive_media_test_jdtm3cfq\gone.mp4)
2026-09-25 11:22:21,263 [INFO] src.archive.clip_writer: clip1 prepare 完了 (字幕 2 件)
2026-09-25 11:22:21,268 [INFO] src.archive.clip_writer: clip1 prepare 完了 (字幕 2 件)
2026-09-25 11:22:21,269 [INFO] src.archive.clip_writer: 編集点準備: 残す区間 2 件 / 想定尺 10.00s (素材 30.00s)
2026-09-25 11:22:21,269 [INFO] src.archive.clip_writer: clip1 prepare 完了 (字幕 2 件 / 実カットなし)
2026-09-25 11:22:21,270 [INFO] src.archive.clip_writer: 編集点準備: 残す区間 2 件 / 想定尺 10.00s (素材 30.00s)
2026-09-25 11:22:21,270 [INFO] src.archive.clip_writer: clip1 prepare 完了 (字幕 2 件 / 実カットなし)
2026-09-25 11:22:21,273 [INFO] src.archive.clip_writer: 編集点準備: 残す区間 2 件 / 想定尺 10.00s (素材 30.00s)
2026-09-25 11:22:21,273 [INFO] src.archive.clip_writer: clip1 prepare 完了 (字幕 2 件 / 実カットなし)
2026-09-25 11:22:21,275 [INFO] src.archive.clip_writer: 編集点準備: 残す区間 2 件 / 想定尺 10.00s (素材 30.00s)
2026-09-25 11:22:21,275 [INFO] src.archive.clip_writer: clip1 prepare 完了 (字幕 2 件 / 実カットなし)
2026-09-25 11:22:21,277 [INFO] src.archive.clip_writer: 編集点準備: 残す区間 2 件 / 想定尺 10.00s (素材 30.00s)
2026-09-25 11:22:21,277 [INFO] src.archive.clip_writer: clip1 prepare 完了 (字幕 2 件 / 実カットなし)
2026-09-25 11:22:21,278 [INFO] src.archive.clip_writer: 編集点準備: 残す区間 2 件 / 想定尺 10.00s (素材 30.00s)
2026-09-25 11:22:21,278 [INFO] src.archive.clip_writer: clip1 prepare 完了 (字幕 2 件 / 実カットなし)
2026-09-25 11:22:21,280 [INFO] src.archive.clip_writer: 編集点準備: 残す区間 2 件 / 想定尺 10.00s (素材 30.00s)
2026-09-25 11:22:21,280 [INFO] src.archive.clip_writer: clip1 prepare 完了 (字幕 0 件 / 実カットなし)
2026-09-25 11:22:21,281 [INFO] src.archive.clip_writer: 編集点準備: 残す区間 2 件 / 想定尺 10.00s (素材 30.00s)
2026-09-25 11:22:21,286 [INFO] src.timeline.project_io: プロジェクト保存: C:\Users\evolu\AppData\Local\Temp\archive_resume_ht1_vwoh\vod.archive.timeline.json
2026-09-25 11:22:21,301 [INFO] src.timeline.project_io: プロジェクト読込: C:\Users\evolu\AppData\Local\Temp\archive_resume_ht1_vwoh\vod.archive.timeline.json
2026-09-25 11:22:21,313 [INFO] src.timeline.project_io: プロジェクト保存: C:\Users\evolu\AppData\Local\Temp\archive_resume_d96_3zp8\vod.archive.timeline.json
2026-09-25 11:22:21,317 [INFO] src.timeline.project_io: プロジェクト保存: C:\Users\evolu\AppData\Local\Temp\archive_resume_d96_3zp8\clip.timeline.json
2026-09-25 11:22:21,317 [INFO] src.archive.project_resume: ==================================================
2026-09-25 11:22:21,318 [INFO] src.archive.project_resume: 保存済みアーカイブプロジェクトから再開: C:\Users\evolu\AppData\Local\Temp\archive_resume_d96_3zp8\clip.timeline.json
2026-09-25 11:22:21,337 [INFO] src.timeline.project_io: プロジェクト読込: C:\Users\evolu\AppData\Local\Temp\archive_resume_d96_3zp8\clip.timeline.json
2026-09-25 11:22:21,341 [INFO] src.timeline.project_io: プロジェクト保存: C:\Users\evolu\AppData\Local\Temp\archive_resume__u9_m8wl\vod.archive.timeline.json
2026-09-25 11:22:21,356 [INFO] src.timeline.project_io: プロジェクト読込: C:\Users\evolu\AppData\Local\Temp\archive_resume__u9_m8wl\vod.archive.timeline.json
2026-09-25 11:22:21,359 [INFO] src.archive.project_resume: 音声サイドカーが無いため素材 m1 の正規化をやり直します
2026-09-25 11:22:21,360 [INFO] src.archive.project_resume: 音声サイドカーが無いため素材 m2 の正規化をやり直します
2026-09-25 11:22:21,366 [INFO] src.timeline.project_io: プロジェクト保存: C:\Users\evolu\AppData\Local\Temp\archive_resume_phsrdp0d\vod.archive.timeline.json
2026-09-25 11:22:21,380 [INFO] src.timeline.project_io: プロジェクト読込: C:\Users\evolu\AppData\Local\Temp\archive_resume_phsrdp0d\vod.archive.timeline.json
2026-09-25 11:22:21,383 [INFO] src.archive.project_resume: 音声サイドカーが無いため素材 m1 の正規化をやり直します
2026-09-25 11:22:21,383 [INFO] src.archive.project_resume: 音声サイドカーが無いため素材 m2 の正規化をやり直します
2026-09-25 11:22:21,387 [INFO] src.timeline.project_io: プロジェクト保存: C:\Users\evolu\AppData\Local\Temp\archive_resume_mgbj5b13\vod.archive.timeline.json
2026-09-25 11:22:21,388 [INFO] src.archive.project_resume: ==================================================
2026-09-25 11:22:21,389 [INFO] src.archive.project_resume: 保存済みアーカイブプロジェクトから再開: C:\Users\evolu\AppData\Local\Temp\archive_resume_mgbj5b13\no_such.timeline.json
2026-09-25 11:22:21,395 [INFO] src.timeline.project_io: プロジェクト保存: C:\Users\evolu\AppData\Local\Temp\archive_resume_u8an24_r\vod.archive.timeline.json
2026-09-25 11:22:21,410 [INFO] src.timeline.project_io: プロジェクト読込: C:\Users\evolu\AppData\Local\Temp\archive_resume_u8an24_r\vod.archive.timeline.json
2026-09-25 11:22:21,419 [INFO] src.timeline.project_io: プロジェクト保存: C:\Users\evolu\AppData\Local\Temp\archive_resume_b3q250si\vod.archive.timeline.json
2026-09-25 11:22:21,429 [INFO] src.timeline.project_io: プロジェクト読込: C:\Users\evolu\AppData\Local\Temp\archive_resume_b3q250si\vod.archive.timeline.json
2026-09-25 11:22:21,431 [INFO] src.archive.project_resume: 設定に従い切り出したままの音量で使います: 素材 m1
2026-09-25 11:22:21,431 [INFO] src.archive.project_resume: 設定に従い切り出したままの音量で使います: 素材 m2
2026-09-25 11:22:21,433 [WARNING] src.timeline.media_sidecar: 音声サイドカーの尺が保存値と合いません (100.00s / 期待 103.00s) → 使いません
2026-09-25 11:22:21,434 [INFO] src.archive.timeline_builder: アーカイブ Timeline 構築: 2 クリップ / V1 2 本 / S1 0 件 / 全長 200.0s
2026-09-25 11:22:21,434 [INFO] src.archive.timeline_builder: セクション追加: clip3 を 200.00s へ挿入 (VOD 900.0-950.0 / 尺 50.00s)
2026-09-25 11:22:21,434 [INFO] src.archive.timeline_builder: アーカイブ Timeline 構築: 2 クリップ / V1 2 本 / S1 0 件 / 全長 200.0s
2026-09-25 11:22:21,434 [INFO] src.timeline.commands: 貼り付けの割り込み: V1 の 0.000s へ 50.00s を確保 / 移動 2 件・分割 0 件・切詰 0 件
2026-09-25 11:22:21,434 [INFO] src.timeline.commands: 貼り付けの割り込み: S1 の 0.000s へ 50.00s を確保 / 移動 0 件・分割 0 件・切詰 0 件
2026-09-25 11:22:21,434 [INFO] src.archive.timeline_builder: セクション追加: clip3 を 0.00s へ挿入 (VOD 0.0-50.0 / 尺 50.00s)
2026-09-25 11:22:21,434 [INFO] src.archive.timeline_builder: アーカイブ Timeline 構築: 2 クリップ / V1 2 本 / S1 0 件 / 全長 200.0s
2026-09-25 11:22:21,434 [INFO] src.timeline.commands: 貼り付けの割り込み: V1 の 100.000s へ 50.00s を確保 / 移動 1 件・分割 0 件・切詰 0 件
2026-09-25 11:22:21,435 [INFO] src.timeline.commands: 貼り付けの割り込み: S1 の 100.000s へ 50.00s を確保 / 移動 0 件・分割 0 件・切詰 0 件
2026-09-25 11:22:21,435 [INFO] src.archive.timeline_builder: セクション追加: clip3 を 100.00s へ挿入 (VOD 250.0-300.0 / 尺 50.00s)
2026-09-25 11:22:21,435 [INFO] src.archive.timeline_builder: アーカイブ Timeline 構築: 3 クリップ / V1 3 本 / S1 0 件 / 全長 300.0s
2026-09-25 11:22:21,435 [INFO] src.timeline.commands: 貼り付けの割り込み: V1 の 100.000s へ 50.00s を確保 / 移動 2 件・分割 0 件・切詰 0 件
2026-09-25 11:22:21,435 [INFO] src.timeline.commands: 貼り付けの割り込み: S1 の 100.000s へ 50.00s を確保 / 移動 0 件・分割 0 件・切詰 0 件
2026-09-25 11:22:21,435 [INFO] src.archive.timeline_builder: セクション追加: clip4 を 100.00s へ挿入 (VOD 250.0-300.0 / 尺 50.00s)
2026-09-25 11:22:21,435 [INFO] src.timeline.commands: 貼り付けの割り込み: V1 の 0.000s へ 50.00s を確保 / 移動 4 件・分割 0 件・切詰 0 件
2026-09-25 11:22:21,435 [INFO] src.timeline.commands: 貼り付けの割り込み: S1 の 0.000s へ 50.00s を確保 / 移動 0 件・分割 0 件・切詰 0 件
2026-09-25 11:22:21,435 [INFO] src.archive.timeline_builder: セクション追加: clip5 を 0.00s へ挿入 (VOD 0.0-50.0 / 尺 50.00s)
2026-09-25 11:22:21,435 [INFO] src.archive.timeline_builder: セクション追加: clip6 を 400.00s へ挿入 (VOD 900.0-950.0 / 尺 50.00s)
2026-09-25 11:22:21,436 [INFO] src.archive.timeline_builder: アーカイブ Timeline 構築: 1 クリップ / V1 1 本 / S1 0 件 / 全長 100.0s
2026-09-25 11:22:21,436 [INFO] src.archive.timeline_builder: セクション追加: clip2 を 100.00s へ挿入 (VOD 300.0-400.0 / 尺 100.00s)
2026-09-25 11:22:21,436 [INFO] src.archive.timeline_builder: アーカイブ Timeline 構築: 3 クリップ / V1 3 本 / S1 0 件 / 全長 300.0s
2026-09-25 11:22:21,436 [INFO] src.timeline.commands: 貼り付けの割り込み: V1 の 100.000s へ 50.00s を確保 / 移動 2 件・分割 0 件・切詰 0 件
2026-09-25 11:22:21,436 [INFO] src.timeline.commands: 貼り付けの割り込み: S1 の 100.000s へ 50.00s を確保 / 移動 0 件・分割 0 件・切詰 0 件
2026-09-25 11:22:21,436 [INFO] src.archive.timeline_builder: セクション追加: clip4 を 100.00s へ挿入 (VOD 250.0-300.0 / 尺 50.00s)
2026-09-25 11:22:21,437 [INFO] src.archive.timeline_builder: アーカイブ Timeline 構築: 2 クリップ / V1 2 本 / S1 0 件 / 全長 200.0s
2026-09-25 11:22:21,437 [INFO] src.archive.timeline_builder: セクション追加: clip3 を 200.00s へ挿入 (VOD 900.0-950.0 / 尺 50.00s)
2026-09-25 11:22:21,437 [INFO] src.archive.timeline_builder: アーカイブ Timeline 構築: 2 クリップ / V1 2 本 / S1 0 件 / 全長 200.0s
2026-09-25 11:22:21,437 [INFO] src.archive.timeline_builder: アーカイブ Timeline 構築: 1 クリップ / V1 1 本 / S1 0 件 / 全長 100.0s
2026-09-25 11:22:21,437 [INFO] src.archive.timeline_builder: セクション追加: clip2 を 100.00s へ挿入 (VOD 450.0-600.0 / 尺 150.00s)
2026-09-25 11:22:21,437 [INFO] src.archive.timeline_builder: アーカイブ Timeline 構築: 2 クリップ / V1 2 本 / S1 0 件 / 全長 200.0s
2026-09-25 11:22:21,438 [INFO] src.archive.timeline_builder: セクション追加: clip3 を 200.00s へ挿入 (VOD 500.0-600.0 / 尺 100.00s)
2026-09-25 11:22:21,438 [INFO] src.archive.timeline_builder: セクション統合: clip2 へ 1 件を畳み込み (VOD 400.0-600.0)
2026-09-25 11:22:21,438 [INFO] src.archive.timeline_builder: アーカイブ Timeline 構築: 2 クリップ / V1 2 本 / S1 0 件 / 全長 200.0s
2026-09-25 11:22:21,438 [INFO] src.archive.timeline_builder: セクション追加: clip3 を 200.00s へ挿入 (VOD 500.0-600.0 / 尺 100.00s)
2026-09-25 11:22:21,438 [INFO] src.archive.timeline_builder: セクション統合: clip2 へ 1 件を畳み込み (VOD 400.0-600.0)
2026-09-25 11:22:21,438 [INFO] src.archive.timeline_builder: アーカイブ Timeline 構築: 3 クリップ / V1 3 本 / S1 0 件 / 全長 300.0s
2026-09-25 11:22:21,438 [INFO] src.timeline.commands: 貼り付けの割り込み: V1 の 200.000s へ 100.00s を確保 / 移動 1 件・分割 0 件・切詰 0 件
2026-09-25 11:22:21,439 [INFO] src.timeline.commands: 貼り付けの割り込み: S1 の 200.000s へ 100.00s を確保 / 移動 0 件・分割 0 件・切詰 0 件
2026-09-25 11:22:21,439 [INFO] src.archive.timeline_builder: セクション追加: clip4 を 200.00s へ挿入 (VOD 500.0-600.0 / 尺 100.00s)
2026-09-25 11:22:21,439 [INFO] src.archive.timeline_builder: セクション統合: clip2 へ 1 件を畳み込み (VOD 400.0-600.0)
2026-09-25 11:22:21,439 [INFO] src.archive.timeline_builder: アーカイブ Timeline 構築: 3 クリップ / V1 3 本 / S1 0 件 / 全長 300.0s
2026-09-25 11:22:21,439 [INFO] src.timeline.commands: 貼り付けの割り込み: V1 の 100.000s へ 200.00s を確保 / 移動 2 件・分割 0 件・切詰 0 件
2026-09-25 11:22:21,439 [INFO] src.timeline.commands: 貼り付けの割り込み: S1 の 100.000s へ 200.00s を確保 / 移動 0 件・分割 0 件・切詰 0 件
2026-09-25 11:22:21,439 [INFO] src.archive.timeline_builder: セクション追加: clip4 を 100.00s へ挿入 (VOD 200.0-400.0 / 尺 200.00s)
2026-09-25 11:22:21,439 [INFO] src.timeline.commands: 貼り付けの割り込み: V1 の 400.000s へ 200.00s を確保 / 移動 1 件・分割 0 件・切詰 0 件
2026-09-25 11:22:21,439 [INFO] src.timeline.commands: 貼り付けの割り込み: S1 の 400.000s へ 200.00s を確保 / 移動 0 件・分割 0 件・切詰 0 件
2026-09-25 11:22:21,439 [INFO] src.archive.timeline_builder: セクション追加: clip5 を 400.00s へ挿入 (VOD 500.0-700.0 / 尺 200.00s)
2026-09-25 11:22:21,439 [INFO] src.archive.timeline_builder: セクション統合: clip1 へ 4 件を畳み込み (VOD 100.0-800.0)
2026-09-25 11:22:21,440 [INFO] src.archive.timeline_builder: アーカイブ Timeline 構築: 1 クリップ / V1 1 本 / S1 0 件 / 全長 100.0s
2026-09-25 11:22:21,440 [INFO] src.archive.timeline_builder: セクション追加: clip2 を 100.00s へ挿入 (VOD 200.0-300.0 / 尺 100.00s)
2026-09-25 11:22:21,440 [INFO] src.archive.timeline_builder: セクション統合: clip1 へ 1 件を畳み込み (VOD 100.0-300.0)
2026-09-25 11:22:21,440 [INFO] src.archive.timeline_builder: アーカイブ Timeline 構築: 2 クリップ / V1 2 本 / S1 0 件 / 全長 200.0s
2026-09-25 11:22:21,440 [INFO] src.timeline.commands: 貼り付けの割り込み: V1 の 100.000s へ 50.00s を確保 / 移動 1 件・分割 0 件・切詰 0 件
2026-09-25 11:22:21,440 [INFO] src.timeline.commands: 貼り付けの割り込み: S1 の 100.000s へ 50.00s を確保 / 移動 0 件・分割 0 件・切詰 0 件
2026-09-25 11:22:21,440 [INFO] src.archive.timeline_builder: セクション追加: clip3 を 100.00s へ挿入 (VOD 250.0-300.0 / 尺 50.00s)
2026-09-25 11:22:21,441 [INFO] src.archive.timeline_builder: アーカイブ Timeline 構築: 2 クリップ / V1 2 本 / S1 0 件 / 全長 200.0s
2026-09-25 11:22:21,441 [INFO] src.archive.timeline_builder: セクション追加: clip3 を 200.00s へ挿入 (VOD 500.0-600.0 / 尺 100.00s)
2026-09-25 11:22:21,441 [INFO] src.archive.timeline_builder: セクション統合: clip2 へ 1 件を畳み込み (VOD 400.0-600.0)
2026-09-25 11:22:21,441 [INFO] src.archive.timeline_builder: アーカイブ Timeline 構築: 3 クリップ / V1 3 本 / S1 0 件 / 全長 300.0s
2026-09-25 11:22:21,441 [INFO] src.timeline.commands: 貼り付けの割り込み: V1 の 100.000s へ 50.00s を確保 / 移動 2 件・分割 0 件・切詰 0 件
2026-09-25 11:22:21,441 [INFO] src.timeline.commands: 貼り付けの割り込み: S1 の 100.000s へ 50.00s を確保 / 移動 0 件・分割 0 件・切詰 0 件
2026-09-25 11:22:21,441 [INFO] src.archive.timeline_builder: セクション追加: clip4 を 100.00s へ挿入 (VOD 250.0-300.0 / 尺 50.00s)
2026-09-25 11:22:21,442 [INFO] src.archive.timeline_builder: アーカイブ Timeline 構築: 2 クリップ / V1 2 本 / S1 0 件 / 全長 200.0s
2026-09-25 11:22:21,442 [INFO] src.archive.timeline_builder: アーカイブ Timeline 構築: 1 クリップ / V1 1 本 / S1 0 件 / 全長 100.0s
2026-09-25 11:22:21,442 [INFO] src.archive.timeline_builder: アーカイブ Timeline 構築: 1 クリップ / V1 1 本 / S1 0 件 / 全長 100.0s
2026-09-25 11:22:21,442 [INFO] src.archive.timeline_builder: アーカイブ Timeline 構築: 1 クリップ / V1 1 本 / S1 0 件 / 全長 100.0s
2026-09-25 11:22:21,443 [INFO] src.archive.timeline_builder: アーカイブ Timeline 構築: 1 クリップ / V1 1 本 / S1 0 件 / 全長 100.0s
2026-09-25 11:22:21,443 [INFO] src.archive.timeline_builder: アーカイブ Timeline 構築: 1 クリップ / V1 1 本 / S1 0 件 / 全長 300.0s
2026-09-25 11:22:21,443 [INFO] src.archive.timeline_builder: アーカイブ Timeline 構築: 1 クリップ / V1 1 本 / S1 0 件 / 全長 100.0s
2026-09-25 11:22:21,443 [INFO] src.archive.timeline_builder: アーカイブ Timeline 構築: 1 クリップ / V1 1 本 / S1 0 件 / 全長 100.0s
2026-09-25 11:22:21,443 [INFO] src.archive.timeline_builder: アーカイブ Timeline 構築: 1 クリップ / V1 1 本 / S1 0 件 / 全長 30.0s
2026-09-25 11:22:21,444 [INFO] src.archive.timeline_builder: アーカイブ Timeline 構築: 1 クリップ / V1 1 本 / S1 0 件 / 全長 30.0s
2026-09-25 11:22:21,444 [INFO] src.archive.timeline_builder: アーカイブ Timeline 構築: 1 クリップ / V1 1 本 / S1 0 件 / 全長 30.0s
2026-09-25 11:22:21,444 [INFO] src.archive.timeline_builder: アーカイブ Timeline 構築: 1 クリップ / V1 1 本 / S1 0 件 / 全長 30.0s
2026-09-25 11:22:21,444 [INFO] src.archive.timeline_builder: アーカイブ Timeline 構築: 1 クリップ / V1 1 本 / S1 0 件 / 全長 30.0s
2026-09-25 11:22:21,444 [INFO] src.archive.timeline_builder: アーカイブ Timeline 構築: 3 クリップ / V1 6 本 / S1 6 件 / 全長 30.0s
2026-09-25 11:22:21,445 [INFO] src.archive.timeline_builder: アーカイブ Timeline 構築: 3 クリップ / V1 6 本 / S1 6 件 / 全長 30.0s
2026-09-25 11:22:21,445 [INFO] src.archive.timeline_builder: アーカイブ Timeline 構築: 3 クリップ / V1 6 本 / S1 6 件 / 全長 30.0s
2026-09-25 11:22:21,445 [INFO] src.archive.timeline_builder: アーカイブ Timeline 構築: 3 クリップ / V1 6 本 / S1 6 件 / 全長 30.0s
2026-09-25 11:22:21,446 [INFO] src.archive.timeline_builder: アーカイブ Timeline 構築: 3 クリップ / V1 6 本 / S1 6 件 / 全長 30.0s
2026-09-25 11:22:21,446 [INFO] src.archive.timeline_builder: アーカイブ Timeline 構築: 3 クリップ / V1 6 本 / S1 6 件 / 全長 30.0s
2026-09-25 11:22:21,446 [INFO] src.archive.timeline_builder: アーカイブ Timeline 構築: 3 クリップ / V1 6 本 / S1 6 件 / 全長 30.0s
2026-09-25 11:22:21,447 [INFO] src.archive.timeline_builder: アーカイブ Timeline 構築: 3 クリップ / V1 6 本 / S1 6 件 / 全長 30.0s
2026-09-25 11:22:21,447 [INFO] src.archive.timeline_builder: アーカイブ Timeline 構築: 3 クリップ / V1 6 本 / S1 6 件 / 全長 30.0s
2026-09-25 11:22:21,447 [INFO] src.archive.timeline_builder: アーカイブ Timeline 構築: 1 クリップ / V1 1 本 / S1 2 件 / 全長 30.0s
2026-09-25 11:22:21,447 [INFO] src.archive.timeline_builder: clip1: クリップ終端で打ち切った字幕 1 件 / 載せなかった字幕 0 件
2026-09-25 11:22:21,447 [INFO] src.archive.timeline_builder: clip2: クリップ終端で打ち切った字幕 1 件 / 載せなかった字幕 0 件
2026-09-25 11:22:21,447 [INFO] src.archive.timeline_builder: clip3: クリップ終端で打ち切った字幕 1 件 / 載せなかった字幕 0 件
2026-09-25 11:22:21,447 [INFO] src.archive.timeline_builder: アーカイブ Timeline 構築: 3 クリップ / V1 6 本 / S1 3 件 / 全長 30.0s
2026-09-25 11:22:21,447 [INFO] src.archive.timeline_builder: clip1: クリップ終端で打ち切った字幕 1 件 / 載せなかった字幕 0 件
2026-09-25 11:22:21,447 [INFO] src.archive.timeline_builder: アーカイブ Timeline 構築: 2 クリップ / V1 4 本 / S1 3 件 / 全長 20.0s
2026-09-25 11:22:21,447 [INFO] src.archive.timeline_builder: clip1: クリップ終端で打ち切った字幕 1 件 / 載せなかった字幕 1 件
2026-09-25 11:22:21,447 [INFO] src.archive.timeline_builder: アーカイブ Timeline 構築: 2 クリップ / V1 4 本 / S1 2 件 / 全長 20.0s
2026-09-25 11:22:21,447 [INFO] src.archive.timeline_builder: clip1: クリップ終端で打ち切った字幕 1 件 / 載せなかった字幕 0 件
2026-09-25 11:22:21,447 [INFO] src.archive.timeline_builder: clip2: クリップ終端で打ち切った字幕 1 件 / 載せなかった字幕 0 件
2026-09-25 11:22:21,447 [INFO] src.archive.timeline_builder: アーカイブ Timeline 構築: 2 クリップ / V1 4 本 / S1 2 件 / 全長 20.0s
2026-09-25 11:22:21,447 [INFO] src.archive.timeline_builder: アーカイブ Timeline 構築: 3 クリップ / V1 6 本 / S1 6 件 / 全長 30.0s
2026-09-25 11:22:21,447 [INFO] src.archive.timeline_builder: アーカイブ Timeline 構築: 3 クリップ / V1 6 本 / S1 6 件 / 全長 30.0s
2026-09-25 11:22:21,449 [INFO] src.archive.timeline_builder: アーカイブ Timeline 構築: 3 クリップ / V1 6 本 / S1 6 件 / 全長 30.0s
2026-09-25 11:22:21,449 [INFO] src.archive.timeline_builder: アーカイブ Timeline 構築: 3 クリップ / V1 6 本 / S1 6 件 / 全長 30.0s
2026-09-25 11:22:21,449 [INFO] src.archive.timeline_builder: アーカイブ Timeline 構築: 3 クリップ / V1 6 本 / S1 6 件 / 全長 30.0s
2026-09-25 11:22:21,449 [INFO] src.archive.timeline_builder: アーカイブ Timeline 構築: 3 クリップ / V1 6 本 / S1 6 件 / 全長 30.0s
2026-09-25 11:22:21,450 [INFO] src.archive.timeline_builder: アーカイブ Timeline 構築: 3 クリップ / V1 6 本 / S1 6 件 / 全長 30.0s
2026-09-25 11:22:21,450 [INFO] src.archive.timeline_builder: clip2 は使用しないため書き出しから除外します
2026-09-25 11:22:21,450 [INFO] src.archive.timeline_builder: アーカイブ Timeline 構築: 3 クリップ / V1 6 本 / S1 6 件 / 全長 30.0s
2026-09-25 11:22:21,450 [INFO] src.archive.timeline_builder: アーカイブ Timeline 構築: 3 クリップ / V1 6 本 / S1 6 件 / 全長 30.0s
2026-09-25 11:22:21,451 [INFO] src.archive.timeline_builder: アーカイブ Timeline 構築: 3 クリップ / V1 6 本 / S1 6 件 / 全長 30.0s
2026-09-25 11:22:21,451 [INFO] src.archive.timeline_builder: アーカイブ Timeline 構築: 3 クリップ / V1 6 本 / S1 6 件 / 全長 30.0s
2026-09-25 11:22:21,451 [INFO] src.archive.timeline_builder: アーカイブ Timeline 構築: 3 クリップ / V1 6 本 / S1 6 件 / 全長 30.0s
2026-09-25 11:22:21,451 [INFO] src.archive.timeline_builder: アーカイブ Timeline 構築: 3 クリップ / V1 6 本 / S1 6 件 / 全長 30.0s
2026-09-25 11:22:21,482 [INFO] src.timeline.project_io: プロジェクトを改名しました: sample.timeline.json → renamed.timeline.json
2026-09-25 11:22:21,491 [INFO] src.blur.store: ぼかしの追従結果を保存しました: sample.blur.json
2026-09-25 11:22:21,506 [INFO] src.blur.store: ぼかしの追従結果の版が違うため作り直します: C:\Users\evolu\AppData\Local\Temp\blur_reuse_test_w3m7yzdj\sample.blur.json
2026-09-25 11:22:21,508 [INFO] src.blur.store: ぼかしの追従結果を保存しました: sample.blur.json
2026-09-25 11:22:21,515 [INFO] src.blur.store: 追従の設定が変わったため、ぼかしの追従結果を作り直します
2026-09-25 11:22:21,515 [INFO] src.blur.store: ぼかし: 素材が変わったため m9 の追従結果を捨てました
2026-09-25 11:22:21,528 [INFO] src.blur.decisions: ぼかし: 以前の書式の指定 4 件は新しい方式へ移せないため引き継ぎません (人物の自動検出を廃止したため)
2026-09-25 11:22:21,528 [INFO] src.blur.decisions: ぼかし: 以前の書式の指定 1 件は新しい方式へ移せないため引き継ぎません (人物の自動検出を廃止したため)
2026-09-25 11:22:23,893 [INFO] src.timeline.renderer: ベース映像構築: 1 クリップ / ギャップ 0 件 / 合計 5.0s
2026-09-25 11:22:23,898 [INFO] src.timeline.renderer: ベース映像の尺: モデル 5.000s / 実測 5.000s (差 +0.000s / 1 部品)
2026-09-25 11:22:23,898 [INFO] src.timeline.renderer: 字幕焼き込み: 1 件
2026-09-25 11:22:23,906 [INFO] src.timeline.renderer: ベース映像構築: 1 クリップ / ギャップ 0 件 / 合計 5.0s
2026-09-25 11:22:23,912 [INFO] src.timeline.renderer: ベース映像の尺: モデル 5.000s / 実測 5.000s (差 +0.000s / 1 部品)
2026-09-25 11:22:23,913 [INFO] src.timeline.renderer: 字幕焼き込み: 1 件
2026-09-25 11:22:23,924 [INFO] src.timeline.renderer: ベース映像構築: 1 クリップ / ギャップ 0 件 / 合計 5.0s
2026-09-25 11:22:23,932 [INFO] src.timeline.renderer: ベース映像の尺: モデル 5.000s / 実測 5.000s (差 +0.000s / 1 部品)
2026-09-25 11:22:23,932 [INFO] src.timeline.renderer: オーバーレイ・字幕が無いため合成をスキップします
2026-09-25 11:22:23,939 [INFO] src.modules.blur_overlay: ぼかしを焼き込みます: blur_applied.mp4
2026-09-25 11:22:23,943 [INFO] src.timeline.renderer: ベース映像構築: 1 クリップ / ギャップ 0 件 / 合計 5.0s
2026-09-25 11:22:23,951 [INFO] src.timeline.renderer: ベース映像の尺: モデル 5.000s / 実測 5.000s (差 +0.000s / 1 部品)
2026-09-25 11:22:23,952 [INFO] src.timeline.renderer: オーバーレイ・字幕が無いため合成をスキップします
2026-09-25 11:22:23,957 [INFO] src.modules.blur_overlay: ぼかしを焼き込みます: blur_applied.mp4
2026-09-25 11:22:23,961 [INFO] src.timeline.renderer: ベース映像構築: 1 クリップ / ギャップ 0 件 / 合計 5.0s
2026-09-25 11:22:23,961 [INFO] src.timeline.renderer: ベース映像の尺: モデル 5.000s / 実測 5.000s (差 +0.000s / 1 部品)
2026-09-25 11:22:23,961 [INFO] src.timeline.renderer: 字幕焼き込み: 1 件
2026-09-25 11:22:23,974 [INFO] src.timeline.renderer: ベース映像構築: 1 クリップ / ギャップ 0 件 / 合計 5.0s
2026-09-25 11:22:23,986 [INFO] src.timeline.renderer: ベース映像の尺: モデル 5.000s / 実測 5.000s (差 +0.000s / 1 部品)
2026-09-25 11:22:23,988 [WARNING] src.blur.frames: PyAV でのデコードに失敗したため FFmpeg へ切り替えます: [Errno 1094995529] Invalid data found when processing input: 'D:\\develop\\autoedit\\tests\\test_blur_renderer_integration.py'
2026-09-25 11:22:24,035 [WARNING] src.blur.tracker: ぼかしの追従: 基準のフレームを取得できません (1.00 秒)
2026-09-25 11:22:24,035 [WARNING] src.blur.frames: PyAV でのデコードに失敗したため FFmpeg へ切り替えます: [Errno 1094995529] Invalid data found when processing input: 'D:\\develop\\autoedit\\tests\\test_blur_renderer_integration.py'
2026-09-25 11:22:24,087 [WARNING] src.blur.tracker: ぼかしの追従: 基準のフレームを取得できません (1.00 秒)
2026-09-25 11:22:24,087 [INFO] src.blur.tracker: ぼかしの追従: 2 区切りを追いました
2026-09-25 11:22:24,088 [INFO] src.blur.store: ぼかしの追従結果を保存しました: timeline.blur.json
2026-09-25 11:22:24,088 [ERROR] src.blur.mask_builder: ぼかしマスクの生成に失敗しました: テスト: マスクを作れない状態
Traceback (most recent call last):
  File "D:\develop\autoedit\src\blur\mask_builder.py", line 64, in prepare
    return build(timeline, tracks, decisions, cfg, out_path,
           ^^^^^^^^^^^^^^^^^^^^^^^^^^^^^^^^^^^^^^^^^^^^^^^^^
  File "D:\develop\autoedit\tests\test_blur_renderer_integration.py", line 196, in broken
    raise RuntimeError("テスト: マスクを作れない状態")
RuntimeError: テスト: マスクを作れない状態
2026-09-25 11:22:24,090 [INFO] src.timeline.renderer: ベース映像構築: 1 クリップ / ギャップ 0 件 / 合計 5.0s
2026-09-25 11:22:24,095 [INFO] src.timeline.renderer: ベース映像の尺: モデル 5.000s / 実測 5.000s (差 +0.000s / 1 部品)
2026-09-25 11:22:24,095 [WARNING] src.blur.frames: PyAV でのデコードに失敗したため FFmpeg へ切り替えます: [Errno 1094995529] Invalid data found when processing input: 'D:\\develop\\autoedit\\tests\\test_blur_renderer_integration.py'
2026-09-25 11:22:24,161 [WARNING] src.blur.tracker: ぼかしの追従: 基準のフレームを取得できません (1.00 秒)
2026-09-25 11:22:24,162 [WARNING] src.blur.frames: PyAV でのデコードに失敗したため FFmpeg へ切り替えます: [Errno 1094995529] Invalid data found when processing input: 'D:\\develop\\autoedit\\tests\\test_blur_renderer_integration.py'
2026-09-25 11:22:24,210 [WARNING] src.blur.tracker: ぼかしの追従: 基準のフレームを取得できません (1.00 秒)
2026-09-25 11:22:24,210 [INFO] src.blur.tracker: ぼかしの追従: 2 区切りを追いました
2026-09-25 11:22:24,212 [INFO] src.blur.store: ぼかしの追従結果を保存しました: timeline.blur.json
2026-09-25 11:22:24,212 [ERROR] src.blur.mask_builder: ぼかしマスクの生成に失敗しました: テスト: マスクを作れない状態
Traceback (most recent call last):
  File "D:\develop\autoedit\src\blur\mask_builder.py", line 64, in prepare
    return build(timeline, tracks, decisions, cfg, out_path,
           ^^^^^^^^^^^^^^^^^^^^^^^^^^^^^^^^^^^^^^^^^^^^^^^^^
  File "D:\develop\autoedit\tests\test_blur_renderer_integration.py", line 196, in broken
    raise RuntimeError("テスト: マスクを作れない状態")
RuntimeError: テスト: マスクを作れない状態
2026-09-25 11:22:24,214 [INFO] src.timeline.renderer: ベース映像構築: 1 クリップ / ギャップ 0 件 / 合計 5.0s
2026-09-25 11:22:24,220 [INFO] src.timeline.renderer: ベース映像の尺: モデル 5.000s / 実測 5.000s (差 +0.000s / 1 部品)
2026-09-25 11:22:24,223 [WARNING] src.blur.frames: PyAV でのデコードに失敗したため FFmpeg へ切り替えます: [Errno 1094995529] Invalid data found when processing input: 'D:\\develop\\autoedit\\tests\\test_blur_renderer_integration.py'
2026-09-25 11:22:24,271 [WARNING] src.blur.tracker: ぼかしの追従: 基準のフレームを取得できません (1.00 秒)
2026-09-25 11:22:24,273 [WARNING] src.blur.frames: PyAV でのデコードに失敗したため FFmpeg へ切り替えます: [Errno 1094995529] Invalid data found when processing input: 'D:\\develop\\autoedit\\tests\\test_blur_renderer_integration.py'
2026-09-25 11:22:24,315 [WARNING] src.blur.tracker: ぼかしの追従: 基準のフレームを取得できません (1.00 秒)
2026-09-25 11:22:24,315 [INFO] src.blur.tracker: ぼかしの追従: 2 区切りを追いました
2026-09-25 11:22:24,315 [INFO] src.blur.store: ぼかしの追従結果を保存しました: timeline.blur.json
2026-09-25 11:22:24,315 [ERROR] src.blur.mask_builder: ぼかしマスクの生成に失敗しました: テスト: マスクを作れない状態
Traceback (most recent call last):
  File "D:\develop\autoedit\src\blur\mask_builder.py", line 64, in prepare
    return build(timeline, tracks, decisions, cfg, out_path,
           ^^^^^^^^^^^^^^^^^^^^^^^^^^^^^^^^^^^^^^^^^^^^^^^^^
  File "D:\develop\autoedit\tests\test_blur_renderer_integration.py", line 196, in broken
    raise RuntimeError("テスト: マスクを作れない状態")
RuntimeError: テスト: マスクを作れない状態
2026-09-25 11:22:24,315 [WARNING] src.timeline.renderer: 利用者の指示により、ぼかしを入れずに出力します
2026-09-25 11:22:24,315 [INFO] src.timeline.renderer: オーバーレイ・字幕が無いため合成をスキップします
2026-09-25 11:22:24,325 [INFO] src.timeline.renderer: 中間形式を最終形式へ変換: .mov → mp4 (音声のみ再エンコード)
2026-09-25 11:22:24,328 [INFO] src.timeline.renderer: ベース映像構築: 1 クリップ / ギャップ 0 件 / 合計 5.0s
2026-09-25 11:22:24,331 [INFO] src.timeline.renderer: ベース映像の尺: モデル 5.000s / 実測 5.000s (差 +0.000s / 1 部品)
2026-09-25 11:22:24,333 [INFO] src.blur.mask_builder: ぼかす指定が無いためマスクを作りません
2026-09-25 11:22:24,333 [INFO] src.timeline.renderer: オーバーレイ・字幕が無いため合成をスキップします
2026-09-25 11:22:24,336 [INFO] src.timeline.renderer: 中間形式を最終形式へ変換: .mov → mp4 (音声のみ再エンコード)
2026-09-25 11:22:25,275 [INFO] src.modules.subtitle_generator: 縦動画のため字幕設定を縦用へ上書き (font/改行/配置/余白)
2026-09-25 11:22:25,275 [WARNING] src.modules.comment_decor: コメント背景がキャンバスに収まらないため詰めました (推定幅 1181px / 使える幅 1080px)。font_size か max_line_length を下げると解消します
2026-09-25 11:22:25,282 [INFO] src.modules.comment_decor: コメントアイコン: 2 件 / 位置 2 種類
2026-09-25 11:22:25,282 [INFO] src.modules.comment_decor: コメントアイコン: 2 件 / 位置 1 種類
2026-09-25 11:22:25,282 [INFO] src.modules.comment_decor: コメントアイコン: 1 件 / 位置 1 種類
2026-09-25 11:22:25,282 [INFO] src.modules.subtitle_generator: 縦動画のため字幕設定を縦用へ上書き (font/改行/配置/余白)
2026-09-25 11:22:25,282 [WARNING] src.modules.comment_decor: コメントアイコンがキャンバスに収まらないため位置を詰めました (要求 x=-190.0 y=465.0 → x=0.0 y=465.0)。subtitle.comment_margin_l を大きくすると解消します
2026-09-25 11:22:25,282 [INFO] src.modules.subtitle_generator: コメント背景: 1 件
2026-09-25 11:22:25,286 [WARNING] src.modules.subtitle_generator: コメントの Layer が逆転しているため本文を 6 へ引き上げます (背景=5 / 本文=1)
2026-09-25 11:22:25,288 [INFO] src.modules.subtitle_generator: コメント背景: 1 件
2026-09-25 11:22:25,300 [WARNING] src.modules.subtitle_generator: コメントの配置は左寄せ (1/4/7) のみ対応のため 4 を使用します: 2
2026-09-25 11:22:25,300 [INFO] src.modules.subtitle_generator: 縦動画のため字幕設定を縦用へ上書き (font/改行/配置/余白)
2026-09-25 11:22:25,305 [WARNING] src.export.fcpxml_builder: タイムライン終端を超える字幕をクリップ末尾へクランプしました (丸め誤差の端数など)。
2026-09-25 11:22:25,311 [INFO] src.modules.loudness_normalizer: 入力ラウドネス: I=-9.2 LUFS / TP=-0.3 dBTP / LRA=5.1 LU → 目標 I=-14.0 LUFS / TP=-1.0 dBTP (offset 0.4 dB)
2026-09-25 11:22:25,317 [ERROR] src.modules.loudness_normalizer: ラウドネス正規化の適用に失敗 (元音声のまま継続): in.mp4
Traceback (most recent call last):
  File "D:\develop\autoedit\src\modules\loudness_normalizer.py", line 219, in normalize_file
    ffmpeg_runner.execute(
  File "C:\Users\evolu\AppData\Local\Programs\Python\Python312\Lib\unittest\mock.py", line 1139, in __call__
    return self._mock_call(*args, **kwargs)
           ^^^^^^^^^^^^^^^^^^^^^^^^^^^^^^^^
  File "C:\Users\evolu\AppData\Local\Programs\Python\Python312\Lib\unittest\mock.py", line 1143, in _mock_call
    return self._execute_mock_call(*args, **kwargs)
           ^^^^^^^^^^^^^^^^^^^^^^^^^^^^^^^^^^^^^^^^
  File "C:\Users\evolu\AppData\Local\Programs\Python\Python312\Lib\unittest\mock.py", line 1198, in _execute_mock_call
    raise effect
src.exceptions.FFmpegError: 失敗
2026-09-25 11:22:25,317 [INFO] src.modules.loudness_normalizer: ラウドネス正規化は無効のためスキップ
2026-09-25 11:22:25,317 [WARNING] src.modules.loudness_normalizer: ラウドネス測定に失敗したため正規化をスキップ (元音声のまま継続): in.mp4
2026-09-25 11:22:25,317 [INFO] src.modules.loudness_normalizer: 音声ストリームが無いためラウドネス正規化をスキップ: in.mp4
2026-09-25 11:22:25,323 [INFO] src.modules.loudness_normalizer: ラウドネス正規化 完了: out.mp4
2026-09-25 11:22:25,324 [INFO] src.modules.loudness_normalizer: 入力ラウドネス: I=-9.2 LUFS / TP=-0.3 dBTP / LRA=5.1 LU → 目標 I=-14.0 LUFS / TP=-1.0 dBTP (offset 0.4 dB)
2026-09-25 11:22:25,328 [INFO] src.modules.loudness_normalizer: ラウドネス正規化 完了: out.mp4
2026-09-25 11:22:25,329 [INFO] src.timeline.media_recovery: 本編素材を元動画から作り直します: C:\Users\evolu\AppData\Local\Temp\media_recovery_test_k0_s65dd\sample.mp4
2026-09-25 11:22:25,330 [WARNING] src.timeline.media_recovery: 素材が見つかりません: m2 (C:\Users\evolu\AppData\Local\Temp\media_recovery_test_vfl9h2fi\gone.png)
2026-09-25 11:22:25,334 [INFO] src.timeline.media_recovery: 素材を差し替え済みのフォルダで見つけました: m3 → C:\Users\evolu\AppData\Local\Temp\media_recovery_test_zyrb54b6\moved\logo2.png
2026-09-25 11:22:25,337 [INFO] src.timeline.media_recovery: 本編素材を元動画から作り直します: C:\Users\evolu\AppData\Local\Temp\media_recovery_test_2v35gw8q\sample.mp4
2026-09-25 11:22:25,340 [WARNING] src.timeline.media_recovery: 元動画が見つからないため本編素材を復旧できません: C:\Users\evolu\AppData\Local\Temp\media_recovery_test_f7z5bbkd\no_such_input.mp4
2026-09-25 11:22:25,340 [WARNING] src.timeline.media_recovery: 素材が見つかりません: m1 (C:\Users\evolu\AppData\Local\Temp\media_recovery_test_f7z5bbkd\work\loudness_normalized.mp4)
2026-09-25 11:22:25,340 [INFO] src.timeline.media_recovery: 本編素材は元動画そのものだったため、そのまま使います: C:\Users\evolu\AppData\Local\Temp\media_recovery_test_v8g98sf2\sample.mp4
2026-09-25 11:22:25,340 [INFO] src.timeline.media_recovery: 素材を相対パスで見つけました: m2 → C:\Users\evolu\AppData\Local\Temp\media_recovery_test_5hl_w9rl\assets\logo.png
2026-09-25 11:22:25,340 [INFO] src.timeline.media_recovery: 設定に従い元動画をそのまま使います (音量は正規化前): C:\Users\evolu\AppData\Local\Temp\media_recovery_test_3ve1aviz\sample.mp4
2026-09-25 11:22:25,340 [INFO] src.services.points: ポイントを予約しました: clip/video 25pt (watermark=False)
2026-09-25 11:22:25,340 [WARNING] src.services.points: ポイント残高を取得できませんでした: 断
2026-09-25 11:22:25,354 [INFO] src.services.points: ポイントを予約しました: clip/video 25pt (watermark=False)
2026-09-25 11:22:25,354 [WARNING] src.services.points: ポイントのcommitを送信できませんでした (再送します): 接続できません
2026-09-25 11:22:25,369 [INFO] src.services.points: ポイントを予約しました: clip/video 25pt (watermark=False)
2026-09-25 11:22:25,370 [WARNING] src.services.points: ポイントのcommitを送信できませんでした (再送します): 断
2026-09-25 11:22:25,370 [INFO] src.services.points: 保留していたポイント処理を 2 件送信しました。
2026-09-25 11:22:25,376 [WARNING] src.services.points: ポイントを予約できませんでした: 再ログインが必要です。
2026-09-25 11:22:25,378 [INFO] src.services.points: ポイントを予約しました: clip/video 25pt (watermark=False)
2026-09-25 11:22:25,378 [WARNING] src.services.points: ポイントのcancelが拒否されました: 確定済み
2026-09-25 11:22:25,380 [INFO] src.services.points: 保留していたポイント処理を 1 件送信しました。
2026-09-25 11:22:25,382 [INFO] src.services.points: ポイントを予約しました: clip/video 25pt (watermark=False)
2026-09-25 11:22:25,395 [INFO] src.services.points: サブスク判定のキャッシュが古いため watermark を入れます。
2026-09-25 11:22:25,395 [WARNING] src.services.points: ポイントを予約できませんでした (オフライン): 接続できません
2026-09-25 11:22:25,405 [WARNING] src.services.points: ポイントを予約できませんでした (オフライン): 接続できません
2026-09-25 11:22:25,405 [WARNING] src.services.points: ポイントを予約できませんでした (オフライン): 接続できません
2026-09-25 11:22:25,405 [WARNING] src.services.points: ポイントを予約できませんでした: 想定外
2026-09-25 11:22:25,405 [INFO] src.services.points: ポイントを予約しました: clip/resolveProject 0pt (watermark=False)
2026-09-25 11:22:25,423 [INFO] src.services.points: ポイントを予約しました: clip/video 25pt (watermark=False)
2026-09-25 11:22:25,425 [INFO] src.services.points: ポイントを予約しました: archive/video 0pt (watermark=True)
2026-09-25 11:22:25,447 [WARNING] src.timeline.builder: フレーム間引きの設定が不正なため none を使用します: 'all'
2026-09-25 11:22:25,464 [INFO] src.timeline.project_io: プロジェクト保存: C:\Users\evolu\AppData\Local\Temp\library_summary_341krhas\vod.archive.timeline.json
2026-09-25 11:22:25,479 [WARNING] src.timeline.project_io: プロジェクトの概要を読めませんでした: C:\Users\evolu\AppData\Local\Temp\library_summary_99wf8qk6\broken.timeline.json
2026-09-25 11:22:25,479 [INFO] src.timeline.project_io: プロジェクト保存: C:\Users\evolu\AppData\Local\Temp\library_summary_wz5jogav\sample.timeline.json
2026-09-25 11:22:25,511 [INFO] src.timeline.project_io: プロジェクト保存: C:\Users\evolu\AppData\Local\Temp\library_summary__nxa4iqb\sample.timeline.json
2026-09-25 11:22:25,527 [INFO] src.timeline.project_io: プロジェクト保存: C:\Users\evolu\AppData\Local\Temp\library_rename_p_k676v7\old.timeline.json
2026-09-25 11:22:25,527 [INFO] src.timeline.project_io: プロジェクト保存: C:\Users\evolu\AppData\Local\Temp\library_rename_37z85khc\old.timeline.json
2026-09-25 11:22:25,543 [INFO] src.timeline.project_io: プロジェクト保存: C:\Users\evolu\AppData\Local\Temp\library_rename_4slea5gp\old.timeline.json
2026-09-25 11:22:25,556 [INFO] src.timeline.project_io: プロジェクトを改名しました: old.timeline.json → new.timeline.json
2026-09-25 11:22:25,577 [INFO] src.timeline.project_io: プロジェクト保存: C:\Users\evolu\AppData\Local\Temp\library_rename_s77obklr\old.timeline.json
2026-09-25 11:22:25,592 [INFO] src.timeline.project_io: プロジェクトを改名しました: old.timeline.json → new.timeline.json
2026-09-25 11:22:25,596 [INFO] src.timeline.project_io: プロジェクト保存: C:\Users\evolu\AppData\Local\Temp\library_rename_jijcifo8\old.timeline.json
2026-09-25 11:22:25,606 [INFO] src.timeline.project_io: プロジェクトが 5 件見つかりました (新しい 2 件を表示します)
2026-09-25 11:22:25,630 [WARNING] src.export.resolve_export: ソース総尺の取得に失敗 (タイムライン全長で代用): C:\Users\evolu\AppData\Local\Temp\resolve_export_test_0cuj61ul\sample.mp4
2026-09-25 11:22:25,635 [WARNING] src.export.resolve_export: ソース総尺の取得に失敗 (タイムライン全長で代用): C:\Users\evolu\AppData\Local\Temp\resolve_export_test_ia8kytmt\sample.mp4
2026-09-25 11:22:25,660 [WARNING] src.export.resolve_export: ソース総尺の取得に失敗 (タイムライン全長で代用): C:\Users\evolu\AppData\Local\Temp\resolve_export_test_7az_pf56\sample.mp4
2026-09-25 11:22:25,673 [WARNING] src.export.resolve_export: ソース総尺の取得に失敗 (タイムライン全長で代用): C:\Users\evolu\AppData\Local\Temp\resolve_export_test__c5gh15t\sample.mp4
2026-09-25 11:22:25,673 [WARNING] src.export.resolve_export: テーマ演出はテキストと区間のみを出力します (ブラー・黒帯などの映像エフェクトは FCPXML で表現できません)。
2026-09-25 11:22:25,674 [WARNING] src.export.resolve_export: 字幕位置は配置(alignment)＋余白からの近似です。Resolve 取り込み時に位置が中央へ戻る場合があります (フォント/サイズ/色は保持)。
2026-09-25 11:22:25,690 [WARNING] src.export.resolve_export: ソース総尺の取得に失敗 (タイムライン全長で代用): C:\Users\evolu\AppData\Local\Temp\resolve_export_test_ann_y0st\sample.mp4
2026-09-25 11:22:25,704 [WARNING] src.export.resolve_export: ソース総尺の取得に失敗 (タイムライン全長で代用): C:\Users\evolu\AppData\Local\Temp\resolve_export_test_eguez7z_\sample.mp4
2026-09-25 11:22:25,717 [WARNING] src.export.resolve_export: ソース総尺の取得に失敗 (タイムライン全長で代用): C:\Users\evolu\AppData\Local\Temp\resolve_export_test_tak64h3j\sample.mp4
2026-09-25 11:22:25,731 [WARNING] src.export.resolve_export: ソース総尺の取得に失敗 (タイムライン全長で代用): C:\Users\evolu\AppData\Local\Temp\resolve_export_test_tak64h3j\sample.mp4
2026-09-25 11:22:25,736 [WARNING] src.export.resolve_export: ソース総尺の取得に失敗 (タイムライン全長で代用): C:\Users\evolu\AppData\Local\Temp\resolve_export_test_6bx1kg4h\sample.mp4
2026-09-25 11:22:25,736 [WARNING] src.export.resolve_export: 未対応の字幕出力方式 export.resolve.subtitle.mode=bogus のため caption で出力します
2026-09-25 11:22:25,750 [WARNING] src.export.resolve_export: ソース総尺の取得に失敗 (タイムライン全長で代用): C:\Users\evolu\AppData\Local\Temp\resolve_export_test_68_01ean\sample.mp4
2026-09-25 11:22:25,762 [WARNING] src.export.resolve_export: ソース総尺の取得に失敗 (タイムライン全長で代用): C:\Users\evolu\AppData\Local\Temp\resolve_export_test_vnbps0v7\sample.mp4
2026-09-25 11:22:25,775 [WARNING] src.export.resolve_export: ソース総尺の取得に失敗 (タイムライン全長で代用): C:\Users\evolu\AppData\Local\Temp\resolve_export_test_7ubolnhl\sample.mp4
2026-09-25 11:22:25,775 [WARNING] src.export.resolve_export: ソース総尺の取得に失敗 (タイムライン全長で代用): C:\Users\evolu\AppData\Local\Temp\resolve_export_test_j28so_k1\sample.mp4
2026-09-25 11:22:25,796 [WARNING] src.export.resolve_export: ソース総尺の取得に失敗 (タイムライン全長で代用): C:\Users\evolu\AppData\Local\Temp\resolve_export_test_fw92f3h2\sample.mp4
2026-09-25 11:22:25,807 [WARNING] src.export.resolve_export: ソース総尺の取得に失敗 (タイムライン全長で代用): C:\Users\evolu\AppData\Local\Temp\resolve_export_test__usjj3au\sample.mp4
2026-09-25 11:22:25,822 [WARNING] src.export.resolve_export: ソース総尺の取得に失敗 (タイムライン全長で代用): C:\Users\evolu\AppData\Local\Temp\resolve_export_test_zhn100uu\sample.mp4
2026-09-25 11:22:25,837 [WARNING] src.export.resolve_export: ソース総尺の取得に失敗 (タイムライン全長で代用): C:\Users\evolu\AppData\Local\Temp\resolve_export_test_qv5vdmf3\sample.mp4
2026-09-25 11:22:25,853 [WARNING] src.export.resolve_export: ソース総尺の取得に失敗 (タイムライン全長で代用): C:\Users\evolu\AppData\Local\Temp\resolve_export_test_jobbqdb1\sample.mp4
2026-09-25 11:22:25,853 [INFO] src.export.resolve_export: 編集点が無いため全長 1 クリップとして出力します
2026-09-25 11:22:25,865 [WARNING] src.export.resolve_export: ソース総尺の取得に失敗 (タイムライン全長で代用): C:\Users\evolu\AppData\Local\Temp\resolve_export_test_1q75d8up\sample.mp4
2026-09-25 11:22:25,865 [INFO] src.export.resolve_export: Resolve 出力開始: C:\Users\evolu\AppData\Local\Temp\resolve_export_test_1q75d8up\out2.fcpxml (クリップ 1 件 / 字幕 caption 1 件 / title・テーマ 0 件 / 1920x1080 60fps)
2026-09-25 11:22:25,867 [INFO] src.export.resolve_export: 字幕トラックのスタイルは Resolve の字幕トラックヘッダー選択 → インスペクタ → Track Style で一括設定できます (Resolve 19 以降は Text+ スタイルも指定可)。
2026-09-25 11:22:25,867 [INFO] src.export.resolve_export: Resolve 出力完了: C:\Users\evolu\AppData\Local\Temp\resolve_export_test_1q75d8up\out2.fcpxml (タイムライン尺 5.00s)
2026-09-25 11:22:25,880 [WARNING] src.export.resolve_export: ソース総尺の取得に失敗 (タイムライン全長で代用): C:\Users\evolu\AppData\Local\Temp\resolve_export_test_47gicoh8\sample.mp4
2026-09-25 11:22:25,881 [INFO] src.export.resolve_export: Resolve 出力開始: C:\Users\evolu\AppData\Local\Temp\resolve_export_test_47gicoh8\out3.fcpxml (クリップ 1 件 / 字幕 caption 0 件 / title・テーマ 0 件 / 1920x1080 60fps)
2026-09-25 11:22:25,882 [INFO] src.export.resolve_export: Resolve 出力完了: C:\Users\evolu\AppData\Local\Temp\resolve_export_test_47gicoh8\out3.fcpxml (タイムライン尺 5.00s)
2026-09-25 11:22:25,896 [WARNING] src.export.resolve_export: ソース総尺の取得に失敗 (タイムライン全長で代用): C:\Users\evolu\AppData\Local\Temp\resolve_export_test_xqhbrcsd\sample.mp4
2026-09-25 11:22:25,896 [INFO] src.export.resolve_export: Resolve 出力開始: C:\Users\evolu\AppData\Local\Temp\resolve_export_test_xqhbrcsd\out.fcpxml (クリップ 1 件 / 字幕 caption 1 件 / title・テーマ 0 件 / 1920x1080 60fps)
2026-09-25 11:22:25,900 [INFO] src.export.resolve_export: SRT サイドカー出力: C:\Users\evolu\AppData\Local\Temp\resolve_export_test_xqhbrcsd\out.srt (1 件)
2026-09-25 11:22:25,900 [INFO] src.export.resolve_export: Resolve 出力完了: C:\Users\evolu\AppData\Local\Temp\resolve_export_test_xqhbrcsd\out.fcpxml / C:\Users\evolu\AppData\Local\Temp\resolve_export_test_xqhbrcsd\out.srt (タイムライン尺 5.00s)
2026-09-25 11:22:25,903 [INFO] src.export.resolve_export: Resolve 出力を中止 (上書きしない): C:\Users\evolu\AppData\Local\Temp\resolve_export_test_xqhbrcsd\out.fcpxml
2026-09-25 11:22:26,116 [INFO] src.modules.subtitle_generator: 縦動画のため字幕設定を縦用へ上書き (font/改行/配置/余白)
2026-09-25 11:22:26,121 [WARNING] src.services.stretheus_auth: API の日時を解釈できませんでした。
2026-09-25 11:22:26,141 [INFO] src.services.stretheus_auth: Stretheus のログインページを開きます (ポート51858)
2026-09-25 11:22:26,172 [INFO] src.services.stretheus_auth: Stretheus へログインしました。
2026-09-25 11:22:27,244 [INFO] src.services.stretheus_auth: Stretheus のログインページを開きます (ポート62433)
2026-09-25 11:22:27,266 [INFO] src.services.stretheus_auth: Stretheus へログインしました。
2026-09-25 11:22:28,296 [INFO] src.services.stretheus_auth: Stretheus のログインページを開きます (ポート64571)
2026-09-25 11:22:28,322 [INFO] src.services.stretheus_auth: Stretheus へログインしました。
2026-09-25 11:22:28,843 [INFO] src.services.stretheus_auth: Stretheus のログインページを開きます (ポート64576)
2026-09-25 11:22:28,857 [INFO] src.services.stretheus_auth: Stretheus へログインしました。
2026-09-25 11:22:29,367 [INFO] src.services.stretheus_auth: Stretheus のログインページを開きます (ポート51388)
2026-09-25 11:22:29,380 [INFO] src.services.stretheus_auth: Stretheus へログインしました。
2026-09-25 11:22:29,911 [INFO] src.services.stretheus_auth: Stretheus のログインページを開きます (ポート51394)
2026-09-25 11:22:29,915 [INFO] src.services.stretheus_auth: Stretheus へログインしました。
2026-09-25 11:22:30,422 [INFO] src.modules.subtitle_generator: テロップ個別指定 フォント 0 件 / サイズ 0 件 / 文字色 1 件 / 縁の色 0 件
2026-09-25 11:22:30,427 [INFO] src.modules.subtitle_generator: テロップ個別指定 フォント 0 件 / サイズ 0 件 / 文字色 1 件 / 縁の色 0 件
2026-09-25 11:22:30,459 [INFO] src.modules.subtitle_generator: テロップ個別指定 フォント 0 件 / サイズ 0 件 / 文字色 0 件 / 縁の色 1 件
2026-09-25 11:22:30,459 [INFO] src.modules.subtitle_generator: テロップ個別指定 フォント 0 件 / サイズ 0 件 / 文字色 0 件 / 縁の色 1 件
2026-09-25 11:22:30,459 [INFO] src.modules.subtitle_generator: テロップ個別指定 フォント 1 件 / サイズ 1 件 / 文字色 1 件 / 縁の色 1 件
2026-09-25 11:22:30,473 [INFO] src.timeline.commands: コメント用の字幕トラックを作成しました: S2
2026-09-25 11:22:30,473 [INFO] src.timeline.commands: 移動先 S2 が空いていないため役割だけ変更しました: s1
2026-09-25 11:22:30,474 [INFO] src.timeline.commands: コメント用の字幕トラックを作成しました: S2
2026-09-25 11:22:30,474 [INFO] src.timeline.commands: コメント用の字幕トラックを作成しました: S2
2026-09-25 11:22:30,474 [INFO] src.timeline.commands: コメント用の字幕トラックを作成しました: S2
2026-09-25 11:22:30,477 [INFO] src.timeline.project_io: プロジェクト保存: C:\Users\evolu\AppData\Local\Temp\tmpb655a19e\sample.timeline.json
2026-09-25 11:22:30,492 [INFO] src.modules.subtitle_generator: VAD フィルタ有効 (min_silence=500ms, speech_pad=100ms, condition_on_previous_text=False)
2026-09-25 11:22:30,492 [WARNING] src.modules.subtitle_generator: VAD 付き認識に失敗したため VAD 無しで再試行します: VAD の初期化に失敗しました (テスト)
2026-09-25 11:22:30,493 [INFO] src.modules.subtitle_generator: VAD フィルタ有効 (min_silence=800ms, speech_pad=100ms, condition_on_previous_text=False)
2026-09-25 11:22:30,493 [INFO] src.modules.subtitle_generator: VAD フィルタ有効 (min_silence=500ms, speech_pad=100ms, condition_on_previous_text=False)
2026-09-25 11:22:30,611 [INFO] src.timeline.commands: 貼り付けの割り込み: V1 の 5.000s へ 10.00s を確保 / 移動 2 件・分割 1 件・切詰 0 件
2026-09-25 11:22:30,611 [INFO] src.timeline.commands: 貼り付けの割り込み: V2 の 5.000s へ 10.00s を確保 / 移動 2 件・分割 0 件・切詰 0 件
2026-09-25 11:22:30,611 [INFO] src.timeline.commands: 貼り付けの割り込み: S1 の 5.000s へ 10.00s を確保 / 移動 1 件・分割 0 件・切詰 0 件
2026-09-25 11:22:30,611 [INFO] src.timeline.commands: 貼り付けの割り込み: V1 の 5.000s へ 10.00s を確保 / 移動 2 件・分割 1 件・切詰 0 件
2026-09-25 11:22:30,611 [INFO] src.timeline.commands: 貼り付けの割り込み: V2 の 5.000s へ 10.00s を確保 / 移動 2 件・分割 0 件・切詰 0 件
2026-09-25 11:22:30,611 [INFO] src.timeline.commands: 貼り付けの割り込み: S1 の 5.000s へ 10.00s を確保 / 移動 1 件・分割 0 件・切詰 0 件
2026-09-25 11:22:30,611 [INFO] src.timeline.commands: 貼り付けの割り込み: V1 の 5.000s へ 10.00s を確保 / 移動 2 件・分割 1 件・切詰 0 件
2026-09-25 11:22:30,611 [INFO] src.timeline.commands: 貼り付けの割り込み: V2 の 5.000s へ 10.00s を確保 / 移動 2 件・分割 0 件・切詰 0 件
2026-09-25 11:22:30,611 [INFO] src.timeline.commands: 貼り付けの割り込み: S1 の 5.000s へ 10.00s を確保 / 移動 1 件・分割 0 件・切詰 0 件
2026-09-25 11:22:30,611 [INFO] src.timeline.commands: 貼り付けの割り込み: V1 の 5.000s へ 15.00s を確保 / 移動 3 件・分割 0 件・切詰 0 件
2026-09-25 11:22:30,611 [INFO] src.timeline.commands: 貼り付けの割り込み: V2 の 5.000s へ 15.00s を確保 / 移動 2 件・分割 0 件・切詰 0 件
2026-09-25 11:22:30,611 [INFO] src.timeline.commands: 貼り付けの割り込み: S1 の 5.000s へ 15.00s を確保 / 移動 1 件・分割 0 件・切詰 0 件
2026-09-25 11:22:30,611 [INFO] src.timeline.commands: 貼り付けの割り込み: V1 の 10.020s へ 10.02s を確保 / 移動 2 件・分割 0 件・切詰 0 件
2026-09-25 11:22:30,611 [INFO] src.timeline.commands: 貼り付けの割り込み: V2 の 10.020s へ 10.02s を確保 / 移動 1 件・分割 0 件・切詰 0 件
2026-09-25 11:22:30,611 [INFO] src.timeline.commands: 貼り付けの割り込み: S1 の 10.020s へ 10.02s を確保 / 移動 1 件・分割 0 件・切詰 0 件
2026-09-25 11:22:30,611 [INFO] src.timeline.commands: 貼り付けの割り込み: V1 の 19.980s へ 9.98s を確保 / 移動 1 件・分割 0 件・切詰 1 件
2026-09-25 11:22:30,611 [INFO] src.timeline.commands: 貼り付けの割り込み: V2 の 19.980s へ 9.98s を確保 / 移動 1 件・分割 0 件・切詰 0 件
2026-09-25 11:22:30,611 [INFO] src.timeline.commands: 貼り付けの割り込み: S1 の 19.980s へ 9.98s を確保 / 移動 0 件・分割 0 件・切詰 0 件
2026-09-25 11:22:30,611 [WARNING] src.timeline.commands: 素材が見つからないため貼り付けません: D:\develop\autoedit\tests\存在しない素材.mp4
2026-09-25 11:22:30,611 [INFO] src.timeline.commands: 貼り付けの割り込み: V1 の 5.000s へ 10.00s を確保 / 移動 2 件・分割 1 件・切詰 0 件
2026-09-25 11:22:30,611 [INFO] src.timeline.commands: 貼り付けの割り込み: V2 の 5.000s へ 10.00s を確保 / 移動 2 件・分割 0 件・切詰 0 件
2026-09-25 11:22:30,611 [INFO] src.timeline.commands: 貼り付けの割り込み: S1 の 5.000s へ 10.00s を確保 / 移動 1 件・分割 0 件・切詰 0 件
2026-09-25 11:22:30,611 [INFO] src.timeline.commands: 貼り付けの割り込み: V1 の 5.000s へ 10.00s を確保 / 移動 2 件・分割 1 件・切詰 0 件
2026-09-25 11:22:30,611 [INFO] src.timeline.commands: 貼り付けの割り込み: V2 の 5.000s へ 10.00s を確保 / 移動 2 件・分割 0 件・切詰 0 件
2026-09-25 11:22:30,611 [INFO] src.timeline.commands: 貼り付けの割り込み: S1 の 5.000s へ 10.00s を確保 / 移動 1 件・分割 0 件・切詰 0 件
2026-09-25 11:22:30,611 [INFO] src.timeline.commands: 貼り付けの割り込み: V1 の 5.000s へ 10.00s を確保 / 移動 2 件・分割 1 件・切詰 0 件
2026-09-25 11:22:30,611 [INFO] src.timeline.commands: 貼り付けの割り込み: V2 の 5.000s へ 10.00s を確保 / 移動 2 件・分割 0 件・切詰 0 件
2026-09-25 11:22:30,611 [INFO] src.timeline.commands: 貼り付けの割り込み: S1 の 5.000s へ 10.00s を確保 / 移動 1 件・分割 0 件・切詰 0 件
2026-09-25 11:22:30,611 [INFO] src.timeline.commands: 貼り付けの割り込み: V1 の 5.000s へ 10.00s を確保 / 移動 2 件・分割 1 件・切詰 0 件
2026-09-25 11:22:30,611 [INFO] src.timeline.commands: 貼り付けの割り込み: V2 の 5.000s へ 10.00s を確保 / 移動 2 件・分割 0 件・切詰 0 件
2026-09-25 11:22:30,611 [INFO] src.timeline.commands: 貼り付けの割り込み: S1 の 5.000s へ 10.00s を確保 / 移動 1 件・分割 0 件・切詰 0 件
2026-09-25 11:22:30,611 [INFO] src.timeline.commands: 貼り付けの割り込み: V1 の 5.000s へ 10.00s を確保 / 移動 2 件・分割 1 件・切詰 0 件
2026-09-25 11:22:30,611 [INFO] src.timeline.commands: 貼り付けの割り込み: V2 の 5.000s へ 10.00s を確保 / 移動 2 件・分割 0 件・切詰 0 件
2026-09-25 11:22:30,611 [INFO] src.timeline.commands: 貼り付けの割り込み: S1 の 5.000s へ 10.00s を確保 / 移動 1 件・分割 0 件・切詰 0 件
2026-09-25 11:22:30,611 [INFO] src.timeline.commands: 貼り付けの割り込み: V2 の 4.000s へ 2.00s を確保 / 移動 2 件・分割 0 件・切詰 0 件
2026-09-25 11:22:30,611 [INFO] src.timeline.commands: 貼り付けの割り込み: V2 の 4.000s へ 2.00s を確保 / 移動 2 件・分割 0 件・切詰 0 件
2026-09-25 11:22:30,621 [INFO] src.timeline.commands: 貼り付けの割り込み: V2 の 4.000s へ 2.00s を確保 / 移動 2 件・分割 0 件・切詰 0 件
2026-09-25 11:22:30,622 [INFO] src.timeline.clipboard: Timeline のノードをコピーしました: 1 件
2026-09-25 11:22:30,622 [INFO] src.timeline.clipboard: Timeline のノードをコピーしました: 1 件
2026-09-25 11:22:30,623 [INFO] src.timeline.commands: 貼り付けの割り込み: V1 の 4.000s へ 2.00s を確保 / 移動 2 件・分割 1 件・切詰 0 件
2026-09-25 11:22:30,623 [INFO] src.timeline.commands: 貼り付けの割り込み: V2 の 4.000s へ 2.00s を確保 / 移動 2 件・分割 0 件・切詰 0 件
2026-09-25 11:22:30,623 [INFO] src.timeline.commands: 貼り付けの割り込み: S1 の 4.000s へ 2.00s を確保 / 移動 1 件・分割 0 件・切詰 0 件
2026-09-25 11:22:30,623 [INFO] src.timeline.commands: 貼り付けの割り込み: V2 の 4.000s へ 2.00s を確保 / 移動 2 件・分割 0 件・切詰 0 件
2026-09-25 11:22:30,624 [INFO] src.timeline.commands: 貼り付けの割り込み: V1 の 5.000s へ 10.00s を確保 / 移動 2 件・分割 1 件・切詰 0 件
2026-09-25 11:22:30,624 [INFO] src.timeline.commands: 貼り付けの割り込み: V2 の 5.000s へ 10.00s を確保 / 移動 2 件・分割 0 件・切詰 0 件
2026-09-25 11:22:30,624 [INFO] src.timeline.commands: 貼り付けの割り込み: V1 の 5.000s へ 10.00s を確保 / 移動 2 件・分割 1 件・切詰 0 件
2026-09-25 11:22:30,624 [WARNING] src.timeline.builder: 貼り付けの設定が不正なため既定 base_syncs_all を使用します: 'なにか'
2026-09-25 11:22:30,624 [WARNING] src.timeline.builder: 貼り付けの設定が不正なため既定 split を使用します: 123
2026-09-25 11:22:30,625 [INFO] src.timeline.commands: 貼り付けの割り込み: V1 の 5.000s へ 10.00s を確保 / 移動 2 件・分割 1 件・切詰 0 件
2026-09-25 11:22:30,625 [INFO] src.timeline.commands: 貼り付けの割り込み: V2 の 5.000s へ 10.00s を確保 / 移動 2 件・分割 0 件・切詰 0 件
2026-09-25 11:22:30,626 [INFO] src.timeline.commands: 貼り付けの割り込み: S1 の 5.000s へ 10.00s を確保 / 移動 1 件・分割 0 件・切詰 0 件
2026-09-25 11:22:30,628 [WARNING] src.timeline.commands: 映像トラックの上限 (3) に達しているため追加できません
2026-09-25 11:22:30,629 [INFO] src.timeline.commands: 字幕を追加できる空きがありません (2.000 秒)
2026-09-25 11:22:30,629 [INFO] src.timeline.commands: 字幕を追加できる空きがありません (0.990 秒)
2026-09-25 11:22:30,631 [INFO] src.timeline.commands: リップル: 10.000〜20.000s (10.00s) を除去 / 削除 1 件・短縮 0 件・移動 1 件
2026-09-25 11:22:30,631 [INFO] src.timeline.commands: リップル: 10.000〜20.000s (10.00s) を除去 / 削除 1 件・短縮 0 件・移動 1 件
2026-09-25 11:22:30,631 [INFO] src.timeline.commands: リップル: 10.000〜20.000s (10.00s) を除去 / 削除 1 件・短縮 0 件・移動 1 件
2026-09-25 11:22:30,631 [INFO] src.timeline.commands: リップル: 0.000〜10.000s (10.00s) を除去 / 削除 2 件・短縮 0 件・移動 1 件
2026-09-25 11:22:30,632 [INFO] src.timeline.commands: リップル: 10.000〜20.000s (10.00s) を除去 / 削除 1 件・短縮 0 件・移動 1 件
2026-09-25 11:22:30,634 [INFO] src.timeline.commands: リップル: 10.000〜20.000s (10.00s) を除去 / 削除 2 件・短縮 1 件・移動 2 件
2026-09-25 11:22:30,635 [INFO] src.timeline.commands: リップル: 10.000〜20.000s (10.00s) を除去 / 削除 2 件・短縮 1 件・移動 2 件
2026-09-25 11:22:30,635 [INFO] src.timeline.commands: リップル: 10.000〜20.000s (10.00s) を除去 / 削除 2 件・短縮 1 件・移動 2 件
2026-09-25 11:22:30,635 [INFO] src.timeline.commands: リップル: 10.000〜20.000s (10.00s) を除去 / 削除 2 件・短縮 1 件・移動 2 件
2026-09-25 11:22:30,636 [INFO] src.timeline.commands: リップル: 10.000〜20.000s (10.00s) を除去 / 削除 2 件・短縮 1 件・移動 2 件
2026-09-25 11:22:30,636 [INFO] src.timeline.commands: リップル: 10.000〜20.000s (10.00s) を除去 / 削除 2 件・短縮 1 件・移動 2 件
2026-09-25 11:22:30,637 [INFO] src.timeline.commands: リップル: 10.000〜20.000s (10.00s) を除去 / 削除 2 件・短縮 0 件・移動 3 件
2026-09-25 11:22:30,637 [INFO] src.timeline.commands: リップル: 10.000〜20.000s (10.00s) を除去 / 削除 1 件・短縮 0 件・移動 1 件
2026-09-25 11:22:30,637 [INFO] src.timeline.commands: リップル: 10.000〜20.000s (10.00s) を除去 / 削除 2 件・短縮 1 件・移動 2 件
2026-09-25 11:22:30,637 [INFO] src.timeline.commands: 残り尺が下限を割るためクリップごとリップル削除しました: c2
2026-09-25 11:22:30,637 [INFO] src.timeline.commands: リップル: 10.000〜20.000s (10.00s) を除去 / 削除 1 件・短縮 0 件・移動 2 件
2026-09-25 11:22:30,638 [INFO] src.timeline.commands: リップル: 15.000〜20.000s (5.00s) を除去 / 削除 0 件・短縮 1 件・移動 2 件
2026-09-25 11:22:30,638 [INFO] src.timeline.commands: リップル: 10.000〜15.000s (5.00s) を除去 / 削除 0 件・短縮 1 件・移動 2 件
2026-09-25 11:22:30,638 [INFO] src.timeline.commands: リップル: 15.000〜20.000s (5.00s) を除去 / 削除 0 件・短縮 1 件・移動 2 件
2026-09-25 11:22:30,638 [INFO] src.timeline.commands: リップル: 15.000〜20.000s (5.00s) を除去 / 削除 0 件・短縮 1 件・移動 2 件
2026-09-25 11:22:30,638 [INFO] src.timeline.commands: リップル: 26.000〜27.000s (1.00s) を除去 / 削除 0 件・短縮 2 件・移動 0 件
2026-09-25 11:22:30,640 [INFO] src.timeline.commands: リップル: 10.000〜20.000s (10.00s) を除去 / 削除 1 件・短縮 0 件・移動 1 件
2026-09-25 11:22:30,641 [INFO] src.timeline.commands: リップル: 10.000〜20.000s (10.00s) を除去 / 削除 1 件・短縮 0 件・移動 1 件
2026-09-25 11:22:30,642 [INFO] src.timeline.commands: リップル: 10.000〜20.000s (10.00s) を除去 / 削除 1 件・短縮 0 件・移動 1 件
2026-09-25 11:22:30,645 [INFO] src.timeline.project_io: プロジェクト保存: C:\Users\evolu\AppData\Local\Temp\timeline_io_test_tucignzb\sample.timeline.json
2026-09-25 11:22:30,661 [INFO] src.timeline.project_io: プロジェクト読込: C:\Users\evolu\AppData\Local\Temp\timeline_io_test_tucignzb\sample.timeline.json
2026-09-25 11:22:30,664 [INFO] src.timeline.project_io: プロジェクト保存: C:\Users\evolu\AppData\Local\Temp\timeline_io_test_tucignzb\sample.timeline.json
2026-09-25 11:22:30,665 [INFO] src.timeline.project_io: プロジェクト読込: C:\Users\evolu\AppData\Local\Temp\timeline_io_test_tucignzb\sample.timeline.json
2026-09-25 11:22:30,672 [INFO] src.timeline.project_io: プロジェクト保存: C:\Users\evolu\AppData\Local\Temp\timeline_io_test__1oz1hbb\sample.timeline.json
2026-09-25 11:22:30,685 [INFO] src.timeline.project_io: プロジェクト読込: C:\Users\evolu\AppData\Local\Temp\timeline_io_test__1oz1hbb\sample.timeline.json
2026-09-25 11:22:30,691 [INFO] src.timeline.project_io: プロジェクト保存: C:\Users\evolu\AppData\Local\Temp\timeline_io_test_m35vomu_\sample.timeline.json
2026-09-25 11:22:30,705 [WARNING] src.timeline.project_io: メディアの実体が見つかりません (1 件)。該当クリップを無効化します: m1
2026-09-25 11:22:30,710 [INFO] src.timeline.project_io: プロジェクト保存: C:\Users\evolu\AppData\Local\Temp\timeline_io_test_um040rf4\sample.timeline.json
2026-09-25 11:22:30,728 [INFO] src.timeline.project_io: プロジェクト保存: C:\Users\evolu\AppData\Local\Temp\timeline_io_test__3g95u_o\sample.timeline.json
2026-09-25 11:22:30,740 [WARNING] src.timeline.project_io: 編集点の区間が不正なため無視します: 20.000→15.000
2026-09-25 11:22:30,741 [WARNING] src.timeline.project_io: メディアの実体が見つかりません (1 件)。該当クリップを無効化します: m1
2026-09-25 11:22:30,743 [WARNING] src.timeline.project_io: 音声クリップ a1 のリンク先 no_such_clip が存在しないため除外します (該当区間は無音になります)
2026-09-25 11:22:30,746 [WARNING] src.timeline.project_io: トラック V1 でクリップ c2 が重複しているため 12.480 へ移動します
2026-09-25 11:22:30,750 [WARNING] src.timeline.project_io: クリップ c2 の尺 (0.001s) が下限 (0.050s) 未満のため除外します
2026-09-25 11:22:30,750 [WARNING] src.timeline.project_io: 音声クリップ a2 のリンク先 c2 が存在しないため除外します (該当区間は無音になります)
2026-09-25 11:22:30,869 [INFO] src.utils.trash: ゴミ箱へ移動しました (2 件)
2026-09-25 11:22:30,876 [WARNING] src.timeline.builder: 寸法の設定が不正なため既定 8000 を使用します: 0
2026-09-25 11:22:49,408 [WARNING] src.blur.frames: PyAV でのデコードに失敗したため FFmpeg へ切り替えます: Invalid argument: '<stdin>' returned 22
2026-09-25 11:22:49,467 [WARNING] src.blur.tracker: ぼかしの追従: 基準のフレームを取得できません (0.50 秒)
2026-09-25 11:22:49,468 [WARNING] src.blur.frames: PyAV でのデコードに失敗したため FFmpeg へ切り替えます: Invalid argument: '<stdin>' returned 22
2026-09-25 11:22:49,514 [WARNING] src.blur.tracker: ぼかしの追従: 基準のフレームを取得できません (0.50 秒)
2026-09-25 11:22:49,515 [WARNING] src.blur.frames: PyAV でのデコードに失敗したため FFmpeg へ切り替えます: Invalid argument: '<stdin>' returned 22
2026-09-25 11:22:49,567 [WARNING] src.blur.tracker: ぼかしの追従: 基準のフレームを取得できません (1.50 秒)
2026-09-25 11:22:49,567 [INFO] src.blur.tracker: ぼかしの追従: 3 区切りを追いました
2026-09-25 11:22:49,570 [INFO] src.blur.mask_builder: ぼかしマスク: 60 フレーム / 480x270 / 指定 2 件 (ボカす 1 / ボカさない 1)
2026-09-25 11:22:49,759 [INFO] src.blur.mask_builder: ぼかしマスクを書き出しました: mask.mkv (0.1 MB)
2026-09-25 11:25:53,280 [INFO] src.archive.timeline_builder: アーカイブ Timeline 構築: 2 クリップ / V1 2 本 / S1 0 件 / 全長 60.0s
2026-09-25 11:25:53,280 [INFO] src.archive.timeline_builder: アーカイブ Timeline 構築: 2 クリップ / V1 2 本 / S1 0 件 / 全長 60.0s
2026-09-25 11:25:53,280 [WARNING] src.archive.marker_source: VOD 外のマーカーを 2 件除外しました (尺 7200.0s)
2026-09-25 11:25:53,281 [INFO] src.archive.timeline_builder: アーカイブ Timeline 構築: 2 クリップ / V1 2 本 / S1 0 件 / 全長 200.0s
2026-09-25 11:25:53,281 [INFO] src.timeline.commands: 貼り付けの割り込み: V1 の 0.000s へ 50.00s を確保 / 移動 2 件・分割 0 件・切詰 0 件
2026-09-25 11:25:53,281 [INFO] src.timeline.commands: 貼り付けの割り込み: S1 の 0.000s へ 50.00s を確保 / 移動 0 件・分割 0 件・切詰 0 件
2026-09-25 11:25:53,281 [INFO] src.archive.timeline_builder: セクション追加: clip3 を 0.00s へ挿入 (VOD 100.0-150.0 / 尺 50.00s)
2026-09-25 11:25:53,281 [INFO] src.archive.timeline_builder: セクション統合: clip1 へ 1 件を畳み込み (VOD 100.0-200.0)
2026-09-25 11:25:53,281 [INFO] src.archive.timeline_builder: アーカイブ Timeline 構築: 2 クリップ / V1 2 本 / S1 0 件 / 全長 200.0s
2026-09-25 11:25:53,282 [INFO] src.archive.timeline_builder: アーカイブ Timeline 構築: 1 クリップ / V1 1 本 / S1 0 件 / 全長 100.0s
2026-09-25 11:25:53,282 [INFO] src.archive.timeline_builder: アーカイブ Timeline 構築: 1 クリップ / V1 1 本 / S1 0 件 / 全長 100.0s
2026-09-25 11:25:53,282 [INFO] src.archive.timeline_builder: アーカイブ Timeline 構築: 1 クリップ / V1 1 本 / S1 0 件 / 全長 100.0s
2026-09-25 11:25:53,282 [INFO] src.archive.timeline_builder: セクション追加: clip2 を 100.00s へ挿入 (VOD 200.0-300.0 / 尺 100.00s)
2026-09-25 11:25:53,282 [INFO] src.archive.timeline_builder: セクション統合: clip1 へ 1 件を畳み込み (VOD 100.0-300.0)
2026-09-25 11:25:53,282 [INFO] src.archive.timeline_builder: アーカイブ Timeline 構築: 1 クリップ / V1 1 本 / S1 0 件 / 全長 100.0s
2026-09-25 11:25:53,282 [INFO] src.archive.timeline_builder: セクション追加: clip2 を 100.00s へ挿入 (VOD 200.0-300.0 / 尺 100.00s)
2026-09-25 11:25:53,282 [INFO] src.archive.timeline_builder: セクション統合: clip1 へ 1 件を畳み込み (VOD 100.0-300.0)
2026-09-25 11:25:53,283 [INFO] src.archive.timeline_builder: アーカイブ Timeline 構築: 1 クリップ / V1 1 本 / S1 0 件 / 全長 100.0s
2026-09-25 11:25:53,283 [INFO] src.archive.timeline_builder: セクション追加: clip2 を 100.00s へ挿入 (VOD 200.0-300.0 / 尺 100.00s)
2026-09-25 11:25:53,283 [INFO] src.archive.timeline_builder: セクション統合: clip1 へ 1 件を畳み込み (VOD 100.0-300.0)
2026-09-25 11:25:53,283 [INFO] src.archive.timeline_builder: アーカイブ Timeline 構築: 1 クリップ / V1 1 本 / S1 0 件 / 全長 100.0s
2026-09-25 11:25:53,283 [INFO] src.archive.timeline_builder: セクション追加: clip2 を 100.00s へ挿入 (VOD 200.0-300.0 / 尺 100.00s)
2026-09-25 11:25:53,283 [INFO] src.archive.timeline_builder: セクション統合: clip1 へ 1 件を畳み込み (VOD 100.0-300.0)
2026-09-25 11:25:53,283 [INFO] src.archive.timeline_builder: clip1 の素材 m2 は区間を特定できませんでした (尺 12.0s / 候補の穴 0 件)。差し替えを尋ねます
2026-09-25 11:25:53,283 [INFO] src.archive.timeline_builder: アーカイブ Timeline 構築: 1 クリップ / V1 1 本 / S1 0 件 / 全長 100.0s
2026-09-25 11:25:53,283 [INFO] src.archive.timeline_builder: セクション追加: clip2 を 100.00s へ挿入 (VOD 200.0-300.0 / 尺 100.00s)
2026-09-25 11:25:53,284 [INFO] src.archive.timeline_builder: セクション統合: clip1 へ 1 件を畳み込み (VOD 100.0-300.0)
2026-09-25 11:25:53,284 [INFO] src.archive.timeline_builder: アーカイブ Timeline 構築: 1 クリップ / V1 1 本 / S1 0 件 / 全長 100.0s
2026-09-25 11:25:53,284 [INFO] src.archive.timeline_builder: セクション追加: clip2 を 100.00s へ挿入 (VOD 200.0-300.0 / 尺 100.00s)
2026-09-25 11:25:53,284 [INFO] src.archive.timeline_builder: セクション統合: clip1 へ 1 件を畳み込み (VOD 100.0-300.0)
2026-09-25 11:25:53,284 [INFO] src.archive.timeline_builder: clip1 の素材 m2 の区間を 200.0–300.0 として復元しました
2026-09-25 11:25:53,284 [INFO] src.archive.timeline_builder: アーカイブ Timeline 構築: 1 クリップ / V1 1 本 / S1 0 件 / 全長 100.0s
2026-09-25 11:25:53,284 [INFO] src.archive.timeline_builder: セクション追加: clip2 を 100.00s へ挿入 (VOD 200.0-300.0 / 尺 100.00s)
2026-09-25 11:25:53,284 [INFO] src.archive.timeline_builder: セクション統合: clip1 へ 1 件を畳み込み (VOD 100.0-300.0)
2026-09-25 11:25:53,284 [INFO] src.archive.timeline_builder: clip1 の素材 m2 の区間を 200.0–300.0 として復元しました
2026-09-25 11:25:53,285 [INFO] src.archive.timeline_builder: アーカイブ Timeline 構築: 1 クリップ / V1 1 本 / S1 0 件 / 全長 100.0s
2026-09-25 11:25:53,285 [INFO] src.archive.timeline_builder: セクション追加: clip2 を 100.00s へ挿入 (VOD 200.0-300.0 / 尺 100.00s)
2026-09-25 11:25:53,285 [INFO] src.archive.timeline_builder: セクション統合: clip1 へ 1 件を畳み込み (VOD 100.0-300.0)
2026-09-25 11:25:53,285 [INFO] src.archive.timeline_builder: clip1 の素材 m2 の区間を 200.0–303.0 として復元しました
2026-09-25 11:25:53,287 [INFO] src.archive.timeline_builder: アーカイブ Timeline 構築: 1 クリップ / V1 1 本 / S1 0 件 / 全長 100.0s
2026-09-25 11:25:53,288 [INFO] src.archive.timeline_builder: アーカイブ Timeline 構築: 1 クリップ / V1 1 本 / S1 0 件 / 全長 100.0s
2026-09-25 11:25:53,288 [INFO] src.archive.timeline_builder: アーカイブ Timeline 構築: 1 クリップ / V1 1 本 / S1 0 件 / 全長 100.0s
2026-09-25 11:25:53,288 [INFO] src.timeline.media_recovery: 使われていない素材のため復旧しません: orphan (C:\Users\evolu\AppData\Local\Temp\archive_media_test_8wv_wenx\gone.mp4)
2026-09-25 11:25:53,290 [INFO] src.archive.timeline_builder: アーカイブ Timeline 構築: 1 クリップ / V1 1 本 / S1 0 件 / 全長 100.0s
2026-09-25 11:25:53,290 [INFO] src.timeline.project_io: 使われていない素材 1 件を保存対象から外しました
2026-09-25 11:25:53,291 [INFO] src.archive.timeline_builder: アーカイブ Timeline 構築: 1 クリップ / V1 1 本 / S1 0 件 / 全長 100.0s
2026-09-25 11:25:53,291 [INFO] src.archive.timeline_builder: アーカイブ Timeline 構築: 1 クリップ / V1 1 本 / S1 0 件 / 全長 100.0s
2026-09-25 11:25:53,291 [WARNING] src.timeline.media_recovery: 素材が見つかりません: m1 (C:\Users\evolu\AppData\Local\Temp\archive_media_test_sllj7og6\lost.mp4)
2026-09-25 11:25:53,291 [INFO] src.timeline.media_recovery: 使われていない素材のため復旧しません: orphan (C:\Users\evolu\AppData\Local\Temp\archive_media_test_sllj7og6\gone.mp4)
2026-09-25 11:25:53,291 [INFO] src.archive.clip_writer: clip1 prepare 完了 (字幕 2 件)
2026-09-25 11:25:53,291 [INFO] src.archive.clip_writer: clip1 prepare 完了 (字幕 2 件)
2026-09-25 11:25:53,291 [INFO] src.archive.clip_writer: 編集点準備: 残す区間 2 件 / 想定尺 10.00s (素材 30.00s)
2026-09-25 11:25:53,291 [INFO] src.archive.clip_writer: clip1 prepare 完了 (字幕 2 件 / 実カットなし)
2026-09-25 11:25:53,291 [INFO] src.archive.clip_writer: 編集点準備: 残す区間 2 件 / 想定尺 10.00s (素材 30.00s)
2026-09-25 11:25:53,291 [INFO] src.archive.clip_writer: clip1 prepare 完了 (字幕 2 件 / 実カットなし)
2026-09-25 11:25:53,291 [INFO] src.archive.clip_writer: 編集点準備: 残す区間 2 件 / 想定尺 10.00s (素材 30.00s)
2026-09-25 11:25:53,291 [INFO] src.archive.clip_writer: clip1 prepare 完了 (字幕 2 件 / 実カットなし)
2026-09-25 11:25:53,291 [INFO] src.archive.clip_writer: 編集点準備: 残す区間 2 件 / 想定尺 10.00s (素材 30.00s)
2026-09-25 11:25:53,291 [INFO] src.archive.clip_writer: clip1 prepare 完了 (字幕 2 件 / 実カットなし)
2026-09-25 11:25:53,291 [INFO] src.archive.clip_writer: 編集点準備: 残す区間 2 件 / 想定尺 10.00s (素材 30.00s)
2026-09-25 11:25:53,291 [INFO] src.archive.clip_writer: clip1 prepare 完了 (字幕 2 件 / 実カットなし)
2026-09-25 11:25:53,291 [INFO] src.archive.clip_writer: 編集点準備: 残す区間 2 件 / 想定尺 10.00s (素材 30.00s)
2026-09-25 11:25:53,291 [INFO] src.archive.clip_writer: clip1 prepare 完了 (字幕 2 件 / 実カットなし)
2026-09-25 11:25:53,291 [INFO] src.archive.clip_writer: 編集点準備: 残す区間 2 件 / 想定尺 10.00s (素材 30.00s)
2026-09-25 11:25:53,291 [INFO] src.archive.clip_writer: clip1 prepare 完了 (字幕 0 件 / 実カットなし)
2026-09-25 11:25:53,306 [INFO] src.archive.clip_writer: 編集点準備: 残す区間 2 件 / 想定尺 10.00s (素材 30.00s)
2026-09-25 11:25:53,306 [INFO] src.timeline.project_io: プロジェクト保存: C:\Users\evolu\AppData\Local\Temp\archive_resume_bo2h50tr\vod.archive.timeline.json
2026-09-25 11:25:53,326 [INFO] src.timeline.project_io: プロジェクト読込: C:\Users\evolu\AppData\Local\Temp\archive_resume_bo2h50tr\vod.archive.timeline.json
2026-09-25 11:25:53,338 [INFO] src.timeline.project_io: プロジェクト保存: C:\Users\evolu\AppData\Local\Temp\archive_resume_ln4aqy6p\vod.archive.timeline.json
2026-09-25 11:25:53,338 [INFO] src.timeline.project_io: プロジェクト保存: C:\Users\evolu\AppData\Local\Temp\archive_resume_ln4aqy6p\clip.timeline.json
2026-09-25 11:25:53,338 [INFO] src.archive.project_resume: ==================================================
2026-09-25 11:25:53,338 [INFO] src.archive.project_resume: 保存済みアーカイブプロジェクトから再開: C:\Users\evolu\AppData\Local\Temp\archive_resume_ln4aqy6p\clip.timeline.json
2026-09-25 11:25:53,356 [INFO] src.timeline.project_io: プロジェクト読込: C:\Users\evolu\AppData\Local\Temp\archive_resume_ln4aqy6p\clip.timeline.json
2026-09-25 11:25:53,356 [INFO] src.timeline.project_io: プロジェクト保存: C:\Users\evolu\AppData\Local\Temp\archive_resume_1_mz5w2s\vod.archive.timeline.json
2026-09-25 11:25:53,370 [INFO] src.timeline.project_io: プロジェクト読込: C:\Users\evolu\AppData\Local\Temp\archive_resume_1_mz5w2s\vod.archive.timeline.json
2026-09-25 11:25:53,370 [INFO] src.archive.project_resume: 音声サイドカーが無いため素材 m1 の正規化をやり直します
2026-09-25 11:25:53,370 [INFO] src.archive.project_resume: 音声サイドカーが無いため素材 m2 の正規化をやり直します
2026-09-25 11:25:53,386 [INFO] src.timeline.project_io: プロジェクト保存: C:\Users\evolu\AppData\Local\Temp\archive_resume_gwafpw2y\vod.archive.timeline.json
2026-09-25 11:25:53,400 [INFO] src.timeline.project_io: プロジェクト読込: C:\Users\evolu\AppData\Local\Temp\archive_resume_gwafpw2y\vod.archive.timeline.json
2026-09-25 11:25:53,400 [INFO] src.archive.project_resume: 音声サイドカーが無いため素材 m1 の正規化をやり直します
2026-09-25 11:25:53,400 [INFO] src.archive.project_resume: 音声サイドカーが無いため素材 m2 の正規化をやり直します
2026-09-25 11:25:53,400 [INFO] src.timeline.project_io: プロジェクト保存: C:\Users\evolu\AppData\Local\Temp\archive_resume_addux4n1\vod.archive.timeline.json
2026-09-25 11:25:53,400 [INFO] src.archive.project_resume: ==================================================
2026-09-25 11:25:53,400 [INFO] src.archive.project_resume: 保存済みアーカイブプロジェクトから再開: C:\Users\evolu\AppData\Local\Temp\archive_resume_addux4n1\no_such.timeline.json
2026-09-25 11:25:53,400 [INFO] src.timeline.project_io: プロジェクト保存: C:\Users\evolu\AppData\Local\Temp\archive_resume_ibef7owm\vod.archive.timeline.json
2026-09-25 11:25:53,422 [INFO] src.timeline.project_io: プロジェクト読込: C:\Users\evolu\AppData\Local\Temp\archive_resume_ibef7owm\vod.archive.timeline.json
2026-09-25 11:25:53,431 [INFO] src.timeline.project_io: プロジェクト保存: C:\Users\evolu\AppData\Local\Temp\archive_resume_90nluf8f\vod.archive.timeline.json
2026-09-25 11:25:53,447 [INFO] src.timeline.project_io: プロジェクト読込: C:\Users\evolu\AppData\Local\Temp\archive_resume_90nluf8f\vod.archive.timeline.json
2026-09-25 11:25:53,447 [INFO] src.archive.project_resume: 設定に従い切り出したままの音量で使います: 素材 m1
2026-09-25 11:25:53,447 [INFO] src.archive.project_resume: 設定に従い切り出したままの音量で使います: 素材 m2
2026-09-25 11:25:53,453 [WARNING] src.timeline.media_sidecar: 音声サイドカーの尺が保存値と合いません (100.00s / 期待 103.00s) → 使いません
2026-09-25 11:25:53,453 [INFO] src.archive.timeline_builder: アーカイブ Timeline 構築: 2 クリップ / V1 2 本 / S1 0 件 / 全長 200.0s
2026-09-25 11:25:53,453 [INFO] src.archive.timeline_builder: セクション追加: clip3 を 200.00s へ挿入 (VOD 900.0-950.0 / 尺 50.00s)
2026-09-25 11:25:53,453 [INFO] src.archive.timeline_builder: アーカイブ Timeline 構築: 2 クリップ / V1 2 本 / S1 0 件 / 全長 200.0s
2026-09-25 11:25:53,453 [INFO] src.timeline.commands: 貼り付けの割り込み: V1 の 0.000s へ 50.00s を確保 / 移動 2 件・分割 0 件・切詰 0 件
2026-09-25 11:25:53,453 [INFO] src.timeline.commands: 貼り付けの割り込み: S1 の 0.000s へ 50.00s を確保 / 移動 0 件・分割 0 件・切詰 0 件
2026-09-25 11:25:53,453 [INFO] src.archive.timeline_builder: セクション追加: clip3 を 0.00s へ挿入 (VOD 0.0-50.0 / 尺 50.00s)
2026-09-25 11:25:53,453 [INFO] src.archive.timeline_builder: アーカイブ Timeline 構築: 2 クリップ / V1 2 本 / S1 0 件 / 全長 200.0s
2026-09-25 11:25:53,455 [INFO] src.timeline.commands: 貼り付けの割り込み: V1 の 100.000s へ 50.00s を確保 / 移動 1 件・分割 0 件・切詰 0 件
2026-09-25 11:25:53,455 [INFO] src.timeline.commands: 貼り付けの割り込み: S1 の 100.000s へ 50.00s を確保 / 移動 0 件・分割 0 件・切詰 0 件
2026-09-25 11:25:53,455 [INFO] src.archive.timeline_builder: セクション追加: clip3 を 100.00s へ挿入 (VOD 250.0-300.0 / 尺 50.00s)
2026-09-25 11:25:53,455 [INFO] src.archive.timeline_builder: アーカイブ Timeline 構築: 3 クリップ / V1 3 本 / S1 0 件 / 全長 300.0s
2026-09-25 11:25:53,455 [INFO] src.timeline.commands: 貼り付けの割り込み: V1 の 100.000s へ 50.00s を確保 / 移動 2 件・分割 0 件・切詰 0 件
2026-09-25 11:25:53,455 [INFO] src.timeline.commands: 貼り付けの割り込み: S1 の 100.000s へ 50.00s を確保 / 移動 0 件・分割 0 件・切詰 0 件
2026-09-25 11:25:53,455 [INFO] src.archive.timeline_builder: セクション追加: clip4 を 100.00s へ挿入 (VOD 250.0-300.0 / 尺 50.00s)
2026-09-25 11:25:53,455 [INFO] src.timeline.commands: 貼り付けの割り込み: V1 の 0.000s へ 50.00s を確保 / 移動 4 件・分割 0 件・切詰 0 件
2026-09-25 11:25:53,455 [INFO] src.timeline.commands: 貼り付けの割り込み: S1 の 0.000s へ 50.00s を確保 / 移動 0 件・分割 0 件・切詰 0 件
2026-09-25 11:25:53,455 [INFO] src.archive.timeline_builder: セクション追加: clip5 を 0.00s へ挿入 (VOD 0.0-50.0 / 尺 50.00s)
2026-09-25 11:25:53,455 [INFO] src.archive.timeline_builder: セクション追加: clip6 を 400.00s へ挿入 (VOD 900.0-950.0 / 尺 50.00s)
2026-09-25 11:25:53,455 [INFO] src.archive.timeline_builder: アーカイブ Timeline 構築: 1 クリップ / V1 1 本 / S1 0 件 / 全長 100.0s
2026-09-25 11:25:53,455 [INFO] src.archive.timeline_builder: セクション追加: clip2 を 100.00s へ挿入 (VOD 300.0-400.0 / 尺 100.00s)
2026-09-25 11:25:53,455 [INFO] src.archive.timeline_builder: アーカイブ Timeline 構築: 3 クリップ / V1 3 本 / S1 0 件 / 全長 300.0s
2026-09-25 11:25:53,455 [INFO] src.timeline.commands: 貼り付けの割り込み: V1 の 100.000s へ 50.00s を確保 / 移動 2 件・分割 0 件・切詰 0 件
2026-09-25 11:25:53,455 [INFO] src.timeline.commands: 貼り付けの割り込み: S1 の 100.000s へ 50.00s を確保 / 移動 0 件・分割 0 件・切詰 0 件
2026-09-25 11:25:53,455 [INFO] src.archive.timeline_builder: セクション追加: clip4 を 100.00s へ挿入 (VOD 250.0-300.0 / 尺 50.00s)
2026-09-25 11:25:53,455 [INFO] src.archive.timeline_builder: アーカイブ Timeline 構築: 2 クリップ / V1 2 本 / S1 0 件 / 全長 200.0s
2026-09-25 11:25:53,455 [INFO] src.archive.timeline_builder: セクション追加: clip3 を 200.00s へ挿入 (VOD 900.0-950.0 / 尺 50.00s)
2026-09-25 11:25:53,455 [INFO] src.archive.timeline_builder: アーカイブ Timeline 構築: 2 クリップ / V1 2 本 / S1 0 件 / 全長 200.0s
2026-09-25 11:25:53,455 [INFO] src.archive.timeline_builder: アーカイブ Timeline 構築: 1 クリップ / V1 1 本 / S1 0 件 / 全長 100.0s
2026-09-25 11:25:53,455 [INFO] src.archive.timeline_builder: セクション追加: clip2 を 100.00s へ挿入 (VOD 450.0-600.0 / 尺 150.00s)
2026-09-25 11:25:53,455 [INFO] src.archive.timeline_builder: アーカイブ Timeline 構築: 2 クリップ / V1 2 本 / S1 0 件 / 全長 200.0s
2026-09-25 11:25:53,455 [INFO] src.archive.timeline_builder: セクション追加: clip3 を 200.00s へ挿入 (VOD 500.0-600.0 / 尺 100.00s)
2026-09-25 11:25:53,455 [INFO] src.archive.timeline_builder: セクション統合: clip2 へ 1 件を畳み込み (VOD 400.0-600.0)
2026-09-25 11:25:53,455 [INFO] src.archive.timeline_builder: アーカイブ Timeline 構築: 2 クリップ / V1 2 本 / S1 0 件 / 全長 200.0s
2026-09-25 11:25:53,455 [INFO] src.archive.timeline_builder: セクション追加: clip3 を 200.00s へ挿入 (VOD 500.0-600.0 / 尺 100.00s)
2026-09-25 11:25:53,455 [INFO] src.archive.timeline_builder: セクション統合: clip2 へ 1 件を畳み込み (VOD 400.0-600.0)
2026-09-25 11:25:53,455 [INFO] src.archive.timeline_builder: アーカイブ Timeline 構築: 3 クリップ / V1 3 本 / S1 0 件 / 全長 300.0s
2026-09-25 11:25:53,455 [INFO] src.timeline.commands: 貼り付けの割り込み: V1 の 200.000s へ 100.00s を確保 / 移動 1 件・分割 0 件・切詰 0 件
2026-09-25 11:25:53,455 [INFO] src.timeline.commands: 貼り付けの割り込み: S1 の 200.000s へ 100.00s を確保 / 移動 0 件・分割 0 件・切詰 0 件
2026-09-25 11:25:53,455 [INFO] src.archive.timeline_builder: セクション追加: clip4 を 200.00s へ挿入 (VOD 500.0-600.0 / 尺 100.00s)
2026-09-25 11:25:53,455 [INFO] src.archive.timeline_builder: セクション統合: clip2 へ 1 件を畳み込み (VOD 400.0-600.0)
2026-09-25 11:25:53,455 [INFO] src.archive.timeline_builder: アーカイブ Timeline 構築: 3 クリップ / V1 3 本 / S1 0 件 / 全長 300.0s
2026-09-25 11:25:53,455 [INFO] src.timeline.commands: 貼り付けの割り込み: V1 の 100.000s へ 200.00s を確保 / 移動 2 件・分割 0 件・切詰 0 件
2026-09-25 11:25:53,455 [INFO] src.timeline.commands: 貼り付けの割り込み: S1 の 100.000s へ 200.00s を確保 / 移動 0 件・分割 0 件・切詰 0 件
2026-09-25 11:25:53,455 [INFO] src.archive.timeline_builder: セクション追加: clip4 を 100.00s へ挿入 (VOD 200.0-400.0 / 尺 200.00s)
2026-09-25 11:25:53,455 [INFO] src.timeline.commands: 貼り付けの割り込み: V1 の 400.000s へ 200.00s を確保 / 移動 1 件・分割 0 件・切詰 0 件
2026-09-25 11:25:53,455 [INFO] src.timeline.commands: 貼り付けの割り込み: S1 の 400.000s へ 200.00s を確保 / 移動 0 件・分割 0 件・切詰 0 件
2026-09-25 11:25:53,455 [INFO] src.archive.timeline_builder: セクション追加: clip5 を 400.00s へ挿入 (VOD 500.0-700.0 / 尺 200.00s)
2026-09-25 11:25:53,455 [INFO] src.archive.timeline_builder: セクション統合: clip1 へ 4 件を畳み込み (VOD 100.0-800.0)
2026-09-25 11:25:53,455 [INFO] src.archive.timeline_builder: アーカイブ Timeline 構築: 1 クリップ / V1 1 本 / S1 0 件 / 全長 100.0s
2026-09-25 11:25:53,455 [INFO] src.archive.timeline_builder: セクション追加: clip2 を 100.00s へ挿入 (VOD 200.0-300.0 / 尺 100.00s)
2026-09-25 11:25:53,455 [INFO] src.archive.timeline_builder: セクション統合: clip1 へ 1 件を畳み込み (VOD 100.0-300.0)
2026-09-25 11:25:53,455 [INFO] src.archive.timeline_builder: アーカイブ Timeline 構築: 2 クリップ / V1 2 本 / S1 0 件 / 全長 200.0s
2026-09-25 11:25:53,455 [INFO] src.timeline.commands: 貼り付けの割り込み: V1 の 100.000s へ 50.00s を確保 / 移動 1 件・分割 0 件・切詰 0 件
2026-09-25 11:25:53,455 [INFO] src.timeline.commands: 貼り付けの割り込み: S1 の 100.000s へ 50.00s を確保 / 移動 0 件・分割 0 件・切詰 0 件
2026-09-25 11:25:53,455 [INFO] src.archive.timeline_builder: セクション追加: clip3 を 100.00s へ挿入 (VOD 250.0-300.0 / 尺 50.00s)
2026-09-25 11:25:53,455 [INFO] src.archive.timeline_builder: アーカイブ Timeline 構築: 2 クリップ / V1 2 本 / S1 0 件 / 全長 200.0s
2026-09-25 11:25:53,455 [INFO] src.archive.timeline_builder: セクション追加: clip3 を 200.00s へ挿入 (VOD 500.0-600.0 / 尺 100.00s)
2026-09-25 11:25:53,455 [INFO] src.archive.timeline_builder: セクション統合: clip2 へ 1 件を畳み込み (VOD 400.0-600.0)
2026-09-25 11:25:53,455 [INFO] src.archive.timeline_builder: アーカイブ Timeline 構築: 3 クリップ / V1 3 本 / S1 0 件 / 全長 300.0s
2026-09-25 11:25:53,455 [INFO] src.timeline.commands: 貼り付けの割り込み: V1 の 100.000s へ 50.00s を確保 / 移動 2 件・分割 0 件・切詰 0 件
2026-09-25 11:25:53,455 [INFO] src.timeline.commands: 貼り付けの割り込み: S1 の 100.000s へ 50.00s を確保 / 移動 0 件・分割 0 件・切詰 0 件
2026-09-25 11:25:53,455 [INFO] src.archive.timeline_builder: セクション追加: clip4 を 100.00s へ挿入 (VOD 250.0-300.0 / 尺 50.00s)
2026-09-25 11:25:53,455 [INFO] src.archive.timeline_builder: アーカイブ Timeline 構築: 2 クリップ / V1 2 本 / S1 0 件 / 全長 200.0s
2026-09-25 11:25:53,455 [INFO] src.archive.timeline_builder: アーカイブ Timeline 構築: 1 クリップ / V1 1 本 / S1 0 件 / 全長 100.0s
2026-09-25 11:25:53,455 [INFO] src.archive.timeline_builder: アーカイブ Timeline 構築: 1 クリップ / V1 1 本 / S1 0 件 / 全長 100.0s
2026-09-25 11:25:53,455 [INFO] src.archive.timeline_builder: アーカイブ Timeline 構築: 1 クリップ / V1 1 本 / S1 0 件 / 全長 100.0s
2026-09-25 11:25:53,455 [INFO] src.archive.timeline_builder: アーカイブ Timeline 構築: 1 クリップ / V1 1 本 / S1 0 件 / 全長 100.0s
2026-09-25 11:25:53,455 [INFO] src.archive.timeline_builder: アーカイブ Timeline 構築: 1 クリップ / V1 1 本 / S1 0 件 / 全長 300.0s
2026-09-25 11:25:53,455 [INFO] src.archive.timeline_builder: アーカイブ Timeline 構築: 1 クリップ / V1 1 本 / S1 0 件 / 全長 100.0s
2026-09-25 11:25:53,455 [INFO] src.archive.timeline_builder: アーカイブ Timeline 構築: 1 クリップ / V1 1 本 / S1 0 件 / 全長 100.0s
2026-09-25 11:25:53,455 [INFO] src.archive.timeline_builder: アーカイブ Timeline 構築: 1 クリップ / V1 1 本 / S1 0 件 / 全長 30.0s
2026-09-25 11:25:53,463 [INFO] src.archive.timeline_builder: アーカイブ Timeline 構築: 1 クリップ / V1 1 本 / S1 0 件 / 全長 30.0s
2026-09-25 11:25:53,463 [INFO] src.archive.timeline_builder: アーカイブ Timeline 構築: 1 クリップ / V1 1 本 / S1 0 件 / 全長 30.0s
2026-09-25 11:25:53,463 [INFO] src.archive.timeline_builder: アーカイブ Timeline 構築: 1 クリップ / V1 1 本 / S1 0 件 / 全長 30.0s
2026-09-25 11:25:53,463 [INFO] src.archive.timeline_builder: アーカイブ Timeline 構築: 1 クリップ / V1 1 本 / S1 0 件 / 全長 30.0s
2026-09-25 11:25:53,463 [INFO] src.archive.timeline_builder: アーカイブ Timeline 構築: 3 クリップ / V1 6 本 / S1 6 件 / 全長 30.0s
2026-09-25 11:25:53,463 [INFO] src.archive.timeline_builder: アーカイブ Timeline 構築: 3 クリップ / V1 6 本 / S1 6 件 / 全長 30.0s
2026-09-25 11:25:53,463 [INFO] src.archive.timeline_builder: アーカイブ Timeline 構築: 3 クリップ / V1 6 本 / S1 6 件 / 全長 30.0s
2026-09-25 11:25:53,463 [INFO] src.archive.timeline_builder: アーカイブ Timeline 構築: 3 クリップ / V1 6 本 / S1 6 件 / 全長 30.0s
2026-09-25 11:25:53,463 [INFO] src.archive.timeline_builder: アーカイブ Timeline 構築: 3 クリップ / V1 6 本 / S1 6 件 / 全長 30.0s
2026-09-25 11:25:53,463 [INFO] src.archive.timeline_builder: アーカイブ Timeline 構築: 3 クリップ / V1 6 本 / S1 6 件 / 全長 30.0s
2026-09-25 11:25:53,463 [INFO] src.archive.timeline_builder: アーカイブ Timeline 構築: 3 クリップ / V1 6 本 / S1 6 件 / 全長 30.0s
2026-09-25 11:25:53,463 [INFO] src.archive.timeline_builder: アーカイブ Timeline 構築: 3 クリップ / V1 6 本 / S1 6 件 / 全長 30.0s
2026-09-25 11:25:53,463 [INFO] src.archive.timeline_builder: アーカイブ Timeline 構築: 3 クリップ / V1 6 本 / S1 6 件 / 全長 30.0s
2026-09-25 11:25:53,463 [INFO] src.archive.timeline_builder: アーカイブ Timeline 構築: 1 クリップ / V1 1 本 / S1 2 件 / 全長 30.0s
2026-09-25 11:25:53,463 [INFO] src.archive.timeline_builder: clip1: クリップ終端で打ち切った字幕 1 件 / 載せなかった字幕 0 件
2026-09-25 11:25:53,463 [INFO] src.archive.timeline_builder: clip2: クリップ終端で打ち切った字幕 1 件 / 載せなかった字幕 0 件
2026-09-25 11:25:53,463 [INFO] src.archive.timeline_builder: clip3: クリップ終端で打ち切った字幕 1 件 / 載せなかった字幕 0 件
2026-09-25 11:25:53,463 [INFO] src.archive.timeline_builder: アーカイブ Timeline 構築: 3 クリップ / V1 6 本 / S1 3 件 / 全長 30.0s
2026-09-25 11:25:53,463 [INFO] src.archive.timeline_builder: clip1: クリップ終端で打ち切った字幕 1 件 / 載せなかった字幕 0 件
2026-09-25 11:25:53,463 [INFO] src.archive.timeline_builder: アーカイブ Timeline 構築: 2 クリップ / V1 4 本 / S1 3 件 / 全長 20.0s
2026-09-25 11:25:53,463 [INFO] src.archive.timeline_builder: clip1: クリップ終端で打ち切った字幕 1 件 / 載せなかった字幕 1 件
2026-09-25 11:25:53,463 [INFO] src.archive.timeline_builder: アーカイブ Timeline 構築: 2 クリップ / V1 4 本 / S1 2 件 / 全長 20.0s
2026-09-25 11:25:53,463 [INFO] src.archive.timeline_builder: clip1: クリップ終端で打ち切った字幕 1 件 / 載せなかった字幕 0 件
2026-09-25 11:25:53,463 [INFO] src.archive.timeline_builder: clip2: クリップ終端で打ち切った字幕 1 件 / 載せなかった字幕 0 件
2026-09-25 11:25:53,463 [INFO] src.archive.timeline_builder: アーカイブ Timeline 構築: 2 クリップ / V1 4 本 / S1 2 件 / 全長 20.0s
2026-09-25 11:25:53,463 [INFO] src.archive.timeline_builder: アーカイブ Timeline 構築: 3 クリップ / V1 6 本 / S1 6 件 / 全長 30.0s
2026-09-25 11:25:53,463 [INFO] src.archive.timeline_builder: アーカイブ Timeline 構築: 3 クリップ / V1 6 本 / S1 6 件 / 全長 30.0s
2026-09-25 11:25:53,463 [INFO] src.archive.timeline_builder: アーカイブ Timeline 構築: 3 クリップ / V1 6 本 / S1 6 件 / 全長 30.0s
2026-09-25 11:25:53,463 [INFO] src.archive.timeline_builder: アーカイブ Timeline 構築: 3 クリップ / V1 6 本 / S1 6 件 / 全長 30.0s
2026-09-25 11:25:53,463 [INFO] src.archive.timeline_builder: アーカイブ Timeline 構築: 3 クリップ / V1 6 本 / S1 6 件 / 全長 30.0s
2026-09-25 11:25:53,463 [INFO] src.archive.timeline_builder: アーカイブ Timeline 構築: 3 クリップ / V1 6 本 / S1 6 件 / 全長 30.0s
2026-09-25 11:25:53,463 [INFO] src.archive.timeline_builder: アーカイブ Timeline 構築: 3 クリップ / V1 6 本 / S1 6 件 / 全長 30.0s
2026-09-25 11:25:53,463 [INFO] src.archive.timeline_builder: clip2 は使用しないため書き出しから除外します
2026-09-25 11:25:53,463 [INFO] src.archive.timeline_builder: アーカイブ Timeline 構築: 3 クリップ / V1 6 本 / S1 6 件 / 全長 30.0s
2026-09-25 11:25:53,463 [INFO] src.archive.timeline_builder: アーカイブ Timeline 構築: 3 クリップ / V1 6 本 / S1 6 件 / 全長 30.0s
2026-09-25 11:25:53,463 [INFO] src.archive.timeline_builder: アーカイブ Timeline 構築: 3 クリップ / V1 6 本 / S1 6 件 / 全長 30.0s
2026-09-25 11:25:53,463 [INFO] src.archive.timeline_builder: アーカイブ Timeline 構築: 3 クリップ / V1 6 本 / S1 6 件 / 全長 30.0s
2026-09-25 11:25:53,463 [INFO] src.archive.timeline_builder: アーカイブ Timeline 構築: 3 クリップ / V1 6 本 / S1 6 件 / 全長 30.0s
2026-09-25 11:25:53,463 [INFO] src.archive.timeline_builder: アーカイブ Timeline 構築: 3 クリップ / V1 6 本 / S1 6 件 / 全長 30.0s
2026-09-25 11:25:53,505 [INFO] src.timeline.project_io: プロジェクトを改名しました: sample.timeline.json → renamed.timeline.json
2026-09-25 11:25:53,509 [INFO] src.blur.store: ぼかしの追従結果を保存しました: sample.blur.json
2026-09-25 11:25:53,527 [INFO] src.blur.store: ぼかしの追従結果の版が違うため作り直します: C:\Users\evolu\AppData\Local\Temp\blur_reuse_test_4spxunf3\sample.blur.json
2026-09-25 11:25:53,527 [INFO] src.blur.store: ぼかしの追従結果を保存しました: sample.blur.json
2026-09-25 11:25:53,533 [INFO] src.blur.store: 追従の設定が変わったため、ぼかしの追従結果を作り直します
2026-09-25 11:25:53,533 [INFO] src.blur.store: ぼかし: 素材が変わったため m9 の追従結果を捨てました
2026-09-25 11:25:53,541 [INFO] src.blur.decisions: ぼかし: 以前の書式の指定 4 件は新しい方式へ移せないため引き継ぎません (人物の自動検出を廃止したため)
2026-09-25 11:25:53,541 [INFO] src.blur.decisions: ぼかし: 以前の書式の指定 1 件は新しい方式へ移せないため引き継ぎません (人物の自動検出を廃止したため)
2026-09-25 11:25:55,945 [INFO] src.timeline.renderer: ベース映像構築: 1 クリップ / ギャップ 0 件 / 合計 5.0s
2026-09-25 11:25:55,953 [INFO] src.timeline.renderer: ベース映像の尺: モデル 5.000s / 実測 5.000s (差 +0.000s / 1 部品)
2026-09-25 11:25:55,953 [INFO] src.timeline.renderer: 字幕焼き込み: 1 件
2026-09-25 11:25:55,953 [INFO] src.timeline.renderer: ベース映像構築: 1 クリップ / ギャップ 0 件 / 合計 5.0s
2026-09-25 11:25:55,969 [INFO] src.timeline.renderer: ベース映像の尺: モデル 5.000s / 実測 5.000s (差 +0.000s / 1 部品)
2026-09-25 11:25:55,971 [INFO] src.timeline.renderer: 字幕焼き込み: 1 件
2026-09-25 11:25:55,978 [INFO] src.timeline.renderer: ベース映像構築: 1 クリップ / ギャップ 0 件 / 合計 5.0s
2026-09-25 11:25:55,985 [INFO] src.timeline.renderer: ベース映像の尺: モデル 5.000s / 実測 5.000s (差 +0.000s / 1 部品)
2026-09-25 11:25:55,985 [INFO] src.timeline.renderer: オーバーレイ・字幕が無いため合成をスキップします
2026-09-25 11:25:55,988 [INFO] src.modules.blur_overlay: ぼかしを焼き込みます: blur_applied.mp4
2026-09-25 11:25:55,990 [INFO] src.timeline.renderer: ベース映像構築: 1 クリップ / ギャップ 0 件 / 合計 5.0s
2026-09-25 11:25:55,995 [INFO] src.timeline.renderer: ベース映像の尺: モデル 5.000s / 実測 5.000s (差 +0.000s / 1 部品)
2026-09-25 11:25:55,996 [INFO] src.timeline.renderer: オーバーレイ・字幕が無いため合成をスキップします
2026-09-25 11:25:56,000 [INFO] src.modules.blur_overlay: ぼかしを焼き込みます: blur_applied.mp4
2026-09-25 11:25:56,002 [INFO] src.timeline.renderer: ベース映像構築: 1 クリップ / ギャップ 0 件 / 合計 5.0s
2026-09-25 11:25:56,006 [INFO] src.timeline.renderer: ベース映像の尺: モデル 5.000s / 実測 5.000s (差 +0.000s / 1 部品)
2026-09-25 11:25:56,007 [INFO] src.timeline.renderer: 字幕焼き込み: 1 件
2026-09-25 11:25:56,012 [INFO] src.timeline.renderer: ベース映像構築: 1 クリップ / ギャップ 0 件 / 合計 5.0s
2026-09-25 11:25:56,012 [INFO] src.timeline.renderer: ベース映像の尺: モデル 5.000s / 実測 5.000s (差 +0.000s / 1 部品)
2026-09-25 11:25:56,019 [WARNING] src.blur.frames: PyAV でのデコードに失敗したため FFmpeg へ切り替えます: [Errno 1094995529] Invalid data found when processing input: 'D:\\develop\\autoedit\\tests\\test_blur_renderer_integration.py'
2026-09-25 11:25:56,075 [WARNING] src.blur.tracker: ぼかしの追従: 基準のフレームを取得できません (1.00 秒)
2026-09-25 11:25:56,077 [WARNING] src.blur.frames: PyAV でのデコードに失敗したため FFmpeg へ切り替えます: [Errno 1094995529] Invalid data found when processing input: 'D:\\develop\\autoedit\\tests\\test_blur_renderer_integration.py'
2026-09-25 11:25:56,130 [WARNING] src.blur.tracker: ぼかしの追従: 基準のフレームを取得できません (1.00 秒)
2026-09-25 11:25:56,130 [INFO] src.blur.tracker: ぼかしの追従: 2 区切りを追いました
2026-09-25 11:25:56,130 [INFO] src.blur.store: ぼかしの追従結果を保存しました: timeline.blur.json
2026-09-25 11:25:56,130 [ERROR] src.blur.mask_builder: ぼかしマスクの生成に失敗しました: テスト: マスクを作れない状態
Traceback (most recent call last):
  File "D:\develop\autoedit\src\blur\mask_builder.py", line 64, in prepare
    return build(timeline, tracks, decisions, cfg, out_path,
           ^^^^^^^^^^^^^^^^^^^^^^^^^^^^^^^^^^^^^^^^^^^^^^^^^
  File "D:\develop\autoedit\tests\test_blur_renderer_integration.py", line 196, in broken
    raise RuntimeError("テスト: マスクを作れない状態")
RuntimeError: テスト: マスクを作れない状態
2026-09-25 11:25:56,135 [INFO] src.timeline.renderer: ベース映像構築: 1 クリップ / ギャップ 0 件 / 合計 5.0s
2026-09-25 11:25:56,141 [INFO] src.timeline.renderer: ベース映像の尺: モデル 5.000s / 実測 5.000s (差 +0.000s / 1 部品)
2026-09-25 11:25:56,145 [WARNING] src.blur.frames: PyAV でのデコードに失敗したため FFmpeg へ切り替えます: [Errno 1094995529] Invalid data found when processing input: 'D:\\develop\\autoedit\\tests\\test_blur_renderer_integration.py'
2026-09-25 11:25:56,202 [WARNING] src.blur.tracker: ぼかしの追従: 基準のフレームを取得できません (1.00 秒)
2026-09-25 11:25:56,204 [WARNING] src.blur.frames: PyAV でのデコードに失敗したため FFmpeg へ切り替えます: [Errno 1094995529] Invalid data found when processing input: 'D:\\develop\\autoedit\\tests\\test_blur_renderer_integration.py'
2026-09-25 11:25:56,255 [WARNING] src.blur.tracker: ぼかしの追従: 基準のフレームを取得できません (1.00 秒)
2026-09-25 11:25:56,255 [INFO] src.blur.tracker: ぼかしの追従: 2 区切りを追いました
2026-09-25 11:25:56,257 [INFO] src.blur.store: ぼかしの追従結果を保存しました: timeline.blur.json
2026-09-25 11:25:56,257 [ERROR] src.blur.mask_builder: ぼかしマスクの生成に失敗しました: テスト: マスクを作れない状態
Traceback (most recent call last):
  File "D:\develop\autoedit\src\blur\mask_builder.py", line 64, in prepare
    return build(timeline, tracks, decisions, cfg, out_path,
           ^^^^^^^^^^^^^^^^^^^^^^^^^^^^^^^^^^^^^^^^^^^^^^^^^
  File "D:\develop\autoedit\tests\test_blur_renderer_integration.py", line 196, in broken
    raise RuntimeError("テスト: マスクを作れない状態")
RuntimeError: テスト: マスクを作れない状態
2026-09-25 11:25:56,259 [INFO] src.timeline.renderer: ベース映像構築: 1 クリップ / ギャップ 0 件 / 合計 5.0s
2026-09-25 11:25:56,266 [INFO] src.timeline.renderer: ベース映像の尺: モデル 5.000s / 実測 5.000s (差 +0.000s / 1 部品)
2026-09-25 11:25:56,267 [WARNING] src.blur.frames: PyAV でのデコードに失敗したため FFmpeg へ切り替えます: [Errno 1094995529] Invalid data found when processing input: 'D:\\develop\\autoedit\\tests\\test_blur_renderer_integration.py'
2026-09-25 11:25:56,320 [WARNING] src.blur.tracker: ぼかしの追従: 基準のフレームを取得できません (1.00 秒)
2026-09-25 11:25:56,322 [WARNING] src.blur.frames: PyAV でのデコードに失敗したため FFmpeg へ切り替えます: [Errno 1094995529] Invalid data found when processing input: 'D:\\develop\\autoedit\\tests\\test_blur_renderer_integration.py'
2026-09-25 11:25:56,378 [WARNING] src.blur.tracker: ぼかしの追従: 基準のフレームを取得できません (1.00 秒)
2026-09-25 11:25:56,378 [INFO] src.blur.tracker: ぼかしの追従: 2 区切りを追いました
2026-09-25 11:25:56,380 [INFO] src.blur.store: ぼかしの追従結果を保存しました: timeline.blur.json
2026-09-25 11:25:56,380 [ERROR] src.blur.mask_builder: ぼかしマスクの生成に失敗しました: テスト: マスクを作れない状態
Traceback (most recent call last):
  File "D:\develop\autoedit\src\blur\mask_builder.py", line 64, in prepare
    return build(timeline, tracks, decisions, cfg, out_path,
           ^^^^^^^^^^^^^^^^^^^^^^^^^^^^^^^^^^^^^^^^^^^^^^^^^
  File "D:\develop\autoedit\tests\test_blur_renderer_integration.py", line 196, in broken
    raise RuntimeError("テスト: マスクを作れない状態")
RuntimeError: テスト: マスクを作れない状態
2026-09-25 11:25:56,380 [WARNING] src.timeline.renderer: 利用者の指示により、ぼかしを入れずに出力します
2026-09-25 11:25:56,380 [INFO] src.timeline.renderer: オーバーレイ・字幕が無いため合成をスキップします
2026-09-25 11:25:56,383 [INFO] src.timeline.renderer: 中間形式を最終形式へ変換: .mov → mp4 (音声のみ再エンコード)
2026-09-25 11:25:56,389 [INFO] src.timeline.renderer: ベース映像構築: 1 クリップ / ギャップ 0 件 / 合計 5.0s
2026-09-25 11:25:56,399 [INFO] src.timeline.renderer: ベース映像の尺: モデル 5.000s / 実測 5.000s (差 +0.000s / 1 部品)
2026-09-25 11:25:56,400 [INFO] src.blur.mask_builder: ぼかす指定が無いためマスクを作りません
2026-09-25 11:25:56,400 [INFO] src.timeline.renderer: オーバーレイ・字幕が無いため合成をスキップします
2026-09-25 11:25:56,403 [INFO] src.timeline.renderer: 中間形式を最終形式へ変換: .mov → mp4 (音声のみ再エンコード)
2026-09-25 11:25:59,856 [INFO] src.modules.subtitle_generator: 縦動画のため字幕設定を縦用へ上書き (font/改行/配置/余白)
2026-09-25 11:25:59,856 [WARNING] src.modules.comment_decor: コメント背景がキャンバスに収まらないため詰めました (推定幅 1181px / 使える幅 1080px)。font_size か max_line_length を下げると解消します
2026-09-25 11:25:59,856 [INFO] src.modules.comment_decor: コメントアイコン: 2 件 / 位置 2 種類
2026-09-25 11:25:59,856 [INFO] src.modules.comment_decor: コメントアイコン: 2 件 / 位置 1 種類
2026-09-25 11:25:59,856 [INFO] src.modules.comment_decor: コメントアイコン: 1 件 / 位置 1 種類
2026-09-25 11:25:59,856 [INFO] src.modules.subtitle_generator: 縦動画のため字幕設定を縦用へ上書き (font/改行/配置/余白)
2026-09-25 11:25:59,856 [WARNING] src.modules.comment_decor: コメントアイコンがキャンバスに収まらないため位置を詰めました (要求 x=-190.0 y=465.0 → x=0.0 y=465.0)。subtitle.comment_margin_l を大きくすると解消します
2026-09-25 11:25:59,856 [INFO] src.modules.subtitle_generator: コメント背景: 1 件
2026-09-25 11:25:59,856 [WARNING] src.modules.subtitle_generator: コメントの Layer が逆転しているため本文を 6 へ引き上げます (背景=5 / 本文=1)
2026-09-25 11:25:59,856 [INFO] src.modules.subtitle_generator: コメント背景: 1 件
2026-09-25 11:25:59,876 [WARNING] src.modules.subtitle_generator: コメントの配置は左寄せ (1/4/7) のみ対応のため 4 を使用します: 2
2026-09-25 11:25:59,880 [INFO] src.modules.subtitle_generator: 縦動画のため字幕設定を縦用へ上書き (font/改行/配置/余白)
2026-09-25 11:25:59,884 [WARNING] src.export.fcpxml_builder: タイムライン終端を超える字幕をクリップ末尾へクランプしました (丸め誤差の端数など)。
2026-09-25 11:25:59,884 [INFO] src.modules.loudness_normalizer: 入力ラウドネス: I=-9.2 LUFS / TP=-0.3 dBTP / LRA=5.1 LU → 目標 I=-14.0 LUFS / TP=-1.0 dBTP (offset 0.4 dB)
2026-09-25 11:25:59,900 [ERROR] src.modules.loudness_normalizer: ラウドネス正規化の適用に失敗 (元音声のまま継続): in.mp4
Traceback (most recent call last):
  File "D:\develop\autoedit\src\modules\loudness_normalizer.py", line 219, in normalize_file
    ffmpeg_runner.execute(
  File "C:\Users\evolu\AppData\Local\Programs\Python\Python312\Lib\unittest\mock.py", line 1139, in __call__
    return self._mock_call(*args, **kwargs)
           ^^^^^^^^^^^^^^^^^^^^^^^^^^^^^^^^
  File "C:\Users\evolu\AppData\Local\Programs\Python\Python312\Lib\unittest\mock.py", line 1143, in _mock_call
    return self._execute_mock_call(*args, **kwargs)
           ^^^^^^^^^^^^^^^^^^^^^^^^^^^^^^^^^^^^^^^^
  File "C:\Users\evolu\AppData\Local\Programs\Python\Python312\Lib\unittest\mock.py", line 1198, in _execute_mock_call
    raise effect
src.exceptions.FFmpegError: 失敗
2026-09-25 11:25:59,900 [INFO] src.modules.loudness_normalizer: ラウドネス正規化は無効のためスキップ
2026-09-25 11:25:59,900 [WARNING] src.modules.loudness_normalizer: ラウドネス測定に失敗したため正規化をスキップ (元音声のまま継続): in.mp4
2026-09-25 11:25:59,908 [INFO] src.modules.loudness_normalizer: 音声ストリームが無いためラウドネス正規化をスキップ: in.mp4
2026-09-25 11:25:59,915 [INFO] src.modules.loudness_normalizer: ラウドネス正規化 完了: out.mp4
2026-09-25 11:25:59,919 [INFO] src.modules.loudness_normalizer: 入力ラウドネス: I=-9.2 LUFS / TP=-0.3 dBTP / LRA=5.1 LU → 目標 I=-14.0 LUFS / TP=-1.0 dBTP (offset 0.4 dB)
2026-09-25 11:25:59,926 [INFO] src.modules.loudness_normalizer: ラウドネス正規化 完了: out.mp4
2026-09-25 11:25:59,936 [INFO] src.timeline.media_recovery: 本編素材を元動画から作り直します: C:\Users\evolu\AppData\Local\Temp\media_recovery_test_7slaayvt\sample.mp4
2026-09-25 11:25:59,936 [WARNING] src.timeline.media_recovery: 素材が見つかりません: m2 (C:\Users\evolu\AppData\Local\Temp\media_recovery_test_ag7pv57h\gone.png)
2026-09-25 11:25:59,942 [INFO] src.timeline.media_recovery: 素材を差し替え済みのフォルダで見つけました: m3 → C:\Users\evolu\AppData\Local\Temp\media_recovery_test_bf_37htj\moved\logo2.png
2026-09-25 11:25:59,942 [INFO] src.timeline.media_recovery: 本編素材を元動画から作り直します: C:\Users\evolu\AppData\Local\Temp\media_recovery_test_ve2p_vyi\sample.mp4
2026-09-25 11:25:59,942 [WARNING] src.timeline.media_recovery: 元動画が見つからないため本編素材を復旧できません: C:\Users\evolu\AppData\Local\Temp\media_recovery_test_mr4bfmn9\no_such_input.mp4
2026-09-25 11:25:59,942 [WARNING] src.timeline.media_recovery: 素材が見つかりません: m1 (C:\Users\evolu\AppData\Local\Temp\media_recovery_test_mr4bfmn9\work\loudness_normalized.mp4)
2026-09-25 11:25:59,942 [INFO] src.timeline.media_recovery: 本編素材は元動画そのものだったため、そのまま使います: C:\Users\evolu\AppData\Local\Temp\media_recovery_test_7a5aeb0s\sample.mp4
2026-09-25 11:25:59,950 [INFO] src.timeline.media_recovery: 素材を相対パスで見つけました: m2 → C:\Users\evolu\AppData\Local\Temp\media_recovery_test_30qtcfu3\assets\logo.png
2026-09-25 11:25:59,954 [INFO] src.timeline.media_recovery: 設定に従い元動画をそのまま使います (音量は正規化前): C:\Users\evolu\AppData\Local\Temp\media_recovery_test_8x0uvb0n\sample.mp4
2026-09-25 11:25:59,954 [INFO] src.services.points: ポイントを予約しました: clip/video 25pt (watermark=False)
2026-09-25 11:25:59,954 [WARNING] src.services.points: ポイント残高を取得できませんでした: 断
2026-09-25 11:25:59,954 [INFO] src.services.points: ポイントを予約しました: clip/video 25pt (watermark=False)
2026-09-25 11:25:59,954 [WARNING] src.services.points: ポイントのcommitを送信できませんでした (再送します): 接続できません
2026-09-25 11:25:59,976 [INFO] src.services.points: ポイントを予約しました: clip/video 25pt (watermark=False)
2026-09-25 11:25:59,980 [WARNING] src.services.points: ポイントのcommitを送信できませんでした (再送します): 断
2026-09-25 11:25:59,985 [INFO] src.services.points: 保留していたポイント処理を 2 件送信しました。
2026-09-25 11:25:59,988 [WARNING] src.services.points: ポイントを予約できませんでした: 再ログインが必要です。
2026-09-25 11:25:59,989 [INFO] src.services.points: ポイントを予約しました: clip/video 25pt (watermark=False)
2026-09-25 11:25:59,989 [WARNING] src.services.points: ポイントのcancelが拒否されました: 確定済み
2026-09-25 11:25:59,992 [INFO] src.services.points: 保留していたポイント処理を 1 件送信しました。
2026-09-25 11:25:59,992 [INFO] src.services.points: ポイントを予約しました: clip/video 25pt (watermark=False)
2026-09-25 11:26:00,008 [INFO] src.services.points: サブスク判定のキャッシュが古いため watermark を入れます。
2026-09-25 11:26:00,008 [WARNING] src.services.points: ポイントを予約できませんでした (オフライン): 接続できません
2026-09-25 11:26:00,015 [WARNING] src.services.points: ポイントを予約できませんでした (オフライン): 接続できません
2026-09-25 11:26:00,015 [WARNING] src.services.points: ポイントを予約できませんでした (オフライン): 接続できません
2026-09-25 11:26:00,015 [WARNING] src.services.points: ポイントを予約できませんでした: 想定外
2026-09-25 11:26:00,015 [INFO] src.services.points: ポイントを予約しました: clip/resolveProject 0pt (watermark=False)
2026-09-25 11:26:00,040 [INFO] src.services.points: ポイントを予約しました: clip/video 25pt (watermark=False)
2026-09-25 11:26:00,040 [INFO] src.services.points: ポイントを予約しました: archive/video 0pt (watermark=True)
2026-09-25 11:26:00,077 [WARNING] src.timeline.builder: フレーム間引きの設定が不正なため none を使用します: 'all'
2026-09-25 11:26:00,095 [INFO] src.timeline.project_io: プロジェクト保存: C:\Users\evolu\AppData\Local\Temp\library_summary_echhowau\vod.archive.timeline.json
2026-09-25 11:26:00,116 [WARNING] src.timeline.project_io: プロジェクトの概要を読めませんでした: C:\Users\evolu\AppData\Local\Temp\library_summary_y9p316jk\broken.timeline.json
2026-09-25 11:26:00,116 [INFO] src.timeline.project_io: プロジェクト保存: C:\Users\evolu\AppData\Local\Temp\library_summary_5yyie4y1\sample.timeline.json
2026-09-25 11:26:00,136 [INFO] src.timeline.project_io: プロジェクト保存: C:\Users\evolu\AppData\Local\Temp\library_summary_ejolthh9\sample.timeline.json
2026-09-25 11:26:00,150 [INFO] src.timeline.project_io: プロジェクト保存: C:\Users\evolu\AppData\Local\Temp\library_rename_52pw7_9w\old.timeline.json
2026-09-25 11:26:00,158 [INFO] src.timeline.project_io: プロジェクト保存: C:\Users\evolu\AppData\Local\Temp\library_rename_19fy72qr\old.timeline.json
2026-09-25 11:26:00,165 [INFO] src.timeline.project_io: プロジェクト保存: C:\Users\evolu\AppData\Local\Temp\library_rename_3wuit0g4\old.timeline.json
2026-09-25 11:26:00,183 [INFO] src.timeline.project_io: プロジェクトを改名しました: old.timeline.json → new.timeline.json
2026-09-25 11:26:00,203 [INFO] src.timeline.project_io: プロジェクト保存: C:\Users\evolu\AppData\Local\Temp\library_rename_bs3fsonx\old.timeline.json
2026-09-25 11:26:00,215 [INFO] src.timeline.project_io: プロジェクトを改名しました: old.timeline.json → new.timeline.json
2026-09-25 11:26:00,222 [INFO] src.timeline.project_io: プロジェクト保存: C:\Users\evolu\AppData\Local\Temp\library_rename_ft_my0w7\old.timeline.json
2026-09-25 11:26:00,236 [INFO] src.timeline.project_io: プロジェクトが 5 件見つかりました (新しい 2 件を表示します)
2026-09-25 11:26:00,265 [WARNING] src.export.resolve_export: ソース総尺の取得に失敗 (タイムライン全長で代用): C:\Users\evolu\AppData\Local\Temp\resolve_export_test_mxl9zx5l\sample.mp4
2026-09-25 11:26:00,281 [WARNING] src.export.resolve_export: ソース総尺の取得に失敗 (タイムライン全長で代用): C:\Users\evolu\AppData\Local\Temp\resolve_export_test_b_2nwlk6\sample.mp4
2026-09-25 11:26:00,299 [WARNING] src.export.resolve_export: ソース総尺の取得に失敗 (タイムライン全長で代用): C:\Users\evolu\AppData\Local\Temp\resolve_export_test_kr69xra2\sample.mp4
2026-09-25 11:26:00,314 [WARNING] src.export.resolve_export: ソース総尺の取得に失敗 (タイムライン全長で代用): C:\Users\evolu\AppData\Local\Temp\resolve_export_test_ursbc5sv\sample.mp4
2026-09-25 11:26:00,315 [WARNING] src.export.resolve_export: テーマ演出はテキストと区間のみを出力します (ブラー・黒帯などの映像エフェクトは FCPXML で表現できません)。
2026-09-25 11:26:00,315 [WARNING] src.export.resolve_export: 字幕位置は配置(alignment)＋余白からの近似です。Resolve 取り込み時に位置が中央へ戻る場合があります (フォント/サイズ/色は保持)。
2026-09-25 11:26:00,322 [WARNING] src.export.resolve_export: ソース総尺の取得に失敗 (タイムライン全長で代用): C:\Users\evolu\AppData\Local\Temp\resolve_export_test_esqn3e87\sample.mp4
2026-09-25 11:26:00,342 [WARNING] src.export.resolve_export: ソース総尺の取得に失敗 (タイムライン全長で代用): C:\Users\evolu\AppData\Local\Temp\resolve_export_test_jxb8ai08\sample.mp4
2026-09-25 11:26:00,358 [WARNING] src.export.resolve_export: ソース総尺の取得に失敗 (タイムライン全長で代用): C:\Users\evolu\AppData\Local\Temp\resolve_export_test_cmbfqscb\sample.mp4
2026-09-25 11:26:00,372 [WARNING] src.export.resolve_export: ソース総尺の取得に失敗 (タイムライン全長で代用): C:\Users\evolu\AppData\Local\Temp\resolve_export_test_cmbfqscb\sample.mp4
2026-09-25 11:26:00,388 [WARNING] src.export.resolve_export: ソース総尺の取得に失敗 (タイムライン全長で代用): C:\Users\evolu\AppData\Local\Temp\resolve_export_test_k3bei8pg\sample.mp4
2026-09-25 11:26:00,388 [WARNING] src.export.resolve_export: 未対応の字幕出力方式 export.resolve.subtitle.mode=bogus のため caption で出力します
2026-09-25 11:26:00,404 [WARNING] src.export.resolve_export: ソース総尺の取得に失敗 (タイムライン全長で代用): C:\Users\evolu\AppData\Local\Temp\resolve_export_test_96fm4fjx\sample.mp4
2026-09-25 11:26:00,419 [WARNING] src.export.resolve_export: ソース総尺の取得に失敗 (タイムライン全長で代用): C:\Users\evolu\AppData\Local\Temp\resolve_export_test_vgketxnd\sample.mp4
2026-09-25 11:26:00,433 [WARNING] src.export.resolve_export: ソース総尺の取得に失敗 (タイムライン全長で代用): C:\Users\evolu\AppData\Local\Temp\resolve_export_test_8b8458j9\sample.mp4
2026-09-25 11:26:00,441 [WARNING] src.export.resolve_export: ソース総尺の取得に失敗 (タイムライン全長で代用): C:\Users\evolu\AppData\Local\Temp\resolve_export_test_tk6ta92h\sample.mp4
2026-09-25 11:26:00,449 [WARNING] src.export.resolve_export: ソース総尺の取得に失敗 (タイムライン全長で代用): C:\Users\evolu\AppData\Local\Temp\resolve_export_test_34zdv648\sample.mp4
2026-09-25 11:26:00,466 [WARNING] src.export.resolve_export: ソース総尺の取得に失敗 (タイムライン全長で代用): C:\Users\evolu\AppData\Local\Temp\resolve_export_test_4glgc2u1\sample.mp4
2026-09-25 11:26:00,478 [WARNING] src.export.resolve_export: ソース総尺の取得に失敗 (タイムライン全長で代用): C:\Users\evolu\AppData\Local\Temp\resolve_export_test_lkxztq8f\sample.mp4
2026-09-25 11:26:00,482 [WARNING] src.export.resolve_export: ソース総尺の取得に失敗 (タイムライン全長で代用): C:\Users\evolu\AppData\Local\Temp\resolve_export_test_cpyvbccu\sample.mp4
2026-09-25 11:26:00,498 [WARNING] src.export.resolve_export: ソース総尺の取得に失敗 (タイムライン全長で代用): C:\Users\evolu\AppData\Local\Temp\resolve_export_test_e0r8rerp\sample.mp4
2026-09-25 11:26:00,498 [INFO] src.export.resolve_export: 編集点が無いため全長 1 クリップとして出力します
2026-09-25 11:26:00,506 [WARNING] src.export.resolve_export: ソース総尺の取得に失敗 (タイムライン全長で代用): C:\Users\evolu\AppData\Local\Temp\resolve_export_test_uxve00u7\sample.mp4
2026-09-25 11:26:00,506 [INFO] src.export.resolve_export: Resolve 出力開始: C:\Users\evolu\AppData\Local\Temp\resolve_export_test_uxve00u7\out2.fcpxml (クリップ 1 件 / 字幕 caption 1 件 / title・テーマ 0 件 / 1920x1080 60fps)
2026-09-25 11:26:00,506 [INFO] src.export.resolve_export: 字幕トラックのスタイルは Resolve の字幕トラックヘッダー選択 → インスペクタ → Track Style で一括設定できます (Resolve 19 以降は Text+ スタイルも指定可)。
2026-09-25 11:26:00,506 [INFO] src.export.resolve_export: Resolve 出力完了: C:\Users\evolu\AppData\Local\Temp\resolve_export_test_uxve00u7\out2.fcpxml (タイムライン尺 5.00s)
2026-09-25 11:26:00,524 [WARNING] src.export.resolve_export: ソース総尺の取得に失敗 (タイムライン全長で代用): C:\Users\evolu\AppData\Local\Temp\resolve_export_test_4f25q4i4\sample.mp4
2026-09-25 11:26:00,524 [INFO] src.export.resolve_export: Resolve 出力開始: C:\Users\evolu\AppData\Local\Temp\resolve_export_test_4f25q4i4\out3.fcpxml (クリップ 1 件 / 字幕 caption 0 件 / title・テーマ 0 件 / 1920x1080 60fps)
2026-09-25 11:26:00,524 [INFO] src.export.resolve_export: Resolve 出力完了: C:\Users\evolu\AppData\Local\Temp\resolve_export_test_4f25q4i4\out3.fcpxml (タイムライン尺 5.00s)
2026-09-25 11:26:00,539 [WARNING] src.export.resolve_export: ソース総尺の取得に失敗 (タイムライン全長で代用): C:\Users\evolu\AppData\Local\Temp\resolve_export_test_tkpi7sk8\sample.mp4
2026-09-25 11:26:00,539 [INFO] src.export.resolve_export: Resolve 出力開始: C:\Users\evolu\AppData\Local\Temp\resolve_export_test_tkpi7sk8\out.fcpxml (クリップ 1 件 / 字幕 caption 1 件 / title・テーマ 0 件 / 1920x1080 60fps)
2026-09-25 11:26:00,551 [INFO] src.export.resolve_export: SRT サイドカー出力: C:\Users\evolu\AppData\Local\Temp\resolve_export_test_tkpi7sk8\out.srt (1 件)
2026-09-25 11:26:00,551 [INFO] src.export.resolve_export: Resolve 出力完了: C:\Users\evolu\AppData\Local\Temp\resolve_export_test_tkpi7sk8\out.fcpxml / C:\Users\evolu\AppData\Local\Temp\resolve_export_test_tkpi7sk8\out.srt (タイムライン尺 5.00s)
2026-09-25 11:26:00,551 [INFO] src.export.resolve_export: Resolve 出力を中止 (上書きしない): C:\Users\evolu\AppData\Local\Temp\resolve_export_test_tkpi7sk8\out.fcpxml
2026-09-25 11:26:00,784 [INFO] src.modules.subtitle_generator: 縦動画のため字幕設定を縦用へ上書き (font/改行/配置/余白)
2026-09-25 11:26:00,790 [WARNING] src.services.stretheus_auth: API の日時を解釈できませんでした。
2026-09-25 11:26:00,815 [INFO] src.services.stretheus_auth: Stretheus のログインページを開きます (ポート64754)
2026-09-25 11:26:00,836 [INFO] src.services.stretheus_auth: Stretheus へログインしました。
2026-09-25 11:26:01,916 [INFO] src.services.stretheus_auth: Stretheus のログインページを開きます (ポート64762)
2026-09-25 11:26:01,935 [INFO] src.services.stretheus_auth: Stretheus へログインしました。
2026-09-25 11:26:02,965 [INFO] src.services.stretheus_auth: Stretheus のログインページを開きます (ポート64770)
2026-09-25 11:26:02,999 [INFO] src.services.stretheus_auth: Stretheus へログインしました。
2026-09-25 11:26:03,524 [INFO] src.services.stretheus_auth: Stretheus のログインページを開きます (ポート64775)
2026-09-25 11:26:03,530 [INFO] src.services.stretheus_auth: Stretheus へログインしました。
2026-09-25 11:26:04,054 [INFO] src.services.stretheus_auth: Stretheus のログインページを開きます (ポート64781)
2026-09-25 11:26:04,065 [INFO] src.services.stretheus_auth: Stretheus へログインしました。
2026-09-25 11:26:04,581 [INFO] src.services.stretheus_auth: Stretheus のログインページを開きます (ポート64792)
2026-09-25 11:26:04,615 [INFO] src.services.stretheus_auth: Stretheus へログインしました。
2026-09-25 11:26:05,115 [INFO] src.modules.subtitle_generator: テロップ個別指定 フォント 0 件 / サイズ 0 件 / 文字色 1 件 / 縁の色 0 件
2026-09-25 11:26:05,115 [INFO] src.modules.subtitle_generator: テロップ個別指定 フォント 0 件 / サイズ 0 件 / 文字色 1 件 / 縁の色 0 件
2026-09-25 11:26:05,131 [INFO] src.modules.subtitle_generator: テロップ個別指定 フォント 0 件 / サイズ 0 件 / 文字色 0 件 / 縁の色 1 件
2026-09-25 11:26:05,131 [INFO] src.modules.subtitle_generator: テロップ個別指定 フォント 0 件 / サイズ 0 件 / 文字色 0 件 / 縁の色 1 件
2026-09-25 11:26:05,140 [INFO] src.modules.subtitle_generator: テロップ個別指定 フォント 1 件 / サイズ 1 件 / 文字色 1 件 / 縁の色 1 件
2026-09-25 11:26:05,142 [INFO] src.timeline.commands: コメント用の字幕トラックを作成しました: S2
2026-09-25 11:26:05,142 [INFO] src.timeline.commands: 移動先 S2 が空いていないため役割だけ変更しました: s1
2026-09-25 11:26:05,142 [INFO] src.timeline.commands: コメント用の字幕トラックを作成しました: S2
2026-09-25 11:26:05,142 [INFO] src.timeline.commands: コメント用の字幕トラックを作成しました: S2
2026-09-25 11:26:05,142 [INFO] src.timeline.commands: コメント用の字幕トラックを作成しました: S2
2026-09-25 11:26:05,144 [INFO] src.timeline.project_io: プロジェクト保存: C:\Users\evolu\AppData\Local\Temp\tmpk6jegf1q\sample.timeline.json
2026-09-25 11:26:05,149 [INFO] src.modules.subtitle_generator: VAD フィルタ有効 (min_silence=500ms, speech_pad=100ms, condition_on_previous_text=False)
2026-09-25 11:26:05,149 [WARNING] src.modules.subtitle_generator: VAD 付き認識に失敗したため VAD 無しで再試行します: VAD の初期化に失敗しました (テスト)
2026-09-25 11:26:05,149 [INFO] src.modules.subtitle_generator: VAD フィルタ有効 (min_silence=800ms, speech_pad=100ms, condition_on_previous_text=False)
2026-09-25 11:26:05,149 [INFO] src.modules.subtitle_generator: VAD フィルタ有効 (min_silence=500ms, speech_pad=100ms, condition_on_previous_text=False)
2026-09-25 11:26:05,248 [INFO] src.timeline.commands: 貼り付けの割り込み: V1 の 5.000s へ 10.00s を確保 / 移動 2 件・分割 1 件・切詰 0 件
2026-09-25 11:26:05,248 [INFO] src.timeline.commands: 貼り付けの割り込み: V2 の 5.000s へ 10.00s を確保 / 移動 2 件・分割 0 件・切詰 0 件
2026-09-25 11:26:05,248 [INFO] src.timeline.commands: 貼り付けの割り込み: S1 の 5.000s へ 10.00s を確保 / 移動 1 件・分割 0 件・切詰 0 件
2026-09-25 11:26:05,248 [INFO] src.timeline.commands: 貼り付けの割り込み: V1 の 5.000s へ 10.00s を確保 / 移動 2 件・分割 1 件・切詰 0 件
2026-09-25 11:26:05,248 [INFO] src.timeline.commands: 貼り付けの割り込み: V2 の 5.000s へ 10.00s を確保 / 移動 2 件・分割 0 件・切詰 0 件
2026-09-25 11:26:05,248 [INFO] src.timeline.commands: 貼り付けの割り込み: S1 の 5.000s へ 10.00s を確保 / 移動 1 件・分割 0 件・切詰 0 件
2026-09-25 11:26:05,248 [INFO] src.timeline.commands: 貼り付けの割り込み: V1 の 5.000s へ 10.00s を確保 / 移動 2 件・分割 1 件・切詰 0 件
2026-09-25 11:26:05,248 [INFO] src.timeline.commands: 貼り付けの割り込み: V2 の 5.000s へ 10.00s を確保 / 移動 2 件・分割 0 件・切詰 0 件
2026-09-25 11:26:05,248 [INFO] src.timeline.commands: 貼り付けの割り込み: S1 の 5.000s へ 10.00s を確保 / 移動 1 件・分割 0 件・切詰 0 件
2026-09-25 11:26:05,248 [INFO] src.timeline.commands: 貼り付けの割り込み: V1 の 5.000s へ 15.00s を確保 / 移動 3 件・分割 0 件・切詰 0 件
2026-09-25 11:26:05,248 [INFO] src.timeline.commands: 貼り付けの割り込み: V2 の 5.000s へ 15.00s を確保 / 移動 2 件・分割 0 件・切詰 0 件
2026-09-25 11:26:05,248 [INFO] src.timeline.commands: 貼り付けの割り込み: S1 の 5.000s へ 15.00s を確保 / 移動 1 件・分割 0 件・切詰 0 件
2026-09-25 11:26:05,248 [INFO] src.timeline.commands: 貼り付けの割り込み: V1 の 10.020s へ 10.02s を確保 / 移動 2 件・分割 0 件・切詰 0 件
2026-09-25 11:26:05,248 [INFO] src.timeline.commands: 貼り付けの割り込み: V2 の 10.020s へ 10.02s を確保 / 移動 1 件・分割 0 件・切詰 0 件
2026-09-25 11:26:05,248 [INFO] src.timeline.commands: 貼り付けの割り込み: S1 の 10.020s へ 10.02s を確保 / 移動 1 件・分割 0 件・切詰 0 件
2026-09-25 11:26:05,248 [INFO] src.timeline.commands: 貼り付けの割り込み: V1 の 19.980s へ 9.98s を確保 / 移動 1 件・分割 0 件・切詰 1 件
2026-09-25 11:26:05,248 [INFO] src.timeline.commands: 貼り付けの割り込み: V2 の 19.980s へ 9.98s を確保 / 移動 1 件・分割 0 件・切詰 0 件
2026-09-25 11:26:05,248 [INFO] src.timeline.commands: 貼り付けの割り込み: S1 の 19.980s へ 9.98s を確保 / 移動 0 件・分割 0 件・切詰 0 件
2026-09-25 11:26:05,248 [WARNING] src.timeline.commands: 素材が見つからないため貼り付けません: D:\develop\autoedit\tests\存在しない素材.mp4
2026-09-25 11:26:05,248 [INFO] src.timeline.commands: 貼り付けの割り込み: V1 の 5.000s へ 10.00s を確保 / 移動 2 件・分割 1 件・切詰 0 件
2026-09-25 11:26:05,248 [INFO] src.timeline.commands: 貼り付けの割り込み: V2 の 5.000s へ 10.00s を確保 / 移動 2 件・分割 0 件・切詰 0 件
2026-09-25 11:26:05,248 [INFO] src.timeline.commands: 貼り付けの割り込み: S1 の 5.000s へ 10.00s を確保 / 移動 1 件・分割 0 件・切詰 0 件
2026-09-25 11:26:05,248 [INFO] src.timeline.commands: 貼り付けの割り込み: V1 の 5.000s へ 10.00s を確保 / 移動 2 件・分割 1 件・切詰 0 件
2026-09-25 11:26:05,248 [INFO] src.timeline.commands: 貼り付けの割り込み: V2 の 5.000s へ 10.00s を確保 / 移動 2 件・分割 0 件・切詰 0 件
2026-09-25 11:26:05,248 [INFO] src.timeline.commands: 貼り付けの割り込み: S1 の 5.000s へ 10.00s を確保 / 移動 1 件・分割 0 件・切詰 0 件
2026-09-25 11:26:05,248 [INFO] src.timeline.commands: 貼り付けの割り込み: V1 の 5.000s へ 10.00s を確保 / 移動 2 件・分割 1 件・切詰 0 件
2026-09-25 11:26:05,248 [INFO] src.timeline.commands: 貼り付けの割り込み: V2 の 5.000s へ 10.00s を確保 / 移動 2 件・分割 0 件・切詰 0 件
2026-09-25 11:26:05,248 [INFO] src.timeline.commands: 貼り付けの割り込み: S1 の 5.000s へ 10.00s を確保 / 移動 1 件・分割 0 件・切詰 0 件
2026-09-25 11:26:05,248 [INFO] src.timeline.commands: 貼り付けの割り込み: V1 の 5.000s へ 10.00s を確保 / 移動 2 件・分割 1 件・切詰 0 件
2026-09-25 11:26:05,248 [INFO] src.timeline.commands: 貼り付けの割り込み: V2 の 5.000s へ 10.00s を確保 / 移動 2 件・分割 0 件・切詰 0 件
2026-09-25 11:26:05,248 [INFO] src.timeline.commands: 貼り付けの割り込み: S1 の 5.000s へ 10.00s を確保 / 移動 1 件・分割 0 件・切詰 0 件
2026-09-25 11:26:05,248 [INFO] src.timeline.commands: 貼り付けの割り込み: V1 の 5.000s へ 10.00s を確保 / 移動 2 件・分割 1 件・切詰 0 件
2026-09-25 11:26:05,248 [INFO] src.timeline.commands: 貼り付けの割り込み: V2 の 5.000s へ 10.00s を確保 / 移動 2 件・分割 0 件・切詰 0 件
2026-09-25 11:26:05,248 [INFO] src.timeline.commands: 貼り付けの割り込み: S1 の 5.000s へ 10.00s を確保 / 移動 1 件・分割 0 件・切詰 0 件
2026-09-25 11:26:05,248 [INFO] src.timeline.commands: 貼り付けの割り込み: V2 の 4.000s へ 2.00s を確保 / 移動 2 件・分割 0 件・切詰 0 件
2026-09-25 11:26:05,248 [INFO] src.timeline.commands: 貼り付けの割り込み: V2 の 4.000s へ 2.00s を確保 / 移動 2 件・分割 0 件・切詰 0 件
2026-09-25 11:26:05,248 [INFO] src.timeline.commands: 貼り付けの割り込み: V2 の 4.000s へ 2.00s を確保 / 移動 2 件・分割 0 件・切詰 0 件
2026-09-25 11:26:05,248 [INFO] src.timeline.clipboard: Timeline のノードをコピーしました: 1 件
2026-09-25 11:26:05,248 [INFO] src.timeline.clipboard: Timeline のノードをコピーしました: 1 件
2026-09-25 11:26:05,248 [INFO] src.timeline.commands: 貼り付けの割り込み: V1 の 4.000s へ 2.00s を確保 / 移動 2 件・分割 1 件・切詰 0 件
2026-09-25 11:26:05,248 [INFO] src.timeline.commands: 貼り付けの割り込み: V2 の 4.000s へ 2.00s を確保 / 移動 2 件・分割 0 件・切詰 0 件
2026-09-25 11:26:05,248 [INFO] src.timeline.commands: 貼り付けの割り込み: S1 の 4.000s へ 2.00s を確保 / 移動 1 件・分割 0 件・切詰 0 件
2026-09-25 11:26:05,248 [INFO] src.timeline.commands: 貼り付けの割り込み: V2 の 4.000s へ 2.00s を確保 / 移動 2 件・分割 0 件・切詰 0 件
2026-09-25 11:26:05,248 [INFO] src.timeline.commands: 貼り付けの割り込み: V1 の 5.000s へ 10.00s を確保 / 移動 2 件・分割 1 件・切詰 0 件
2026-09-25 11:26:05,248 [INFO] src.timeline.commands: 貼り付けの割り込み: V2 の 5.000s へ 10.00s を確保 / 移動 2 件・分割 0 件・切詰 0 件
2026-09-25 11:26:05,248 [INFO] src.timeline.commands: 貼り付けの割り込み: V1 の 5.000s へ 10.00s を確保 / 移動 2 件・分割 1 件・切詰 0 件
2026-09-25 11:26:05,248 [WARNING] src.timeline.builder: 貼り付けの設定が不正なため既定 base_syncs_all を使用します: 'なにか'
2026-09-25 11:26:05,248 [WARNING] src.timeline.builder: 貼り付けの設定が不正なため既定 split を使用します: 123
2026-09-25 11:26:05,248 [INFO] src.timeline.commands: 貼り付けの割り込み: V1 の 5.000s へ 10.00s を確保 / 移動 2 件・分割 1 件・切詰 0 件
2026-09-25 11:26:05,248 [INFO] src.timeline.commands: 貼り付けの割り込み: V2 の 5.000s へ 10.00s を確保 / 移動 2 件・分割 0 件・切詰 0 件
2026-09-25 11:26:05,248 [INFO] src.timeline.commands: 貼り付けの割り込み: S1 の 5.000s へ 10.00s を確保 / 移動 1 件・分割 0 件・切詰 0 件
2026-09-25 11:26:05,248 [WARNING] src.timeline.commands: 映像トラックの上限 (3) に達しているため追加できません
2026-09-25 11:26:05,248 [INFO] src.timeline.commands: 字幕を追加できる空きがありません (2.000 秒)
2026-09-25 11:26:05,248 [INFO] src.timeline.commands: 字幕を追加できる空きがありません (0.990 秒)
2026-09-25 11:26:05,248 [INFO] src.timeline.commands: リップル: 10.000〜20.000s (10.00s) を除去 / 削除 1 件・短縮 0 件・移動 1 件
2026-09-25 11:26:05,248 [INFO] src.timeline.commands: リップル: 10.000〜20.000s (10.00s) を除去 / 削除 1 件・短縮 0 件・移動 1 件
2026-09-25 11:26:05,248 [INFO] src.timeline.commands: リップル: 10.000〜20.000s (10.00s) を除去 / 削除 1 件・短縮 0 件・移動 1 件
2026-09-25 11:26:05,248 [INFO] src.timeline.commands: リップル: 0.000〜10.000s (10.00s) を除去 / 削除 2 件・短縮 0 件・移動 1 件
2026-09-25 11:26:05,248 [INFO] src.timeline.commands: リップル: 10.000〜20.000s (10.00s) を除去 / 削除 1 件・短縮 0 件・移動 1 件
2026-09-25 11:26:05,264 [INFO] src.timeline.commands: リップル: 10.000〜20.000s (10.00s) を除去 / 削除 2 件・短縮 1 件・移動 2 件
2026-09-25 11:26:05,264 [INFO] src.timeline.commands: リップル: 10.000〜20.000s (10.00s) を除去 / 削除 2 件・短縮 1 件・移動 2 件
2026-09-25 11:26:05,264 [INFO] src.timeline.commands: リップル: 10.000〜20.000s (10.00s) を除去 / 削除 2 件・短縮 1 件・移動 2 件
2026-09-25 11:26:05,264 [INFO] src.timeline.commands: リップル: 10.000〜20.000s (10.00s) を除去 / 削除 2 件・短縮 1 件・移動 2 件
2026-09-25 11:26:05,265 [INFO] src.timeline.commands: リップル: 10.000〜20.000s (10.00s) を除去 / 削除 2 件・短縮 1 件・移動 2 件
2026-09-25 11:26:05,265 [INFO] src.timeline.commands: リップル: 10.000〜20.000s (10.00s) を除去 / 削除 2 件・短縮 1 件・移動 2 件
2026-09-25 11:26:05,265 [INFO] src.timeline.commands: リップル: 10.000〜20.000s (10.00s) を除去 / 削除 2 件・短縮 0 件・移動 3 件
2026-09-25 11:26:05,265 [INFO] src.timeline.commands: リップル: 10.000〜20.000s (10.00s) を除去 / 削除 1 件・短縮 0 件・移動 1 件
2026-09-25 11:26:05,265 [INFO] src.timeline.commands: リップル: 10.000〜20.000s (10.00s) を除去 / 削除 2 件・短縮 1 件・移動 2 件
2026-09-25 11:26:05,266 [INFO] src.timeline.commands: 残り尺が下限を割るためクリップごとリップル削除しました: c2
2026-09-25 11:26:05,266 [INFO] src.timeline.commands: リップル: 10.000〜20.000s (10.00s) を除去 / 削除 1 件・短縮 0 件・移動 2 件
2026-09-25 11:26:05,266 [INFO] src.timeline.commands: リップル: 15.000〜20.000s (5.00s) を除去 / 削除 0 件・短縮 1 件・移動 2 件
2026-09-25 11:26:05,266 [INFO] src.timeline.commands: リップル: 10.000〜15.000s (5.00s) を除去 / 削除 0 件・短縮 1 件・移動 2 件
2026-09-25 11:26:05,266 [INFO] src.timeline.commands: リップル: 15.000〜20.000s (5.00s) を除去 / 削除 0 件・短縮 1 件・移動 2 件
2026-09-25 11:26:05,266 [INFO] src.timeline.commands: リップル: 15.000〜20.000s (5.00s) を除去 / 削除 0 件・短縮 1 件・移動 2 件
2026-09-25 11:26:05,266 [INFO] src.timeline.commands: リップル: 26.000〜27.000s (1.00s) を除去 / 削除 0 件・短縮 2 件・移動 0 件
2026-09-25 11:26:05,266 [INFO] src.timeline.commands: リップル: 10.000〜20.000s (10.00s) を除去 / 削除 1 件・短縮 0 件・移動 1 件
2026-09-25 11:26:05,266 [INFO] src.timeline.commands: リップル: 10.000〜20.000s (10.00s) を除去 / 削除 1 件・短縮 0 件・移動 1 件
2026-09-25 11:26:05,266 [INFO] src.timeline.commands: リップル: 10.000〜20.000s (10.00s) を除去 / 削除 1 件・短縮 0 件・移動 1 件
2026-09-25 11:26:05,271 [INFO] src.timeline.project_io: プロジェクト保存: C:\Users\evolu\AppData\Local\Temp\timeline_io_test_1nwqv0e6\sample.timeline.json
2026-09-25 11:26:05,281 [INFO] src.timeline.project_io: プロジェクト読込: C:\Users\evolu\AppData\Local\Temp\timeline_io_test_1nwqv0e6\sample.timeline.json
2026-09-25 11:26:05,281 [INFO] src.timeline.project_io: プロジェクト保存: C:\Users\evolu\AppData\Local\Temp\timeline_io_test_1nwqv0e6\sample.timeline.json
2026-09-25 11:26:05,281 [INFO] src.timeline.project_io: プロジェクト読込: C:\Users\evolu\AppData\Local\Temp\timeline_io_test_1nwqv0e6\sample.timeline.json
2026-09-25 11:26:05,281 [INFO] src.timeline.project_io: プロジェクト保存: C:\Users\evolu\AppData\Local\Temp\timeline_io_test_gs683jve\sample.timeline.json
2026-09-25 11:26:05,304 [INFO] src.timeline.project_io: プロジェクト読込: C:\Users\evolu\AppData\Local\Temp\timeline_io_test_gs683jve\sample.timeline.json
2026-09-25 11:26:05,309 [INFO] src.timeline.project_io: プロジェクト保存: C:\Users\evolu\AppData\Local\Temp\timeline_io_test_jdlkx_sy\sample.timeline.json
2026-09-25 11:26:05,322 [WARNING] src.timeline.project_io: メディアの実体が見つかりません (1 件)。該当クリップを無効化します: m1
2026-09-25 11:26:05,331 [INFO] src.timeline.project_io: プロジェクト保存: C:\Users\evolu\AppData\Local\Temp\timeline_io_test_2kn9_a71\sample.timeline.json
2026-09-25 11:26:05,342 [INFO] src.timeline.project_io: プロジェクト保存: C:\Users\evolu\AppData\Local\Temp\timeline_io_test_mfc72xqn\sample.timeline.json
2026-09-25 11:26:05,355 [WARNING] src.timeline.project_io: 編集点の区間が不正なため無視します: 20.000→15.000
2026-09-25 11:26:05,357 [WARNING] src.timeline.project_io: メディアの実体が見つかりません (1 件)。該当クリップを無効化します: m1
2026-09-25 11:26:05,358 [WARNING] src.timeline.project_io: 音声クリップ a1 のリンク先 no_such_clip が存在しないため除外します (該当区間は無音になります)
2026-09-25 11:26:05,359 [WARNING] src.timeline.project_io: トラック V1 でクリップ c2 が重複しているため 12.480 へ移動します
2026-09-25 11:26:05,363 [WARNING] src.timeline.project_io: クリップ c2 の尺 (0.001s) が下限 (0.050s) 未満のため除外します
2026-09-25 11:26:05,364 [WARNING] src.timeline.project_io: 音声クリップ a2 のリンク先 c2 が存在しないため除外します (該当区間は無音になります)
2026-09-25 11:26:05,458 [INFO] src.utils.trash: ゴミ箱へ移動しました (2 件)
2026-09-25 11:26:05,464 [WARNING] src.timeline.builder: 寸法の設定が不正なため既定 8000 を使用します: 0
2026-09-25 11:26:33,382 [INFO] src.archive.timeline_builder: アーカイブ Timeline 構築: 2 クリップ / V1 2 本 / S1 0 件 / 全長 60.0s
2026-09-25 11:26:33,382 [INFO] src.archive.timeline_builder: アーカイブ Timeline 構築: 2 クリップ / V1 2 本 / S1 0 件 / 全長 60.0s
2026-09-25 11:26:33,382 [WARNING] src.archive.marker_source: VOD 外のマーカーを 2 件除外しました (尺 7200.0s)
2026-09-25 11:26:33,382 [INFO] src.archive.timeline_builder: アーカイブ Timeline 構築: 2 クリップ / V1 2 本 / S1 0 件 / 全長 200.0s
2026-09-25 11:26:33,382 [INFO] src.timeline.commands: 貼り付けの割り込み: V1 の 0.000s へ 50.00s を確保 / 移動 2 件・分割 0 件・切詰 0 件
2026-09-25 11:26:33,382 [INFO] src.timeline.commands: 貼り付けの割り込み: S1 の 0.000s へ 50.00s を確保 / 移動 0 件・分割 0 件・切詰 0 件
2026-09-25 11:26:33,382 [INFO] src.archive.timeline_builder: セクション追加: clip3 を 0.00s へ挿入 (VOD 100.0-150.0 / 尺 50.00s)
2026-09-25 11:26:33,382 [INFO] src.archive.timeline_builder: セクション統合: clip1 へ 1 件を畳み込み (VOD 100.0-200.0)
2026-09-25 11:26:33,382 [INFO] src.archive.timeline_builder: アーカイブ Timeline 構築: 2 クリップ / V1 2 本 / S1 0 件 / 全長 200.0s
2026-09-25 11:26:33,382 [INFO] src.archive.timeline_builder: アーカイブ Timeline 構築: 1 クリップ / V1 1 本 / S1 0 件 / 全長 100.0s
2026-09-25 11:26:33,382 [INFO] src.archive.timeline_builder: アーカイブ Timeline 構築: 1 クリップ / V1 1 本 / S1 0 件 / 全長 100.0s
2026-09-25 11:26:33,382 [INFO] src.archive.timeline_builder: アーカイブ Timeline 構築: 1 クリップ / V1 1 本 / S1 0 件 / 全長 100.0s
2026-09-25 11:26:33,382 [INFO] src.archive.timeline_builder: セクション追加: clip2 を 100.00s へ挿入 (VOD 200.0-300.0 / 尺 100.00s)
2026-09-25 11:26:33,382 [INFO] src.archive.timeline_builder: セクション統合: clip1 へ 1 件を畳み込み (VOD 100.0-300.0)
2026-09-25 11:26:33,382 [INFO] src.archive.timeline_builder: アーカイブ Timeline 構築: 1 クリップ / V1 1 本 / S1 0 件 / 全長 100.0s
2026-09-25 11:26:33,382 [INFO] src.archive.timeline_builder: セクション追加: clip2 を 100.00s へ挿入 (VOD 200.0-300.0 / 尺 100.00s)
2026-09-25 11:26:33,382 [INFO] src.archive.timeline_builder: セクション統合: clip1 へ 1 件を畳み込み (VOD 100.0-300.0)
2026-09-25 11:26:33,388 [INFO] src.archive.timeline_builder: アーカイブ Timeline 構築: 1 クリップ / V1 1 本 / S1 0 件 / 全長 100.0s
2026-09-25 11:26:33,388 [INFO] src.archive.timeline_builder: セクション追加: clip2 を 100.00s へ挿入 (VOD 200.0-300.0 / 尺 100.00s)
2026-09-25 11:26:33,388 [INFO] src.archive.timeline_builder: セクション統合: clip1 へ 1 件を畳み込み (VOD 100.0-300.0)
2026-09-25 11:26:33,388 [INFO] src.archive.timeline_builder: アーカイブ Timeline 構築: 1 クリップ / V1 1 本 / S1 0 件 / 全長 100.0s
2026-09-25 11:26:33,388 [INFO] src.archive.timeline_builder: セクション追加: clip2 を 100.00s へ挿入 (VOD 200.0-300.0 / 尺 100.00s)
2026-09-25 11:26:33,388 [INFO] src.archive.timeline_builder: セクション統合: clip1 へ 1 件を畳み込み (VOD 100.0-300.0)
2026-09-25 11:26:33,388 [INFO] src.archive.timeline_builder: clip1 の素材 m2 は区間を特定できませんでした (尺 12.0s / 候補の穴 0 件)。差し替えを尋ねます
2026-09-25 11:26:33,388 [INFO] src.archive.timeline_builder: アーカイブ Timeline 構築: 1 クリップ / V1 1 本 / S1 0 件 / 全長 100.0s
2026-09-25 11:26:33,388 [INFO] src.archive.timeline_builder: セクション追加: clip2 を 100.00s へ挿入 (VOD 200.0-300.0 / 尺 100.00s)
2026-09-25 11:26:33,388 [INFO] src.archive.timeline_builder: セクション統合: clip1 へ 1 件を畳み込み (VOD 100.0-300.0)
2026-09-25 11:26:33,388 [INFO] src.archive.timeline_builder: アーカイブ Timeline 構築: 1 クリップ / V1 1 本 / S1 0 件 / 全長 100.0s
2026-09-25 11:26:33,388 [INFO] src.archive.timeline_builder: セクション追加: clip2 を 100.00s へ挿入 (VOD 200.0-300.0 / 尺 100.00s)
2026-09-25 11:26:33,388 [INFO] src.archive.timeline_builder: セクション統合: clip1 へ 1 件を畳み込み (VOD 100.0-300.0)
2026-09-25 11:26:33,388 [INFO] src.archive.timeline_builder: clip1 の素材 m2 の区間を 200.0–300.0 として復元しました
2026-09-25 11:26:33,388 [INFO] src.archive.timeline_builder: アーカイブ Timeline 構築: 1 クリップ / V1 1 本 / S1 0 件 / 全長 100.0s
2026-09-25 11:26:33,388 [INFO] src.archive.timeline_builder: セクション追加: clip2 を 100.00s へ挿入 (VOD 200.0-300.0 / 尺 100.00s)
2026-09-25 11:26:33,388 [INFO] src.archive.timeline_builder: セクション統合: clip1 へ 1 件を畳み込み (VOD 100.0-300.0)
2026-09-25 11:26:33,388 [INFO] src.archive.timeline_builder: clip1 の素材 m2 の区間を 200.0–300.0 として復元しました
2026-09-25 11:26:33,388 [INFO] src.archive.timeline_builder: アーカイブ Timeline 構築: 1 クリップ / V1 1 本 / S1 0 件 / 全長 100.0s
2026-09-25 11:26:33,388 [INFO] src.archive.timeline_builder: セクション追加: clip2 を 100.00s へ挿入 (VOD 200.0-300.0 / 尺 100.00s)
2026-09-25 11:26:33,388 [INFO] src.archive.timeline_builder: セクション統合: clip1 へ 1 件を畳み込み (VOD 100.0-300.0)
2026-09-25 11:26:33,388 [INFO] src.archive.timeline_builder: clip1 の素材 m2 の区間を 200.0–303.0 として復元しました
2026-09-25 11:26:33,388 [INFO] src.archive.timeline_builder: アーカイブ Timeline 構築: 1 クリップ / V1 1 本 / S1 0 件 / 全長 100.0s
2026-09-25 11:26:33,388 [INFO] src.archive.timeline_builder: アーカイブ Timeline 構築: 1 クリップ / V1 1 本 / S1 0 件 / 全長 100.0s
2026-09-25 11:26:33,388 [INFO] src.archive.timeline_builder: アーカイブ Timeline 構築: 1 クリップ / V1 1 本 / S1 0 件 / 全長 100.0s
2026-09-25 11:26:33,388 [INFO] src.timeline.media_recovery: 使われていない素材のため復旧しません: orphan (C:\Users\evolu\AppData\Local\Temp\archive_media_test_uhniahqv\gone.mp4)
2026-09-25 11:26:33,388 [INFO] src.archive.timeline_builder: アーカイブ Timeline 構築: 1 クリップ / V1 1 本 / S1 0 件 / 全長 100.0s
2026-09-25 11:26:33,388 [INFO] src.timeline.project_io: 使われていない素材 1 件を保存対象から外しました
2026-09-25 11:26:33,397 [INFO] src.archive.timeline_builder: アーカイブ Timeline 構築: 1 クリップ / V1 1 本 / S1 0 件 / 全長 100.0s
2026-09-25 11:26:33,398 [INFO] src.archive.timeline_builder: アーカイブ Timeline 構築: 1 クリップ / V1 1 本 / S1 0 件 / 全長 100.0s
2026-09-25 11:26:33,400 [WARNING] src.timeline.media_recovery: 素材が見つかりません: m1 (C:\Users\evolu\AppData\Local\Temp\archive_media_test_fi_qmlcu\lost.mp4)
2026-09-25 11:26:33,400 [INFO] src.timeline.media_recovery: 使われていない素材のため復旧しません: orphan (C:\Users\evolu\AppData\Local\Temp\archive_media_test_fi_qmlcu\gone.mp4)
2026-09-25 11:26:33,401 [INFO] src.archive.clip_writer: clip1 prepare 完了 (字幕 2 件)
2026-09-25 11:26:33,405 [INFO] src.archive.clip_writer: clip1 prepare 完了 (字幕 2 件)
2026-09-25 11:26:33,407 [INFO] src.archive.clip_writer: 編集点準備: 残す区間 2 件 / 想定尺 10.00s (素材 30.00s)
2026-09-25 11:26:33,407 [INFO] src.archive.clip_writer: clip1 prepare 完了 (字幕 2 件 / 実カットなし)
2026-09-25 11:26:33,408 [INFO] src.archive.clip_writer: 編集点準備: 残す区間 2 件 / 想定尺 10.00s (素材 30.00s)
2026-09-25 11:26:33,408 [INFO] src.archive.clip_writer: clip1 prepare 完了 (字幕 2 件 / 実カットなし)
2026-09-25 11:26:33,408 [INFO] src.archive.clip_writer: 編集点準備: 残す区間 2 件 / 想定尺 10.00s (素材 30.00s)
2026-09-25 11:26:33,408 [INFO] src.archive.clip_writer: clip1 prepare 完了 (字幕 2 件 / 実カットなし)
2026-09-25 11:26:33,408 [INFO] src.archive.clip_writer: 編集点準備: 残す区間 2 件 / 想定尺 10.00s (素材 30.00s)
2026-09-25 11:26:33,408 [INFO] src.archive.clip_writer: clip1 prepare 完了 (字幕 2 件 / 実カットなし)
2026-09-25 11:26:33,408 [INFO] src.archive.clip_writer: 編集点準備: 残す区間 2 件 / 想定尺 10.00s (素材 30.00s)
2026-09-25 11:26:33,408 [INFO] src.archive.clip_writer: clip1 prepare 完了 (字幕 2 件 / 実カットなし)
2026-09-25 11:26:33,417 [INFO] src.archive.clip_writer: 編集点準備: 残す区間 2 件 / 想定尺 10.00s (素材 30.00s)
2026-09-25 11:26:33,417 [INFO] src.archive.clip_writer: clip1 prepare 完了 (字幕 2 件 / 実カットなし)
2026-09-25 11:26:33,423 [INFO] src.archive.clip_writer: 編集点準備: 残す区間 2 件 / 想定尺 10.00s (素材 30.00s)
2026-09-25 11:26:33,423 [INFO] src.archive.clip_writer: clip1 prepare 完了 (字幕 0 件 / 実カットなし)
2026-09-25 11:26:33,423 [INFO] src.archive.clip_writer: 編集点準備: 残す区間 2 件 / 想定尺 10.00s (素材 30.00s)
2026-09-25 11:26:33,430 [INFO] src.timeline.project_io: プロジェクト保存: C:\Users\evolu\AppData\Local\Temp\archive_resume_3nci4d5y\vod.archive.timeline.json
2026-09-25 11:26:33,449 [INFO] src.timeline.project_io: プロジェクト読込: C:\Users\evolu\AppData\Local\Temp\archive_resume_3nci4d5y\vod.archive.timeline.json
2026-09-25 11:26:33,449 [INFO] src.timeline.project_io: プロジェクト保存: C:\Users\evolu\AppData\Local\Temp\archive_resume_l_qoqdvz\vod.archive.timeline.json
2026-09-25 11:26:33,458 [INFO] src.timeline.project_io: プロジェクト保存: C:\Users\evolu\AppData\Local\Temp\archive_resume_l_qoqdvz\clip.timeline.json
2026-09-25 11:26:33,458 [INFO] src.archive.project_resume: ==================================================
2026-09-25 11:26:33,458 [INFO] src.archive.project_resume: 保存済みアーカイブプロジェクトから再開: C:\Users\evolu\AppData\Local\Temp\archive_resume_l_qoqdvz\clip.timeline.json
2026-09-25 11:26:33,478 [INFO] src.timeline.project_io: プロジェクト読込: C:\Users\evolu\AppData\Local\Temp\archive_resume_l_qoqdvz\clip.timeline.json
2026-09-25 11:26:33,483 [INFO] src.timeline.project_io: プロジェクト保存: C:\Users\evolu\AppData\Local\Temp\archive_resume_sthhs0dh\vod.archive.timeline.json
2026-09-25 11:26:33,502 [INFO] src.timeline.project_io: プロジェクト読込: C:\Users\evolu\AppData\Local\Temp\archive_resume_sthhs0dh\vod.archive.timeline.json
2026-09-25 11:26:33,505 [INFO] src.archive.project_resume: 音声サイドカーが無いため素材 m1 の正規化をやり直します
2026-09-25 11:26:33,506 [INFO] src.archive.project_resume: 音声サイドカーが無いため素材 m2 の正規化をやり直します
2026-09-25 11:26:33,514 [INFO] src.timeline.project_io: プロジェクト保存: C:\Users\evolu\AppData\Local\Temp\archive_resume_nldw1o6o\vod.archive.timeline.json
2026-09-25 11:26:33,531 [INFO] src.timeline.project_io: プロジェクト読込: C:\Users\evolu\AppData\Local\Temp\archive_resume_nldw1o6o\vod.archive.timeline.json
2026-09-25 11:26:33,533 [INFO] src.archive.project_resume: 音声サイドカーが無いため素材 m1 の正規化をやり直します
2026-09-25 11:26:33,533 [INFO] src.archive.project_resume: 音声サイドカーが無いため素材 m2 の正規化をやり直します
2026-09-25 11:26:33,538 [INFO] src.timeline.project_io: プロジェクト保存: C:\Users\evolu\AppData\Local\Temp\archive_resume_72acv66_\vod.archive.timeline.json
2026-09-25 11:26:33,538 [INFO] src.archive.project_resume: ==================================================
2026-09-25 11:26:33,538 [INFO] src.archive.project_resume: 保存済みアーカイブプロジェクトから再開: C:\Users\evolu\AppData\Local\Temp\archive_resume_72acv66_\no_such.timeline.json
2026-09-25 11:26:33,538 [INFO] src.timeline.project_io: プロジェクト保存: C:\Users\evolu\AppData\Local\Temp\archive_resume_8mct4_l9\vod.archive.timeline.json
2026-09-25 11:26:33,563 [INFO] src.timeline.project_io: プロジェクト読込: C:\Users\evolu\AppData\Local\Temp\archive_resume_8mct4_l9\vod.archive.timeline.json
2026-09-25 11:26:33,568 [INFO] src.timeline.project_io: プロジェクト保存: C:\Users\evolu\AppData\Local\Temp\archive_resume_2n8n8ren\vod.archive.timeline.json
2026-09-25 11:26:33,582 [INFO] src.timeline.project_io: プロジェクト読込: C:\Users\evolu\AppData\Local\Temp\archive_resume_2n8n8ren\vod.archive.timeline.json
2026-09-25 11:26:33,588 [INFO] src.archive.project_resume: 設定に従い切り出したままの音量で使います: 素材 m1
2026-09-25 11:26:33,588 [INFO] src.archive.project_resume: 設定に従い切り出したままの音量で使います: 素材 m2
2026-09-25 11:26:33,588 [WARNING] src.timeline.media_sidecar: 音声サイドカーの尺が保存値と合いません (100.00s / 期待 103.00s) → 使いません
2026-09-25 11:26:33,588 [INFO] src.archive.timeline_builder: アーカイブ Timeline 構築: 2 クリップ / V1 2 本 / S1 0 件 / 全長 200.0s
2026-09-25 11:26:33,588 [INFO] src.archive.timeline_builder: セクション追加: clip3 を 200.00s へ挿入 (VOD 900.0-950.0 / 尺 50.00s)
2026-09-25 11:26:33,588 [INFO] src.archive.timeline_builder: アーカイブ Timeline 構築: 2 クリップ / V1 2 本 / S1 0 件 / 全長 200.0s
2026-09-25 11:26:33,588 [INFO] src.timeline.commands: 貼り付けの割り込み: V1 の 0.000s へ 50.00s を確保 / 移動 2 件・分割 0 件・切詰 0 件
2026-09-25 11:26:33,588 [INFO] src.timeline.commands: 貼り付けの割り込み: S1 の 0.000s へ 50.00s を確保 / 移動 0 件・分割 0 件・切詰 0 件
2026-09-25 11:26:33,588 [INFO] src.archive.timeline_builder: セクション追加: clip3 を 0.00s へ挿入 (VOD 0.0-50.0 / 尺 50.00s)
2026-09-25 11:26:33,588 [INFO] src.archive.timeline_builder: アーカイブ Timeline 構築: 2 クリップ / V1 2 本 / S1 0 件 / 全長 200.0s
2026-09-25 11:26:33,588 [INFO] src.timeline.commands: 貼り付けの割り込み: V1 の 100.000s へ 50.00s を確保 / 移動 1 件・分割 0 件・切詰 0 件
2026-09-25 11:26:33,588 [INFO] src.timeline.commands: 貼り付けの割り込み: S1 の 100.000s へ 50.00s を確保 / 移動 0 件・分割 0 件・切詰 0 件
2026-09-25 11:26:33,588 [INFO] src.archive.timeline_builder: セクション追加: clip3 を 100.00s へ挿入 (VOD 250.0-300.0 / 尺 50.00s)
2026-09-25 11:26:33,588 [INFO] src.archive.timeline_builder: アーカイブ Timeline 構築: 3 クリップ / V1 3 本 / S1 0 件 / 全長 300.0s
2026-09-25 11:26:33,588 [INFO] src.timeline.commands: 貼り付けの割り込み: V1 の 100.000s へ 50.00s を確保 / 移動 2 件・分割 0 件・切詰 0 件
2026-09-25 11:26:33,588 [INFO] src.timeline.commands: 貼り付けの割り込み: S1 の 100.000s へ 50.00s を確保 / 移動 0 件・分割 0 件・切詰 0 件
2026-09-25 11:26:33,588 [INFO] src.archive.timeline_builder: セクション追加: clip4 を 100.00s へ挿入 (VOD 250.0-300.0 / 尺 50.00s)
2026-09-25 11:26:33,588 [INFO] src.timeline.commands: 貼り付けの割り込み: V1 の 0.000s へ 50.00s を確保 / 移動 4 件・分割 0 件・切詰 0 件
2026-09-25 11:26:33,588 [INFO] src.timeline.commands: 貼り付けの割り込み: S1 の 0.000s へ 50.00s を確保 / 移動 0 件・分割 0 件・切詰 0 件
2026-09-25 11:26:33,588 [INFO] src.archive.timeline_builder: セクション追加: clip5 を 0.00s へ挿入 (VOD 0.0-50.0 / 尺 50.00s)
2026-09-25 11:26:33,588 [INFO] src.archive.timeline_builder: セクション追加: clip6 を 400.00s へ挿入 (VOD 900.0-950.0 / 尺 50.00s)
2026-09-25 11:26:33,588 [INFO] src.archive.timeline_builder: アーカイブ Timeline 構築: 1 クリップ / V1 1 本 / S1 0 件 / 全長 100.0s
2026-09-25 11:26:33,588 [INFO] src.archive.timeline_builder: セクション追加: clip2 を 100.00s へ挿入 (VOD 300.0-400.0 / 尺 100.00s)
2026-09-25 11:26:33,588 [INFO] src.archive.timeline_builder: アーカイブ Timeline 構築: 3 クリップ / V1 3 本 / S1 0 件 / 全長 300.0s
2026-09-25 11:26:33,588 [INFO] src.timeline.commands: 貼り付けの割り込み: V1 の 100.000s へ 50.00s を確保 / 移動 2 件・分割 0 件・切詰 0 件
2026-09-25 11:26:33,588 [INFO] src.timeline.commands: 貼り付けの割り込み: S1 の 100.000s へ 50.00s を確保 / 移動 0 件・分割 0 件・切詰 0 件
2026-09-25 11:26:33,588 [INFO] src.archive.timeline_builder: セクション追加: clip4 を 100.00s へ挿入 (VOD 250.0-300.0 / 尺 50.00s)
2026-09-25 11:26:33,588 [INFO] src.archive.timeline_builder: アーカイブ Timeline 構築: 2 クリップ / V1 2 本 / S1 0 件 / 全長 200.0s
2026-09-25 11:26:33,588 [INFO] src.archive.timeline_builder: セクション追加: clip3 を 200.00s へ挿入 (VOD 900.0-950.0 / 尺 50.00s)
2026-09-25 11:26:33,588 [INFO] src.archive.timeline_builder: アーカイブ Timeline 構築: 2 クリップ / V1 2 本 / S1 0 件 / 全長 200.0s
2026-09-25 11:26:33,588 [INFO] src.archive.timeline_builder: アーカイブ Timeline 構築: 1 クリップ / V1 1 本 / S1 0 件 / 全長 100.0s
2026-09-25 11:26:33,588 [INFO] src.archive.timeline_builder: セクション追加: clip2 を 100.00s へ挿入 (VOD 450.0-600.0 / 尺 150.00s)
2026-09-25 11:26:33,588 [INFO] src.archive.timeline_builder: アーカイブ Timeline 構築: 2 クリップ / V1 2 本 / S1 0 件 / 全長 200.0s
2026-09-25 11:26:33,588 [INFO] src.archive.timeline_builder: セクション追加: clip3 を 200.00s へ挿入 (VOD 500.0-600.0 / 尺 100.00s)
2026-09-25 11:26:33,588 [INFO] src.archive.timeline_builder: セクション統合: clip2 へ 1 件を畳み込み (VOD 400.0-600.0)
2026-09-25 11:26:33,588 [INFO] src.archive.timeline_builder: アーカイブ Timeline 構築: 2 クリップ / V1 2 本 / S1 0 件 / 全長 200.0s
2026-09-25 11:26:33,588 [INFO] src.archive.timeline_builder: セクション追加: clip3 を 200.00s へ挿入 (VOD 500.0-600.0 / 尺 100.00s)
2026-09-25 11:26:33,588 [INFO] src.archive.timeline_builder: セクション統合: clip2 へ 1 件を畳み込み (VOD 400.0-600.0)
2026-09-25 11:26:33,588 [INFO] src.archive.timeline_builder: アーカイブ Timeline 構築: 3 クリップ / V1 3 本 / S1 0 件 / 全長 300.0s
2026-09-25 11:26:33,588 [INFO] src.timeline.commands: 貼り付けの割り込み: V1 の 200.000s へ 100.00s を確保 / 移動 1 件・分割 0 件・切詰 0 件
2026-09-25 11:26:33,588 [INFO] src.timeline.commands: 貼り付けの割り込み: S1 の 200.000s へ 100.00s を確保 / 移動 0 件・分割 0 件・切詰 0 件
2026-09-25 11:26:33,588 [INFO] src.archive.timeline_builder: セクション追加: clip4 を 200.00s へ挿入 (VOD 500.0-600.0 / 尺 100.00s)
2026-09-25 11:26:33,588 [INFO] src.archive.timeline_builder: セクション統合: clip2 へ 1 件を畳み込み (VOD 400.0-600.0)
2026-09-25 11:26:33,588 [INFO] src.archive.timeline_builder: アーカイブ Timeline 構築: 3 クリップ / V1 3 本 / S1 0 件 / 全長 300.0s
2026-09-25 11:26:33,588 [INFO] src.timeline.commands: 貼り付けの割り込み: V1 の 100.000s へ 200.00s を確保 / 移動 2 件・分割 0 件・切詰 0 件
2026-09-25 11:26:33,588 [INFO] src.timeline.commands: 貼り付けの割り込み: S1 の 100.000s へ 200.00s を確保 / 移動 0 件・分割 0 件・切詰 0 件
2026-09-25 11:26:33,588 [INFO] src.archive.timeline_builder: セクション追加: clip4 を 100.00s へ挿入 (VOD 200.0-400.0 / 尺 200.00s)
2026-09-25 11:26:33,588 [INFO] src.timeline.commands: 貼り付けの割り込み: V1 の 400.000s へ 200.00s を確保 / 移動 1 件・分割 0 件・切詰 0 件
2026-09-25 11:26:33,588 [INFO] src.timeline.commands: 貼り付けの割り込み: S1 の 400.000s へ 200.00s を確保 / 移動 0 件・分割 0 件・切詰 0 件
2026-09-25 11:26:33,588 [INFO] src.archive.timeline_builder: セクション追加: clip5 を 400.00s へ挿入 (VOD 500.0-700.0 / 尺 200.00s)
2026-09-25 11:26:33,588 [INFO] src.archive.timeline_builder: セクション統合: clip1 へ 4 件を畳み込み (VOD 100.0-800.0)
2026-09-25 11:26:33,597 [INFO] src.archive.timeline_builder: アーカイブ Timeline 構築: 1 クリップ / V1 1 本 / S1 0 件 / 全長 100.0s
2026-09-25 11:26:33,597 [INFO] src.archive.timeline_builder: セクション追加: clip2 を 100.00s へ挿入 (VOD 200.0-300.0 / 尺 100.00s)
2026-09-25 11:26:33,597 [INFO] src.archive.timeline_builder: セクション統合: clip1 へ 1 件を畳み込み (VOD 100.0-300.0)
2026-09-25 11:26:33,598 [INFO] src.archive.timeline_builder: アーカイブ Timeline 構築: 2 クリップ / V1 2 本 / S1 0 件 / 全長 200.0s
2026-09-25 11:26:33,598 [INFO] src.timeline.commands: 貼り付けの割り込み: V1 の 100.000s へ 50.00s を確保 / 移動 1 件・分割 0 件・切詰 0 件
2026-09-25 11:26:33,598 [INFO] src.timeline.commands: 貼り付けの割り込み: S1 の 100.000s へ 50.00s を確保 / 移動 0 件・分割 0 件・切詰 0 件
2026-09-25 11:26:33,598 [INFO] src.archive.timeline_builder: セクション追加: clip3 を 100.00s へ挿入 (VOD 250.0-300.0 / 尺 50.00s)
2026-09-25 11:26:33,599 [INFO] src.archive.timeline_builder: アーカイブ Timeline 構築: 2 クリップ / V1 2 本 / S1 0 件 / 全長 200.0s
2026-09-25 11:26:33,599 [INFO] src.archive.timeline_builder: セクション追加: clip3 を 200.00s へ挿入 (VOD 500.0-600.0 / 尺 100.00s)
2026-09-25 11:26:33,599 [INFO] src.archive.timeline_builder: セクション統合: clip2 へ 1 件を畳み込み (VOD 400.0-600.0)
2026-09-25 11:26:33,599 [INFO] src.archive.timeline_builder: アーカイブ Timeline 構築: 3 クリップ / V1 3 本 / S1 0 件 / 全長 300.0s
2026-09-25 11:26:33,599 [INFO] src.timeline.commands: 貼り付けの割り込み: V1 の 100.000s へ 50.00s を確保 / 移動 2 件・分割 0 件・切詰 0 件
2026-09-25 11:26:33,600 [INFO] src.timeline.commands: 貼り付けの割り込み: S1 の 100.000s へ 50.00s を確保 / 移動 0 件・分割 0 件・切詰 0 件
2026-09-25 11:26:33,600 [INFO] src.archive.timeline_builder: セクション追加: clip4 を 100.00s へ挿入 (VOD 250.0-300.0 / 尺 50.00s)
2026-09-25 11:26:33,600 [INFO] src.archive.timeline_builder: アーカイブ Timeline 構築: 2 クリップ / V1 2 本 / S1 0 件 / 全長 200.0s
2026-09-25 11:26:33,600 [INFO] src.archive.timeline_builder: アーカイブ Timeline 構築: 1 クリップ / V1 1 本 / S1 0 件 / 全長 100.0s
2026-09-25 11:26:33,602 [INFO] src.archive.timeline_builder: アーカイブ Timeline 構築: 1 クリップ / V1 1 本 / S1 0 件 / 全長 100.0s
2026-09-25 11:26:33,602 [INFO] src.archive.timeline_builder: アーカイブ Timeline 構築: 1 クリップ / V1 1 本 / S1 0 件 / 全長 100.0s
2026-09-25 11:26:33,602 [INFO] src.archive.timeline_builder: アーカイブ Timeline 構築: 1 クリップ / V1 1 本 / S1 0 件 / 全長 100.0s
2026-09-25 11:26:33,602 [INFO] src.archive.timeline_builder: アーカイブ Timeline 構築: 1 クリップ / V1 1 本 / S1 0 件 / 全長 300.0s
2026-09-25 11:26:33,603 [INFO] src.archive.timeline_builder: アーカイブ Timeline 構築: 1 クリップ / V1 1 本 / S1 0 件 / 全長 100.0s
2026-09-25 11:26:33,603 [INFO] src.archive.timeline_builder: アーカイブ Timeline 構築: 1 クリップ / V1 1 本 / S1 0 件 / 全長 100.0s
2026-09-25 11:26:33,603 [INFO] src.archive.timeline_builder: アーカイブ Timeline 構築: 1 クリップ / V1 1 本 / S1 0 件 / 全長 30.0s
2026-09-25 11:26:33,603 [INFO] src.archive.timeline_builder: アーカイブ Timeline 構築: 1 クリップ / V1 1 本 / S1 0 件 / 全長 30.0s
2026-09-25 11:26:33,603 [INFO] src.archive.timeline_builder: アーカイブ Timeline 構築: 1 クリップ / V1 1 本 / S1 0 件 / 全長 30.0s
2026-09-25 11:26:33,604 [INFO] src.archive.timeline_builder: アーカイブ Timeline 構築: 1 クリップ / V1 1 本 / S1 0 件 / 全長 30.0s
2026-09-25 11:26:33,604 [INFO] src.archive.timeline_builder: アーカイブ Timeline 構築: 1 クリップ / V1 1 本 / S1 0 件 / 全長 30.0s
2026-09-25 11:26:33,604 [INFO] src.archive.timeline_builder: アーカイブ Timeline 構築: 3 クリップ / V1 6 本 / S1 6 件 / 全長 30.0s
2026-09-25 11:26:33,605 [INFO] src.archive.timeline_builder: アーカイブ Timeline 構築: 3 クリップ / V1 6 本 / S1 6 件 / 全長 30.0s
2026-09-25 11:26:33,605 [INFO] src.archive.timeline_builder: アーカイブ Timeline 構築: 3 クリップ / V1 6 本 / S1 6 件 / 全長 30.0s
2026-09-25 11:26:33,605 [INFO] src.archive.timeline_builder: アーカイブ Timeline 構築: 3 クリップ / V1 6 本 / S1 6 件 / 全長 30.0s
2026-09-25 11:26:33,606 [INFO] src.archive.timeline_builder: アーカイブ Timeline 構築: 3 クリップ / V1 6 本 / S1 6 件 / 全長 30.0s
2026-09-25 11:26:33,606 [INFO] src.archive.timeline_builder: アーカイブ Timeline 構築: 3 クリップ / V1 6 本 / S1 6 件 / 全長 30.0s
2026-09-25 11:26:33,606 [INFO] src.archive.timeline_builder: アーカイブ Timeline 構築: 3 クリップ / V1 6 本 / S1 6 件 / 全長 30.0s
2026-09-25 11:26:33,606 [INFO] src.archive.timeline_builder: アーカイブ Timeline 構築: 3 クリップ / V1 6 本 / S1 6 件 / 全長 30.0s
2026-09-25 11:26:33,606 [INFO] src.archive.timeline_builder: アーカイブ Timeline 構築: 3 クリップ / V1 6 本 / S1 6 件 / 全長 30.0s
2026-09-25 11:26:33,607 [INFO] src.archive.timeline_builder: アーカイブ Timeline 構築: 1 クリップ / V1 1 本 / S1 2 件 / 全長 30.0s
2026-09-25 11:26:33,607 [INFO] src.archive.timeline_builder: clip1: クリップ終端で打ち切った字幕 1 件 / 載せなかった字幕 0 件
2026-09-25 11:26:33,607 [INFO] src.archive.timeline_builder: clip2: クリップ終端で打ち切った字幕 1 件 / 載せなかった字幕 0 件
2026-09-25 11:26:33,607 [INFO] src.archive.timeline_builder: clip3: クリップ終端で打ち切った字幕 1 件 / 載せなかった字幕 0 件
2026-09-25 11:26:33,607 [INFO] src.archive.timeline_builder: アーカイブ Timeline 構築: 3 クリップ / V1 6 本 / S1 3 件 / 全長 30.0s
2026-09-25 11:26:33,607 [INFO] src.archive.timeline_builder: clip1: クリップ終端で打ち切った字幕 1 件 / 載せなかった字幕 0 件
2026-09-25 11:26:33,607 [INFO] src.archive.timeline_builder: アーカイブ Timeline 構築: 2 クリップ / V1 4 本 / S1 3 件 / 全長 20.0s
2026-09-25 11:26:33,607 [INFO] src.archive.timeline_builder: clip1: クリップ終端で打ち切った字幕 1 件 / 載せなかった字幕 1 件
2026-09-25 11:26:33,607 [INFO] src.archive.timeline_builder: アーカイブ Timeline 構築: 2 クリップ / V1 4 本 / S1 2 件 / 全長 20.0s
2026-09-25 11:26:33,608 [INFO] src.archive.timeline_builder: clip1: クリップ終端で打ち切った字幕 1 件 / 載せなかった字幕 0 件
2026-09-25 11:26:33,608 [INFO] src.archive.timeline_builder: clip2: クリップ終端で打ち切った字幕 1 件 / 載せなかった字幕 0 件
2026-09-25 11:26:33,608 [INFO] src.archive.timeline_builder: アーカイブ Timeline 構築: 2 クリップ / V1 4 本 / S1 2 件 / 全長 20.0s
2026-09-25 11:26:33,608 [INFO] src.archive.timeline_builder: アーカイブ Timeline 構築: 3 クリップ / V1 6 本 / S1 6 件 / 全長 30.0s
2026-09-25 11:26:33,608 [INFO] src.archive.timeline_builder: アーカイブ Timeline 構築: 3 クリップ / V1 6 本 / S1 6 件 / 全長 30.0s
2026-09-25 11:26:33,608 [INFO] src.archive.timeline_builder: アーカイブ Timeline 構築: 3 クリップ / V1 6 本 / S1 6 件 / 全長 30.0s
2026-09-25 11:26:33,608 [INFO] src.archive.timeline_builder: アーカイブ Timeline 構築: 3 クリップ / V1 6 本 / S1 6 件 / 全長 30.0s
2026-09-25 11:26:33,609 [INFO] src.archive.timeline_builder: アーカイブ Timeline 構築: 3 クリップ / V1 6 本 / S1 6 件 / 全長 30.0s
2026-09-25 11:26:33,609 [INFO] src.archive.timeline_builder: アーカイブ Timeline 構築: 3 クリップ / V1 6 本 / S1 6 件 / 全長 30.0s
2026-09-25 11:26:33,609 [INFO] src.archive.timeline_builder: アーカイブ Timeline 構築: 3 クリップ / V1 6 本 / S1 6 件 / 全長 30.0s
2026-09-25 11:26:33,610 [INFO] src.archive.timeline_builder: clip2 は使用しないため書き出しから除外します
2026-09-25 11:26:33,610 [INFO] src.archive.timeline_builder: アーカイブ Timeline 構築: 3 クリップ / V1 6 本 / S1 6 件 / 全長 30.0s
2026-09-25 11:26:33,610 [INFO] src.archive.timeline_builder: アーカイブ Timeline 構築: 3 クリップ / V1 6 本 / S1 6 件 / 全長 30.0s
2026-09-25 11:26:33,611 [INFO] src.archive.timeline_builder: アーカイブ Timeline 構築: 3 クリップ / V1 6 本 / S1 6 件 / 全長 30.0s
2026-09-25 11:26:33,611 [INFO] src.archive.timeline_builder: アーカイブ Timeline 構築: 3 クリップ / V1 6 本 / S1 6 件 / 全長 30.0s
2026-09-25 11:26:33,611 [INFO] src.archive.timeline_builder: アーカイブ Timeline 構築: 3 クリップ / V1 6 本 / S1 6 件 / 全長 30.0s
2026-09-25 11:26:33,612 [INFO] src.archive.timeline_builder: アーカイブ Timeline 構築: 3 クリップ / V1 6 本 / S1 6 件 / 全長 30.0s
2026-09-25 11:26:33,658 [INFO] src.timeline.project_io: プロジェクトを改名しました: sample.timeline.json → renamed.timeline.json
2026-09-25 11:26:33,669 [INFO] src.blur.store: ぼかしの追従結果を保存しました: sample.blur.json
2026-09-25 11:26:33,678 [INFO] src.blur.store: ぼかしの追従結果の版が違うため作り直します: C:\Users\evolu\AppData\Local\Temp\blur_reuse_test_tbo3okto\sample.blur.json
2026-09-25 11:26:33,682 [INFO] src.blur.store: ぼかしの追従結果を保存しました: sample.blur.json
2026-09-25 11:26:33,688 [INFO] src.blur.store: 追従の設定が変わったため、ぼかしの追従結果を作り直します
2026-09-25 11:26:33,693 [INFO] src.blur.store: ぼかし: 素材が変わったため m9 の追従結果を捨てました
2026-09-25 11:26:33,699 [INFO] src.blur.decisions: ぼかし: 以前の書式の指定 4 件は新しい方式へ移せないため引き継ぎません (人物の自動検出を廃止したため)
2026-09-25 11:26:33,699 [INFO] src.blur.decisions: ぼかし: 以前の書式の指定 1 件は新しい方式へ移せないため引き継ぎません (人物の自動検出を廃止したため)
2026-09-25 11:26:36,272 [INFO] src.timeline.renderer: ベース映像構築: 1 クリップ / ギャップ 0 件 / 合計 5.0s
2026-09-25 11:26:36,277 [INFO] src.timeline.renderer: ベース映像の尺: モデル 5.000s / 実測 5.000s (差 +0.000s / 1 部品)
2026-09-25 11:26:36,277 [INFO] src.timeline.renderer: 字幕焼き込み: 1 件
2026-09-25 11:26:36,284 [INFO] src.timeline.renderer: ベース映像構築: 1 クリップ / ギャップ 0 件 / 合計 5.0s
2026-09-25 11:26:36,290 [INFO] src.timeline.renderer: ベース映像の尺: モデル 5.000s / 実測 5.000s (差 +0.000s / 1 部品)
2026-09-25 11:26:36,291 [INFO] src.timeline.renderer: 字幕焼き込み: 1 件
2026-09-25 11:26:36,295 [INFO] src.timeline.renderer: ベース映像構築: 1 クリップ / ギャップ 0 件 / 合計 5.0s
2026-09-25 11:26:36,300 [INFO] src.timeline.renderer: ベース映像の尺: モデル 5.000s / 実測 5.000s (差 +0.000s / 1 部品)
2026-09-25 11:26:36,300 [INFO] src.timeline.renderer: オーバーレイ・字幕が無いため合成をスキップします
2026-09-25 11:26:36,303 [INFO] src.modules.blur_overlay: ぼかしを焼き込みます: blur_applied.mp4
2026-09-25 11:26:36,303 [INFO] src.timeline.renderer: ベース映像構築: 1 クリップ / ギャップ 0 件 / 合計 5.0s
2026-09-25 11:26:36,308 [INFO] src.timeline.renderer: ベース映像の尺: モデル 5.000s / 実測 5.000s (差 +0.000s / 1 部品)
2026-09-25 11:26:36,308 [INFO] src.timeline.renderer: オーバーレイ・字幕が無いため合成をスキップします
2026-09-25 11:26:36,308 [INFO] src.modules.blur_overlay: ぼかしを焼き込みます: blur_applied.mp4
2026-09-25 11:26:36,314 [INFO] src.timeline.renderer: ベース映像構築: 1 クリップ / ギャップ 0 件 / 合計 5.0s
2026-09-25 11:26:36,318 [INFO] src.timeline.renderer: ベース映像の尺: モデル 5.000s / 実測 5.000s (差 +0.000s / 1 部品)
2026-09-25 11:26:36,318 [INFO] src.timeline.renderer: 字幕焼き込み: 1 件
2026-09-25 11:26:36,326 [INFO] src.timeline.renderer: ベース映像構築: 1 クリップ / ギャップ 0 件 / 合計 5.0s
2026-09-25 11:26:36,331 [INFO] src.timeline.renderer: ベース映像の尺: モデル 5.000s / 実測 5.000s (差 +0.000s / 1 部品)
2026-09-25 11:26:36,333 [WARNING] src.blur.frames: PyAV でのデコードに失敗したため FFmpeg へ切り替えます: [Errno 1094995529] Invalid data found when processing input: 'D:\\develop\\autoedit\\tests\\test_blur_renderer_integration.py'
2026-09-25 11:26:36,383 [WARNING] src.blur.tracker: ぼかしの追従: 基準のフレームを取得できません (1.00 秒)
2026-09-25 11:26:36,384 [WARNING] src.blur.frames: PyAV でのデコードに失敗したため FFmpeg へ切り替えます: [Errno 1094995529] Invalid data found when processing input: 'D:\\develop\\autoedit\\tests\\test_blur_renderer_integration.py'
2026-09-25 11:26:36,423 [WARNING] src.blur.tracker: ぼかしの追従: 基準のフレームを取得できません (1.00 秒)
2026-09-25 11:26:36,423 [INFO] src.blur.tracker: ぼかしの追従: 2 区切りを追いました
2026-09-25 11:26:36,428 [INFO] src.blur.store: ぼかしの追従結果を保存しました: timeline.blur.json
2026-09-25 11:26:36,428 [ERROR] src.blur.mask_builder: ぼかしマスクの生成に失敗しました: テスト: マスクを作れない状態
Traceback (most recent call last):
  File "D:\develop\autoedit\src\blur\mask_builder.py", line 64, in prepare
    return build(timeline, tracks, decisions, cfg, out_path,
           ^^^^^^^^^^^^^^^^^^^^^^^^^^^^^^^^^^^^^^^^^^^^^^^^^
  File "D:\develop\autoedit\tests\test_blur_renderer_integration.py", line 196, in broken
    raise RuntimeError("テスト: マスクを作れない状態")
RuntimeError: テスト: マスクを作れない状態
2026-09-25 11:26:36,431 [INFO] src.timeline.renderer: ベース映像構築: 1 クリップ / ギャップ 0 件 / 合計 5.0s
2026-09-25 11:26:36,432 [INFO] src.timeline.renderer: ベース映像の尺: モデル 5.000s / 実測 5.000s (差 +0.000s / 1 部品)
2026-09-25 11:26:36,438 [WARNING] src.blur.frames: PyAV でのデコードに失敗したため FFmpeg へ切り替えます: [Errno 1094995529] Invalid data found when processing input: 'D:\\develop\\autoedit\\tests\\test_blur_renderer_integration.py'
2026-09-25 11:26:36,485 [WARNING] src.blur.tracker: ぼかしの追従: 基準のフレームを取得できません (1.00 秒)
2026-09-25 11:26:36,486 [WARNING] src.blur.frames: PyAV でのデコードに失敗したため FFmpeg へ切り替えます: [Errno 1094995529] Invalid data found when processing input: 'D:\\develop\\autoedit\\tests\\test_blur_renderer_integration.py'
2026-09-25 11:26:36,531 [WARNING] src.blur.tracker: ぼかしの追従: 基準のフレームを取得できません (1.00 秒)
2026-09-25 11:26:36,531 [INFO] src.blur.tracker: ぼかしの追従: 2 区切りを追いました
2026-09-25 11:26:36,531 [INFO] src.blur.store: ぼかしの追従結果を保存しました: timeline.blur.json
2026-09-25 11:26:36,531 [ERROR] src.blur.mask_builder: ぼかしマスクの生成に失敗しました: テスト: マスクを作れない状態
Traceback (most recent call last):
  File "D:\develop\autoedit\src\blur\mask_builder.py", line 64, in prepare
    return build(timeline, tracks, decisions, cfg, out_path,
           ^^^^^^^^^^^^^^^^^^^^^^^^^^^^^^^^^^^^^^^^^^^^^^^^^
  File "D:\develop\autoedit\tests\test_blur_renderer_integration.py", line 196, in broken
    raise RuntimeError("テスト: マスクを作れない状態")
RuntimeError: テスト: マスクを作れない状態
2026-09-25 11:26:36,531 [INFO] src.timeline.renderer: ベース映像構築: 1 クリップ / ギャップ 0 件 / 合計 5.0s
2026-09-25 11:26:36,542 [INFO] src.timeline.renderer: ベース映像の尺: モデル 5.000s / 実測 5.000s (差 +0.000s / 1 部品)
2026-09-25 11:26:36,544 [WARNING] src.blur.frames: PyAV でのデコードに失敗したため FFmpeg へ切り替えます: [Errno 1094995529] Invalid data found when processing input: 'D:\\develop\\autoedit\\tests\\test_blur_renderer_integration.py'
2026-09-25 11:26:36,588 [WARNING] src.blur.tracker: ぼかしの追従: 基準のフレームを取得できません (1.00 秒)
2026-09-25 11:26:36,588 [WARNING] src.blur.frames: PyAV でのデコードに失敗したため FFmpeg へ切り替えます: [Errno 1094995529] Invalid data found when processing input: 'D:\\develop\\autoedit\\tests\\test_blur_renderer_integration.py'
2026-09-25 11:26:36,642 [WARNING] src.blur.tracker: ぼかしの追従: 基準のフレームを取得できません (1.00 秒)
2026-09-25 11:26:36,642 [INFO] src.blur.tracker: ぼかしの追従: 2 区切りを追いました
2026-09-25 11:26:36,644 [INFO] src.blur.store: ぼかしの追従結果を保存しました: timeline.blur.json
2026-09-25 11:26:36,644 [ERROR] src.blur.mask_builder: ぼかしマスクの生成に失敗しました: テスト: マスクを作れない状態
Traceback (most recent call last):
  File "D:\develop\autoedit\src\blur\mask_builder.py", line 64, in prepare
    return build(timeline, tracks, decisions, cfg, out_path,
           ^^^^^^^^^^^^^^^^^^^^^^^^^^^^^^^^^^^^^^^^^^^^^^^^^
  File "D:\develop\autoedit\tests\test_blur_renderer_integration.py", line 196, in broken
    raise RuntimeError("テスト: マスクを作れない状態")
RuntimeError: テスト: マスクを作れない状態
2026-09-25 11:26:36,644 [WARNING] src.timeline.renderer: 利用者の指示により、ぼかしを入れずに出力します
2026-09-25 11:26:36,644 [INFO] src.timeline.renderer: オーバーレイ・字幕が無いため合成をスキップします
2026-09-25 11:26:36,648 [INFO] src.timeline.renderer: 中間形式を最終形式へ変換: .mov → mp4 (音声のみ再エンコード)
2026-09-25 11:26:36,650 [INFO] src.timeline.renderer: ベース映像構築: 1 クリップ / ギャップ 0 件 / 合計 5.0s
2026-09-25 11:26:36,658 [INFO] src.timeline.renderer: ベース映像の尺: モデル 5.000s / 実測 5.000s (差 +0.000s / 1 部品)
2026-09-25 11:26:36,658 [INFO] src.blur.mask_builder: ぼかす指定が無いためマスクを作りません
2026-09-25 11:26:36,658 [INFO] src.timeline.renderer: オーバーレイ・字幕が無いため合成をスキップします
2026-09-25 11:26:36,667 [INFO] src.timeline.renderer: 中間形式を最終形式へ変換: .mov → mp4 (音声のみ再エンコード)
2026-09-25 11:26:40,016 [INFO] src.modules.subtitle_generator: 縦動画のため字幕設定を縦用へ上書き (font/改行/配置/余白)
2026-09-25 11:26:40,016 [WARNING] src.modules.comment_decor: コメント背景がキャンバスに収まらないため詰めました (推定幅 1181px / 使える幅 1080px)。font_size か max_line_length を下げると解消します
2026-09-25 11:26:40,017 [INFO] src.modules.comment_decor: コメントアイコン: 2 件 / 位置 2 種類
2026-09-25 11:26:40,018 [INFO] src.modules.comment_decor: コメントアイコン: 2 件 / 位置 1 種類
2026-09-25 11:26:40,018 [INFO] src.modules.comment_decor: コメントアイコン: 1 件 / 位置 1 種類
2026-09-25 11:26:40,018 [INFO] src.modules.subtitle_generator: 縦動画のため字幕設定を縦用へ上書き (font/改行/配置/余白)
2026-09-25 11:26:40,018 [WARNING] src.modules.comment_decor: コメントアイコンがキャンバスに収まらないため位置を詰めました (要求 x=-190.0 y=465.0 → x=0.0 y=465.0)。subtitle.comment_margin_l を大きくすると解消します
2026-09-25 11:26:40,023 [INFO] src.modules.subtitle_generator: コメント背景: 1 件
2026-09-25 11:26:40,030 [WARNING] src.modules.subtitle_generator: コメントの Layer が逆転しているため本文を 6 へ引き上げます (背景=5 / 本文=1)
2026-09-25 11:26:40,030 [INFO] src.modules.subtitle_generator: コメント背景: 1 件
2026-09-25 11:26:40,052 [WARNING] src.modules.subtitle_generator: コメントの配置は左寄せ (1/4/7) のみ対応のため 4 を使用します: 2
2026-09-25 11:26:40,059 [INFO] src.modules.subtitle_generator: 縦動画のため字幕設定を縦用へ上書き (font/改行/配置/余白)
2026-09-25 11:26:40,064 [WARNING] src.export.fcpxml_builder: タイムライン終端を超える字幕をクリップ末尾へクランプしました (丸め誤差の端数など)。
2026-09-25 11:26:40,074 [INFO] src.modules.loudness_normalizer: 入力ラウドネス: I=-9.2 LUFS / TP=-0.3 dBTP / LRA=5.1 LU → 目標 I=-14.0 LUFS / TP=-1.0 dBTP (offset 0.4 dB)
2026-09-25 11:26:40,083 [ERROR] src.modules.loudness_normalizer: ラウドネス正規化の適用に失敗 (元音声のまま継続): in.mp4
Traceback (most recent call last):
  File "D:\develop\autoedit\src\modules\loudness_normalizer.py", line 219, in normalize_file
    ffmpeg_runner.execute(
  File "C:\Users\evolu\AppData\Local\Programs\Python\Python312\Lib\unittest\mock.py", line 1139, in __call__
    return self._mock_call(*args, **kwargs)
           ^^^^^^^^^^^^^^^^^^^^^^^^^^^^^^^^
  File "C:\Users\evolu\AppData\Local\Programs\Python\Python312\Lib\unittest\mock.py", line 1143, in _mock_call
    return self._execute_mock_call(*args, **kwargs)
           ^^^^^^^^^^^^^^^^^^^^^^^^^^^^^^^^^^^^^^^^
  File "C:\Users\evolu\AppData\Local\Programs\Python\Python312\Lib\unittest\mock.py", line 1198, in _execute_mock_call
    raise effect
src.exceptions.FFmpegError: 失敗
2026-09-25 11:26:40,086 [INFO] src.modules.loudness_normalizer: ラウドネス正規化は無効のためスキップ
2026-09-25 11:26:40,086 [WARNING] src.modules.loudness_normalizer: ラウドネス測定に失敗したため正規化をスキップ (元音声のまま継続): in.mp4
2026-09-25 11:26:40,086 [INFO] src.modules.loudness_normalizer: 音声ストリームが無いためラウドネス正規化をスキップ: in.mp4
2026-09-25 11:26:40,097 [INFO] src.modules.loudness_normalizer: ラウドネス正規化 完了: out.mp4
2026-09-25 11:26:40,098 [INFO] src.modules.loudness_normalizer: 入力ラウドネス: I=-9.2 LUFS / TP=-0.3 dBTP / LRA=5.1 LU → 目標 I=-14.0 LUFS / TP=-1.0 dBTP (offset 0.4 dB)
2026-09-25 11:26:40,108 [INFO] src.modules.loudness_normalizer: ラウドネス正規化 完了: out.mp4
2026-09-25 11:26:40,110 [INFO] src.timeline.media_recovery: 本編素材を元動画から作り直します: C:\Users\evolu\AppData\Local\Temp\media_recovery_test_6u9vdnx5\sample.mp4
2026-09-25 11:26:40,114 [WARNING] src.timeline.media_recovery: 素材が見つかりません: m2 (C:\Users\evolu\AppData\Local\Temp\media_recovery_test_sbkhv1lf\gone.png)
2026-09-25 11:26:40,119 [INFO] src.timeline.media_recovery: 素材を差し替え済みのフォルダで見つけました: m3 → C:\Users\evolu\AppData\Local\Temp\media_recovery_test_c1i3w2fb\moved\logo2.png
2026-09-25 11:26:40,121 [INFO] src.timeline.media_recovery: 本編素材を元動画から作り直します: C:\Users\evolu\AppData\Local\Temp\media_recovery_test_d_rxvglv\sample.mp4
2026-09-25 11:26:40,123 [WARNING] src.timeline.media_recovery: 元動画が見つからないため本編素材を復旧できません: C:\Users\evolu\AppData\Local\Temp\media_recovery_test_0gbz1_rp\no_such_input.mp4
2026-09-25 11:26:40,123 [WARNING] src.timeline.media_recovery: 素材が見つかりません: m1 (C:\Users\evolu\AppData\Local\Temp\media_recovery_test_0gbz1_rp\work\loudness_normalized.mp4)
2026-09-25 11:26:40,125 [INFO] src.timeline.media_recovery: 本編素材は元動画そのものだったため、そのまま使います: C:\Users\evolu\AppData\Local\Temp\media_recovery_test_4cr8qk4f\sample.mp4
2026-09-25 11:26:40,127 [INFO] src.timeline.media_recovery: 素材を相対パスで見つけました: m2 → C:\Users\evolu\AppData\Local\Temp\media_recovery_test_p0hb7vf4\assets\logo.png
2026-09-25 11:26:40,133 [INFO] src.timeline.media_recovery: 設定に従い元動画をそのまま使います (音量は正規化前): C:\Users\evolu\AppData\Local\Temp\media_recovery_test_cnobi4_8\sample.mp4
2026-09-25 11:26:40,136 [INFO] src.services.points: ポイントを予約しました: clip/video 25pt (watermark=False)
2026-09-25 11:26:40,137 [WARNING] src.services.points: ポイント残高を取得できませんでした: 断
2026-09-25 11:26:40,139 [INFO] src.services.points: ポイントを予約しました: clip/video 25pt (watermark=False)
2026-09-25 11:26:40,140 [WARNING] src.services.points: ポイントのcommitを送信できませんでした (再送します): 接続できません
2026-09-25 11:26:40,154 [INFO] src.services.points: ポイントを予約しました: clip/video 25pt (watermark=False)
2026-09-25 11:26:40,158 [WARNING] src.services.points: ポイントのcommitを送信できませんでした (再送します): 断
2026-09-25 11:26:40,174 [INFO] src.services.points: 保留していたポイント処理を 2 件送信しました。
2026-09-25 11:26:40,174 [WARNING] src.services.points: ポイントを予約できませんでした: 再ログインが必要です。
2026-09-25 11:26:40,177 [INFO] src.services.points: ポイントを予約しました: clip/video 25pt (watermark=False)
2026-09-25 11:26:40,177 [WARNING] src.services.points: ポイントのcancelが拒否されました: 確定済み
2026-09-25 11:26:40,180 [INFO] src.services.points: 保留していたポイント処理を 1 件送信しました。
2026-09-25 11:26:40,181 [INFO] src.services.points: ポイントを予約しました: clip/video 25pt (watermark=False)
2026-09-25 11:26:40,197 [INFO] src.services.points: サブスク判定のキャッシュが古いため watermark を入れます。
2026-09-25 11:26:40,197 [WARNING] src.services.points: ポイントを予約できませんでした (オフライン): 接続できません
2026-09-25 11:26:40,210 [WARNING] src.services.points: ポイントを予約できませんでした (オフライン): 接続できません
2026-09-25 11:26:40,212 [WARNING] src.services.points: ポイントを予約できませんでした (オフライン): 接続できません
2026-09-25 11:26:40,213 [WARNING] src.services.points: ポイントを予約できませんでした: 想定外
2026-09-25 11:26:40,215 [INFO] src.services.points: ポイントを予約しました: clip/resolveProject 0pt (watermark=False)
2026-09-25 11:26:40,232 [INFO] src.services.points: ポイントを予約しました: clip/video 25pt (watermark=False)
2026-09-25 11:26:40,234 [INFO] src.services.points: ポイントを予約しました: archive/video 0pt (watermark=True)
2026-09-25 11:26:40,262 [WARNING] src.timeline.builder: フレーム間引きの設定が不正なため none を使用します: 'all'
2026-09-25 11:26:40,278 [INFO] src.timeline.project_io: プロジェクト保存: C:\Users\evolu\AppData\Local\Temp\library_summary_owy_0ah4\vod.archive.timeline.json
2026-09-25 11:26:40,300 [WARNING] src.timeline.project_io: プロジェクトの概要を読めませんでした: C:\Users\evolu\AppData\Local\Temp\library_summary_8kotu2_c\broken.timeline.json
2026-09-25 11:26:40,305 [INFO] src.timeline.project_io: プロジェクト保存: C:\Users\evolu\AppData\Local\Temp\library_summary_hzibj_w7\sample.timeline.json
2026-09-25 11:26:40,324 [INFO] src.timeline.project_io: プロジェクト保存: C:\Users\evolu\AppData\Local\Temp\library_summary_gbvtgnbd\sample.timeline.json
2026-09-25 11:26:40,344 [INFO] src.timeline.project_io: プロジェクト保存: C:\Users\evolu\AppData\Local\Temp\library_rename_ogx1g69a\old.timeline.json
2026-09-25 11:26:40,351 [INFO] src.timeline.project_io: プロジェクト保存: C:\Users\evolu\AppData\Local\Temp\library_rename_fd09_fnw\old.timeline.json
2026-09-25 11:26:40,357 [INFO] src.timeline.project_io: プロジェクト保存: C:\Users\evolu\AppData\Local\Temp\library_rename__7tyk8n0\old.timeline.json
2026-09-25 11:26:40,375 [INFO] src.timeline.project_io: プロジェクトを改名しました: old.timeline.json → new.timeline.json
2026-09-25 11:26:40,391 [INFO] src.timeline.project_io: プロジェクト保存: C:\Users\evolu\AppData\Local\Temp\library_rename_41kdc4uz\old.timeline.json
2026-09-25 11:26:40,406 [INFO] src.timeline.project_io: プロジェクトを改名しました: old.timeline.json → new.timeline.json
2026-09-25 11:26:40,407 [INFO] src.timeline.project_io: プロジェクト保存: C:\Users\evolu\AppData\Local\Temp\library_rename_igihk610\old.timeline.json
2026-09-25 11:26:40,426 [INFO] src.timeline.project_io: プロジェクトが 5 件見つかりました (新しい 2 件を表示します)
2026-09-25 11:26:40,456 [WARNING] src.export.resolve_export: ソース総尺の取得に失敗 (タイムライン全長で代用): C:\Users\evolu\AppData\Local\Temp\resolve_export_test_nq983yw0\sample.mp4
2026-09-25 11:26:40,472 [WARNING] src.export.resolve_export: ソース総尺の取得に失敗 (タイムライン全長で代用): C:\Users\evolu\AppData\Local\Temp\resolve_export_test_yl0x9x1c\sample.mp4
2026-09-25 11:26:40,488 [WARNING] src.export.resolve_export: ソース総尺の取得に失敗 (タイムライン全長で代用): C:\Users\evolu\AppData\Local\Temp\resolve_export_test_n9vso2qg\sample.mp4
2026-09-25 11:26:40,502 [WARNING] src.export.resolve_export: ソース総尺の取得に失敗 (タイムライン全長で代用): C:\Users\evolu\AppData\Local\Temp\resolve_export_test_0ed0a26d\sample.mp4
2026-09-25 11:26:40,502 [WARNING] src.export.resolve_export: テーマ演出はテキストと区間のみを出力します (ブラー・黒帯などの映像エフェクトは FCPXML で表現できません)。
2026-09-25 11:26:40,502 [WARNING] src.export.resolve_export: 字幕位置は配置(alignment)＋余白からの近似です。Resolve 取り込み時に位置が中央へ戻る場合があります (フォント/サイズ/色は保持)。
2026-09-25 11:26:40,515 [WARNING] src.export.resolve_export: ソース総尺の取得に失敗 (タイムライン全長で代用): C:\Users\evolu\AppData\Local\Temp\resolve_export_test_m2szl1xy\sample.mp4
2026-09-25 11:26:40,528 [WARNING] src.export.resolve_export: ソース総尺の取得に失敗 (タイムライン全長で代用): C:\Users\evolu\AppData\Local\Temp\resolve_export_test_504ev987\sample.mp4
2026-09-25 11:26:40,536 [WARNING] src.export.resolve_export: ソース総尺の取得に失敗 (タイムライン全長で代用): C:\Users\evolu\AppData\Local\Temp\resolve_export_test_6em789zm\sample.mp4
2026-09-25 11:26:40,551 [WARNING] src.export.resolve_export: ソース総尺の取得に失敗 (タイムライン全長で代用): C:\Users\evolu\AppData\Local\Temp\resolve_export_test_6em789zm\sample.mp4
2026-09-25 11:26:40,568 [WARNING] src.export.resolve_export: ソース総尺の取得に失敗 (タイムライン全長で代用): C:\Users\evolu\AppData\Local\Temp\resolve_export_test_17srb9tp\sample.mp4
2026-09-25 11:26:40,569 [WARNING] src.export.resolve_export: 未対応の字幕出力方式 export.resolve.subtitle.mode=bogus のため caption で出力します
2026-09-25 11:26:40,583 [WARNING] src.export.resolve_export: ソース総尺の取得に失敗 (タイムライン全長で代用): C:\Users\evolu\AppData\Local\Temp\resolve_export_test_rqxitwp7\sample.mp4
2026-09-25 11:26:40,588 [WARNING] src.export.resolve_export: ソース総尺の取得に失敗 (タイムライン全長で代用): C:\Users\evolu\AppData\Local\Temp\resolve_export_test_ca5sjx6u\sample.mp4
2026-09-25 11:26:40,609 [WARNING] src.export.resolve_export: ソース総尺の取得に失敗 (タイムライン全長で代用): C:\Users\evolu\AppData\Local\Temp\resolve_export_test_j0kr34vu\sample.mp4
2026-09-25 11:26:40,615 [WARNING] src.export.resolve_export: ソース総尺の取得に失敗 (タイムライン全長で代用): C:\Users\evolu\AppData\Local\Temp\resolve_export_test_c0potla7\sample.mp4
2026-09-25 11:26:40,641 [WARNING] src.export.resolve_export: ソース総尺の取得に失敗 (タイムライン全長で代用): C:\Users\evolu\AppData\Local\Temp\resolve_export_test_p7g4blun\sample.mp4
2026-09-25 11:26:40,654 [WARNING] src.export.resolve_export: ソース総尺の取得に失敗 (タイムライン全長で代用): C:\Users\evolu\AppData\Local\Temp\resolve_export_test_j8imt6wn\sample.mp4
2026-09-25 11:26:40,669 [WARNING] src.export.resolve_export: ソース総尺の取得に失敗 (タイムライン全長で代用): C:\Users\evolu\AppData\Local\Temp\resolve_export_test_v01ahdyu\sample.mp4
2026-09-25 11:26:40,681 [WARNING] src.export.resolve_export: ソース総尺の取得に失敗 (タイムライン全長で代用): C:\Users\evolu\AppData\Local\Temp\resolve_export_test_yhz_x8nx\sample.mp4
2026-09-25 11:26:40,695 [WARNING] src.export.resolve_export: ソース総尺の取得に失敗 (タイムライン全長で代用): C:\Users\evolu\AppData\Local\Temp\resolve_export_test_6wnvs_0x\sample.mp4
2026-09-25 11:26:40,695 [INFO] src.export.resolve_export: 編集点が無いため全長 1 クリップとして出力します
2026-09-25 11:26:40,710 [WARNING] src.export.resolve_export: ソース総尺の取得に失敗 (タイムライン全長で代用): C:\Users\evolu\AppData\Local\Temp\resolve_export_test_law9frgv\sample.mp4
2026-09-25 11:26:40,711 [INFO] src.export.resolve_export: Resolve 出力開始: C:\Users\evolu\AppData\Local\Temp\resolve_export_test_law9frgv\out2.fcpxml (クリップ 1 件 / 字幕 caption 1 件 / title・テーマ 0 件 / 1920x1080 60fps)
2026-09-25 11:26:40,713 [INFO] src.export.resolve_export: 字幕トラックのスタイルは Resolve の字幕トラックヘッダー選択 → インスペクタ → Track Style で一括設定できます (Resolve 19 以降は Text+ スタイルも指定可)。
2026-09-25 11:26:40,713 [INFO] src.export.resolve_export: Resolve 出力完了: C:\Users\evolu\AppData\Local\Temp\resolve_export_test_law9frgv\out2.fcpxml (タイムライン尺 5.00s)
2026-09-25 11:26:40,727 [WARNING] src.export.resolve_export: ソース総尺の取得に失敗 (タイムライン全長で代用): C:\Users\evolu\AppData\Local\Temp\resolve_export_test_di9j6lc3\sample.mp4
2026-09-25 11:26:40,727 [INFO] src.export.resolve_export: Resolve 出力開始: C:\Users\evolu\AppData\Local\Temp\resolve_export_test_di9j6lc3\out3.fcpxml (クリップ 1 件 / 字幕 caption 0 件 / title・テーマ 0 件 / 1920x1080 60fps)
2026-09-25 11:26:40,729 [INFO] src.export.resolve_export: Resolve 出力完了: C:\Users\evolu\AppData\Local\Temp\resolve_export_test_di9j6lc3\out3.fcpxml (タイムライン尺 5.00s)
2026-09-25 11:26:40,737 [WARNING] src.export.resolve_export: ソース総尺の取得に失敗 (タイムライン全長で代用): C:\Users\evolu\AppData\Local\Temp\resolve_export_test_4ght7kxa\sample.mp4
2026-09-25 11:26:40,737 [INFO] src.export.resolve_export: Resolve 出力開始: C:\Users\evolu\AppData\Local\Temp\resolve_export_test_4ght7kxa\out.fcpxml (クリップ 1 件 / 字幕 caption 1 件 / title・テーマ 0 件 / 1920x1080 60fps)
2026-09-25 11:26:40,746 [INFO] src.export.resolve_export: SRT サイドカー出力: C:\Users\evolu\AppData\Local\Temp\resolve_export_test_4ght7kxa\out.srt (1 件)
2026-09-25 11:26:40,746 [INFO] src.export.resolve_export: Resolve 出力完了: C:\Users\evolu\AppData\Local\Temp\resolve_export_test_4ght7kxa\out.fcpxml / C:\Users\evolu\AppData\Local\Temp\resolve_export_test_4ght7kxa\out.srt (タイムライン尺 5.00s)
2026-09-25 11:26:40,747 [INFO] src.export.resolve_export: Resolve 出力を中止 (上書きしない): C:\Users\evolu\AppData\Local\Temp\resolve_export_test_4ght7kxa\out.fcpxml
2026-09-25 11:26:40,872 [INFO] src.modules.subtitle_generator: 縦動画のため字幕設定を縦用へ上書き (font/改行/配置/余白)
2026-09-25 11:26:40,877 [WARNING] src.services.stretheus_auth: API の日時を解釈できませんでした。
2026-09-25 11:26:40,885 [INFO] src.services.stretheus_auth: Stretheus のログインページを開きます (ポート51875)
2026-09-25 11:26:40,900 [INFO] src.services.stretheus_auth: Stretheus へログインしました。
2026-09-25 11:26:41,958 [INFO] src.services.stretheus_auth: Stretheus のログインページを開きます (ポート51883)
2026-09-25 11:26:41,962 [INFO] src.services.stretheus_auth: Stretheus へログインしました。
2026-09-25 11:26:42,997 [INFO] src.services.stretheus_auth: Stretheus のログインページを開きます (ポート51891)
2026-09-25 11:26:43,014 [INFO] src.services.stretheus_auth: Stretheus へログインしました。
2026-09-25 11:26:43,547 [INFO] src.services.stretheus_auth: Stretheus のログインページを開きます (ポート51896)
2026-09-25 11:26:43,564 [INFO] src.services.stretheus_auth: Stretheus へログインしました。
2026-09-25 11:26:44,089 [INFO] src.services.stretheus_auth: Stretheus のログインページを開きます (ポート51902)
2026-09-25 11:26:44,123 [INFO] src.services.stretheus_auth: Stretheus へログインしました。
2026-09-25 11:26:44,657 [INFO] src.services.stretheus_auth: Stretheus のログインページを開きます (ポート51908)
2026-09-25 11:26:44,680 [INFO] src.services.stretheus_auth: Stretheus へログインしました。
2026-09-25 11:26:45,182 [INFO] src.modules.subtitle_generator: テロップ個別指定 フォント 0 件 / サイズ 0 件 / 文字色 1 件 / 縁の色 0 件
2026-09-25 11:26:45,187 [INFO] src.modules.subtitle_generator: テロップ個別指定 フォント 0 件 / サイズ 0 件 / 文字色 1 件 / 縁の色 0 件
2026-09-25 11:26:45,203 [INFO] src.modules.subtitle_generator: テロップ個別指定 フォント 0 件 / サイズ 0 件 / 文字色 0 件 / 縁の色 1 件
2026-09-25 11:26:45,203 [INFO] src.modules.subtitle_generator: テロップ個別指定 フォント 0 件 / サイズ 0 件 / 文字色 0 件 / 縁の色 1 件
2026-09-25 11:26:45,203 [INFO] src.modules.subtitle_generator: テロップ個別指定 フォント 1 件 / サイズ 1 件 / 文字色 1 件 / 縁の色 1 件
2026-09-25 11:26:45,209 [INFO] src.timeline.commands: コメント用の字幕トラックを作成しました: S2
2026-09-25 11:26:45,209 [INFO] src.timeline.commands: 移動先 S2 が空いていないため役割だけ変更しました: s1
2026-09-25 11:26:45,209 [INFO] src.timeline.commands: コメント用の字幕トラックを作成しました: S2
2026-09-25 11:26:45,209 [INFO] src.timeline.commands: コメント用の字幕トラックを作成しました: S2
2026-09-25 11:26:45,209 [INFO] src.timeline.commands: コメント用の字幕トラックを作成しました: S2
2026-09-25 11:26:45,210 [INFO] src.timeline.project_io: プロジェクト保存: C:\Users\evolu\AppData\Local\Temp\tmp6mlvzrqw\sample.timeline.json
2026-09-25 11:26:45,224 [INFO] src.modules.subtitle_generator: VAD フィルタ有効 (min_silence=500ms, speech_pad=100ms, condition_on_previous_text=False)
2026-09-25 11:26:45,224 [WARNING] src.modules.subtitle_generator: VAD 付き認識に失敗したため VAD 無しで再試行します: VAD の初期化に失敗しました (テスト)
2026-09-25 11:26:45,224 [INFO] src.modules.subtitle_generator: VAD フィルタ有効 (min_silence=800ms, speech_pad=100ms, condition_on_previous_text=False)
2026-09-25 11:26:45,224 [INFO] src.modules.subtitle_generator: VAD フィルタ有効 (min_silence=500ms, speech_pad=100ms, condition_on_previous_text=False)
2026-09-25 11:26:45,274 [INFO] src.timeline.commands: 貼り付けの割り込み: V1 の 5.000s へ 10.00s を確保 / 移動 2 件・分割 1 件・切詰 0 件
2026-09-25 11:26:45,275 [INFO] src.timeline.commands: 貼り付けの割り込み: V2 の 5.000s へ 10.00s を確保 / 移動 2 件・分割 0 件・切詰 0 件
2026-09-25 11:26:45,275 [INFO] src.timeline.commands: 貼り付けの割り込み: S1 の 5.000s へ 10.00s を確保 / 移動 1 件・分割 0 件・切詰 0 件
2026-09-25 11:26:45,275 [INFO] src.timeline.commands: 貼り付けの割り込み: V1 の 5.000s へ 10.00s を確保 / 移動 2 件・分割 1 件・切詰 0 件
2026-09-25 11:26:45,275 [INFO] src.timeline.commands: 貼り付けの割り込み: V2 の 5.000s へ 10.00s を確保 / 移動 2 件・分割 0 件・切詰 0 件
2026-09-25 11:26:45,275 [INFO] src.timeline.commands: 貼り付けの割り込み: S1 の 5.000s へ 10.00s を確保 / 移動 1 件・分割 0 件・切詰 0 件
2026-09-25 11:26:45,275 [INFO] src.timeline.commands: 貼り付けの割り込み: V1 の 5.000s へ 10.00s を確保 / 移動 2 件・分割 1 件・切詰 0 件
2026-09-25 11:26:45,275 [INFO] src.timeline.commands: 貼り付けの割り込み: V2 の 5.000s へ 10.00s を確保 / 移動 2 件・分割 0 件・切詰 0 件
2026-09-25 11:26:45,275 [INFO] src.timeline.commands: 貼り付けの割り込み: S1 の 5.000s へ 10.00s を確保 / 移動 1 件・分割 0 件・切詰 0 件
2026-09-25 11:26:45,275 [INFO] src.timeline.commands: 貼り付けの割り込み: V1 の 5.000s へ 15.00s を確保 / 移動 3 件・分割 0 件・切詰 0 件
2026-09-25 11:26:45,275 [INFO] src.timeline.commands: 貼り付けの割り込み: V2 の 5.000s へ 15.00s を確保 / 移動 2 件・分割 0 件・切詰 0 件
2026-09-25 11:26:45,276 [INFO] src.timeline.commands: 貼り付けの割り込み: S1 の 5.000s へ 15.00s を確保 / 移動 1 件・分割 0 件・切詰 0 件
2026-09-25 11:26:45,276 [INFO] src.timeline.commands: 貼り付けの割り込み: V1 の 10.020s へ 10.02s を確保 / 移動 2 件・分割 0 件・切詰 0 件
2026-09-25 11:26:45,276 [INFO] src.timeline.commands: 貼り付けの割り込み: V2 の 10.020s へ 10.02s を確保 / 移動 1 件・分割 0 件・切詰 0 件
2026-09-25 11:26:45,276 [INFO] src.timeline.commands: 貼り付けの割り込み: S1 の 10.020s へ 10.02s を確保 / 移動 1 件・分割 0 件・切詰 0 件
2026-09-25 11:26:45,276 [INFO] src.timeline.commands: 貼り付けの割り込み: V1 の 19.980s へ 9.98s を確保 / 移動 1 件・分割 0 件・切詰 1 件
2026-09-25 11:26:45,276 [INFO] src.timeline.commands: 貼り付けの割り込み: V2 の 19.980s へ 9.98s を確保 / 移動 1 件・分割 0 件・切詰 0 件
2026-09-25 11:26:45,276 [INFO] src.timeline.commands: 貼り付けの割り込み: S1 の 19.980s へ 9.98s を確保 / 移動 0 件・分割 0 件・切詰 0 件
2026-09-25 11:26:45,276 [WARNING] src.timeline.commands: 素材が見つからないため貼り付けません: D:\develop\autoedit\tests\存在しない素材.mp4
2026-09-25 11:26:45,277 [INFO] src.timeline.commands: 貼り付けの割り込み: V1 の 5.000s へ 10.00s を確保 / 移動 2 件・分割 1 件・切詰 0 件
2026-09-25 11:26:45,277 [INFO] src.timeline.commands: 貼り付けの割り込み: V2 の 5.000s へ 10.00s を確保 / 移動 2 件・分割 0 件・切詰 0 件
2026-09-25 11:26:45,277 [INFO] src.timeline.commands: 貼り付けの割り込み: S1 の 5.000s へ 10.00s を確保 / 移動 1 件・分割 0 件・切詰 0 件
2026-09-25 11:26:45,277 [INFO] src.timeline.commands: 貼り付けの割り込み: V1 の 5.000s へ 10.00s を確保 / 移動 2 件・分割 1 件・切詰 0 件
2026-09-25 11:26:45,277 [INFO] src.timeline.commands: 貼り付けの割り込み: V2 の 5.000s へ 10.00s を確保 / 移動 2 件・分割 0 件・切詰 0 件
2026-09-25 11:26:45,277 [INFO] src.timeline.commands: 貼り付けの割り込み: S1 の 5.000s へ 10.00s を確保 / 移動 1 件・分割 0 件・切詰 0 件
2026-09-25 11:26:45,277 [INFO] src.timeline.commands: 貼り付けの割り込み: V1 の 5.000s へ 10.00s を確保 / 移動 2 件・分割 1 件・切詰 0 件
2026-09-25 11:26:45,277 [INFO] src.timeline.commands: 貼り付けの割り込み: V2 の 5.000s へ 10.00s を確保 / 移動 2 件・分割 0 件・切詰 0 件
2026-09-25 11:26:45,277 [INFO] src.timeline.commands: 貼り付けの割り込み: S1 の 5.000s へ 10.00s を確保 / 移動 1 件・分割 0 件・切詰 0 件
2026-09-25 11:26:45,277 [INFO] src.timeline.commands: 貼り付けの割り込み: V1 の 5.000s へ 10.00s を確保 / 移動 2 件・分割 1 件・切詰 0 件
2026-09-25 11:26:45,278 [INFO] src.timeline.commands: 貼り付けの割り込み: V2 の 5.000s へ 10.00s を確保 / 移動 2 件・分割 0 件・切詰 0 件
2026-09-25 11:26:45,278 [INFO] src.timeline.commands: 貼り付けの割り込み: S1 の 5.000s へ 10.00s を確保 / 移動 1 件・分割 0 件・切詰 0 件
2026-09-25 11:26:45,278 [INFO] src.timeline.commands: 貼り付けの割り込み: V1 の 5.000s へ 10.00s を確保 / 移動 2 件・分割 1 件・切詰 0 件
2026-09-25 11:26:45,278 [INFO] src.timeline.commands: 貼り付けの割り込み: V2 の 5.000s へ 10.00s を確保 / 移動 2 件・分割 0 件・切詰 0 件
2026-09-25 11:26:45,278 [INFO] src.timeline.commands: 貼り付けの割り込み: S1 の 5.000s へ 10.00s を確保 / 移動 1 件・分割 0 件・切詰 0 件
2026-09-25 11:26:45,278 [INFO] src.timeline.commands: 貼り付けの割り込み: V2 の 4.000s へ 2.00s を確保 / 移動 2 件・分割 0 件・切詰 0 件
2026-09-25 11:26:45,278 [INFO] src.timeline.commands: 貼り付けの割り込み: V2 の 4.000s へ 2.00s を確保 / 移動 2 件・分割 0 件・切詰 0 件
2026-09-25 11:26:45,278 [INFO] src.timeline.commands: 貼り付けの割り込み: V2 の 4.000s へ 2.00s を確保 / 移動 2 件・分割 0 件・切詰 0 件
2026-09-25 11:26:45,279 [INFO] src.timeline.clipboard: Timeline のノードをコピーしました: 1 件
2026-09-25 11:26:45,279 [INFO] src.timeline.clipboard: Timeline のノードをコピーしました: 1 件
2026-09-25 11:26:45,279 [INFO] src.timeline.commands: 貼り付けの割り込み: V1 の 4.000s へ 2.00s を確保 / 移動 2 件・分割 1 件・切詰 0 件
2026-09-25 11:26:45,279 [INFO] src.timeline.commands: 貼り付けの割り込み: V2 の 4.000s へ 2.00s を確保 / 移動 2 件・分割 0 件・切詰 0 件
2026-09-25 11:26:45,279 [INFO] src.timeline.commands: 貼り付けの割り込み: S1 の 4.000s へ 2.00s を確保 / 移動 1 件・分割 0 件・切詰 0 件
2026-09-25 11:26:45,279 [INFO] src.timeline.commands: 貼り付けの割り込み: V2 の 4.000s へ 2.00s を確保 / 移動 2 件・分割 0 件・切詰 0 件
2026-09-25 11:26:45,280 [INFO] src.timeline.commands: 貼り付けの割り込み: V1 の 5.000s へ 10.00s を確保 / 移動 2 件・分割 1 件・切詰 0 件
2026-09-25 11:26:45,280 [INFO] src.timeline.commands: 貼り付けの割り込み: V2 の 5.000s へ 10.00s を確保 / 移動 2 件・分割 0 件・切詰 0 件
2026-09-25 11:26:45,280 [INFO] src.timeline.commands: 貼り付けの割り込み: V1 の 5.000s へ 10.00s を確保 / 移動 2 件・分割 1 件・切詰 0 件
2026-09-25 11:26:45,280 [WARNING] src.timeline.builder: 貼り付けの設定が不正なため既定 base_syncs_all を使用します: 'なにか'
2026-09-25 11:26:45,280 [WARNING] src.timeline.builder: 貼り付けの設定が不正なため既定 split を使用します: 123
2026-09-25 11:26:45,281 [INFO] src.timeline.commands: 貼り付けの割り込み: V1 の 5.000s へ 10.00s を確保 / 移動 2 件・分割 1 件・切詰 0 件
2026-09-25 11:26:45,281 [INFO] src.timeline.commands: 貼り付けの割り込み: V2 の 5.000s へ 10.00s を確保 / 移動 2 件・分割 0 件・切詰 0 件
2026-09-25 11:26:45,281 [INFO] src.timeline.commands: 貼り付けの割り込み: S1 の 5.000s へ 10.00s を確保 / 移動 1 件・分割 0 件・切詰 0 件
2026-09-25 11:26:45,282 [WARNING] src.timeline.commands: 映像トラックの上限 (3) に達しているため追加できません
2026-09-25 11:26:45,282 [INFO] src.timeline.commands: 字幕を追加できる空きがありません (2.000 秒)
2026-09-25 11:26:45,282 [INFO] src.timeline.commands: 字幕を追加できる空きがありません (0.990 秒)
2026-09-25 11:26:45,282 [INFO] src.timeline.commands: リップル: 10.000〜20.000s (10.00s) を除去 / 削除 1 件・短縮 0 件・移動 1 件
2026-09-25 11:26:45,283 [INFO] src.timeline.commands: リップル: 10.000〜20.000s (10.00s) を除去 / 削除 1 件・短縮 0 件・移動 1 件
2026-09-25 11:26:45,283 [INFO] src.timeline.commands: リップル: 10.000〜20.000s (10.00s) を除去 / 削除 1 件・短縮 0 件・移動 1 件
2026-09-25 11:26:45,283 [INFO] src.timeline.commands: リップル: 0.000〜10.000s (10.00s) を除去 / 削除 2 件・短縮 0 件・移動 1 件
2026-09-25 11:26:45,283 [INFO] src.timeline.commands: リップル: 10.000〜20.000s (10.00s) を除去 / 削除 1 件・短縮 0 件・移動 1 件
2026-09-25 11:26:45,284 [INFO] src.timeline.commands: リップル: 10.000〜20.000s (10.00s) を除去 / 削除 2 件・短縮 1 件・移動 2 件
2026-09-25 11:26:45,284 [INFO] src.timeline.commands: リップル: 10.000〜20.000s (10.00s) を除去 / 削除 2 件・短縮 1 件・移動 2 件
2026-09-25 11:26:45,284 [INFO] src.timeline.commands: リップル: 10.000〜20.000s (10.00s) を除去 / 削除 2 件・短縮 1 件・移動 2 件
2026-09-25 11:26:45,284 [INFO] src.timeline.commands: リップル: 10.000〜20.000s (10.00s) を除去 / 削除 2 件・短縮 1 件・移動 2 件
2026-09-25 11:26:45,285 [INFO] src.timeline.commands: リップル: 10.000〜20.000s (10.00s) を除去 / 削除 2 件・短縮 1 件・移動 2 件
2026-09-25 11:26:45,285 [INFO] src.timeline.commands: リップル: 10.000〜20.000s (10.00s) を除去 / 削除 2 件・短縮 1 件・移動 2 件
2026-09-25 11:26:45,285 [INFO] src.timeline.commands: リップル: 10.000〜20.000s (10.00s) を除去 / 削除 2 件・短縮 0 件・移動 3 件
2026-09-25 11:26:45,285 [INFO] src.timeline.commands: リップル: 10.000〜20.000s (10.00s) を除去 / 削除 1 件・短縮 0 件・移動 1 件
2026-09-25 11:26:45,285 [INFO] src.timeline.commands: リップル: 10.000〜20.000s (10.00s) を除去 / 削除 2 件・短縮 1 件・移動 2 件
2026-09-25 11:26:45,285 [INFO] src.timeline.commands: 残り尺が下限を割るためクリップごとリップル削除しました: c2
2026-09-25 11:26:45,286 [INFO] src.timeline.commands: リップル: 10.000〜20.000s (10.00s) を除去 / 削除 1 件・短縮 0 件・移動 2 件
2026-09-25 11:26:45,286 [INFO] src.timeline.commands: リップル: 15.000〜20.000s (5.00s) を除去 / 削除 0 件・短縮 1 件・移動 2 件
2026-09-25 11:26:45,286 [INFO] src.timeline.commands: リップル: 10.000〜15.000s (5.00s) を除去 / 削除 0 件・短縮 1 件・移動 2 件
2026-09-25 11:26:45,286 [INFO] src.timeline.commands: リップル: 15.000〜20.000s (5.00s) を除去 / 削除 0 件・短縮 1 件・移動 2 件
2026-09-25 11:26:45,286 [INFO] src.timeline.commands: リップル: 15.000〜20.000s (5.00s) を除去 / 削除 0 件・短縮 1 件・移動 2 件
2026-09-25 11:26:45,286 [INFO] src.timeline.commands: リップル: 26.000〜27.000s (1.00s) を除去 / 削除 0 件・短縮 2 件・移動 0 件
2026-09-25 11:26:45,287 [INFO] src.timeline.commands: リップル: 10.000〜20.000s (10.00s) を除去 / 削除 1 件・短縮 0 件・移動 1 件
2026-09-25 11:26:45,287 [INFO] src.timeline.commands: リップル: 10.000〜20.000s (10.00s) を除去 / 削除 1 件・短縮 0 件・移動 1 件
2026-09-25 11:26:45,287 [INFO] src.timeline.commands: リップル: 10.000〜20.000s (10.00s) を除去 / 削除 1 件・短縮 0 件・移動 1 件
2026-09-25 11:26:45,290 [INFO] src.timeline.project_io: プロジェクト保存: C:\Users\evolu\AppData\Local\Temp\timeline_io_test_cjlx5_t7\sample.timeline.json
2026-09-25 11:26:45,297 [INFO] src.timeline.project_io: プロジェクト読込: C:\Users\evolu\AppData\Local\Temp\timeline_io_test_cjlx5_t7\sample.timeline.json
2026-09-25 11:26:45,300 [INFO] src.timeline.project_io: プロジェクト保存: C:\Users\evolu\AppData\Local\Temp\timeline_io_test_cjlx5_t7\sample.timeline.json
2026-09-25 11:26:45,301 [INFO] src.timeline.project_io: プロジェクト読込: C:\Users\evolu\AppData\Local\Temp\timeline_io_test_cjlx5_t7\sample.timeline.json
2026-09-25 11:26:45,303 [INFO] src.timeline.project_io: プロジェクト保存: C:\Users\evolu\AppData\Local\Temp\timeline_io_test_cvdm4e13\sample.timeline.json
2026-09-25 11:26:45,318 [INFO] src.timeline.project_io: プロジェクト読込: C:\Users\evolu\AppData\Local\Temp\timeline_io_test_cvdm4e13\sample.timeline.json
2026-09-25 11:26:45,323 [INFO] src.timeline.project_io: プロジェクト保存: C:\Users\evolu\AppData\Local\Temp\timeline_io_test_12xt_dew\sample.timeline.json
2026-09-25 11:26:45,337 [WARNING] src.timeline.project_io: メディアの実体が見つかりません (1 件)。該当クリップを無効化します: m1
2026-09-25 11:26:45,340 [INFO] src.timeline.project_io: プロジェクト保存: C:\Users\evolu\AppData\Local\Temp\timeline_io_test_nnc8bdvm\sample.timeline.json
2026-09-25 11:26:45,357 [INFO] src.timeline.project_io: プロジェクト保存: C:\Users\evolu\AppData\Local\Temp\timeline_io_test_9gsjr_lv\sample.timeline.json
2026-09-25 11:26:45,365 [WARNING] src.timeline.project_io: 編集点の区間が不正なため無視します: 20.000→15.000
2026-09-25 11:26:45,366 [WARNING] src.timeline.project_io: メディアの実体が見つかりません (1 件)。該当クリップを無効化します: m1
2026-09-25 11:26:45,367 [WARNING] src.timeline.project_io: 音声クリップ a1 のリンク先 no_such_clip が存在しないため除外します (該当区間は無音になります)
2026-09-25 11:26:45,368 [WARNING] src.timeline.project_io: トラック V1 でクリップ c2 が重複しているため 12.480 へ移動します
2026-09-25 11:26:45,372 [WARNING] src.timeline.project_io: クリップ c2 の尺 (0.001s) が下限 (0.050s) 未満のため除外します
2026-09-25 11:26:45,372 [WARNING] src.timeline.project_io: 音声クリップ a2 のリンク先 c2 が存在しないため除外します (該当区間は無音になります)
2026-09-25 11:26:45,457 [INFO] src.utils.trash: ゴミ箱へ移動しました (2 件)
2026-09-25 11:26:45,464 [WARNING] src.timeline.builder: 寸法の設定が不正なため既定 8000 を使用します: 0
2026-09-25 11:26:46,056 [INFO] src.blur.decisions: ぼかし: 以前の書式の指定 4 件は新しい方式へ移せないため引き継ぎません (人物の自動検出を廃止したため)
2026-09-25 11:26:46,056 [INFO] src.blur.decisions: ぼかし: 以前の書式の指定 1 件は新しい方式へ移せないため引き継ぎません (人物の自動検出を廃止したため)
2026-09-25 11:26:48,262 [INFO] src.timeline.project_io: プロジェクトを改名しました: sample.timeline.json → renamed.timeline.json
2026-09-25 11:26:48,270 [INFO] src.blur.store: ぼかしの追従結果を保存しました: sample.blur.json
2026-09-25 11:26:48,286 [INFO] src.blur.store: ぼかしの追従結果の版が違うため作り直します: C:\Users\evolu\AppData\Local\Temp\blur_reuse_test_6jgh2p_i\sample.blur.json
2026-09-25 11:26:48,288 [INFO] src.blur.store: ぼかしの追従結果を保存しました: sample.blur.json
2026-09-25 11:26:48,303 [INFO] src.blur.store: 追従の設定が変わったため、ぼかしの追従結果を作り直します
2026-09-25 11:26:48,305 [INFO] src.blur.store: ぼかし: 素材が変わったため m9 の追従結果を捨てました
2026-09-25 11:26:48,720 [INFO] src.timeline.renderer: ベース映像構築: 1 クリップ / ギャップ 0 件 / 合計 5.0s
2026-09-25 11:26:48,724 [INFO] src.timeline.renderer: ベース映像の尺: モデル 5.000s / 実測 5.000s (差 +0.000s / 1 部品)
2026-09-25 11:26:48,725 [INFO] src.timeline.renderer: 字幕焼き込み: 1 件
2026-09-25 11:26:48,734 [INFO] src.timeline.renderer: ベース映像構築: 1 クリップ / ギャップ 0 件 / 合計 5.0s
2026-09-25 11:26:48,739 [INFO] src.timeline.renderer: ベース映像の尺: モデル 5.000s / 実測 5.000s (差 +0.000s / 1 部品)
2026-09-25 11:26:48,740 [INFO] src.timeline.renderer: 字幕焼き込み: 1 件
2026-09-25 11:26:48,745 [INFO] src.timeline.renderer: ベース映像構築: 1 クリップ / ギャップ 0 件 / 合計 5.0s
2026-09-25 11:26:48,753 [INFO] src.timeline.renderer: ベース映像の尺: モデル 5.000s / 実測 5.000s (差 +0.000s / 1 部品)
2026-09-25 11:26:48,753 [INFO] src.timeline.renderer: オーバーレイ・字幕が無いため合成をスキップします
2026-09-25 11:26:48,759 [INFO] src.modules.blur_overlay: ぼかしを焼き込みます: blur_applied.mp4
2026-09-25 11:26:48,761 [INFO] src.timeline.renderer: ベース映像構築: 1 クリップ / ギャップ 0 件 / 合計 5.0s
2026-09-25 11:26:48,769 [INFO] src.timeline.renderer: ベース映像の尺: モデル 5.000s / 実測 5.000s (差 +0.000s / 1 部品)
2026-09-25 11:26:48,769 [INFO] src.timeline.renderer: オーバーレイ・字幕が無いため合成をスキップします
2026-09-25 11:26:48,775 [INFO] src.modules.blur_overlay: ぼかしを焼き込みます: blur_applied.mp4
2026-09-25 11:26:48,778 [INFO] src.timeline.renderer: ベース映像構築: 1 クリップ / ギャップ 0 件 / 合計 5.0s
2026-09-25 11:26:48,784 [INFO] src.timeline.renderer: ベース映像の尺: モデル 5.000s / 実測 5.000s (差 +0.000s / 1 部品)
2026-09-25 11:26:48,785 [INFO] src.timeline.renderer: 字幕焼き込み: 1 件
2026-09-25 11:26:48,791 [INFO] src.timeline.renderer: ベース映像構築: 1 クリップ / ギャップ 0 件 / 合計 5.0s
2026-09-25 11:26:48,794 [INFO] src.timeline.renderer: ベース映像の尺: モデル 5.000s / 実測 5.000s (差 +0.000s / 1 部品)
2026-09-25 11:26:48,796 [WARNING] src.blur.frames: PyAV でのデコードに失敗したため FFmpeg へ切り替えます: [Errno 1094995529] Invalid data found when processing input: 'D:\\develop\\autoedit\\tests\\test_blur_renderer_integration.py'
2026-09-25 11:26:48,848 [WARNING] src.blur.tracker: ぼかしの追従: 基準のフレームを取得できません (1.00 秒)
2026-09-25 11:26:48,850 [WARNING] src.blur.frames: PyAV でのデコードに失敗したため FFmpeg へ切り替えます: [Errno 1094995529] Invalid data found when processing input: 'D:\\develop\\autoedit\\tests\\test_blur_renderer_integration.py'
2026-09-25 11:26:48,903 [WARNING] src.blur.tracker: ぼかしの追従: 基準のフレームを取得できません (1.00 秒)
2026-09-25 11:26:48,903 [INFO] src.blur.tracker: ぼかしの追従: 2 区切りを追いました
2026-09-25 11:26:48,904 [INFO] src.blur.store: ぼかしの追従結果を保存しました: timeline.blur.json
2026-09-25 11:26:48,904 [ERROR] src.blur.mask_builder: ぼかしマスクの生成に失敗しました: テスト: マスクを作れない状態
Traceback (most recent call last):
  File "D:\develop\autoedit\src\blur\mask_builder.py", line 64, in prepare
    return build(timeline, tracks, decisions, cfg, out_path,
           ^^^^^^^^^^^^^^^^^^^^^^^^^^^^^^^^^^^^^^^^^^^^^^^^^
  File "D:\develop\autoedit\tests\test_blur_renderer_integration.py", line 196, in broken
    raise RuntimeError("テスト: マスクを作れない状態")
RuntimeError: テスト: マスクを作れない状態
2026-09-25 11:26:48,908 [INFO] src.timeline.renderer: ベース映像構築: 1 クリップ / ギャップ 0 件 / 合計 5.0s
2026-09-25 11:26:48,916 [INFO] src.timeline.renderer: ベース映像の尺: モデル 5.000s / 実測 5.000s (差 +0.000s / 1 部品)
2026-09-25 11:26:48,918 [WARNING] src.blur.frames: PyAV でのデコードに失敗したため FFmpeg へ切り替えます: [Errno 1094995529] Invalid data found when processing input: 'D:\\develop\\autoedit\\tests\\test_blur_renderer_integration.py'
2026-09-25 11:26:48,964 [WARNING] src.blur.tracker: ぼかしの追従: 基準のフレームを取得できません (1.00 秒)
2026-09-25 11:26:48,966 [WARNING] src.blur.frames: PyAV でのデコードに失敗したため FFmpeg へ切り替えます: [Errno 1094995529] Invalid data found when processing input: 'D:\\develop\\autoedit\\tests\\test_blur_renderer_integration.py'
2026-09-25 11:26:49,033 [WARNING] src.blur.tracker: ぼかしの追従: 基準のフレームを取得できません (1.00 秒)
2026-09-25 11:26:49,034 [INFO] src.blur.tracker: ぼかしの追従: 2 区切りを追いました
2026-09-25 11:26:49,035 [INFO] src.blur.store: ぼかしの追従結果を保存しました: timeline.blur.json
2026-09-25 11:26:49,035 [ERROR] src.blur.mask_builder: ぼかしマスクの生成に失敗しました: テスト: マスクを作れない状態
Traceback (most recent call last):
  File "D:\develop\autoedit\src\blur\mask_builder.py", line 64, in prepare
    return build(timeline, tracks, decisions, cfg, out_path,
           ^^^^^^^^^^^^^^^^^^^^^^^^^^^^^^^^^^^^^^^^^^^^^^^^^
  File "D:\develop\autoedit\tests\test_blur_renderer_integration.py", line 196, in broken
    raise RuntimeError("テスト: マスクを作れない状態")
RuntimeError: テスト: マスクを作れない状態
2026-09-25 11:26:49,038 [INFO] src.timeline.renderer: ベース映像構築: 1 クリップ / ギャップ 0 件 / 合計 5.0s
2026-09-25 11:26:49,047 [INFO] src.timeline.renderer: ベース映像の尺: モデル 5.000s / 実測 5.000s (差 +0.000s / 1 部品)
2026-09-25 11:26:49,050 [WARNING] src.blur.frames: PyAV でのデコードに失敗したため FFmpeg へ切り替えます: [Errno 1094995529] Invalid data found when processing input: 'D:\\develop\\autoedit\\tests\\test_blur_renderer_integration.py'
2026-09-25 11:26:49,108 [WARNING] src.blur.tracker: ぼかしの追従: 基準のフレームを取得できません (1.00 秒)
2026-09-25 11:26:49,111 [WARNING] src.blur.frames: PyAV でのデコードに失敗したため FFmpeg へ切り替えます: [Errno 1094995529] Invalid data found when processing input: 'D:\\develop\\autoedit\\tests\\test_blur_renderer_integration.py'
2026-09-25 11:26:49,163 [WARNING] src.blur.tracker: ぼかしの追従: 基準のフレームを取得できません (1.00 秒)
2026-09-25 11:26:49,164 [INFO] src.blur.tracker: ぼかしの追従: 2 区切りを追いました
2026-09-25 11:26:49,165 [INFO] src.blur.store: ぼかしの追従結果を保存しました: timeline.blur.json
2026-09-25 11:26:49,165 [ERROR] src.blur.mask_builder: ぼかしマスクの生成に失敗しました: テスト: マスクを作れない状態
Traceback (most recent call last):
  File "D:\develop\autoedit\src\blur\mask_builder.py", line 64, in prepare
    return build(timeline, tracks, decisions, cfg, out_path,
           ^^^^^^^^^^^^^^^^^^^^^^^^^^^^^^^^^^^^^^^^^^^^^^^^^
  File "D:\develop\autoedit\tests\test_blur_renderer_integration.py", line 196, in broken
    raise RuntimeError("テスト: マスクを作れない状態")
RuntimeError: テスト: マスクを作れない状態
2026-09-25 11:26:49,166 [WARNING] src.timeline.renderer: 利用者の指示により、ぼかしを入れずに出力します
2026-09-25 11:26:49,166 [INFO] src.timeline.renderer: オーバーレイ・字幕が無いため合成をスキップします
2026-09-25 11:26:49,171 [INFO] src.timeline.renderer: 中間形式を最終形式へ変換: .mov → mp4 (音声のみ再エンコード)
2026-09-25 11:26:49,174 [INFO] src.timeline.renderer: ベース映像構築: 1 クリップ / ギャップ 0 件 / 合計 5.0s
2026-09-25 11:26:49,180 [INFO] src.timeline.renderer: ベース映像の尺: モデル 5.000s / 実測 5.000s (差 +0.000s / 1 部品)
2026-09-25 11:26:49,180 [INFO] src.blur.mask_builder: ぼかす指定が無いためマスクを作りません
2026-09-25 11:26:49,180 [INFO] src.timeline.renderer: オーバーレイ・字幕が無いため合成をスキップします
2026-09-25 11:26:49,183 [INFO] src.timeline.renderer: 中間形式を最終形式へ変換: .mov → mp4 (音声のみ再エンコード)
2026-09-25 11:27:31,835 [INFO] src.timeline.renderer: ベース映像構築: 1 クリップ / ギャップ 0 件 / 合計 5.0s
2026-09-25 11:27:31,838 [INFO] src.timeline.renderer: ベース映像の尺: モデル 5.000s / 実測 5.000s (差 +0.000s / 1 部品)
2026-09-25 11:27:31,839 [INFO] src.timeline.renderer: 字幕焼き込み: 1 件
2026-09-25 11:27:31,846 [INFO] src.timeline.renderer: ベース映像構築: 1 クリップ / ギャップ 0 件 / 合計 5.0s
2026-09-25 11:27:31,850 [INFO] src.timeline.renderer: ベース映像の尺: モデル 5.000s / 実測 5.000s (差 +0.000s / 1 部品)
2026-09-25 11:27:31,851 [INFO] src.timeline.renderer: 字幕焼き込み: 1 件
2026-09-25 11:27:31,854 [INFO] src.timeline.renderer: ベース映像構築: 1 クリップ / ギャップ 0 件 / 合計 5.0s
2026-09-25 11:27:31,857 [INFO] src.timeline.renderer: ベース映像の尺: モデル 5.000s / 実測 5.000s (差 +0.000s / 1 部品)
2026-09-25 11:27:31,858 [INFO] src.timeline.renderer: オーバーレイ・字幕が無いため合成をスキップします
2026-09-25 11:27:31,861 [INFO] src.modules.blur_overlay: ぼかしを焼き込みます: blur_applied.mp4
2026-09-25 11:27:31,862 [INFO] src.timeline.renderer: ベース映像構築: 1 クリップ / ギャップ 0 件 / 合計 5.0s
2026-09-25 11:27:31,866 [INFO] src.timeline.renderer: ベース映像の尺: モデル 5.000s / 実測 5.000s (差 +0.000s / 1 部品)
2026-09-25 11:27:31,866 [INFO] src.timeline.renderer: オーバーレイ・字幕が無いため合成をスキップします
2026-09-25 11:27:31,869 [INFO] src.modules.blur_overlay: ぼかしを焼き込みます: blur_applied.mp4
2026-09-25 11:27:31,870 [INFO] src.timeline.renderer: ベース映像構築: 1 クリップ / ギャップ 0 件 / 合計 5.0s
2026-09-25 11:27:31,874 [INFO] src.timeline.renderer: ベース映像の尺: モデル 5.000s / 実測 5.000s (差 +0.000s / 1 部品)
2026-09-25 11:27:31,874 [INFO] src.timeline.renderer: 字幕焼き込み: 1 件
2026-09-25 11:27:32,054 [INFO] src.timeline.renderer: ベース映像構築: 1 クリップ / ギャップ 0 件 / 合計 5.0s
2026-09-25 11:27:32,058 [INFO] src.timeline.renderer: ベース映像の尺: モデル 5.000s / 実測 5.000s (差 +0.000s / 1 部品)
2026-09-25 11:27:32,064 [WARNING] src.blur.frames: PyAV でのデコードに失敗したため FFmpeg へ切り替えます: [Errno 1094995529] Invalid data found when processing input: 'D:\\develop\\autoedit\\tests\\test_blur_renderer_integration.py'
2026-09-25 11:27:32,114 [WARNING] src.blur.tracker: ぼかしの追従: 基準のフレームを取得できません (1.00 秒)
2026-09-25 11:27:32,116 [WARNING] src.blur.frames: PyAV でのデコードに失敗したため FFmpeg へ切り替えます: [Errno 1094995529] Invalid data found when processing input: 'D:\\develop\\autoedit\\tests\\test_blur_renderer_integration.py'
2026-09-25 11:27:32,159 [WARNING] src.blur.tracker: ぼかしの追従: 基準のフレームを取得できません (1.00 秒)
2026-09-25 11:27:32,159 [INFO] src.blur.tracker: ぼかしの追従: 2 区切りを追いました
2026-09-25 11:27:32,160 [INFO] src.blur.store: ぼかしの追従結果を保存しました: timeline.blur.json
2026-09-25 11:27:32,160 [ERROR] src.blur.mask_builder: ぼかしマスクの生成に失敗しました: テスト: マスクを作れない状態
Traceback (most recent call last):
  File "D:\develop\autoedit\src\blur\mask_builder.py", line 64, in prepare
    return build(timeline, tracks, decisions, cfg, out_path,
           ^^^^^^^^^^^^^^^^^^^^^^^^^^^^^^^^^^^^^^^^^^^^^^^^^
  File "D:\develop\autoedit\tests\test_blur_renderer_integration.py", line 196, in broken
    raise RuntimeError("テスト: マスクを作れない状態")
RuntimeError: テスト: マスクを作れない状態
2026-09-25 11:27:32,161 [INFO] src.timeline.renderer: ベース映像構築: 1 クリップ / ギャップ 0 件 / 合計 5.0s
2026-09-25 11:27:32,164 [INFO] src.timeline.renderer: ベース映像の尺: モデル 5.000s / 実測 5.000s (差 +0.000s / 1 部品)
2026-09-25 11:27:32,165 [WARNING] src.blur.frames: PyAV でのデコードに失敗したため FFmpeg へ切り替えます: [Errno 1094995529] Invalid data found when processing input: 'D:\\develop\\autoedit\\tests\\test_blur_renderer_integration.py'
2026-09-25 11:27:32,201 [WARNING] src.blur.tracker: ぼかしの追従: 基準のフレームを取得できません (1.00 秒)
2026-09-25 11:27:32,203 [WARNING] src.blur.frames: PyAV でのデコードに失敗したため FFmpeg へ切り替えます: [Errno 1094995529] Invalid data found when processing input: 'D:\\develop\\autoedit\\tests\\test_blur_renderer_integration.py'
2026-09-25 11:27:32,249 [WARNING] src.blur.tracker: ぼかしの追従: 基準のフレームを取得できません (1.00 秒)
2026-09-25 11:27:32,249 [INFO] src.blur.tracker: ぼかしの追従: 2 区切りを追いました
2026-09-25 11:27:32,250 [INFO] src.blur.store: ぼかしの追従結果を保存しました: timeline.blur.json
2026-09-25 11:27:32,250 [ERROR] src.blur.mask_builder: ぼかしマスクの生成に失敗しました: テスト: マスクを作れない状態
Traceback (most recent call last):
  File "D:\develop\autoedit\src\blur\mask_builder.py", line 64, in prepare
    return build(timeline, tracks, decisions, cfg, out_path,
           ^^^^^^^^^^^^^^^^^^^^^^^^^^^^^^^^^^^^^^^^^^^^^^^^^
  File "D:\develop\autoedit\tests\test_blur_renderer_integration.py", line 196, in broken
    raise RuntimeError("テスト: マスクを作れない状態")
RuntimeError: テスト: マスクを作れない状態
2026-09-25 11:27:32,253 [INFO] src.timeline.renderer: ベース映像構築: 1 クリップ / ギャップ 0 件 / 合計 5.0s
2026-09-25 11:27:32,256 [INFO] src.timeline.renderer: ベース映像の尺: モデル 5.000s / 実測 5.000s (差 +0.000s / 1 部品)
2026-09-25 11:27:32,257 [WARNING] src.blur.frames: PyAV でのデコードに失敗したため FFmpeg へ切り替えます: [Errno 1094995529] Invalid data found when processing input: 'D:\\develop\\autoedit\\tests\\test_blur_renderer_integration.py'
2026-09-25 11:27:32,298 [WARNING] src.blur.tracker: ぼかしの追従: 基準のフレームを取得できません (1.00 秒)
2026-09-25 11:27:32,300 [WARNING] src.blur.frames: PyAV でのデコードに失敗したため FFmpeg へ切り替えます: [Errno 1094995529] Invalid data found when processing input: 'D:\\develop\\autoedit\\tests\\test_blur_renderer_integration.py'
2026-09-25 11:27:32,346 [WARNING] src.blur.tracker: ぼかしの追従: 基準のフレームを取得できません (1.00 秒)
2026-09-25 11:27:32,346 [INFO] src.blur.tracker: ぼかしの追従: 2 区切りを追いました
2026-09-25 11:27:32,347 [INFO] src.blur.store: ぼかしの追従結果を保存しました: timeline.blur.json
2026-09-25 11:27:32,347 [ERROR] src.blur.mask_builder: ぼかしマスクの生成に失敗しました: テスト: マスクを作れない状態
Traceback (most recent call last):
  File "D:\develop\autoedit\src\blur\mask_builder.py", line 64, in prepare
    return build(timeline, tracks, decisions, cfg, out_path,
           ^^^^^^^^^^^^^^^^^^^^^^^^^^^^^^^^^^^^^^^^^^^^^^^^^
  File "D:\develop\autoedit\tests\test_blur_renderer_integration.py", line 196, in broken
    raise RuntimeError("テスト: マスクを作れない状態")
RuntimeError: テスト: マスクを作れない状態
2026-09-25 11:27:32,347 [WARNING] src.timeline.renderer: 利用者の指示により、ぼかしを入れずに出力します
2026-09-25 11:27:32,347 [INFO] src.timeline.renderer: オーバーレイ・字幕が無いため合成をスキップします
2026-09-25 11:27:32,350 [INFO] src.timeline.renderer: 中間形式を最終形式へ変換: .mov → mp4 (音声のみ再エンコード)
2026-09-25 11:27:32,357 [INFO] src.timeline.renderer: ベース映像構築: 1 クリップ / ギャップ 0 件 / 合計 5.0s
2026-09-25 11:27:32,360 [INFO] src.timeline.renderer: ベース映像の尺: モデル 5.000s / 実測 5.000s (差 +0.000s / 1 部品)
2026-09-25 11:27:32,360 [INFO] src.blur.mask_builder: ぼかす指定が無いためマスクを作りません
2026-09-25 11:27:32,360 [INFO] src.timeline.renderer: オーバーレイ・字幕が無いため合成をスキップします
2026-09-25 11:27:32,363 [INFO] src.timeline.renderer: 中間形式を最終形式へ変換: .mov → mp4 (音声のみ再エンコード)
2026-09-25 11:28:03,265 [INFO] src.archive.timeline_builder: アーカイブ Timeline 構築: 2 クリップ / V1 2 本 / S1 0 件 / 全長 200.0s
2026-09-25 11:28:03,265 [INFO] src.timeline.commands: 貼り付けの割り込み: V1 の 0.000s へ 50.00s を確保 / 移動 2 件・分割 0 件・切詰 0 件
2026-09-25 11:28:03,265 [INFO] src.timeline.commands: 貼り付けの割り込み: S1 の 0.000s へ 50.00s を確保 / 移動 0 件・分割 0 件・切詰 0 件
2026-09-25 11:28:03,265 [INFO] src.archive.timeline_builder: セクション追加: clip3 を 0.00s へ挿入 (VOD 100.0-150.0 / 尺 50.00s)
2026-09-25 11:28:03,265 [INFO] src.archive.timeline_builder: セクション統合: clip1 へ 1 件を畳み込み (VOD 100.0-200.0)
2026-09-25 11:28:03,265 [INFO] src.archive.timeline_builder: アーカイブ Timeline 構築: 2 クリップ / V1 2 本 / S1 0 件 / 全長 200.0s
2026-09-25 11:28:03,265 [INFO] src.archive.timeline_builder: アーカイブ Timeline 構築: 1 クリップ / V1 1 本 / S1 0 件 / 全長 100.0s
2026-09-25 11:28:03,265 [INFO] src.archive.timeline_builder: アーカイブ Timeline 構築: 1 クリップ / V1 1 本 / S1 0 件 / 全長 100.0s
2026-09-25 11:28:03,265 [INFO] src.archive.timeline_builder: アーカイブ Timeline 構築: 1 クリップ / V1 1 本 / S1 0 件 / 全長 100.0s
2026-09-25 11:28:03,265 [INFO] src.archive.timeline_builder: セクション追加: clip2 を 100.00s へ挿入 (VOD 200.0-300.0 / 尺 100.00s)
2026-09-25 11:28:03,265 [INFO] src.archive.timeline_builder: セクション統合: clip1 へ 1 件を畳み込み (VOD 100.0-300.0)
2026-09-25 11:28:03,265 [INFO] src.archive.timeline_builder: アーカイブ Timeline 構築: 1 クリップ / V1 1 本 / S1 0 件 / 全長 100.0s
2026-09-25 11:28:03,265 [INFO] src.archive.timeline_builder: セクション追加: clip2 を 100.00s へ挿入 (VOD 200.0-300.0 / 尺 100.00s)
2026-09-25 11:28:03,265 [INFO] src.archive.timeline_builder: セクション統合: clip1 へ 1 件を畳み込み (VOD 100.0-300.0)
2026-09-25 11:28:03,265 [INFO] src.archive.timeline_builder: アーカイブ Timeline 構築: 1 クリップ / V1 1 本 / S1 0 件 / 全長 100.0s
2026-09-25 11:28:03,265 [INFO] src.archive.timeline_builder: セクション追加: clip2 を 100.00s へ挿入 (VOD 200.0-300.0 / 尺 100.00s)
2026-09-25 11:28:03,265 [INFO] src.archive.timeline_builder: セクション統合: clip1 へ 1 件を畳み込み (VOD 100.0-300.0)
2026-09-25 11:28:03,265 [INFO] src.archive.timeline_builder: アーカイブ Timeline 構築: 1 クリップ / V1 1 本 / S1 0 件 / 全長 100.0s
2026-09-25 11:28:03,265 [INFO] src.archive.timeline_builder: セクション追加: clip2 を 100.00s へ挿入 (VOD 200.0-300.0 / 尺 100.00s)
2026-09-25 11:28:03,265 [INFO] src.archive.timeline_builder: セクション統合: clip1 へ 1 件を畳み込み (VOD 100.0-300.0)
2026-09-25 11:28:03,265 [INFO] src.archive.timeline_builder: clip1 の素材 m2 は区間を特定できませんでした (尺 12.0s / 候補の穴 0 件)。差し替えを尋ねます
2026-09-25 11:28:03,265 [INFO] src.archive.timeline_builder: アーカイブ Timeline 構築: 1 クリップ / V1 1 本 / S1 0 件 / 全長 100.0s
2026-09-25 11:28:03,265 [INFO] src.archive.timeline_builder: セクション追加: clip2 を 100.00s へ挿入 (VOD 200.0-300.0 / 尺 100.00s)
2026-09-25 11:28:03,265 [INFO] src.archive.timeline_builder: セクション統合: clip1 へ 1 件を畳み込み (VOD 100.0-300.0)
2026-09-25 11:28:03,265 [INFO] src.archive.timeline_builder: アーカイブ Timeline 構築: 1 クリップ / V1 1 本 / S1 0 件 / 全長 100.0s
2026-09-25 11:28:03,265 [INFO] src.archive.timeline_builder: セクション追加: clip2 を 100.00s へ挿入 (VOD 200.0-300.0 / 尺 100.00s)
2026-09-25 11:28:03,265 [INFO] src.archive.timeline_builder: セクション統合: clip1 へ 1 件を畳み込み (VOD 100.0-300.0)
2026-09-25 11:28:03,265 [INFO] src.archive.timeline_builder: clip1 の素材 m2 の区間を 200.0–300.0 として復元しました
2026-09-25 11:28:03,271 [INFO] src.archive.timeline_builder: アーカイブ Timeline 構築: 1 クリップ / V1 1 本 / S1 0 件 / 全長 100.0s
2026-09-25 11:28:03,271 [INFO] src.archive.timeline_builder: セクション追加: clip2 を 100.00s へ挿入 (VOD 200.0-300.0 / 尺 100.00s)
2026-09-25 11:28:03,271 [INFO] src.archive.timeline_builder: セクション統合: clip1 へ 1 件を畳み込み (VOD 100.0-300.0)
2026-09-25 11:28:03,271 [INFO] src.archive.timeline_builder: clip1 の素材 m2 の区間を 200.0–300.0 として復元しました
2026-09-25 11:28:03,271 [INFO] src.archive.timeline_builder: アーカイブ Timeline 構築: 1 クリップ / V1 1 本 / S1 0 件 / 全長 100.0s
2026-09-25 11:28:03,271 [INFO] src.archive.timeline_builder: セクション追加: clip2 を 100.00s へ挿入 (VOD 200.0-300.0 / 尺 100.00s)
2026-09-25 11:28:03,271 [INFO] src.archive.timeline_builder: セクション統合: clip1 へ 1 件を畳み込み (VOD 100.0-300.0)
2026-09-25 11:28:03,272 [INFO] src.archive.timeline_builder: clip1 の素材 m2 の区間を 200.0–303.0 として復元しました
2026-09-25 11:28:03,274 [INFO] src.archive.timeline_builder: アーカイブ Timeline 構築: 1 クリップ / V1 1 本 / S1 0 件 / 全長 100.0s
2026-09-25 11:28:03,275 [INFO] src.archive.timeline_builder: アーカイブ Timeline 構築: 1 クリップ / V1 1 本 / S1 0 件 / 全長 100.0s
2026-09-25 11:28:03,275 [INFO] src.archive.timeline_builder: アーカイブ Timeline 構築: 1 クリップ / V1 1 本 / S1 0 件 / 全長 100.0s
2026-09-25 11:28:03,275 [INFO] src.timeline.media_recovery: 使われていない素材のため復旧しません: orphan (C:\Users\evolu\AppData\Local\Temp\archive_media_test_g0bu5apf\gone.mp4)
2026-09-25 11:28:03,275 [INFO] src.archive.timeline_builder: アーカイブ Timeline 構築: 1 クリップ / V1 1 本 / S1 0 件 / 全長 100.0s
2026-09-25 11:28:03,275 [INFO] src.timeline.project_io: 使われていない素材 1 件を保存対象から外しました
2026-09-25 11:28:03,278 [INFO] src.archive.timeline_builder: アーカイブ Timeline 構築: 1 クリップ / V1 1 本 / S1 0 件 / 全長 100.0s
2026-09-25 11:28:03,278 [INFO] src.archive.timeline_builder: アーカイブ Timeline 構築: 1 クリップ / V1 1 本 / S1 0 件 / 全長 100.0s
2026-09-25 11:28:03,278 [WARNING] src.timeline.media_recovery: 素材が見つかりません: m1 (C:\Users\evolu\AppData\Local\Temp\archive_media_test_2m9uz4zi\lost.mp4)
2026-09-25 11:28:03,278 [INFO] src.timeline.media_recovery: 使われていない素材のため復旧しません: orphan (C:\Users\evolu\AppData\Local\Temp\archive_media_test_2m9uz4zi\gone.mp4)
2026-09-25 11:28:03,278 [INFO] src.archive.timeline_builder: アーカイブ Timeline 構築: 2 クリップ / V1 2 本 / S1 0 件 / 全長 200.0s
2026-09-25 11:28:03,282 [INFO] src.archive.timeline_builder: セクション追加: clip3 を 200.00s へ挿入 (VOD 900.0-950.0 / 尺 50.00s)
2026-09-25 11:28:03,282 [INFO] src.archive.timeline_builder: アーカイブ Timeline 構築: 2 クリップ / V1 2 本 / S1 0 件 / 全長 200.0s
2026-09-25 11:28:03,282 [INFO] src.timeline.commands: 貼り付けの割り込み: V1 の 0.000s へ 50.00s を確保 / 移動 2 件・分割 0 件・切詰 0 件
2026-09-25 11:28:03,282 [INFO] src.timeline.commands: 貼り付けの割り込み: S1 の 0.000s へ 50.00s を確保 / 移動 0 件・分割 0 件・切詰 0 件
2026-09-25 11:28:03,282 [INFO] src.archive.timeline_builder: セクション追加: clip3 を 0.00s へ挿入 (VOD 0.0-50.0 / 尺 50.00s)
2026-09-25 11:28:03,282 [INFO] src.archive.timeline_builder: アーカイブ Timeline 構築: 2 クリップ / V1 2 本 / S1 0 件 / 全長 200.0s
2026-09-25 11:28:03,282 [INFO] src.timeline.commands: 貼り付けの割り込み: V1 の 100.000s へ 50.00s を確保 / 移動 1 件・分割 0 件・切詰 0 件
2026-09-25 11:28:03,282 [INFO] src.timeline.commands: 貼り付けの割り込み: S1 の 100.000s へ 50.00s を確保 / 移動 0 件・分割 0 件・切詰 0 件
2026-09-25 11:28:03,282 [INFO] src.archive.timeline_builder: セクション追加: clip3 を 100.00s へ挿入 (VOD 250.0-300.0 / 尺 50.00s)
2026-09-25 11:28:03,282 [INFO] src.archive.timeline_builder: アーカイブ Timeline 構築: 3 クリップ / V1 3 本 / S1 0 件 / 全長 300.0s
2026-09-25 11:28:03,284 [INFO] src.timeline.commands: 貼り付けの割り込み: V1 の 100.000s へ 50.00s を確保 / 移動 2 件・分割 0 件・切詰 0 件
2026-09-25 11:28:03,284 [INFO] src.timeline.commands: 貼り付けの割り込み: S1 の 100.000s へ 50.00s を確保 / 移動 0 件・分割 0 件・切詰 0 件
2026-09-25 11:28:03,284 [INFO] src.archive.timeline_builder: セクション追加: clip4 を 100.00s へ挿入 (VOD 250.0-300.0 / 尺 50.00s)
2026-09-25 11:28:03,284 [INFO] src.timeline.commands: 貼り付けの割り込み: V1 の 0.000s へ 50.00s を確保 / 移動 4 件・分割 0 件・切詰 0 件
2026-09-25 11:28:03,284 [INFO] src.timeline.commands: 貼り付けの割り込み: S1 の 0.000s へ 50.00s を確保 / 移動 0 件・分割 0 件・切詰 0 件
2026-09-25 11:28:03,284 [INFO] src.archive.timeline_builder: セクション追加: clip5 を 0.00s へ挿入 (VOD 0.0-50.0 / 尺 50.00s)
2026-09-25 11:28:03,284 [INFO] src.archive.timeline_builder: セクション追加: clip6 を 400.00s へ挿入 (VOD 900.0-950.0 / 尺 50.00s)
2026-09-25 11:28:03,284 [INFO] src.archive.timeline_builder: アーカイブ Timeline 構築: 1 クリップ / V1 1 本 / S1 0 件 / 全長 100.0s
2026-09-25 11:28:03,286 [INFO] src.archive.timeline_builder: セクション追加: clip2 を 100.00s へ挿入 (VOD 300.0-400.0 / 尺 100.00s)
2026-09-25 11:28:03,286 [INFO] src.archive.timeline_builder: アーカイブ Timeline 構築: 3 クリップ / V1 3 本 / S1 0 件 / 全長 300.0s
2026-09-25 11:28:03,287 [INFO] src.timeline.commands: 貼り付けの割り込み: V1 の 100.000s へ 50.00s を確保 / 移動 2 件・分割 0 件・切詰 0 件
2026-09-25 11:28:03,287 [INFO] src.timeline.commands: 貼り付けの割り込み: S1 の 100.000s へ 50.00s を確保 / 移動 0 件・分割 0 件・切詰 0 件
2026-09-25 11:28:03,287 [INFO] src.archive.timeline_builder: セクション追加: clip4 を 100.00s へ挿入 (VOD 250.0-300.0 / 尺 50.00s)
2026-09-25 11:28:03,287 [INFO] src.archive.timeline_builder: アーカイブ Timeline 構築: 2 クリップ / V1 2 本 / S1 0 件 / 全長 200.0s
2026-09-25 11:28:03,287 [INFO] src.archive.timeline_builder: セクション追加: clip3 を 200.00s へ挿入 (VOD 900.0-950.0 / 尺 50.00s)
2026-09-25 11:28:03,288 [INFO] src.archive.timeline_builder: アーカイブ Timeline 構築: 2 クリップ / V1 2 本 / S1 0 件 / 全長 200.0s
2026-09-25 11:28:03,288 [INFO] src.archive.timeline_builder: アーカイブ Timeline 構築: 1 クリップ / V1 1 本 / S1 0 件 / 全長 100.0s
2026-09-25 11:28:03,288 [INFO] src.archive.timeline_builder: セクション追加: clip2 を 100.00s へ挿入 (VOD 450.0-600.0 / 尺 150.00s)
2026-09-25 11:28:03,288 [INFO] src.archive.timeline_builder: アーカイブ Timeline 構築: 2 クリップ / V1 2 本 / S1 0 件 / 全長 200.0s
2026-09-25 11:28:03,288 [INFO] src.archive.timeline_builder: セクション追加: clip3 を 200.00s へ挿入 (VOD 500.0-600.0 / 尺 100.00s)
2026-09-25 11:28:03,288 [INFO] src.archive.timeline_builder: セクション統合: clip2 へ 1 件を畳み込み (VOD 400.0-600.0)
2026-09-25 11:28:03,288 [INFO] src.archive.timeline_builder: アーカイブ Timeline 構築: 2 クリップ / V1 2 本 / S1 0 件 / 全長 200.0s
2026-09-25 11:28:03,288 [INFO] src.archive.timeline_builder: セクション追加: clip3 を 200.00s へ挿入 (VOD 500.0-600.0 / 尺 100.00s)
2026-09-25 11:28:03,288 [INFO] src.archive.timeline_builder: セクション統合: clip2 へ 1 件を畳み込み (VOD 400.0-600.0)
2026-09-25 11:28:03,290 [INFO] src.archive.timeline_builder: アーカイブ Timeline 構築: 3 クリップ / V1 3 本 / S1 0 件 / 全長 300.0s
2026-09-25 11:28:03,290 [INFO] src.timeline.commands: 貼り付けの割り込み: V1 の 200.000s へ 100.00s を確保 / 移動 1 件・分割 0 件・切詰 0 件
2026-09-25 11:28:03,290 [INFO] src.timeline.commands: 貼り付けの割り込み: S1 の 200.000s へ 100.00s を確保 / 移動 0 件・分割 0 件・切詰 0 件
2026-09-25 11:28:03,290 [INFO] src.archive.timeline_builder: セクション追加: clip4 を 200.00s へ挿入 (VOD 500.0-600.0 / 尺 100.00s)
2026-09-25 11:28:03,290 [INFO] src.archive.timeline_builder: セクション統合: clip2 へ 1 件を畳み込み (VOD 400.0-600.0)
2026-09-25 11:28:03,290 [INFO] src.archive.timeline_builder: アーカイブ Timeline 構築: 3 クリップ / V1 3 本 / S1 0 件 / 全長 300.0s
2026-09-25 11:28:03,290 [INFO] src.timeline.commands: 貼り付けの割り込み: V1 の 100.000s へ 200.00s を確保 / 移動 2 件・分割 0 件・切詰 0 件
2026-09-25 11:28:03,290 [INFO] src.timeline.commands: 貼り付けの割り込み: S1 の 100.000s へ 200.00s を確保 / 移動 0 件・分割 0 件・切詰 0 件
2026-09-25 11:28:03,290 [INFO] src.archive.timeline_builder: セクション追加: clip4 を 100.00s へ挿入 (VOD 200.0-400.0 / 尺 200.00s)
2026-09-25 11:28:03,290 [INFO] src.timeline.commands: 貼り付けの割り込み: V1 の 400.000s へ 200.00s を確保 / 移動 1 件・分割 0 件・切詰 0 件
2026-09-25 11:28:03,290 [INFO] src.timeline.commands: 貼り付けの割り込み: S1 の 400.000s へ 200.00s を確保 / 移動 0 件・分割 0 件・切詰 0 件
2026-09-25 11:28:03,290 [INFO] src.archive.timeline_builder: セクション追加: clip5 を 400.00s へ挿入 (VOD 500.0-700.0 / 尺 200.00s)
2026-09-25 11:28:03,290 [INFO] src.archive.timeline_builder: セクション統合: clip1 へ 4 件を畳み込み (VOD 100.0-800.0)
2026-09-25 11:28:03,291 [INFO] src.archive.timeline_builder: アーカイブ Timeline 構築: 1 クリップ / V1 1 本 / S1 0 件 / 全長 100.0s
2026-09-25 11:28:03,291 [INFO] src.archive.timeline_builder: セクション追加: clip2 を 100.00s へ挿入 (VOD 200.0-300.0 / 尺 100.00s)
2026-09-25 11:28:03,291 [INFO] src.archive.timeline_builder: セクション統合: clip1 へ 1 件を畳み込み (VOD 100.0-300.0)
2026-09-25 11:28:03,291 [INFO] src.archive.timeline_builder: アーカイブ Timeline 構築: 2 クリップ / V1 2 本 / S1 0 件 / 全長 200.0s
2026-09-25 11:28:03,291 [INFO] src.timeline.commands: 貼り付けの割り込み: V1 の 100.000s へ 50.00s を確保 / 移動 1 件・分割 0 件・切詰 0 件
2026-09-25 11:28:03,291 [INFO] src.timeline.commands: 貼り付けの割り込み: S1 の 100.000s へ 50.00s を確保 / 移動 0 件・分割 0 件・切詰 0 件
2026-09-25 11:28:03,291 [INFO] src.archive.timeline_builder: セクション追加: clip3 を 100.00s へ挿入 (VOD 250.0-300.0 / 尺 50.00s)
2026-09-25 11:28:03,292 [INFO] src.archive.timeline_builder: アーカイブ Timeline 構築: 2 クリップ / V1 2 本 / S1 0 件 / 全長 200.0s
2026-09-25 11:28:03,292 [INFO] src.archive.timeline_builder: セクション追加: clip3 を 200.00s へ挿入 (VOD 500.0-600.0 / 尺 100.00s)
2026-09-25 11:28:03,292 [INFO] src.archive.timeline_builder: セクション統合: clip2 へ 1 件を畳み込み (VOD 400.0-600.0)
2026-09-25 11:28:03,292 [INFO] src.archive.timeline_builder: アーカイブ Timeline 構築: 3 クリップ / V1 3 本 / S1 0 件 / 全長 300.0s
2026-09-25 11:28:03,292 [INFO] src.timeline.commands: 貼り付けの割り込み: V1 の 100.000s へ 50.00s を確保 / 移動 2 件・分割 0 件・切詰 0 件
2026-09-25 11:28:03,292 [INFO] src.timeline.commands: 貼り付けの割り込み: S1 の 100.000s へ 50.00s を確保 / 移動 0 件・分割 0 件・切詰 0 件
2026-09-25 11:28:03,292 [INFO] src.archive.timeline_builder: セクション追加: clip4 を 100.00s へ挿入 (VOD 250.0-300.0 / 尺 50.00s)
2026-09-25 11:28:03,292 [INFO] src.archive.timeline_builder: アーカイブ Timeline 構築: 2 クリップ / V1 2 本 / S1 0 件 / 全長 200.0s
2026-09-25 11:28:03,292 [INFO] src.archive.timeline_builder: アーカイブ Timeline 構築: 1 クリップ / V1 1 本 / S1 0 件 / 全長 100.0s
2026-09-25 11:28:03,292 [INFO] src.archive.timeline_builder: アーカイブ Timeline 構築: 1 クリップ / V1 1 本 / S1 0 件 / 全長 100.0s
2026-09-25 11:28:03,292 [INFO] src.archive.timeline_builder: アーカイブ Timeline 構築: 1 クリップ / V1 1 本 / S1 0 件 / 全長 100.0s
2026-09-25 11:28:03,294 [INFO] src.archive.timeline_builder: アーカイブ Timeline 構築: 1 クリップ / V1 1 本 / S1 0 件 / 全長 100.0s
2026-09-25 11:28:03,294 [INFO] src.archive.timeline_builder: アーカイブ Timeline 構築: 1 クリップ / V1 1 本 / S1 0 件 / 全長 300.0s
2026-09-25 11:28:03,294 [INFO] src.archive.timeline_builder: アーカイブ Timeline 構築: 1 クリップ / V1 1 本 / S1 0 件 / 全長 100.0s
2026-09-25 11:28:03,295 [INFO] src.archive.timeline_builder: アーカイブ Timeline 構築: 1 クリップ / V1 1 本 / S1 0 件 / 全長 100.0s
2026-09-25 11:28:03,295 [INFO] src.archive.timeline_builder: アーカイブ Timeline 構築: 1 クリップ / V1 1 本 / S1 0 件 / 全長 30.0s
2026-09-25 11:28:03,295 [INFO] src.archive.timeline_builder: アーカイブ Timeline 構築: 1 クリップ / V1 1 本 / S1 0 件 / 全長 30.0s
2026-09-25 11:28:03,295 [INFO] src.archive.timeline_builder: アーカイブ Timeline 構築: 1 クリップ / V1 1 本 / S1 0 件 / 全長 30.0s
2026-09-25 11:28:03,295 [INFO] src.archive.timeline_builder: アーカイブ Timeline 構築: 1 クリップ / V1 1 本 / S1 0 件 / 全長 30.0s
2026-09-25 11:28:03,295 [INFO] src.archive.timeline_builder: アーカイブ Timeline 構築: 1 クリップ / V1 1 本 / S1 0 件 / 全長 30.0s
2026-09-25 11:28:03,295 [INFO] src.archive.timeline_builder: アーカイブ Timeline 構築: 3 クリップ / V1 6 本 / S1 6 件 / 全長 30.0s
2026-09-25 11:28:03,295 [INFO] src.archive.timeline_builder: アーカイブ Timeline 構築: 3 クリップ / V1 6 本 / S1 6 件 / 全長 30.0s
2026-09-25 11:28:03,295 [INFO] src.archive.timeline_builder: アーカイブ Timeline 構築: 3 クリップ / V1 6 本 / S1 6 件 / 全長 30.0s
2026-09-25 11:28:03,295 [INFO] src.archive.timeline_builder: アーカイブ Timeline 構築: 3 クリップ / V1 6 本 / S1 6 件 / 全長 30.0s
2026-09-25 11:28:03,295 [INFO] src.archive.timeline_builder: アーカイブ Timeline 構築: 3 クリップ / V1 6 本 / S1 6 件 / 全長 30.0s
2026-09-25 11:28:03,295 [INFO] src.archive.timeline_builder: アーカイブ Timeline 構築: 3 クリップ / V1 6 本 / S1 6 件 / 全長 30.0s
2026-09-25 11:28:03,295 [INFO] src.archive.timeline_builder: アーカイブ Timeline 構築: 3 クリップ / V1 6 本 / S1 6 件 / 全長 30.0s
2026-09-25 11:28:03,295 [INFO] src.archive.timeline_builder: アーカイブ Timeline 構築: 3 クリップ / V1 6 本 / S1 6 件 / 全長 30.0s
2026-09-25 11:28:03,295 [INFO] src.archive.timeline_builder: アーカイブ Timeline 構築: 3 クリップ / V1 6 本 / S1 6 件 / 全長 30.0s
2026-09-25 11:28:03,295 [INFO] src.archive.timeline_builder: アーカイブ Timeline 構築: 1 クリップ / V1 1 本 / S1 2 件 / 全長 30.0s
2026-09-25 11:28:03,295 [INFO] src.archive.timeline_builder: clip1: クリップ終端で打ち切った字幕 1 件 / 載せなかった字幕 0 件
2026-09-25 11:28:03,295 [INFO] src.archive.timeline_builder: clip2: クリップ終端で打ち切った字幕 1 件 / 載せなかった字幕 0 件
2026-09-25 11:28:03,295 [INFO] src.archive.timeline_builder: clip3: クリップ終端で打ち切った字幕 1 件 / 載せなかった字幕 0 件
2026-09-25 11:28:03,295 [INFO] src.archive.timeline_builder: アーカイブ Timeline 構築: 3 クリップ / V1 6 本 / S1 3 件 / 全長 30.0s
2026-09-25 11:28:03,295 [INFO] src.archive.timeline_builder: clip1: クリップ終端で打ち切った字幕 1 件 / 載せなかった字幕 0 件
2026-09-25 11:28:03,295 [INFO] src.archive.timeline_builder: アーカイブ Timeline 構築: 2 クリップ / V1 4 本 / S1 3 件 / 全長 20.0s
2026-09-25 11:28:03,295 [INFO] src.archive.timeline_builder: clip1: クリップ終端で打ち切った字幕 1 件 / 載せなかった字幕 1 件
2026-09-25 11:28:03,295 [INFO] src.archive.timeline_builder: アーカイブ Timeline 構築: 2 クリップ / V1 4 本 / S1 2 件 / 全長 20.0s
2026-09-25 11:28:03,295 [INFO] src.archive.timeline_builder: clip1: クリップ終端で打ち切った字幕 1 件 / 載せなかった字幕 0 件
2026-09-25 11:28:03,295 [INFO] src.archive.timeline_builder: clip2: クリップ終端で打ち切った字幕 1 件 / 載せなかった字幕 0 件
2026-09-25 11:28:03,295 [INFO] src.archive.timeline_builder: アーカイブ Timeline 構築: 2 クリップ / V1 4 本 / S1 2 件 / 全長 20.0s
2026-09-25 11:28:03,295 [INFO] src.archive.timeline_builder: アーカイブ Timeline 構築: 3 クリップ / V1 6 本 / S1 6 件 / 全長 30.0s
2026-09-25 11:28:03,295 [INFO] src.archive.timeline_builder: アーカイブ Timeline 構築: 3 クリップ / V1 6 本 / S1 6 件 / 全長 30.0s
2026-09-25 11:28:03,295 [INFO] src.archive.timeline_builder: アーカイブ Timeline 構築: 3 クリップ / V1 6 本 / S1 6 件 / 全長 30.0s
2026-09-25 11:28:03,295 [INFO] src.archive.timeline_builder: アーカイブ Timeline 構築: 3 クリップ / V1 6 本 / S1 6 件 / 全長 30.0s
2026-09-25 11:28:03,295 [INFO] src.archive.timeline_builder: アーカイブ Timeline 構築: 3 クリップ / V1 6 本 / S1 6 件 / 全長 30.0s
2026-09-25 11:28:03,295 [INFO] src.archive.timeline_builder: アーカイブ Timeline 構築: 3 クリップ / V1 6 本 / S1 6 件 / 全長 30.0s
2026-09-25 11:28:03,295 [INFO] src.archive.timeline_builder: アーカイブ Timeline 構築: 3 クリップ / V1 6 本 / S1 6 件 / 全長 30.0s
2026-09-25 11:28:03,295 [INFO] src.archive.timeline_builder: clip2 は使用しないため書き出しから除外します
2026-09-25 11:28:03,295 [INFO] src.archive.timeline_builder: アーカイブ Timeline 構築: 3 クリップ / V1 6 本 / S1 6 件 / 全長 30.0s
2026-09-25 11:28:03,295 [INFO] src.archive.timeline_builder: アーカイブ Timeline 構築: 3 クリップ / V1 6 本 / S1 6 件 / 全長 30.0s
2026-09-25 11:28:03,295 [INFO] src.archive.timeline_builder: アーカイブ Timeline 構築: 3 クリップ / V1 6 本 / S1 6 件 / 全長 30.0s
2026-09-25 11:28:03,295 [INFO] src.archive.timeline_builder: アーカイブ Timeline 構築: 3 クリップ / V1 6 本 / S1 6 件 / 全長 30.0s
2026-09-25 11:28:03,295 [INFO] src.archive.timeline_builder: アーカイブ Timeline 構築: 3 クリップ / V1 6 本 / S1 6 件 / 全長 30.0s
2026-09-25 11:28:03,295 [INFO] src.archive.timeline_builder: アーカイブ Timeline 構築: 3 クリップ / V1 6 本 / S1 6 件 / 全長 30.0s
2026-09-25 11:28:03,344 [INFO] src.timeline.project_io: プロジェクトを改名しました: sample.timeline.json → renamed.timeline.json
2026-09-25 11:28:03,353 [INFO] src.blur.store: ぼかしの追従結果を保存しました: sample.blur.json
2026-09-25 11:28:03,360 [INFO] src.blur.store: ぼかしの追従結果の版が違うため作り直します: C:\Users\evolu\AppData\Local\Temp\blur_reuse_test_jo1_3p6z\sample.blur.json
2026-09-25 11:28:03,364 [INFO] src.blur.store: ぼかしの追従結果を保存しました: sample.blur.json
2026-09-25 11:28:03,375 [INFO] src.blur.store: 追従の設定が変わったため、ぼかしの追従結果を作り直します
2026-09-25 11:28:03,380 [INFO] src.blur.store: ぼかし: 素材が変わったため m9 の追従結果を捨てました
2026-09-25 11:28:03,386 [INFO] src.blur.decisions: ぼかし: 以前の書式の指定 4 件は新しい方式へ移せないため引き継ぎません (人物の自動検出を廃止したため)
2026-09-25 11:28:03,386 [INFO] src.blur.decisions: ぼかし: 以前の書式の指定 1 件は新しい方式へ移せないため引き継ぎません (人物の自動検出を廃止したため)
2026-09-25 11:28:05,862 [INFO] src.modules.subtitle_generator: 縦動画のため字幕設定を縦用へ上書き (font/改行/配置/余白)
2026-09-25 11:28:05,862 [WARNING] src.modules.comment_decor: コメント背景がキャンバスに収まらないため詰めました (推定幅 1181px / 使える幅 1080px)。font_size か max_line_length を下げると解消します
2026-09-25 11:28:05,863 [INFO] src.modules.comment_decor: コメントアイコン: 2 件 / 位置 2 種類
2026-09-25 11:28:05,863 [INFO] src.modules.comment_decor: コメントアイコン: 2 件 / 位置 1 種類
2026-09-25 11:28:05,863 [INFO] src.modules.comment_decor: コメントアイコン: 1 件 / 位置 1 種類
2026-09-25 11:28:05,863 [INFO] src.modules.subtitle_generator: 縦動画のため字幕設定を縦用へ上書き (font/改行/配置/余白)
2026-09-25 11:28:05,863 [WARNING] src.modules.comment_decor: コメントアイコンがキャンバスに収まらないため位置を詰めました (要求 x=-190.0 y=465.0 → x=0.0 y=465.0)。subtitle.comment_margin_l を大きくすると解消します
2026-09-25 11:28:05,864 [INFO] src.modules.subtitle_generator: コメント背景: 1 件
2026-09-25 11:28:05,871 [WARNING] src.modules.subtitle_generator: コメントの Layer が逆転しているため本文を 6 へ引き上げます (背景=5 / 本文=1)
2026-09-25 11:28:05,871 [INFO] src.modules.subtitle_generator: コメント背景: 1 件
2026-09-25 11:28:05,890 [WARNING] src.modules.subtitle_generator: コメントの配置は左寄せ (1/4/7) のみ対応のため 4 を使用します: 2
2026-09-25 11:28:05,894 [INFO] src.modules.subtitle_generator: 縦動画のため字幕設定を縦用へ上書き (font/改行/配置/余白)
2026-09-25 11:28:05,898 [WARNING] src.export.fcpxml_builder: タイムライン終端を超える字幕をクリップ末尾へクランプしました (丸め誤差の端数など)。
2026-09-25 11:28:05,909 [INFO] src.modules.loudness_normalizer: 入力ラウドネス: I=-9.2 LUFS / TP=-0.3 dBTP / LRA=5.1 LU → 目標 I=-14.0 LUFS / TP=-1.0 dBTP (offset 0.4 dB)
2026-09-25 11:28:05,915 [ERROR] src.modules.loudness_normalizer: ラウドネス正規化の適用に失敗 (元音声のまま継続): in.mp4
Traceback (most recent call last):
  File "D:\develop\autoedit\src\modules\loudness_normalizer.py", line 219, in normalize_file
    ffmpeg_runner.execute(
  File "C:\Users\evolu\AppData\Local\Programs\Python\Python312\Lib\unittest\mock.py", line 1139, in __call__
    return self._mock_call(*args, **kwargs)
           ^^^^^^^^^^^^^^^^^^^^^^^^^^^^^^^^
  File "C:\Users\evolu\AppData\Local\Programs\Python\Python312\Lib\unittest\mock.py", line 1143, in _mock_call
    return self._execute_mock_call(*args, **kwargs)
           ^^^^^^^^^^^^^^^^^^^^^^^^^^^^^^^^^^^^^^^^
  File "C:\Users\evolu\AppData\Local\Programs\Python\Python312\Lib\unittest\mock.py", line 1198, in _execute_mock_call
    raise effect
src.exceptions.FFmpegError: 失敗
2026-09-25 11:28:05,916 [INFO] src.modules.loudness_normalizer: ラウドネス正規化は無効のためスキップ
2026-09-25 11:28:05,918 [WARNING] src.modules.loudness_normalizer: ラウドネス測定に失敗したため正規化をスキップ (元音声のまま継続): in.mp4
2026-09-25 11:28:05,918 [INFO] src.modules.loudness_normalizer: 音声ストリームが無いためラウドネス正規化をスキップ: in.mp4
2026-09-25 11:28:05,925 [INFO] src.modules.loudness_normalizer: ラウドネス正規化 完了: out.mp4
2026-09-25 11:28:05,925 [INFO] src.modules.loudness_normalizer: 入力ラウドネス: I=-9.2 LUFS / TP=-0.3 dBTP / LRA=5.1 LU → 目標 I=-14.0 LUFS / TP=-1.0 dBTP (offset 0.4 dB)
2026-09-25 11:28:05,934 [INFO] src.modules.loudness_normalizer: ラウドネス正規化 完了: out.mp4
2026-09-25 11:28:05,937 [INFO] src.timeline.media_recovery: 本編素材を元動画から作り直します: C:\Users\evolu\AppData\Local\Temp\media_recovery_test_5sc5wnu9\sample.mp4
2026-09-25 11:28:05,938 [WARNING] src.timeline.media_recovery: 素材が見つかりません: m2 (C:\Users\evolu\AppData\Local\Temp\media_recovery_test_ij6k4rvs\gone.png)
2026-09-25 11:28:05,946 [INFO] src.timeline.media_recovery: 素材を差し替え済みのフォルダで見つけました: m3 → C:\Users\evolu\AppData\Local\Temp\media_recovery_test_qjxy3z0n\moved\logo2.png
2026-09-25 11:28:05,949 [INFO] src.timeline.media_recovery: 本編素材を元動画から作り直します: C:\Users\evolu\AppData\Local\Temp\media_recovery_test_rjriz6gz\sample.mp4
2026-09-25 11:28:05,951 [WARNING] src.timeline.media_recovery: 元動画が見つからないため本編素材を復旧できません: C:\Users\evolu\AppData\Local\Temp\media_recovery_test_yllgt5zs\no_such_input.mp4
2026-09-25 11:28:05,951 [WARNING] src.timeline.media_recovery: 素材が見つかりません: m1 (C:\Users\evolu\AppData\Local\Temp\media_recovery_test_yllgt5zs\work\loudness_normalized.mp4)
2026-09-25 11:28:05,952 [INFO] src.timeline.media_recovery: 本編素材は元動画そのものだったため、そのまま使います: C:\Users\evolu\AppData\Local\Temp\media_recovery_test_5aowlvdl\sample.mp4
2026-09-25 11:28:05,954 [INFO] src.timeline.media_recovery: 素材を相対パスで見つけました: m2 → C:\Users\evolu\AppData\Local\Temp\media_recovery_test_9rmznbs1\assets\logo.png
2026-09-25 11:28:05,958 [INFO] src.timeline.media_recovery: 設定に従い元動画をそのまま使います (音量は正規化前): C:\Users\evolu\AppData\Local\Temp\media_recovery_test_wipmnd_k\sample.mp4
2026-09-25 11:28:05,960 [INFO] src.services.points: ポイントを予約しました: clip/video 25pt (watermark=False)
2026-09-25 11:28:05,961 [WARNING] src.services.points: ポイント残高を取得できませんでした: 断
2026-09-25 11:28:05,963 [INFO] src.services.points: ポイントを予約しました: clip/video 25pt (watermark=False)
2026-09-25 11:28:05,963 [WARNING] src.services.points: ポイントのcommitを送信できませんでした (再送します): 接続できません
2026-09-25 11:28:05,979 [INFO] src.services.points: ポイントを予約しました: clip/video 25pt (watermark=False)
2026-09-25 11:28:05,982 [WARNING] src.services.points: ポイントのcommitを送信できませんでした (再送します): 断
2026-09-25 11:28:05,988 [INFO] src.services.points: 保留していたポイント処理を 2 件送信しました。
2026-09-25 11:28:05,990 [WARNING] src.services.points: ポイントを予約できませんでした: 再ログインが必要です。
2026-09-25 11:28:05,991 [INFO] src.services.points: ポイントを予約しました: clip/video 25pt (watermark=False)
2026-09-25 11:28:05,991 [WARNING] src.services.points: ポイントのcancelが拒否されました: 確定済み
2026-09-25 11:28:05,993 [INFO] src.services.points: 保留していたポイント処理を 1 件送信しました。
2026-09-25 11:28:05,994 [INFO] src.services.points: ポイントを予約しました: clip/video 25pt (watermark=False)
2026-09-25 11:28:06,008 [INFO] src.services.points: サブスク判定のキャッシュが古いため watermark を入れます。
2026-09-25 11:28:06,008 [WARNING] src.services.points: ポイントを予約できませんでした (オフライン): 接続できません
2026-09-25 11:28:06,018 [WARNING] src.services.points: ポイントを予約できませんでした (オフライン): 接続できません
2026-09-25 11:28:06,020 [WARNING] src.services.points: ポイントを予約できませんでした (オフライン): 接続できません
2026-09-25 11:28:06,021 [WARNING] src.services.points: ポイントを予約できませんでした: 想定外
2026-09-25 11:28:06,022 [INFO] src.services.points: ポイントを予約しました: clip/resolveProject 0pt (watermark=False)
2026-09-25 11:28:06,035 [INFO] src.services.points: ポイントを予約しました: clip/video 25pt (watermark=False)
2026-09-25 11:28:06,036 [INFO] src.services.points: ポイントを予約しました: archive/video 0pt (watermark=True)
2026-09-25 11:28:06,065 [WARNING] src.timeline.builder: フレーム間引きの設定が不正なため none を使用します: 'all'
2026-09-25 11:28:06,080 [INFO] src.timeline.project_io: プロジェクト保存: C:\Users\evolu\AppData\Local\Temp\library_summary_zeke8cvn\vod.archive.timeline.json
2026-09-25 11:28:06,099 [WARNING] src.timeline.project_io: プロジェクトの概要を読めませんでした: C:\Users\evolu\AppData\Local\Temp\library_summary_x_xyrxtg\broken.timeline.json
2026-09-25 11:28:06,102 [INFO] src.timeline.project_io: プロジェクト保存: C:\Users\evolu\AppData\Local\Temp\library_summary_hn40jsch\sample.timeline.json
2026-09-25 11:28:06,120 [INFO] src.timeline.project_io: プロジェクト保存: C:\Users\evolu\AppData\Local\Temp\library_summary_34xdhhxe\sample.timeline.json
2026-09-25 11:28:06,138 [INFO] src.timeline.project_io: プロジェクト保存: C:\Users\evolu\AppData\Local\Temp\library_rename__d1lcp3t\old.timeline.json
2026-09-25 11:28:06,144 [INFO] src.timeline.project_io: プロジェクト保存: C:\Users\evolu\AppData\Local\Temp\library_rename_3lkgd1h5\old.timeline.json
2026-09-25 11:28:06,148 [INFO] src.timeline.project_io: プロジェクト保存: C:\Users\evolu\AppData\Local\Temp\library_rename_lv9d41tz\old.timeline.json
2026-09-25 11:28:06,162 [INFO] src.timeline.project_io: プロジェクトを改名しました: old.timeline.json → new.timeline.json
2026-09-25 11:28:06,181 [INFO] src.timeline.project_io: プロジェクト保存: C:\Users\evolu\AppData\Local\Temp\library_rename_8c01bjnd\old.timeline.json
2026-09-25 11:28:06,195 [INFO] src.timeline.project_io: プロジェクトを改名しました: old.timeline.json → new.timeline.json
2026-09-25 11:28:06,200 [INFO] src.timeline.project_io: プロジェクト保存: C:\Users\evolu\AppData\Local\Temp\library_rename_1_hnbjgv\old.timeline.json
2026-09-25 11:28:06,209 [INFO] src.timeline.project_io: プロジェクトが 5 件見つかりました (新しい 2 件を表示します)
2026-09-25 11:28:06,225 [WARNING] src.export.resolve_export: ソース総尺の取得に失敗 (タイムライン全長で代用): C:\Users\evolu\AppData\Local\Temp\resolve_export_test_b3ivee2r\sample.mp4
2026-09-25 11:28:06,238 [WARNING] src.export.resolve_export: ソース総尺の取得に失敗 (タイムライン全長で代用): C:\Users\evolu\AppData\Local\Temp\resolve_export_test_e54jl7te\sample.mp4
2026-09-25 11:28:06,254 [WARNING] src.export.resolve_export: ソース総尺の取得に失敗 (タイムライン全長で代用): C:\Users\evolu\AppData\Local\Temp\resolve_export_test_uhikt2wt\sample.mp4
2026-09-25 11:28:06,270 [WARNING] src.export.resolve_export: ソース総尺の取得に失敗 (タイムライン全長で代用): C:\Users\evolu\AppData\Local\Temp\resolve_export_test_o3nat136\sample.mp4
2026-09-25 11:28:06,270 [WARNING] src.export.resolve_export: テーマ演出はテキストと区間のみを出力します (ブラー・黒帯などの映像エフェクトは FCPXML で表現できません)。
2026-09-25 11:28:06,270 [WARNING] src.export.resolve_export: 字幕位置は配置(alignment)＋余白からの近似です。Resolve 取り込み時に位置が中央へ戻る場合があります (フォント/サイズ/色は保持)。
2026-09-25 11:28:06,284 [WARNING] src.export.resolve_export: ソース総尺の取得に失敗 (タイムライン全長で代用): C:\Users\evolu\AppData\Local\Temp\resolve_export_test_r8ce7agh\sample.mp4
2026-09-25 11:28:06,299 [WARNING] src.export.resolve_export: ソース総尺の取得に失敗 (タイムライン全長で代用): C:\Users\evolu\AppData\Local\Temp\resolve_export_test_71ntw466\sample.mp4
2026-09-25 11:28:06,313 [WARNING] src.export.resolve_export: ソース総尺の取得に失敗 (タイムライン全長で代用): C:\Users\evolu\AppData\Local\Temp\resolve_export_test_0m061gqr\sample.mp4
2026-09-25 11:28:06,328 [WARNING] src.export.resolve_export: ソース総尺の取得に失敗 (タイムライン全長で代用): C:\Users\evolu\AppData\Local\Temp\resolve_export_test_0m061gqr\sample.mp4
2026-09-25 11:28:06,339 [WARNING] src.export.resolve_export: ソース総尺の取得に失敗 (タイムライン全長で代用): C:\Users\evolu\AppData\Local\Temp\resolve_export_test_g_z3uzj9\sample.mp4
2026-09-25 11:28:06,339 [WARNING] src.export.resolve_export: 未対応の字幕出力方式 export.resolve.subtitle.mode=bogus のため caption で出力します
2026-09-25 11:28:06,355 [WARNING] src.export.resolve_export: ソース総尺の取得に失敗 (タイムライン全長で代用): C:\Users\evolu\AppData\Local\Temp\resolve_export_test_phbzg3tx\sample.mp4
2026-09-25 11:28:06,369 [WARNING] src.export.resolve_export: ソース総尺の取得に失敗 (タイムライン全長で代用): C:\Users\evolu\AppData\Local\Temp\resolve_export_test_4zmlup3k\sample.mp4
2026-09-25 11:28:06,385 [WARNING] src.export.resolve_export: ソース総尺の取得に失敗 (タイムライン全長で代用): C:\Users\evolu\AppData\Local\Temp\resolve_export_test_kf64pikx\sample.mp4
2026-09-25 11:28:06,398 [WARNING] src.export.resolve_export: ソース総尺の取得に失敗 (タイムライン全長で代用): C:\Users\evolu\AppData\Local\Temp\resolve_export_test_02_uxl1x\sample.mp4
2026-09-25 11:28:06,412 [WARNING] src.export.resolve_export: ソース総尺の取得に失敗 (タイムライン全長で代用): C:\Users\evolu\AppData\Local\Temp\resolve_export_test_ec1tiz6u\sample.mp4
2026-09-25 11:28:06,430 [WARNING] src.export.resolve_export: ソース総尺の取得に失敗 (タイムライン全長で代用): C:\Users\evolu\AppData\Local\Temp\resolve_export_test_gky2jqhx\sample.mp4
2026-09-25 11:28:06,445 [WARNING] src.export.resolve_export: ソース総尺の取得に失敗 (タイムライン全長で代用): C:\Users\evolu\AppData\Local\Temp\resolve_export_test_hlhduvch\sample.mp4
2026-09-25 11:28:06,461 [WARNING] src.export.resolve_export: ソース総尺の取得に失敗 (タイムライン全長で代用): C:\Users\evolu\AppData\Local\Temp\resolve_export_test_42vy5opn\sample.mp4
2026-09-25 11:28:06,472 [WARNING] src.export.resolve_export: ソース総尺の取得に失敗 (タイムライン全長で代用): C:\Users\evolu\AppData\Local\Temp\resolve_export_test_oobl3xix\sample.mp4
2026-09-25 11:28:06,472 [INFO] src.export.resolve_export: 編集点が無いため全長 1 クリップとして出力します
2026-09-25 11:28:06,490 [WARNING] src.export.resolve_export: ソース総尺の取得に失敗 (タイムライン全長で代用): C:\Users\evolu\AppData\Local\Temp\resolve_export_test_m6avzndc\sample.mp4
2026-09-25 11:28:06,490 [INFO] src.export.resolve_export: Resolve 出力開始: C:\Users\evolu\AppData\Local\Temp\resolve_export_test_m6avzndc\out2.fcpxml (クリップ 1 件 / 字幕 caption 1 件 / title・テーマ 0 件 / 1920x1080 60fps)
2026-09-25 11:28:06,490 [INFO] src.export.resolve_export: 字幕トラックのスタイルは Resolve の字幕トラックヘッダー選択 → インスペクタ → Track Style で一括設定できます (Resolve 19 以降は Text+ スタイルも指定可)。
2026-09-25 11:28:06,490 [INFO] src.export.resolve_export: Resolve 出力完了: C:\Users\evolu\AppData\Local\Temp\resolve_export_test_m6avzndc\out2.fcpxml (タイムライン尺 5.00s)
2026-09-25 11:28:06,507 [WARNING] src.export.resolve_export: ソース総尺の取得に失敗 (タイムライン全長で代用): C:\Users\evolu\AppData\Local\Temp\resolve_export_test__7cy5tfo\sample.mp4
2026-09-25 11:28:06,507 [INFO] src.export.resolve_export: Resolve 出力開始: C:\Users\evolu\AppData\Local\Temp\resolve_export_test__7cy5tfo\out3.fcpxml (クリップ 1 件 / 字幕 caption 0 件 / title・テーマ 0 件 / 1920x1080 60fps)
2026-09-25 11:28:06,509 [INFO] src.export.resolve_export: Resolve 出力完了: C:\Users\evolu\AppData\Local\Temp\resolve_export_test__7cy5tfo\out3.fcpxml (タイムライン尺 5.00s)
2026-09-25 11:28:06,519 [WARNING] src.export.resolve_export: ソース総尺の取得に失敗 (タイムライン全長で代用): C:\Users\evolu\AppData\Local\Temp\resolve_export_test_ab1hvlto\sample.mp4
2026-09-25 11:28:06,519 [INFO] src.export.resolve_export: Resolve 出力開始: C:\Users\evolu\AppData\Local\Temp\resolve_export_test_ab1hvlto\out.fcpxml (クリップ 1 件 / 字幕 caption 1 件 / title・テーマ 0 件 / 1920x1080 60fps)
2026-09-25 11:28:06,524 [INFO] src.export.resolve_export: SRT サイドカー出力: C:\Users\evolu\AppData\Local\Temp\resolve_export_test_ab1hvlto\out.srt (1 件)
2026-09-25 11:28:06,524 [INFO] src.export.resolve_export: Resolve 出力完了: C:\Users\evolu\AppData\Local\Temp\resolve_export_test_ab1hvlto\out.fcpxml / C:\Users\evolu\AppData\Local\Temp\resolve_export_test_ab1hvlto\out.srt (タイムライン尺 5.00s)
2026-09-25 11:28:06,528 [INFO] src.export.resolve_export: Resolve 出力を中止 (上書きしない): C:\Users\evolu\AppData\Local\Temp\resolve_export_test_ab1hvlto\out.fcpxml
2026-09-25 11:28:06,775 [INFO] src.modules.subtitle_generator: 縦動画のため字幕設定を縦用へ上書き (font/改行/配置/余白)
2026-09-25 11:28:06,782 [WARNING] src.services.stretheus_auth: API の日時を解釈できませんでした。
2026-09-25 11:28:06,832 [INFO] src.services.stretheus_auth: Stretheus のログインページを開きます (ポート65398)
2026-09-25 11:28:06,850 [INFO] src.services.stretheus_auth: Stretheus へログインしました。
2026-09-25 11:28:07,916 [INFO] src.services.stretheus_auth: Stretheus のログインページを開きます (ポート65406)
2026-09-25 11:28:07,929 [INFO] src.services.stretheus_auth: Stretheus へログインしました。
2026-09-25 11:28:08,948 [INFO] src.services.stretheus_auth: Stretheus のログインページを開きます (ポート65414)
2026-09-25 11:28:08,981 [INFO] src.services.stretheus_auth: Stretheus へログインしました。
2026-09-25 11:28:09,500 [INFO] src.services.stretheus_auth: Stretheus のログインページを開きます (ポート65419)
2026-09-25 11:28:09,515 [INFO] src.services.stretheus_auth: Stretheus へログインしました。
2026-09-25 11:28:10,022 [INFO] src.services.stretheus_auth: Stretheus のログインページを開きます (ポート65425)
2026-09-25 11:28:10,039 [INFO] src.services.stretheus_auth: Stretheus へログインしました。
2026-09-25 11:28:10,577 [INFO] src.services.stretheus_auth: Stretheus のログインページを開きます (ポート65431)
2026-09-25 11:28:10,592 [INFO] src.services.stretheus_auth: Stretheus へログインしました。
2026-09-25 11:28:11,095 [INFO] src.modules.subtitle_generator: テロップ個別指定 フォント 0 件 / サイズ 0 件 / 文字色 1 件 / 縁の色 0 件
2026-09-25 11:28:11,099 [INFO] src.modules.subtitle_generator: テロップ個別指定 フォント 0 件 / サイズ 0 件 / 文字色 1 件 / 縁の色 0 件
2026-09-25 11:28:11,116 [INFO] src.modules.subtitle_generator: テロップ個別指定 フォント 0 件 / サイズ 0 件 / 文字色 0 件 / 縁の色 1 件
2026-09-25 11:28:11,119 [INFO] src.modules.subtitle_generator: テロップ個別指定 フォント 0 件 / サイズ 0 件 / 文字色 0 件 / 縁の色 1 件
2026-09-25 11:28:11,121 [INFO] src.modules.subtitle_generator: テロップ個別指定 フォント 1 件 / サイズ 1 件 / 文字色 1 件 / 縁の色 1 件
2026-09-25 11:28:11,124 [INFO] src.timeline.commands: コメント用の字幕トラックを作成しました: S2
2026-09-25 11:28:11,124 [INFO] src.timeline.commands: 移動先 S2 が空いていないため役割だけ変更しました: s1
2026-09-25 11:28:11,125 [INFO] src.timeline.commands: コメント用の字幕トラックを作成しました: S2
2026-09-25 11:28:11,125 [INFO] src.timeline.commands: コメント用の字幕トラックを作成しました: S2
2026-09-25 11:28:11,125 [INFO] src.timeline.commands: コメント用の字幕トラックを作成しました: S2
2026-09-25 11:28:11,127 [INFO] src.timeline.project_io: プロジェクト保存: C:\Users\evolu\AppData\Local\Temp\tmp15__rsgc\sample.timeline.json
2026-09-25 11:28:11,147 [INFO] src.modules.subtitle_generator: VAD フィルタ有効 (min_silence=500ms, speech_pad=100ms, condition_on_previous_text=False)
2026-09-25 11:28:11,147 [WARNING] src.modules.subtitle_generator: VAD 付き認識に失敗したため VAD 無しで再試行します: VAD の初期化に失敗しました (テスト)
2026-09-25 11:28:11,147 [INFO] src.modules.subtitle_generator: VAD フィルタ有効 (min_silence=800ms, speech_pad=100ms, condition_on_previous_text=False)
2026-09-25 11:28:11,147 [INFO] src.modules.subtitle_generator: VAD フィルタ有効 (min_silence=500ms, speech_pad=100ms, condition_on_previous_text=False)
2026-09-25 11:28:11,189 [INFO] src.timeline.commands: 貼り付けの割り込み: V1 の 5.000s へ 10.00s を確保 / 移動 2 件・分割 1 件・切詰 0 件
2026-09-25 11:28:11,189 [INFO] src.timeline.commands: 貼り付けの割り込み: V2 の 5.000s へ 10.00s を確保 / 移動 2 件・分割 0 件・切詰 0 件
2026-09-25 11:28:11,189 [INFO] src.timeline.commands: 貼り付けの割り込み: S1 の 5.000s へ 10.00s を確保 / 移動 1 件・分割 0 件・切詰 0 件
2026-09-25 11:28:11,189 [INFO] src.timeline.commands: 貼り付けの割り込み: V1 の 5.000s へ 10.00s を確保 / 移動 2 件・分割 1 件・切詰 0 件
2026-09-25 11:28:11,191 [INFO] src.timeline.commands: 貼り付けの割り込み: V2 の 5.000s へ 10.00s を確保 / 移動 2 件・分割 0 件・切詰 0 件
2026-09-25 11:28:11,191 [INFO] src.timeline.commands: 貼り付けの割り込み: S1 の 5.000s へ 10.00s を確保 / 移動 1 件・分割 0 件・切詰 0 件
2026-09-25 11:28:11,191 [INFO] src.timeline.commands: 貼り付けの割り込み: V1 の 5.000s へ 10.00s を確保 / 移動 2 件・分割 1 件・切詰 0 件
2026-09-25 11:28:11,191 [INFO] src.timeline.commands: 貼り付けの割り込み: V2 の 5.000s へ 10.00s を確保 / 移動 2 件・分割 0 件・切詰 0 件
2026-09-25 11:28:11,191 [INFO] src.timeline.commands: 貼り付けの割り込み: S1 の 5.000s へ 10.00s を確保 / 移動 1 件・分割 0 件・切詰 0 件
2026-09-25 11:28:11,191 [INFO] src.timeline.commands: 貼り付けの割り込み: V1 の 5.000s へ 15.00s を確保 / 移動 3 件・分割 0 件・切詰 0 件
2026-09-25 11:28:11,191 [INFO] src.timeline.commands: 貼り付けの割り込み: V2 の 5.000s へ 15.00s を確保 / 移動 2 件・分割 0 件・切詰 0 件
2026-09-25 11:28:11,191 [INFO] src.timeline.commands: 貼り付けの割り込み: S1 の 5.000s へ 15.00s を確保 / 移動 1 件・分割 0 件・切詰 0 件
2026-09-25 11:28:11,191 [INFO] src.timeline.commands: 貼り付けの割り込み: V1 の 10.020s へ 10.02s を確保 / 移動 2 件・分割 0 件・切詰 0 件
2026-09-25 11:28:11,191 [INFO] src.timeline.commands: 貼り付けの割り込み: V2 の 10.020s へ 10.02s を確保 / 移動 1 件・分割 0 件・切詰 0 件
2026-09-25 11:28:11,191 [INFO] src.timeline.commands: 貼り付けの割り込み: S1 の 10.020s へ 10.02s を確保 / 移動 1 件・分割 0 件・切詰 0 件
2026-09-25 11:28:11,191 [INFO] src.timeline.commands: 貼り付けの割り込み: V1 の 19.980s へ 9.98s を確保 / 移動 1 件・分割 0 件・切詰 1 件
2026-09-25 11:28:11,191 [INFO] src.timeline.commands: 貼り付けの割り込み: V2 の 19.980s へ 9.98s を確保 / 移動 1 件・分割 0 件・切詰 0 件
2026-09-25 11:28:11,191 [INFO] src.timeline.commands: 貼り付けの割り込み: S1 の 19.980s へ 9.98s を確保 / 移動 0 件・分割 0 件・切詰 0 件
2026-09-25 11:28:11,191 [WARNING] src.timeline.commands: 素材が見つからないため貼り付けません: D:\develop\autoedit\tests\存在しない素材.mp4
2026-09-25 11:28:11,191 [INFO] src.timeline.commands: 貼り付けの割り込み: V1 の 5.000s へ 10.00s を確保 / 移動 2 件・分割 1 件・切詰 0 件
2026-09-25 11:28:11,191 [INFO] src.timeline.commands: 貼り付けの割り込み: V2 の 5.000s へ 10.00s を確保 / 移動 2 件・分割 0 件・切詰 0 件
2026-09-25 11:28:11,191 [INFO] src.timeline.commands: 貼り付けの割り込み: S1 の 5.000s へ 10.00s を確保 / 移動 1 件・分割 0 件・切詰 0 件
2026-09-25 11:28:11,193 [INFO] src.timeline.commands: 貼り付けの割り込み: V1 の 5.000s へ 10.00s を確保 / 移動 2 件・分割 1 件・切詰 0 件
2026-09-25 11:28:11,193 [INFO] src.timeline.commands: 貼り付けの割り込み: V2 の 5.000s へ 10.00s を確保 / 移動 2 件・分割 0 件・切詰 0 件
2026-09-25 11:28:11,193 [INFO] src.timeline.commands: 貼り付けの割り込み: S1 の 5.000s へ 10.00s を確保 / 移動 1 件・分割 0 件・切詰 0 件
2026-09-25 11:28:11,193 [INFO] src.timeline.commands: 貼り付けの割り込み: V1 の 5.000s へ 10.00s を確保 / 移動 2 件・分割 1 件・切詰 0 件
2026-09-25 11:28:11,193 [INFO] src.timeline.commands: 貼り付けの割り込み: V2 の 5.000s へ 10.00s を確保 / 移動 2 件・分割 0 件・切詰 0 件
2026-09-25 11:28:11,193 [INFO] src.timeline.commands: 貼り付けの割り込み: S1 の 5.000s へ 10.00s を確保 / 移動 1 件・分割 0 件・切詰 0 件
2026-09-25 11:28:11,193 [INFO] src.timeline.commands: 貼り付けの割り込み: V1 の 5.000s へ 10.00s を確保 / 移動 2 件・分割 1 件・切詰 0 件
2026-09-25 11:28:11,193 [INFO] src.timeline.commands: 貼り付けの割り込み: V2 の 5.000s へ 10.00s を確保 / 移動 2 件・分割 0 件・切詰 0 件
2026-09-25 11:28:11,193 [INFO] src.timeline.commands: 貼り付けの割り込み: S1 の 5.000s へ 10.00s を確保 / 移動 1 件・分割 0 件・切詰 0 件
2026-09-25 11:28:11,193 [INFO] src.timeline.commands: 貼り付けの割り込み: V1 の 5.000s へ 10.00s を確保 / 移動 2 件・分割 1 件・切詰 0 件
2026-09-25 11:28:11,193 [INFO] src.timeline.commands: 貼り付けの割り込み: V2 の 5.000s へ 10.00s を確保 / 移動 2 件・分割 0 件・切詰 0 件
2026-09-25 11:28:11,193 [INFO] src.timeline.commands: 貼り付けの割り込み: S1 の 5.000s へ 10.00s を確保 / 移動 1 件・分割 0 件・切詰 0 件
2026-09-25 11:28:11,194 [INFO] src.timeline.commands: 貼り付けの割り込み: V2 の 4.000s へ 2.00s を確保 / 移動 2 件・分割 0 件・切詰 0 件
2026-09-25 11:28:11,194 [INFO] src.timeline.commands: 貼り付けの割り込み: V2 の 4.000s へ 2.00s を確保 / 移動 2 件・分割 0 件・切詰 0 件
2026-09-25 11:28:11,194 [INFO] src.timeline.commands: 貼り付けの割り込み: V2 の 4.000s へ 2.00s を確保 / 移動 2 件・分割 0 件・切詰 0 件
2026-09-25 11:28:11,195 [INFO] src.timeline.clipboard: Timeline のノードをコピーしました: 1 件
2026-09-25 11:28:11,195 [INFO] src.timeline.clipboard: Timeline のノードをコピーしました: 1 件
2026-09-25 11:28:11,195 [INFO] src.timeline.commands: 貼り付けの割り込み: V1 の 4.000s へ 2.00s を確保 / 移動 2 件・分割 1 件・切詰 0 件
2026-09-25 11:28:11,195 [INFO] src.timeline.commands: 貼り付けの割り込み: V2 の 4.000s へ 2.00s を確保 / 移動 2 件・分割 0 件・切詰 0 件
2026-09-25 11:28:11,195 [INFO] src.timeline.commands: 貼り付けの割り込み: S1 の 4.000s へ 2.00s を確保 / 移動 1 件・分割 0 件・切詰 0 件
2026-09-25 11:28:11,195 [INFO] src.timeline.commands: 貼り付けの割り込み: V2 の 4.000s へ 2.00s を確保 / 移動 2 件・分割 0 件・切詰 0 件
2026-09-25 11:28:11,196 [INFO] src.timeline.commands: 貼り付けの割り込み: V1 の 5.000s へ 10.00s を確保 / 移動 2 件・分割 1 件・切詰 0 件
2026-09-25 11:28:11,196 [INFO] src.timeline.commands: 貼り付けの割り込み: V2 の 5.000s へ 10.00s を確保 / 移動 2 件・分割 0 件・切詰 0 件
2026-09-25 11:28:11,196 [INFO] src.timeline.commands: 貼り付けの割り込み: V1 の 5.000s へ 10.00s を確保 / 移動 2 件・分割 1 件・切詰 0 件
2026-09-25 11:28:11,196 [WARNING] src.timeline.builder: 貼り付けの設定が不正なため既定 base_syncs_all を使用します: 'なにか'
2026-09-25 11:28:11,197 [WARNING] src.timeline.builder: 貼り付けの設定が不正なため既定 split を使用します: 123
2026-09-25 11:28:11,197 [INFO] src.timeline.commands: 貼り付けの割り込み: V1 の 5.000s へ 10.00s を確保 / 移動 2 件・分割 1 件・切詰 0 件
2026-09-25 11:28:11,197 [INFO] src.timeline.commands: 貼り付けの割り込み: V2 の 5.000s へ 10.00s を確保 / 移動 2 件・分割 0 件・切詰 0 件
2026-09-25 11:28:11,197 [INFO] src.timeline.commands: 貼り付けの割り込み: S1 の 5.000s へ 10.00s を確保 / 移動 1 件・分割 0 件・切詰 0 件
2026-09-25 11:28:11,198 [WARNING] src.timeline.commands: 映像トラックの上限 (3) に達しているため追加できません
2026-09-25 11:28:11,198 [INFO] src.timeline.commands: 字幕を追加できる空きがありません (2.000 秒)
2026-09-25 11:28:11,198 [INFO] src.timeline.commands: 字幕を追加できる空きがありません (0.990 秒)
2026-09-25 11:28:11,200 [INFO] src.timeline.commands: リップル: 10.000〜20.000s (10.00s) を除去 / 削除 1 件・短縮 0 件・移動 1 件
2026-09-25 11:28:11,200 [INFO] src.timeline.commands: リップル: 10.000〜20.000s (10.00s) を除去 / 削除 1 件・短縮 0 件・移動 1 件
2026-09-25 11:28:11,200 [INFO] src.timeline.commands: リップル: 10.000〜20.000s (10.00s) を除去 / 削除 1 件・短縮 0 件・移動 1 件
2026-09-25 11:28:11,200 [INFO] src.timeline.commands: リップル: 0.000〜10.000s (10.00s) を除去 / 削除 2 件・短縮 0 件・移動 1 件
2026-09-25 11:28:11,200 [INFO] src.timeline.commands: リップル: 10.000〜20.000s (10.00s) を除去 / 削除 1 件・短縮 0 件・移動 1 件
2026-09-25 11:28:11,202 [INFO] src.timeline.commands: リップル: 10.000〜20.000s (10.00s) を除去 / 削除 2 件・短縮 1 件・移動 2 件
2026-09-25 11:28:11,202 [INFO] src.timeline.commands: リップル: 10.000〜20.000s (10.00s) を除去 / 削除 2 件・短縮 1 件・移動 2 件
2026-09-25 11:28:11,202 [INFO] src.timeline.commands: リップル: 10.000〜20.000s (10.00s) を除去 / 削除 2 件・短縮 1 件・移動 2 件
2026-09-25 11:28:11,202 [INFO] src.timeline.commands: リップル: 10.000〜20.000s (10.00s) を除去 / 削除 2 件・短縮 1 件・移動 2 件
2026-09-25 11:28:11,202 [INFO] src.timeline.commands: リップル: 10.000〜20.000s (10.00s) を除去 / 削除 2 件・短縮 1 件・移動 2 件
2026-09-25 11:28:11,202 [INFO] src.timeline.commands: リップル: 10.000〜20.000s (10.00s) を除去 / 削除 2 件・短縮 1 件・移動 2 件
2026-09-25 11:28:11,203 [INFO] src.timeline.commands: リップル: 10.000〜20.000s (10.00s) を除去 / 削除 2 件・短縮 0 件・移動 3 件
2026-09-25 11:28:11,203 [INFO] src.timeline.commands: リップル: 10.000〜20.000s (10.00s) を除去 / 削除 1 件・短縮 0 件・移動 1 件
2026-09-25 11:28:11,203 [INFO] src.timeline.commands: リップル: 10.000〜20.000s (10.00s) を除去 / 削除 2 件・短縮 1 件・移動 2 件
2026-09-25 11:28:11,203 [INFO] src.timeline.commands: 残り尺が下限を割るためクリップごとリップル削除しました: c2
2026-09-25 11:28:11,203 [INFO] src.timeline.commands: リップル: 10.000〜20.000s (10.00s) を除去 / 削除 1 件・短縮 0 件・移動 2 件
2026-09-25 11:28:11,203 [INFO] src.timeline.commands: リップル: 15.000〜20.000s (5.00s) を除去 / 削除 0 件・短縮 1 件・移動 2 件
2026-09-25 11:28:11,203 [INFO] src.timeline.commands: リップル: 10.000〜15.000s (5.00s) を除去 / 削除 0 件・短縮 1 件・移動 2 件
2026-09-25 11:28:11,203 [INFO] src.timeline.commands: リップル: 15.000〜20.000s (5.00s) を除去 / 削除 0 件・短縮 1 件・移動 2 件
2026-09-25 11:28:11,203 [INFO] src.timeline.commands: リップル: 15.000〜20.000s (5.00s) を除去 / 削除 0 件・短縮 1 件・移動 2 件
2026-09-25 11:28:11,204 [INFO] src.timeline.commands: リップル: 26.000〜27.000s (1.00s) を除去 / 削除 0 件・短縮 2 件・移動 0 件
2026-09-25 11:28:11,204 [INFO] src.timeline.commands: リップル: 10.000〜20.000s (10.00s) を除去 / 削除 1 件・短縮 0 件・移動 1 件
2026-09-25 11:28:11,204 [INFO] src.timeline.commands: リップル: 10.000〜20.000s (10.00s) を除去 / 削除 1 件・短縮 0 件・移動 1 件
2026-09-25 11:28:11,205 [INFO] src.timeline.commands: リップル: 10.000〜20.000s (10.00s) を除去 / 削除 1 件・短縮 0 件・移動 1 件
2026-09-25 11:28:11,208 [INFO] src.timeline.project_io: プロジェクト保存: C:\Users\evolu\AppData\Local\Temp\timeline_io_test_f6ogcowc\sample.timeline.json
2026-09-25 11:28:11,226 [INFO] src.timeline.project_io: プロジェクト読込: C:\Users\evolu\AppData\Local\Temp\timeline_io_test_f6ogcowc\sample.timeline.json
2026-09-25 11:28:11,229 [INFO] src.timeline.project_io: プロジェクト保存: C:\Users\evolu\AppData\Local\Temp\timeline_io_test_f6ogcowc\sample.timeline.json
2026-09-25 11:28:11,229 [INFO] src.timeline.project_io: プロジェクト読込: C:\Users\evolu\AppData\Local\Temp\timeline_io_test_f6ogcowc\sample.timeline.json
2026-09-25 11:28:11,229 [INFO] src.timeline.project_io: プロジェクト保存: C:\Users\evolu\AppData\Local\Temp\timeline_io_test_7u2qsqd0\sample.timeline.json
2026-09-25 11:28:11,245 [INFO] src.timeline.project_io: プロジェクト読込: C:\Users\evolu\AppData\Local\Temp\timeline_io_test_7u2qsqd0\sample.timeline.json
2026-09-25 11:28:11,252 [INFO] src.timeline.project_io: プロジェクト保存: C:\Users\evolu\AppData\Local\Temp\timeline_io_test_101aw7gs\sample.timeline.json
2026-09-25 11:28:11,266 [WARNING] src.timeline.project_io: メディアの実体が見つかりません (1 件)。該当クリップを無効化します: m1
2026-09-25 11:28:11,274 [INFO] src.timeline.project_io: プロジェクト保存: C:\Users\evolu\AppData\Local\Temp\timeline_io_test_5vewk79m\sample.timeline.json
2026-09-25 11:28:11,290 [INFO] src.timeline.project_io: プロジェクト保存: C:\Users\evolu\AppData\Local\Temp\timeline_io_test_atstj9s3\sample.timeline.json
2026-09-25 11:28:11,300 [WARNING] src.timeline.project_io: 編集点の区間が不正なため無視します: 20.000→15.000
2026-09-25 11:28:11,302 [WARNING] src.timeline.project_io: メディアの実体が見つかりません (1 件)。該当クリップを無効化します: m1
2026-09-25 11:28:11,304 [WARNING] src.timeline.project_io: 音声クリップ a1 のリンク先 no_such_clip が存在しないため除外します (該当区間は無音になります)
2026-09-25 11:28:11,306 [WARNING] src.timeline.project_io: トラック V1 でクリップ c2 が重複しているため 12.480 へ移動します
2026-09-25 11:28:11,312 [WARNING] src.timeline.project_io: クリップ c2 の尺 (0.001s) が下限 (0.050s) 未満のため除外します
2026-09-25 11:28:11,312 [WARNING] src.timeline.project_io: 音声クリップ a2 のリンク先 c2 が存在しないため除外します (該当区間は無音になります)
2026-09-25 11:28:11,421 [INFO] src.utils.trash: ゴミ箱へ移動しました (2 件)
2026-09-25 11:28:11,429 [WARNING] src.timeline.builder: 寸法の設定が不正なため既定 8000 を使用します: 0
2026-09-25 11:28:52,106 [INFO] src.archive.timeline_builder: アーカイブ Timeline 構築: 2 クリップ / V1 2 本 / S1 0 件 / 全長 60.0s
2026-09-25 11:28:52,107 [INFO] src.archive.timeline_builder: アーカイブ Timeline 構築: 2 クリップ / V1 2 本 / S1 0 件 / 全長 60.0s
2026-09-25 11:28:52,107 [WARNING] src.archive.marker_source: VOD 外のマーカーを 2 件除外しました (尺 7200.0s)
2026-09-25 11:28:52,107 [INFO] src.archive.timeline_builder: アーカイブ Timeline 構築: 2 クリップ / V1 2 本 / S1 0 件 / 全長 200.0s
2026-09-25 11:28:52,108 [INFO] src.timeline.commands: 貼り付けの割り込み: V1 の 0.000s へ 50.00s を確保 / 移動 2 件・分割 0 件・切詰 0 件
2026-09-25 11:28:52,108 [INFO] src.timeline.commands: 貼り付けの割り込み: S1 の 0.000s へ 50.00s を確保 / 移動 0 件・分割 0 件・切詰 0 件
2026-09-25 11:28:52,108 [INFO] src.archive.timeline_builder: セクション追加: clip3 を 0.00s へ挿入 (VOD 100.0-150.0 / 尺 50.00s)
2026-09-25 11:28:52,108 [INFO] src.archive.timeline_builder: セクション統合: clip1 へ 1 件を畳み込み (VOD 100.0-200.0)
2026-09-25 11:28:52,108 [INFO] src.archive.timeline_builder: アーカイブ Timeline 構築: 2 クリップ / V1 2 本 / S1 0 件 / 全長 200.0s
2026-09-25 11:28:52,108 [INFO] src.archive.timeline_builder: アーカイブ Timeline 構築: 1 クリップ / V1 1 本 / S1 0 件 / 全長 100.0s
2026-09-25 11:28:52,108 [INFO] src.archive.timeline_builder: アーカイブ Timeline 構築: 1 クリップ / V1 1 本 / S1 0 件 / 全長 100.0s
2026-09-25 11:28:52,109 [INFO] src.archive.timeline_builder: アーカイブ Timeline 構築: 1 クリップ / V1 1 本 / S1 0 件 / 全長 100.0s
2026-09-25 11:28:52,109 [INFO] src.archive.timeline_builder: セクション追加: clip2 を 100.00s へ挿入 (VOD 200.0-300.0 / 尺 100.00s)
2026-09-25 11:28:52,109 [INFO] src.archive.timeline_builder: セクション統合: clip1 へ 1 件を畳み込み (VOD 100.0-300.0)
2026-09-25 11:28:52,109 [INFO] src.archive.timeline_builder: アーカイブ Timeline 構築: 1 クリップ / V1 1 本 / S1 0 件 / 全長 100.0s
2026-09-25 11:28:52,110 [INFO] src.archive.timeline_builder: セクション追加: clip2 を 100.00s へ挿入 (VOD 200.0-300.0 / 尺 100.00s)
2026-09-25 11:28:52,110 [INFO] src.archive.timeline_builder: セクション統合: clip1 へ 1 件を畳み込み (VOD 100.0-300.0)
2026-09-25 11:28:52,110 [INFO] src.archive.timeline_builder: アーカイブ Timeline 構築: 1 クリップ / V1 1 本 / S1 0 件 / 全長 100.0s
2026-09-25 11:28:52,110 [INFO] src.archive.timeline_builder: セクション追加: clip2 を 100.00s へ挿入 (VOD 200.0-300.0 / 尺 100.00s)
2026-09-25 11:28:52,110 [INFO] src.archive.timeline_builder: セクション統合: clip1 へ 1 件を畳み込み (VOD 100.0-300.0)
2026-09-25 11:28:52,110 [INFO] src.archive.timeline_builder: アーカイブ Timeline 構築: 1 クリップ / V1 1 本 / S1 0 件 / 全長 100.0s
2026-09-25 11:28:52,111 [INFO] src.archive.timeline_builder: セクション追加: clip2 を 100.00s へ挿入 (VOD 200.0-300.0 / 尺 100.00s)
2026-09-25 11:28:52,111 [INFO] src.archive.timeline_builder: セクション統合: clip1 へ 1 件を畳み込み (VOD 100.0-300.0)
2026-09-25 11:28:52,111 [INFO] src.archive.timeline_builder: clip1 の素材 m2 は区間を特定できませんでした (尺 12.0s / 候補の穴 0 件)。差し替えを尋ねます
2026-09-25 11:28:52,111 [INFO] src.archive.timeline_builder: アーカイブ Timeline 構築: 1 クリップ / V1 1 本 / S1 0 件 / 全長 100.0s
2026-09-25 11:28:52,111 [INFO] src.archive.timeline_builder: セクション追加: clip2 を 100.00s へ挿入 (VOD 200.0-300.0 / 尺 100.00s)
2026-09-25 11:28:52,111 [INFO] src.archive.timeline_builder: セクション統合: clip1 へ 1 件を畳み込み (VOD 100.0-300.0)
2026-09-25 11:28:52,112 [INFO] src.archive.timeline_builder: アーカイブ Timeline 構築: 1 クリップ / V1 1 本 / S1 0 件 / 全長 100.0s
2026-09-25 11:28:52,112 [INFO] src.archive.timeline_builder: セクション追加: clip2 を 100.00s へ挿入 (VOD 200.0-300.0 / 尺 100.00s)
2026-09-25 11:28:52,112 [INFO] src.archive.timeline_builder: セクション統合: clip1 へ 1 件を畳み込み (VOD 100.0-300.0)
2026-09-25 11:28:52,112 [INFO] src.archive.timeline_builder: clip1 の素材 m2 の区間を 200.0–300.0 として復元しました
2026-09-25 11:28:52,112 [INFO] src.archive.timeline_builder: アーカイブ Timeline 構築: 1 クリップ / V1 1 本 / S1 0 件 / 全長 100.0s
2026-09-25 11:28:52,112 [INFO] src.archive.timeline_builder: セクション追加: clip2 を 100.00s へ挿入 (VOD 200.0-300.0 / 尺 100.00s)
2026-09-25 11:28:52,112 [INFO] src.archive.timeline_builder: セクション統合: clip1 へ 1 件を畳み込み (VOD 100.0-300.0)
2026-09-25 11:28:52,113 [INFO] src.archive.timeline_builder: clip1 の素材 m2 の区間を 200.0–300.0 として復元しました
2026-09-25 11:28:52,113 [INFO] src.archive.timeline_builder: アーカイブ Timeline 構築: 1 クリップ / V1 1 本 / S1 0 件 / 全長 100.0s
2026-09-25 11:28:52,113 [INFO] src.archive.timeline_builder: セクション追加: clip2 を 100.00s へ挿入 (VOD 200.0-300.0 / 尺 100.00s)
2026-09-25 11:28:52,113 [INFO] src.archive.timeline_builder: セクション統合: clip1 へ 1 件を畳み込み (VOD 100.0-300.0)
2026-09-25 11:28:52,113 [INFO] src.archive.timeline_builder: clip1 の素材 m2 の区間を 200.0–303.0 として復元しました
2026-09-25 11:28:52,115 [INFO] src.archive.timeline_builder: アーカイブ Timeline 構築: 1 クリップ / V1 1 本 / S1 0 件 / 全長 100.0s
2026-09-25 11:28:52,116 [INFO] src.archive.timeline_builder: アーカイブ Timeline 構築: 1 クリップ / V1 1 本 / S1 0 件 / 全長 100.0s
2026-09-25 11:28:52,118 [INFO] src.archive.timeline_builder: アーカイブ Timeline 構築: 1 クリップ / V1 1 本 / S1 0 件 / 全長 100.0s
2026-09-25 11:28:52,119 [INFO] src.timeline.media_recovery: 使われていない素材のため復旧しません: orphan (C:\Users\evolu\AppData\Local\Temp\archive_media_test_twdzmh_o\gone.mp4)
2026-09-25 11:28:52,119 [INFO] src.archive.timeline_builder: アーカイブ Timeline 構築: 1 クリップ / V1 1 本 / S1 0 件 / 全長 100.0s
2026-09-25 11:28:52,119 [INFO] src.timeline.project_io: 使われていない素材 1 件を保存対象から外しました
2026-09-25 11:28:52,121 [INFO] src.archive.timeline_builder: アーカイブ Timeline 構築: 1 クリップ / V1 1 本 / S1 0 件 / 全長 100.0s
2026-09-25 11:28:52,122 [INFO] src.archive.timeline_builder: アーカイブ Timeline 構築: 1 クリップ / V1 1 本 / S1 0 件 / 全長 100.0s
2026-09-25 11:28:52,122 [WARNING] src.timeline.media_recovery: 素材が見つかりません: m1 (C:\Users\evolu\AppData\Local\Temp\archive_media_test_jigaw61h\lost.mp4)
2026-09-25 11:28:52,122 [INFO] src.timeline.media_recovery: 使われていない素材のため復旧しません: orphan (C:\Users\evolu\AppData\Local\Temp\archive_media_test_jigaw61h\gone.mp4)
2026-09-25 11:28:52,124 [INFO] src.archive.clip_writer: clip1 prepare 完了 (字幕 2 件)
2026-09-25 11:28:52,128 [INFO] src.archive.clip_writer: clip1 prepare 完了 (字幕 2 件)
2026-09-25 11:28:52,132 [INFO] src.archive.clip_writer: 編集点準備: 残す区間 2 件 / 想定尺 10.00s (素材 30.00s)
2026-09-25 11:28:52,132 [INFO] src.archive.clip_writer: clip1 prepare 完了 (字幕 2 件 / 実カットなし)
2026-09-25 11:28:52,134 [INFO] src.archive.clip_writer: 編集点準備: 残す区間 2 件 / 想定尺 10.00s (素材 30.00s)
2026-09-25 11:28:52,134 [INFO] src.archive.clip_writer: clip1 prepare 完了 (字幕 2 件 / 実カットなし)
2026-09-25 11:28:52,137 [INFO] src.archive.clip_writer: 編集点準備: 残す区間 2 件 / 想定尺 10.00s (素材 30.00s)
2026-09-25 11:28:52,137 [INFO] src.archive.clip_writer: clip1 prepare 完了 (字幕 2 件 / 実カットなし)
2026-09-25 11:28:52,141 [INFO] src.archive.clip_writer: 編集点準備: 残す区間 2 件 / 想定尺 10.00s (素材 30.00s)
2026-09-25 11:28:52,141 [INFO] src.archive.clip_writer: clip1 prepare 完了 (字幕 2 件 / 実カットなし)
2026-09-25 11:28:52,143 [INFO] src.archive.clip_writer: 編集点準備: 残す区間 2 件 / 想定尺 10.00s (素材 30.00s)
2026-09-25 11:28:52,143 [INFO] src.archive.clip_writer: clip1 prepare 完了 (字幕 2 件 / 実カットなし)
2026-09-25 11:28:52,145 [INFO] src.archive.clip_writer: 編集点準備: 残す区間 2 件 / 想定尺 10.00s (素材 30.00s)
2026-09-25 11:28:52,145 [INFO] src.archive.clip_writer: clip1 prepare 完了 (字幕 2 件 / 実カットなし)
2026-09-25 11:28:52,146 [INFO] src.archive.clip_writer: 編集点準備: 残す区間 2 件 / 想定尺 10.00s (素材 30.00s)
2026-09-25 11:28:52,147 [INFO] src.archive.clip_writer: clip1 prepare 完了 (字幕 0 件 / 実カットなし)
2026-09-25 11:28:52,148 [INFO] src.archive.clip_writer: 編集点準備: 残す区間 2 件 / 想定尺 10.00s (素材 30.00s)
2026-09-25 11:28:52,156 [INFO] src.timeline.project_io: プロジェクト保存: C:\Users\evolu\AppData\Local\Temp\archive_resume__usj0xwx\vod.archive.timeline.json
2026-09-25 11:28:52,169 [INFO] src.timeline.project_io: プロジェクト読込: C:\Users\evolu\AppData\Local\Temp\archive_resume__usj0xwx\vod.archive.timeline.json
2026-09-25 11:28:52,177 [INFO] src.timeline.project_io: プロジェクト保存: C:\Users\evolu\AppData\Local\Temp\archive_resume_d96jwyy_\vod.archive.timeline.json
2026-09-25 11:28:52,178 [INFO] src.timeline.project_io: プロジェクト保存: C:\Users\evolu\AppData\Local\Temp\archive_resume_d96jwyy_\clip.timeline.json
2026-09-25 11:28:52,178 [INFO] src.archive.project_resume: ==================================================
2026-09-25 11:28:52,178 [INFO] src.archive.project_resume: 保存済みアーカイブプロジェクトから再開: C:\Users\evolu\AppData\Local\Temp\archive_resume_d96jwyy_\clip.timeline.json
2026-09-25 11:28:52,199 [INFO] src.timeline.project_io: プロジェクト読込: C:\Users\evolu\AppData\Local\Temp\archive_resume_d96jwyy_\clip.timeline.json
2026-09-25 11:28:52,207 [INFO] src.timeline.project_io: プロジェクト保存: C:\Users\evolu\AppData\Local\Temp\archive_resume_ii2yxw_z\vod.archive.timeline.json
2026-09-25 11:28:52,221 [INFO] src.timeline.project_io: プロジェクト読込: C:\Users\evolu\AppData\Local\Temp\archive_resume_ii2yxw_z\vod.archive.timeline.json
2026-09-25 11:28:52,223 [INFO] src.archive.project_resume: 音声サイドカーが無いため素材 m1 の正規化をやり直します
2026-09-25 11:28:52,224 [INFO] src.archive.project_resume: 音声サイドカーが無いため素材 m2 の正規化をやり直します
2026-09-25 11:28:52,231 [INFO] src.timeline.project_io: プロジェクト保存: C:\Users\evolu\AppData\Local\Temp\archive_resume_49ck6mwj\vod.archive.timeline.json
2026-09-25 11:28:52,247 [INFO] src.timeline.project_io: プロジェクト読込: C:\Users\evolu\AppData\Local\Temp\archive_resume_49ck6mwj\vod.archive.timeline.json
2026-09-25 11:28:52,248 [INFO] src.archive.project_resume: 音声サイドカーが無いため素材 m1 の正規化をやり直します
2026-09-25 11:28:52,249 [INFO] src.archive.project_resume: 音声サイドカーが無いため素材 m2 の正規化をやり直します
2026-09-25 11:28:52,253 [INFO] src.timeline.project_io: プロジェクト保存: C:\Users\evolu\AppData\Local\Temp\archive_resume_uz1zu5hp\vod.archive.timeline.json
2026-09-25 11:28:52,255 [INFO] src.archive.project_resume: ==================================================
2026-09-25 11:28:52,255 [INFO] src.archive.project_resume: 保存済みアーカイブプロジェクトから再開: C:\Users\evolu\AppData\Local\Temp\archive_resume_uz1zu5hp\no_such.timeline.json
2026-09-25 11:28:52,260 [INFO] src.timeline.project_io: プロジェクト保存: C:\Users\evolu\AppData\Local\Temp\archive_resume_hd7wr5kt\vod.archive.timeline.json
2026-09-25 11:28:52,274 [INFO] src.timeline.project_io: プロジェクト読込: C:\Users\evolu\AppData\Local\Temp\archive_resume_hd7wr5kt\vod.archive.timeline.json
2026-09-25 11:28:52,286 [INFO] src.timeline.project_io: プロジェクト保存: C:\Users\evolu\AppData\Local\Temp\archive_resume_5369_c1j\vod.archive.timeline.json
2026-09-25 11:28:52,301 [INFO] src.timeline.project_io: プロジェクト読込: C:\Users\evolu\AppData\Local\Temp\archive_resume_5369_c1j\vod.archive.timeline.json
2026-09-25 11:28:52,302 [INFO] src.archive.project_resume: 設定に従い切り出したままの音量で使います: 素材 m1
2026-09-25 11:28:52,303 [INFO] src.archive.project_resume: 設定に従い切り出したままの音量で使います: 素材 m2
2026-09-25 11:28:52,303 [WARNING] src.timeline.media_sidecar: 音声サイドカーの尺が保存値と合いません (100.00s / 期待 103.00s) → 使いません
2026-09-25 11:28:52,305 [INFO] src.archive.timeline_builder: アーカイブ Timeline 構築: 2 クリップ / V1 2 本 / S1 0 件 / 全長 200.0s
2026-09-25 11:28:52,305 [INFO] src.archive.timeline_builder: セクション追加: clip3 を 200.00s へ挿入 (VOD 900.0-950.0 / 尺 50.00s)
2026-09-25 11:28:52,305 [INFO] src.archive.timeline_builder: アーカイブ Timeline 構築: 2 クリップ / V1 2 本 / S1 0 件 / 全長 200.0s
2026-09-25 11:28:52,305 [INFO] src.timeline.commands: 貼り付けの割り込み: V1 の 0.000s へ 50.00s を確保 / 移動 2 件・分割 0 件・切詰 0 件
2026-09-25 11:28:52,305 [INFO] src.timeline.commands: 貼り付けの割り込み: S1 の 0.000s へ 50.00s を確保 / 移動 0 件・分割 0 件・切詰 0 件
2026-09-25 11:28:52,305 [INFO] src.archive.timeline_builder: セクション追加: clip3 を 0.00s へ挿入 (VOD 0.0-50.0 / 尺 50.00s)
2026-09-25 11:28:52,305 [INFO] src.archive.timeline_builder: アーカイブ Timeline 構築: 2 クリップ / V1 2 本 / S1 0 件 / 全長 200.0s
2026-09-25 11:28:52,305 [INFO] src.timeline.commands: 貼り付けの割り込み: V1 の 100.000s へ 50.00s を確保 / 移動 1 件・分割 0 件・切詰 0 件
2026-09-25 11:28:52,305 [INFO] src.timeline.commands: 貼り付けの割り込み: S1 の 100.000s へ 50.00s を確保 / 移動 0 件・分割 0 件・切詰 0 件
2026-09-25 11:28:52,305 [INFO] src.archive.timeline_builder: セクション追加: clip3 を 100.00s へ挿入 (VOD 250.0-300.0 / 尺 50.00s)
2026-09-25 11:28:52,305 [INFO] src.archive.timeline_builder: アーカイブ Timeline 構築: 3 クリップ / V1 3 本 / S1 0 件 / 全長 300.0s
2026-09-25 11:28:52,306 [INFO] src.timeline.commands: 貼り付けの割り込み: V1 の 100.000s へ 50.00s を確保 / 移動 2 件・分割 0 件・切詰 0 件
2026-09-25 11:28:52,306 [INFO] src.timeline.commands: 貼り付けの割り込み: S1 の 100.000s へ 50.00s を確保 / 移動 0 件・分割 0 件・切詰 0 件
2026-09-25 11:28:52,306 [INFO] src.archive.timeline_builder: セクション追加: clip4 を 100.00s へ挿入 (VOD 250.0-300.0 / 尺 50.00s)
2026-09-25 11:28:52,306 [INFO] src.timeline.commands: 貼り付けの割り込み: V1 の 0.000s へ 50.00s を確保 / 移動 4 件・分割 0 件・切詰 0 件
2026-09-25 11:28:52,306 [INFO] src.timeline.commands: 貼り付けの割り込み: S1 の 0.000s へ 50.00s を確保 / 移動 0 件・分割 0 件・切詰 0 件
2026-09-25 11:28:52,306 [INFO] src.archive.timeline_builder: セクション追加: clip5 を 0.00s へ挿入 (VOD 0.0-50.0 / 尺 50.00s)
2026-09-25 11:28:52,306 [INFO] src.archive.timeline_builder: セクション追加: clip6 を 400.00s へ挿入 (VOD 900.0-950.0 / 尺 50.00s)
2026-09-25 11:28:52,306 [INFO] src.archive.timeline_builder: アーカイブ Timeline 構築: 1 クリップ / V1 1 本 / S1 0 件 / 全長 100.0s
2026-09-25 11:28:52,306 [INFO] src.archive.timeline_builder: セクション追加: clip2 を 100.00s へ挿入 (VOD 300.0-400.0 / 尺 100.00s)
2026-09-25 11:28:52,306 [INFO] src.archive.timeline_builder: アーカイブ Timeline 構築: 3 クリップ / V1 3 本 / S1 0 件 / 全長 300.0s
2026-09-25 11:28:52,306 [INFO] src.timeline.commands: 貼り付けの割り込み: V1 の 100.000s へ 50.00s を確保 / 移動 2 件・分割 0 件・切詰 0 件
2026-09-25 11:28:52,306 [INFO] src.timeline.commands: 貼り付けの割り込み: S1 の 100.000s へ 50.00s を確保 / 移動 0 件・分割 0 件・切詰 0 件
2026-09-25 11:28:52,306 [INFO] src.archive.timeline_builder: セクション追加: clip4 を 100.00s へ挿入 (VOD 250.0-300.0 / 尺 50.00s)
2026-09-25 11:28:52,308 [INFO] src.archive.timeline_builder: アーカイブ Timeline 構築: 2 クリップ / V1 2 本 / S1 0 件 / 全長 200.0s
2026-09-25 11:28:52,308 [INFO] src.archive.timeline_builder: セクション追加: clip3 を 200.00s へ挿入 (VOD 900.0-950.0 / 尺 50.00s)
2026-09-25 11:28:52,308 [INFO] src.archive.timeline_builder: アーカイブ Timeline 構築: 2 クリップ / V1 2 本 / S1 0 件 / 全長 200.0s
2026-09-25 11:28:52,308 [INFO] src.archive.timeline_builder: アーカイブ Timeline 構築: 1 クリップ / V1 1 本 / S1 0 件 / 全長 100.0s
2026-09-25 11:28:52,308 [INFO] src.archive.timeline_builder: セクション追加: clip2 を 100.00s へ挿入 (VOD 450.0-600.0 / 尺 150.00s)
2026-09-25 11:28:52,308 [INFO] src.archive.timeline_builder: アーカイブ Timeline 構築: 2 クリップ / V1 2 本 / S1 0 件 / 全長 200.0s
2026-09-25 11:28:52,309 [INFO] src.archive.timeline_builder: セクション追加: clip3 を 200.00s へ挿入 (VOD 500.0-600.0 / 尺 100.00s)
2026-09-25 11:28:52,309 [INFO] src.archive.timeline_builder: セクション統合: clip2 へ 1 件を畳み込み (VOD 400.0-600.0)
2026-09-25 11:28:52,309 [INFO] src.archive.timeline_builder: アーカイブ Timeline 構築: 2 クリップ / V1 2 本 / S1 0 件 / 全長 200.0s
2026-09-25 11:28:52,309 [INFO] src.archive.timeline_builder: セクション追加: clip3 を 200.00s へ挿入 (VOD 500.0-600.0 / 尺 100.00s)
2026-09-25 11:28:52,309 [INFO] src.archive.timeline_builder: セクション統合: clip2 へ 1 件を畳み込み (VOD 400.0-600.0)
2026-09-25 11:28:52,310 [INFO] src.archive.timeline_builder: アーカイブ Timeline 構築: 3 クリップ / V1 3 本 / S1 0 件 / 全長 300.0s
2026-09-25 11:28:52,310 [INFO] src.timeline.commands: 貼り付けの割り込み: V1 の 200.000s へ 100.00s を確保 / 移動 1 件・分割 0 件・切詰 0 件
2026-09-25 11:28:52,310 [INFO] src.timeline.commands: 貼り付けの割り込み: S1 の 200.000s へ 100.00s を確保 / 移動 0 件・分割 0 件・切詰 0 件
2026-09-25 11:28:52,310 [INFO] src.archive.timeline_builder: セクション追加: clip4 を 200.00s へ挿入 (VOD 500.0-600.0 / 尺 100.00s)
2026-09-25 11:28:52,310 [INFO] src.archive.timeline_builder: セクション統合: clip2 へ 1 件を畳み込み (VOD 400.0-600.0)
2026-09-25 11:28:52,311 [INFO] src.archive.timeline_builder: アーカイブ Timeline 構築: 3 クリップ / V1 3 本 / S1 0 件 / 全長 300.0s
2026-09-25 11:28:52,311 [INFO] src.timeline.commands: 貼り付けの割り込み: V1 の 100.000s へ 200.00s を確保 / 移動 2 件・分割 0 件・切詰 0 件
2026-09-25 11:28:52,311 [INFO] src.timeline.commands: 貼り付けの割り込み: S1 の 100.000s へ 200.00s を確保 / 移動 0 件・分割 0 件・切詰 0 件
2026-09-25 11:28:52,311 [INFO] src.archive.timeline_builder: セクション追加: clip4 を 100.00s へ挿入 (VOD 200.0-400.0 / 尺 200.00s)
2026-09-25 11:28:52,311 [INFO] src.timeline.commands: 貼り付けの割り込み: V1 の 400.000s へ 200.00s を確保 / 移動 1 件・分割 0 件・切詰 0 件
2026-09-25 11:28:52,311 [INFO] src.timeline.commands: 貼り付けの割り込み: S1 の 400.000s へ 200.00s を確保 / 移動 0 件・分割 0 件・切詰 0 件
2026-09-25 11:28:52,311 [INFO] src.archive.timeline_builder: セクション追加: clip5 を 400.00s へ挿入 (VOD 500.0-700.0 / 尺 200.00s)
2026-09-25 11:28:52,311 [INFO] src.archive.timeline_builder: セクション統合: clip1 へ 4 件を畳み込み (VOD 100.0-800.0)
2026-09-25 11:28:52,312 [INFO] src.archive.timeline_builder: アーカイブ Timeline 構築: 1 クリップ / V1 1 本 / S1 0 件 / 全長 100.0s
2026-09-25 11:28:52,312 [INFO] src.archive.timeline_builder: セクション追加: clip2 を 100.00s へ挿入 (VOD 200.0-300.0 / 尺 100.00s)
2026-09-25 11:28:52,312 [INFO] src.archive.timeline_builder: セクション統合: clip1 へ 1 件を畳み込み (VOD 100.0-300.0)
2026-09-25 11:28:52,312 [INFO] src.archive.timeline_builder: アーカイブ Timeline 構築: 2 クリップ / V1 2 本 / S1 0 件 / 全長 200.0s
2026-09-25 11:28:52,312 [INFO] src.timeline.commands: 貼り付けの割り込み: V1 の 100.000s へ 50.00s を確保 / 移動 1 件・分割 0 件・切詰 0 件
2026-09-25 11:28:52,313 [INFO] src.timeline.commands: 貼り付けの割り込み: S1 の 100.000s へ 50.00s を確保 / 移動 0 件・分割 0 件・切詰 0 件
2026-09-25 11:28:52,313 [INFO] src.archive.timeline_builder: セクション追加: clip3 を 100.00s へ挿入 (VOD 250.0-300.0 / 尺 50.00s)
2026-09-25 11:28:52,313 [INFO] src.archive.timeline_builder: アーカイブ Timeline 構築: 2 クリップ / V1 2 本 / S1 0 件 / 全長 200.0s
2026-09-25 11:28:52,313 [INFO] src.archive.timeline_builder: セクション追加: clip3 を 200.00s へ挿入 (VOD 500.0-600.0 / 尺 100.00s)
2026-09-25 11:28:52,313 [INFO] src.archive.timeline_builder: セクション統合: clip2 へ 1 件を畳み込み (VOD 400.0-600.0)
2026-09-25 11:28:52,313 [INFO] src.archive.timeline_builder: アーカイブ Timeline 構築: 3 クリップ / V1 3 本 / S1 0 件 / 全長 300.0s
2026-09-25 11:28:52,313 [INFO] src.timeline.commands: 貼り付けの割り込み: V1 の 100.000s へ 50.00s を確保 / 移動 2 件・分割 0 件・切詰 0 件
2026-09-25 11:28:52,313 [INFO] src.timeline.commands: 貼り付けの割り込み: S1 の 100.000s へ 50.00s を確保 / 移動 0 件・分割 0 件・切詰 0 件
2026-09-25 11:28:52,313 [INFO] src.archive.timeline_builder: セクション追加: clip4 を 100.00s へ挿入 (VOD 250.0-300.0 / 尺 50.00s)
2026-09-25 11:28:52,314 [INFO] src.archive.timeline_builder: アーカイブ Timeline 構築: 2 クリップ / V1 2 本 / S1 0 件 / 全長 200.0s
2026-09-25 11:28:52,314 [INFO] src.archive.timeline_builder: アーカイブ Timeline 構築: 1 クリップ / V1 1 本 / S1 0 件 / 全長 100.0s
2026-09-25 11:28:52,314 [INFO] src.archive.timeline_builder: アーカイブ Timeline 構築: 1 クリップ / V1 1 本 / S1 0 件 / 全長 100.0s
2026-09-25 11:28:52,314 [INFO] src.archive.timeline_builder: アーカイブ Timeline 構築: 1 クリップ / V1 1 本 / S1 0 件 / 全長 100.0s
2026-09-25 11:28:52,314 [INFO] src.archive.timeline_builder: アーカイブ Timeline 構築: 1 クリップ / V1 1 本 / S1 0 件 / 全長 100.0s
2026-09-25 11:28:52,314 [INFO] src.archive.timeline_builder: アーカイブ Timeline 構築: 1 クリップ / V1 1 本 / S1 0 件 / 全長 300.0s
2026-09-25 11:28:52,315 [INFO] src.archive.timeline_builder: アーカイブ Timeline 構築: 1 クリップ / V1 1 本 / S1 0 件 / 全長 100.0s
2026-09-25 11:28:52,315 [INFO] src.archive.timeline_builder: アーカイブ Timeline 構築: 1 クリップ / V1 1 本 / S1 0 件 / 全長 100.0s
2026-09-25 11:28:52,315 [INFO] src.archive.timeline_builder: アーカイブ Timeline 構築: 1 クリップ / V1 1 本 / S1 0 件 / 全長 30.0s
2026-09-25 11:28:52,315 [INFO] src.archive.timeline_builder: アーカイブ Timeline 構築: 1 クリップ / V1 1 本 / S1 0 件 / 全長 30.0s
2026-09-25 11:28:52,315 [INFO] src.archive.timeline_builder: アーカイブ Timeline 構築: 1 クリップ / V1 1 本 / S1 0 件 / 全長 30.0s
2026-09-25 11:28:52,315 [INFO] src.archive.timeline_builder: アーカイブ Timeline 構築: 1 クリップ / V1 1 本 / S1 0 件 / 全長 30.0s
2026-09-25 11:28:52,315 [INFO] src.archive.timeline_builder: アーカイブ Timeline 構築: 1 クリップ / V1 1 本 / S1 0 件 / 全長 30.0s
2026-09-25 11:28:52,316 [INFO] src.archive.timeline_builder: アーカイブ Timeline 構築: 3 クリップ / V1 6 本 / S1 6 件 / 全長 30.0s
2026-09-25 11:28:52,316 [INFO] src.archive.timeline_builder: アーカイブ Timeline 構築: 3 クリップ / V1 6 本 / S1 6 件 / 全長 30.0s
2026-09-25 11:28:52,316 [INFO] src.archive.timeline_builder: アーカイブ Timeline 構築: 3 クリップ / V1 6 本 / S1 6 件 / 全長 30.0s
2026-09-25 11:28:52,316 [INFO] src.archive.timeline_builder: アーカイブ Timeline 構築: 3 クリップ / V1 6 本 / S1 6 件 / 全長 30.0s
2026-09-25 11:28:52,316 [INFO] src.archive.timeline_builder: アーカイブ Timeline 構築: 3 クリップ / V1 6 本 / S1 6 件 / 全長 30.0s
2026-09-25 11:28:52,316 [INFO] src.archive.timeline_builder: アーカイブ Timeline 構築: 3 クリップ / V1 6 本 / S1 6 件 / 全長 30.0s
2026-09-25 11:28:52,316 [INFO] src.archive.timeline_builder: アーカイブ Timeline 構築: 3 クリップ / V1 6 本 / S1 6 件 / 全長 30.0s
2026-09-25 11:28:52,317 [INFO] src.archive.timeline_builder: アーカイブ Timeline 構築: 3 クリップ / V1 6 本 / S1 6 件 / 全長 30.0s
2026-09-25 11:28:52,317 [INFO] src.archive.timeline_builder: アーカイブ Timeline 構築: 3 クリップ / V1 6 本 / S1 6 件 / 全長 30.0s
2026-09-25 11:28:52,317 [INFO] src.archive.timeline_builder: アーカイブ Timeline 構築: 1 クリップ / V1 1 本 / S1 2 件 / 全長 30.0s
2026-09-25 11:28:52,317 [INFO] src.archive.timeline_builder: clip1: クリップ終端で打ち切った字幕 1 件 / 載せなかった字幕 0 件
2026-09-25 11:28:52,317 [INFO] src.archive.timeline_builder: clip2: クリップ終端で打ち切った字幕 1 件 / 載せなかった字幕 0 件
2026-09-25 11:28:52,317 [INFO] src.archive.timeline_builder: clip3: クリップ終端で打ち切った字幕 1 件 / 載せなかった字幕 0 件
2026-09-25 11:28:52,317 [INFO] src.archive.timeline_builder: アーカイブ Timeline 構築: 3 クリップ / V1 6 本 / S1 3 件 / 全長 30.0s
2026-09-25 11:28:52,317 [INFO] src.archive.timeline_builder: clip1: クリップ終端で打ち切った字幕 1 件 / 載せなかった字幕 0 件
2026-09-25 11:28:52,317 [INFO] src.archive.timeline_builder: アーカイブ Timeline 構築: 2 クリップ / V1 4 本 / S1 3 件 / 全長 20.0s
2026-09-25 11:28:52,317 [INFO] src.archive.timeline_builder: clip1: クリップ終端で打ち切った字幕 1 件 / 載せなかった字幕 1 件
2026-09-25 11:28:52,317 [INFO] src.archive.timeline_builder: アーカイブ Timeline 構築: 2 クリップ / V1 4 本 / S1 2 件 / 全長 20.0s
2026-09-25 11:28:52,317 [INFO] src.archive.timeline_builder: clip1: クリップ終端で打ち切った字幕 1 件 / 載せなかった字幕 0 件
2026-09-25 11:28:52,319 [INFO] src.archive.timeline_builder: clip2: クリップ終端で打ち切った字幕 1 件 / 載せなかった字幕 0 件
2026-09-25 11:28:52,319 [INFO] src.archive.timeline_builder: アーカイブ Timeline 構築: 2 クリップ / V1 4 本 / S1 2 件 / 全長 20.0s
2026-09-25 11:28:52,319 [INFO] src.archive.timeline_builder: アーカイブ Timeline 構築: 3 クリップ / V1 6 本 / S1 6 件 / 全長 30.0s
2026-09-25 11:28:52,319 [INFO] src.archive.timeline_builder: アーカイブ Timeline 構築: 3 クリップ / V1 6 本 / S1 6 件 / 全長 30.0s
2026-09-25 11:28:52,320 [INFO] src.archive.timeline_builder: アーカイブ Timeline 構築: 3 クリップ / V1 6 本 / S1 6 件 / 全長 30.0s
2026-09-25 11:28:52,320 [INFO] src.archive.timeline_builder: アーカイブ Timeline 構築: 3 クリップ / V1 6 本 / S1 6 件 / 全長 30.0s
2026-09-25 11:28:52,320 [INFO] src.archive.timeline_builder: アーカイブ Timeline 構築: 3 クリップ / V1 6 本 / S1 6 件 / 全長 30.0s
2026-09-25 11:28:52,321 [INFO] src.archive.timeline_builder: アーカイブ Timeline 構築: 3 クリップ / V1 6 本 / S1 6 件 / 全長 30.0s
2026-09-25 11:28:52,321 [INFO] src.archive.timeline_builder: アーカイブ Timeline 構築: 3 クリップ / V1 6 本 / S1 6 件 / 全長 30.0s
2026-09-25 11:28:52,321 [INFO] src.archive.timeline_builder: clip2 は使用しないため書き出しから除外します
2026-09-25 11:28:52,321 [INFO] src.archive.timeline_builder: アーカイブ Timeline 構築: 3 クリップ / V1 6 本 / S1 6 件 / 全長 30.0s
2026-09-25 11:28:52,322 [INFO] src.archive.timeline_builder: アーカイブ Timeline 構築: 3 クリップ / V1 6 本 / S1 6 件 / 全長 30.0s
2026-09-25 11:28:52,322 [INFO] src.archive.timeline_builder: アーカイブ Timeline 構築: 3 クリップ / V1 6 本 / S1 6 件 / 全長 30.0s
2026-09-25 11:28:52,322 [INFO] src.archive.timeline_builder: アーカイブ Timeline 構築: 3 クリップ / V1 6 本 / S1 6 件 / 全長 30.0s
2026-09-25 11:28:52,323 [INFO] src.archive.timeline_builder: アーカイブ Timeline 構築: 3 クリップ / V1 6 本 / S1 6 件 / 全長 30.0s
2026-09-25 11:28:52,323 [INFO] src.archive.timeline_builder: アーカイブ Timeline 構築: 3 クリップ / V1 6 本 / S1 6 件 / 全長 30.0s
2026-09-25 11:28:52,356 [INFO] src.timeline.project_io: プロジェクトを改名しました: sample.timeline.json → renamed.timeline.json
2026-09-25 11:28:52,365 [INFO] src.blur.store: ぼかしの追従結果を保存しました: sample.blur.json
2026-09-25 11:28:52,374 [INFO] src.blur.store: ぼかしの追従結果の版が違うため作り直します: C:\Users\evolu\AppData\Local\Temp\blur_reuse_test_m8oe_fb9\sample.blur.json
2026-09-25 11:28:52,377 [INFO] src.blur.store: ぼかしの追従結果を保存しました: sample.blur.json
2026-09-25 11:28:52,389 [INFO] src.blur.store: 追従の設定が変わったため、ぼかしの追従結果を作り直します
2026-09-25 11:28:52,391 [INFO] src.blur.store: ぼかし: 素材が変わったため m9 の追従結果を捨てました
2026-09-25 11:28:52,397 [INFO] src.blur.decisions: ぼかし: 以前の書式の指定 4 件は新しい方式へ移せないため引き継ぎません (人物の自動検出を廃止したため)
2026-09-25 11:28:52,397 [INFO] src.blur.decisions: ぼかし: 以前の書式の指定 1 件は新しい方式へ移せないため引き継ぎません (人物の自動検出を廃止したため)
2026-09-25 11:28:54,784 [INFO] src.timeline.renderer: ベース映像構築: 1 クリップ / ギャップ 0 件 / 合計 5.0s
2026-09-25 11:28:54,790 [INFO] src.timeline.renderer: ベース映像の尺: モデル 5.000s / 実測 5.000s (差 +0.000s / 1 部品)
2026-09-25 11:28:54,790 [INFO] src.timeline.renderer: 字幕焼き込み: 1 件
2026-09-25 11:28:54,801 [INFO] src.timeline.renderer: ベース映像構築: 1 クリップ / ギャップ 0 件 / 合計 5.0s
2026-09-25 11:28:54,807 [INFO] src.timeline.renderer: ベース映像の尺: モデル 5.000s / 実測 5.000s (差 +0.000s / 1 部品)
2026-09-25 11:28:54,807 [INFO] src.timeline.renderer: 字幕焼き込み: 1 件
2026-09-25 11:28:54,815 [INFO] src.timeline.renderer: ベース映像構築: 1 クリップ / ギャップ 0 件 / 合計 5.0s
2026-09-25 11:28:54,819 [INFO] src.timeline.renderer: ベース映像の尺: モデル 5.000s / 実測 5.000s (差 +0.000s / 1 部品)
2026-09-25 11:28:54,819 [INFO] src.timeline.renderer: オーバーレイ・字幕が無いため合成をスキップします
2026-09-25 11:28:54,822 [INFO] src.modules.blur_overlay: ぼかしを焼き込みます: blur_applied.mp4
2026-09-25 11:28:54,825 [INFO] src.timeline.renderer: ベース映像構築: 1 クリップ / ギャップ 0 件 / 合計 5.0s
2026-09-25 11:28:54,830 [INFO] src.timeline.renderer: ベース映像の尺: モデル 5.000s / 実測 5.000s (差 +0.000s / 1 部品)
2026-09-25 11:28:54,830 [INFO] src.timeline.renderer: オーバーレイ・字幕が無いため合成をスキップします
2026-09-25 11:28:54,833 [INFO] src.modules.blur_overlay: ぼかしを焼き込みます: blur_applied.mp4
2026-09-25 11:28:54,835 [INFO] src.timeline.renderer: ベース映像構築: 1 クリップ / ギャップ 0 件 / 合計 5.0s
2026-09-25 11:28:54,843 [INFO] src.timeline.renderer: ベース映像の尺: モデル 5.000s / 実測 5.000s (差 +0.000s / 1 部品)
2026-09-25 11:28:54,843 [INFO] src.timeline.renderer: 字幕焼き込み: 1 件
2026-09-25 11:28:54,848 [INFO] src.timeline.renderer: ベース映像構築: 1 クリップ / ギャップ 0 件 / 合計 5.0s
2026-09-25 11:28:54,851 [INFO] src.timeline.renderer: ベース映像の尺: モデル 5.000s / 実測 5.000s (差 +0.000s / 1 部品)
2026-09-25 11:28:54,853 [WARNING] src.blur.frames: PyAV でのデコードに失敗したため FFmpeg へ切り替えます: [Errno 1094995529] Invalid data found when processing input: 'D:\\develop\\autoedit\\tests\\test_blur_renderer_integration.py'
2026-09-25 11:28:54,903 [WARNING] src.blur.tracker: ぼかしの追従: 基準のフレームを取得できません (1.00 秒)
2026-09-25 11:28:54,905 [WARNING] src.blur.frames: PyAV でのデコードに失敗したため FFmpeg へ切り替えます: [Errno 1094995529] Invalid data found when processing input: 'D:\\develop\\autoedit\\tests\\test_blur_renderer_integration.py'
2026-09-25 11:28:54,952 [WARNING] src.blur.tracker: ぼかしの追従: 基準のフレームを取得できません (1.00 秒)
2026-09-25 11:28:54,952 [INFO] src.blur.tracker: ぼかしの追従: 2 区切りを追いました
2026-09-25 11:28:54,953 [INFO] src.blur.store: ぼかしの追従結果を保存しました: timeline.blur.json
2026-09-25 11:28:54,953 [ERROR] src.blur.mask_builder: ぼかしマスクの生成に失敗しました: テスト: マスクを作れない状態
Traceback (most recent call last):
  File "D:\develop\autoedit\src\blur\mask_builder.py", line 64, in prepare
    return build(timeline, tracks, decisions, cfg, out_path,
           ^^^^^^^^^^^^^^^^^^^^^^^^^^^^^^^^^^^^^^^^^^^^^^^^^
  File "D:\develop\autoedit\tests\test_blur_renderer_integration.py", line 196, in broken
    raise RuntimeError("テスト: マスクを作れない状態")
RuntimeError: テスト: マスクを作れない状態
2026-09-25 11:28:54,955 [INFO] src.timeline.renderer: ベース映像構築: 1 クリップ / ギャップ 0 件 / 合計 5.0s
2026-09-25 11:28:54,962 [INFO] src.timeline.renderer: ベース映像の尺: モデル 5.000s / 実測 5.000s (差 +0.000s / 1 部品)
2026-09-25 11:28:54,964 [WARNING] src.blur.frames: PyAV でのデコードに失敗したため FFmpeg へ切り替えます: [Errno 1094995529] Invalid data found when processing input: 'D:\\develop\\autoedit\\tests\\test_blur_renderer_integration.py'
2026-09-25 11:28:55,006 [WARNING] src.blur.tracker: ぼかしの追従: 基準のフレームを取得できません (1.00 秒)
2026-09-25 11:28:55,007 [WARNING] src.blur.frames: PyAV でのデコードに失敗したため FFmpeg へ切り替えます: [Errno 1094995529] Invalid data found when processing input: 'D:\\develop\\autoedit\\tests\\test_blur_renderer_integration.py'
2026-09-25 11:28:55,045 [WARNING] src.blur.tracker: ぼかしの追従: 基準のフレームを取得できません (1.00 秒)
2026-09-25 11:28:55,045 [INFO] src.blur.tracker: ぼかしの追従: 2 区切りを追いました
2026-09-25 11:28:55,047 [INFO] src.blur.store: ぼかしの追従結果を保存しました: timeline.blur.json
2026-09-25 11:28:55,047 [ERROR] src.blur.mask_builder: ぼかしマスクの生成に失敗しました: テスト: マスクを作れない状態
Traceback (most recent call last):
  File "D:\develop\autoedit\src\blur\mask_builder.py", line 64, in prepare
    return build(timeline, tracks, decisions, cfg, out_path,
           ^^^^^^^^^^^^^^^^^^^^^^^^^^^^^^^^^^^^^^^^^^^^^^^^^
  File "D:\develop\autoedit\tests\test_blur_renderer_integration.py", line 196, in broken
    raise RuntimeError("テスト: マスクを作れない状態")
RuntimeError: テスト: マスクを作れない状態
2026-09-25 11:28:55,049 [INFO] src.timeline.renderer: ベース映像構築: 1 クリップ / ギャップ 0 件 / 合計 5.0s
2026-09-25 11:28:55,055 [INFO] src.timeline.renderer: ベース映像の尺: モデル 5.000s / 実測 5.000s (差 +0.000s / 1 部品)
2026-09-25 11:28:55,057 [WARNING] src.blur.frames: PyAV でのデコードに失敗したため FFmpeg へ切り替えます: [Errno 1094995529] Invalid data found when processing input: 'D:\\develop\\autoedit\\tests\\test_blur_renderer_integration.py'
2026-09-25 11:28:55,099 [WARNING] src.blur.tracker: ぼかしの追従: 基準のフレームを取得できません (1.00 秒)
2026-09-25 11:28:55,101 [WARNING] src.blur.frames: PyAV でのデコードに失敗したため FFmpeg へ切り替えます: [Errno 1094995529] Invalid data found when processing input: 'D:\\develop\\autoedit\\tests\\test_blur_renderer_integration.py'
2026-09-25 11:28:55,140 [WARNING] src.blur.tracker: ぼかしの追従: 基準のフレームを取得できません (1.00 秒)
2026-09-25 11:28:55,141 [INFO] src.blur.tracker: ぼかしの追従: 2 区切りを追いました
2026-09-25 11:28:55,141 [INFO] src.blur.store: ぼかしの追従結果を保存しました: timeline.blur.json
2026-09-25 11:28:55,142 [ERROR] src.blur.mask_builder: ぼかしマスクの生成に失敗しました: テスト: マスクを作れない状態
Traceback (most recent call last):
  File "D:\develop\autoedit\src\blur\mask_builder.py", line 64, in prepare
    return build(timeline, tracks, decisions, cfg, out_path,
           ^^^^^^^^^^^^^^^^^^^^^^^^^^^^^^^^^^^^^^^^^^^^^^^^^
  File "D:\develop\autoedit\tests\test_blur_renderer_integration.py", line 196, in broken
    raise RuntimeError("テスト: マスクを作れない状態")
RuntimeError: テスト: マスクを作れない状態
2026-09-25 11:28:55,142 [WARNING] src.timeline.renderer: 利用者の指示により、ぼかしを入れずに出力します
2026-09-25 11:28:55,142 [INFO] src.timeline.renderer: オーバーレイ・字幕が無いため合成をスキップします
2026-09-25 11:28:55,146 [INFO] src.timeline.renderer: 中間形式を最終形式へ変換: .mov → mp4 (音声のみ再エンコード)
2026-09-25 11:28:55,149 [INFO] src.timeline.renderer: ベース映像構築: 1 クリップ / ギャップ 0 件 / 合計 5.0s
2026-09-25 11:28:55,151 [INFO] src.timeline.renderer: ベース映像の尺: モデル 5.000s / 実測 5.000s (差 +0.000s / 1 部品)
2026-09-25 11:28:55,151 [INFO] src.blur.mask_builder: ぼかす指定が無いためマスクを作りません
2026-09-25 11:28:55,153 [INFO] src.timeline.renderer: オーバーレイ・字幕が無いため合成をスキップします
2026-09-25 11:28:55,155 [INFO] src.timeline.renderer: 中間形式を最終形式へ変換: .mov → mp4 (音声のみ再エンコード)
2026-09-25 11:28:59,606 [INFO] src.modules.subtitle_generator: 縦動画のため字幕設定を縦用へ上書き (font/改行/配置/余白)
2026-09-25 11:28:59,606 [WARNING] src.modules.comment_decor: コメント背景がキャンバスに収まらないため詰めました (推定幅 1181px / 使える幅 1080px)。font_size か max_line_length を下げると解消します
2026-09-25 11:28:59,607 [INFO] src.modules.comment_decor: コメントアイコン: 2 件 / 位置 2 種類
2026-09-25 11:28:59,607 [INFO] src.modules.comment_decor: コメントアイコン: 2 件 / 位置 1 種類
2026-09-25 11:28:59,607 [INFO] src.modules.comment_decor: コメントアイコン: 1 件 / 位置 1 種類
2026-09-25 11:28:59,607 [INFO] src.modules.subtitle_generator: 縦動画のため字幕設定を縦用へ上書き (font/改行/配置/余白)
2026-09-25 11:28:59,607 [WARNING] src.modules.comment_decor: コメントアイコンがキャンバスに収まらないため位置を詰めました (要求 x=-190.0 y=465.0 → x=0.0 y=465.0)。subtitle.comment_margin_l を大きくすると解消します
2026-09-25 11:28:59,608 [INFO] src.modules.subtitle_generator: コメント背景: 1 件
2026-09-25 11:28:59,613 [WARNING] src.modules.subtitle_generator: コメントの Layer が逆転しているため本文を 6 へ引き上げます (背景=5 / 本文=1)
2026-09-25 11:28:59,613 [INFO] src.modules.subtitle_generator: コメント背景: 1 件
2026-09-25 11:28:59,624 [WARNING] src.modules.subtitle_generator: コメントの配置は左寄せ (1/4/7) のみ対応のため 4 を使用します: 2
2026-09-25 11:28:59,628 [INFO] src.modules.subtitle_generator: 縦動画のため字幕設定を縦用へ上書き (font/改行/配置/余白)
2026-09-25 11:28:59,630 [WARNING] src.export.fcpxml_builder: タイムライン終端を超える字幕をクリップ末尾へクランプしました (丸め誤差の端数など)。
2026-09-25 11:28:59,637 [INFO] src.modules.loudness_normalizer: 入力ラウドネス: I=-9.2 LUFS / TP=-0.3 dBTP / LRA=5.1 LU → 目標 I=-14.0 LUFS / TP=-1.0 dBTP (offset 0.4 dB)
2026-09-25 11:28:59,645 [ERROR] src.modules.loudness_normalizer: ラウドネス正規化の適用に失敗 (元音声のまま継続): in.mp4
Traceback (most recent call last):
  File "D:\develop\autoedit\src\modules\loudness_normalizer.py", line 219, in normalize_file
    ffmpeg_runner.execute(
  File "C:\Users\evolu\AppData\Local\Programs\Python\Python312\Lib\unittest\mock.py", line 1139, in __call__
    return self._mock_call(*args, **kwargs)
           ^^^^^^^^^^^^^^^^^^^^^^^^^^^^^^^^
  File "C:\Users\evolu\AppData\Local\Programs\Python\Python312\Lib\unittest\mock.py", line 1143, in _mock_call
    return self._execute_mock_call(*args, **kwargs)
           ^^^^^^^^^^^^^^^^^^^^^^^^^^^^^^^^^^^^^^^^
  File "C:\Users\evolu\AppData\Local\Programs\Python\Python312\Lib\unittest\mock.py", line 1198, in _execute_mock_call
    raise effect
src.exceptions.FFmpegError: 失敗
2026-09-25 11:28:59,646 [INFO] src.modules.loudness_normalizer: ラウドネス正規化は無効のためスキップ
2026-09-25 11:28:59,647 [WARNING] src.modules.loudness_normalizer: ラウドネス測定に失敗したため正規化をスキップ (元音声のまま継続): in.mp4
2026-09-25 11:28:59,647 [INFO] src.modules.loudness_normalizer: 音声ストリームが無いためラウドネス正規化をスキップ: in.mp4
2026-09-25 11:28:59,653 [INFO] src.modules.loudness_normalizer: ラウドネス正規化 完了: out.mp4
2026-09-25 11:28:59,654 [INFO] src.modules.loudness_normalizer: 入力ラウドネス: I=-9.2 LUFS / TP=-0.3 dBTP / LRA=5.1 LU → 目標 I=-14.0 LUFS / TP=-1.0 dBTP (offset 0.4 dB)
2026-09-25 11:28:59,662 [INFO] src.modules.loudness_normalizer: ラウドネス正規化 完了: out.mp4
2026-09-25 11:28:59,663 [INFO] src.timeline.media_recovery: 本編素材を元動画から作り直します: C:\Users\evolu\AppData\Local\Temp\media_recovery_test_imky3hnd\sample.mp4
2026-09-25 11:28:59,664 [WARNING] src.timeline.media_recovery: 素材が見つかりません: m2 (C:\Users\evolu\AppData\Local\Temp\media_recovery_test_do9rtekh\gone.png)
2026-09-25 11:28:59,667 [INFO] src.timeline.media_recovery: 素材を差し替え済みのフォルダで見つけました: m3 → C:\Users\evolu\AppData\Local\Temp\media_recovery_test_s7xn4gnl\moved\logo2.png
2026-09-25 11:28:59,668 [INFO] src.timeline.media_recovery: 本編素材を元動画から作り直します: C:\Users\evolu\AppData\Local\Temp\media_recovery_test_rc1u36i3\sample.mp4
2026-09-25 11:28:59,669 [WARNING] src.timeline.media_recovery: 元動画が見つからないため本編素材を復旧できません: C:\Users\evolu\AppData\Local\Temp\media_recovery_test_c70668kh\no_such_input.mp4
2026-09-25 11:28:59,669 [WARNING] src.timeline.media_recovery: 素材が見つかりません: m1 (C:\Users\evolu\AppData\Local\Temp\media_recovery_test_c70668kh\work\loudness_normalized.mp4)
2026-09-25 11:28:59,671 [INFO] src.timeline.media_recovery: 本編素材は元動画そのものだったため、そのまま使います: C:\Users\evolu\AppData\Local\Temp\media_recovery_test_3kh_gggn\sample.mp4
2026-09-25 11:28:59,672 [INFO] src.timeline.media_recovery: 素材を相対パスで見つけました: m2 → C:\Users\evolu\AppData\Local\Temp\media_recovery_test_35f_uhsi\assets\logo.png
2026-09-25 11:28:59,673 [INFO] src.timeline.media_recovery: 設定に従い元動画をそのまま使います (音量は正規化前): C:\Users\evolu\AppData\Local\Temp\media_recovery_test_dceomimt\sample.mp4
2026-09-25 11:28:59,675 [INFO] src.services.points: ポイントを予約しました: clip/video 25pt (watermark=False)
2026-09-25 11:28:59,676 [WARNING] src.services.points: ポイント残高を取得できませんでした: 断
2026-09-25 11:28:59,680 [INFO] src.services.points: ポイントを予約しました: clip/video 25pt (watermark=False)
2026-09-25 11:28:59,680 [WARNING] src.services.points: ポイントのcommitを送信できませんでした (再送します): 接続できません
2026-09-25 11:28:59,700 [INFO] src.services.points: ポイントを予約しました: clip/video 25pt (watermark=False)
2026-09-25 11:28:59,702 [WARNING] src.services.points: ポイントのcommitを送信できませんでした (再送します): 断
2026-09-25 11:28:59,705 [INFO] src.services.points: 保留していたポイント処理を 2 件送信しました。
2026-09-25 11:28:59,706 [WARNING] src.services.points: ポイントを予約できませんでした: 再ログインが必要です。
2026-09-25 11:28:59,707 [INFO] src.services.points: ポイントを予約しました: clip/video 25pt (watermark=False)
2026-09-25 11:28:59,707 [WARNING] src.services.points: ポイントのcancelが拒否されました: 確定済み
2026-09-25 11:28:59,709 [INFO] src.services.points: 保留していたポイント処理を 1 件送信しました。
2026-09-25 11:28:59,710 [INFO] src.services.points: ポイントを予約しました: clip/video 25pt (watermark=False)
2026-09-25 11:28:59,725 [INFO] src.services.points: サブスク判定のキャッシュが古いため watermark を入れます。
2026-09-25 11:28:59,725 [WARNING] src.services.points: ポイントを予約できませんでした (オフライン): 接続できません
2026-09-25 11:28:59,732 [WARNING] src.services.points: ポイントを予約できませんでした (オフライン): 接続できません
2026-09-25 11:28:59,733 [WARNING] src.services.points: ポイントを予約できませんでした (オフライン): 接続できません
2026-09-25 11:28:59,733 [WARNING] src.services.points: ポイントを予約できませんでした: 想定外
2026-09-25 11:28:59,734 [INFO] src.services.points: ポイントを予約しました: clip/resolveProject 0pt (watermark=False)
2026-09-25 11:28:59,748 [INFO] src.services.points: ポイントを予約しました: clip/video 25pt (watermark=False)
2026-09-25 11:28:59,749 [INFO] src.services.points: ポイントを予約しました: archive/video 0pt (watermark=True)
2026-09-25 11:28:59,770 [WARNING] src.timeline.builder: フレーム間引きの設定が不正なため none を使用します: 'all'
2026-09-25 11:28:59,780 [INFO] src.timeline.project_io: プロジェクト保存: C:\Users\evolu\AppData\Local\Temp\library_summary__lwuz8tm\vod.archive.timeline.json
2026-09-25 11:28:59,797 [WARNING] src.timeline.project_io: プロジェクトの概要を読めませんでした: C:\Users\evolu\AppData\Local\Temp\library_summary_3yqt380u\broken.timeline.json
2026-09-25 11:28:59,800 [INFO] src.timeline.project_io: プロジェクト保存: C:\Users\evolu\AppData\Local\Temp\library_summary_m4tx50xu\sample.timeline.json
2026-09-25 11:28:59,819 [INFO] src.timeline.project_io: プロジェクト保存: C:\Users\evolu\AppData\Local\Temp\library_summary_0e0kzvg6\sample.timeline.json
2026-09-25 11:28:59,830 [INFO] src.timeline.project_io: プロジェクト保存: C:\Users\evolu\AppData\Local\Temp\library_rename_o896kqsb\old.timeline.json
2026-09-25 11:28:59,834 [INFO] src.timeline.project_io: プロジェクト保存: C:\Users\evolu\AppData\Local\Temp\library_rename_acxtasx5\old.timeline.json
2026-09-25 11:28:59,837 [INFO] src.timeline.project_io: プロジェクト保存: C:\Users\evolu\AppData\Local\Temp\library_rename_qfmtm7s9\old.timeline.json
2026-09-25 11:28:59,855 [INFO] src.timeline.project_io: プロジェクトを改名しました: old.timeline.json → new.timeline.json
2026-09-25 11:28:59,874 [INFO] src.timeline.project_io: プロジェクト保存: C:\Users\evolu\AppData\Local\Temp\library_rename_f5r_xfte\old.timeline.json
2026-09-25 11:28:59,891 [INFO] src.timeline.project_io: プロジェクトを改名しました: old.timeline.json → new.timeline.json
2026-09-25 11:28:59,895 [INFO] src.timeline.project_io: プロジェクト保存: C:\Users\evolu\AppData\Local\Temp\library_rename_som0xbpg\old.timeline.json
2026-09-25 11:28:59,901 [INFO] src.timeline.project_io: プロジェクトが 5 件見つかりました (新しい 2 件を表示します)
2026-09-25 11:28:59,919 [WARNING] src.export.resolve_export: ソース総尺の取得に失敗 (タイムライン全長で代用): C:\Users\evolu\AppData\Local\Temp\resolve_export_test_95bnu160\sample.mp4
2026-09-25 11:28:59,932 [WARNING] src.export.resolve_export: ソース総尺の取得に失敗 (タイムライン全長で代用): C:\Users\evolu\AppData\Local\Temp\resolve_export_test__52rri37\sample.mp4
2026-09-25 11:28:59,945 [WARNING] src.export.resolve_export: ソース総尺の取得に失敗 (タイムライン全長で代用): C:\Users\evolu\AppData\Local\Temp\resolve_export_test_rgve8_8a\sample.mp4
2026-09-25 11:28:59,954 [WARNING] src.export.resolve_export: ソース総尺の取得に失敗 (タイムライン全長で代用): C:\Users\evolu\AppData\Local\Temp\resolve_export_test_3wwicfel\sample.mp4
2026-09-25 11:28:59,954 [WARNING] src.export.resolve_export: テーマ演出はテキストと区間のみを出力します (ブラー・黒帯などの映像エフェクトは FCPXML で表現できません)。
2026-09-25 11:28:59,954 [WARNING] src.export.resolve_export: 字幕位置は配置(alignment)＋余白からの近似です。Resolve 取り込み時に位置が中央へ戻る場合があります (フォント/サイズ/色は保持)。
2026-09-25 11:28:59,963 [WARNING] src.export.resolve_export: ソース総尺の取得に失敗 (タイムライン全長で代用): C:\Users\evolu\AppData\Local\Temp\resolve_export_test_1alp2lt4\sample.mp4
2026-09-25 11:28:59,972 [WARNING] src.export.resolve_export: ソース総尺の取得に失敗 (タイムライン全長で代用): C:\Users\evolu\AppData\Local\Temp\resolve_export_test_crxbeqjz\sample.mp4
2026-09-25 11:28:59,980 [WARNING] src.export.resolve_export: ソース総尺の取得に失敗 (タイムライン全長で代用): C:\Users\evolu\AppData\Local\Temp\resolve_export_test_ifm432jt\sample.mp4
2026-09-25 11:28:59,991 [WARNING] src.export.resolve_export: ソース総尺の取得に失敗 (タイムライン全長で代用): C:\Users\evolu\AppData\Local\Temp\resolve_export_test_ifm432jt\sample.mp4
2026-09-25 11:28:59,995 [WARNING] src.export.resolve_export: ソース総尺の取得に失敗 (タイムライン全長で代用): C:\Users\evolu\AppData\Local\Temp\resolve_export_test_krkxhl2p\sample.mp4
2026-09-25 11:28:59,995 [WARNING] src.export.resolve_export: 未対応の字幕出力方式 export.resolve.subtitle.mode=bogus のため caption で出力します
2026-09-25 11:29:00,016 [WARNING] src.export.resolve_export: ソース総尺の取得に失敗 (タイムライン全長で代用): C:\Users\evolu\AppData\Local\Temp\resolve_export_test_qqy3_m_7\sample.mp4
2026-09-25 11:29:00,033 [WARNING] src.export.resolve_export: ソース総尺の取得に失敗 (タイムライン全長で代用): C:\Users\evolu\AppData\Local\Temp\resolve_export_test_eycyegwn\sample.mp4
2026-09-25 11:29:00,048 [WARNING] src.export.resolve_export: ソース総尺の取得に失敗 (タイムライン全長で代用): C:\Users\evolu\AppData\Local\Temp\resolve_export_test_ablxg_1g\sample.mp4
2026-09-25 11:29:00,060 [WARNING] src.export.resolve_export: ソース総尺の取得に失敗 (タイムライン全長で代用): C:\Users\evolu\AppData\Local\Temp\resolve_export_test_s7amocqw\sample.mp4
2026-09-25 11:29:00,073 [WARNING] src.export.resolve_export: ソース総尺の取得に失敗 (タイムライン全長で代用): C:\Users\evolu\AppData\Local\Temp\resolve_export_test_pk2f76q8\sample.mp4
2026-09-25 11:29:00,087 [WARNING] src.export.resolve_export: ソース総尺の取得に失敗 (タイムライン全長で代用): C:\Users\evolu\AppData\Local\Temp\resolve_export_test_nspjblkt\sample.mp4
2026-09-25 11:29:00,100 [WARNING] src.export.resolve_export: ソース総尺の取得に失敗 (タイムライン全長で代用): C:\Users\evolu\AppData\Local\Temp\resolve_export_test_lktds7a2\sample.mp4
2026-09-25 11:29:00,115 [WARNING] src.export.resolve_export: ソース総尺の取得に失敗 (タイムライン全長で代用): C:\Users\evolu\AppData\Local\Temp\resolve_export_test_yhjt9t5c\sample.mp4
2026-09-25 11:29:00,127 [WARNING] src.export.resolve_export: ソース総尺の取得に失敗 (タイムライン全長で代用): C:\Users\evolu\AppData\Local\Temp\resolve_export_test_ntyyd6wn\sample.mp4
2026-09-25 11:29:00,127 [INFO] src.export.resolve_export: 編集点が無いため全長 1 クリップとして出力します
2026-09-25 11:29:00,142 [WARNING] src.export.resolve_export: ソース総尺の取得に失敗 (タイムライン全長で代用): C:\Users\evolu\AppData\Local\Temp\resolve_export_test_thzkxrt8\sample.mp4
2026-09-25 11:29:00,142 [INFO] src.export.resolve_export: Resolve 出力開始: C:\Users\evolu\AppData\Local\Temp\resolve_export_test_thzkxrt8\out2.fcpxml (クリップ 1 件 / 字幕 caption 1 件 / title・テーマ 0 件 / 1920x1080 60fps)
2026-09-25 11:29:00,143 [INFO] src.export.resolve_export: 字幕トラックのスタイルは Resolve の字幕トラックヘッダー選択 → インスペクタ → Track Style で一括設定できます (Resolve 19 以降は Text+ スタイルも指定可)。
2026-09-25 11:29:00,144 [INFO] src.export.resolve_export: Resolve 出力完了: C:\Users\evolu\AppData\Local\Temp\resolve_export_test_thzkxrt8\out2.fcpxml (タイムライン尺 5.00s)
2026-09-25 11:29:00,158 [WARNING] src.export.resolve_export: ソース総尺の取得に失敗 (タイムライン全長で代用): C:\Users\evolu\AppData\Local\Temp\resolve_export_test_vt_yq3rx\sample.mp4
2026-09-25 11:29:00,158 [INFO] src.export.resolve_export: Resolve 出力開始: C:\Users\evolu\AppData\Local\Temp\resolve_export_test_vt_yq3rx\out3.fcpxml (クリップ 1 件 / 字幕 caption 0 件 / title・テーマ 0 件 / 1920x1080 60fps)
2026-09-25 11:29:00,160 [INFO] src.export.resolve_export: Resolve 出力完了: C:\Users\evolu\AppData\Local\Temp\resolve_export_test_vt_yq3rx\out3.fcpxml (タイムライン尺 5.00s)
2026-09-25 11:29:00,174 [WARNING] src.export.resolve_export: ソース総尺の取得に失敗 (タイムライン全長で代用): C:\Users\evolu\AppData\Local\Temp\resolve_export_test_7ysf4kik\sample.mp4
2026-09-25 11:29:00,174 [INFO] src.export.resolve_export: Resolve 出力開始: C:\Users\evolu\AppData\Local\Temp\resolve_export_test_7ysf4kik\out.fcpxml (クリップ 1 件 / 字幕 caption 1 件 / title・テーマ 0 件 / 1920x1080 60fps)
2026-09-25 11:29:00,178 [INFO] src.export.resolve_export: SRT サイドカー出力: C:\Users\evolu\AppData\Local\Temp\resolve_export_test_7ysf4kik\out.srt (1 件)
2026-09-25 11:29:00,178 [INFO] src.export.resolve_export: Resolve 出力完了: C:\Users\evolu\AppData\Local\Temp\resolve_export_test_7ysf4kik\out.fcpxml / C:\Users\evolu\AppData\Local\Temp\resolve_export_test_7ysf4kik\out.srt (タイムライン尺 5.00s)
2026-09-25 11:29:00,179 [INFO] src.export.resolve_export: Resolve 出力を中止 (上書きしない): C:\Users\evolu\AppData\Local\Temp\resolve_export_test_7ysf4kik\out.fcpxml
2026-09-25 11:29:00,308 [INFO] src.modules.subtitle_generator: 縦動画のため字幕設定を縦用へ上書き (font/改行/配置/余白)
2026-09-25 11:29:00,316 [WARNING] src.services.stretheus_auth: API の日時を解釈できませんでした。
2026-09-25 11:29:00,327 [INFO] src.services.stretheus_auth: Stretheus のログインページを開きます (ポート52324)
2026-09-25 11:29:00,333 [INFO] src.services.stretheus_auth: Stretheus へログインしました。
2026-09-25 11:29:01,396 [INFO] src.services.stretheus_auth: Stretheus のログインページを開きます (ポート52332)
2026-09-25 11:29:01,414 [INFO] src.services.stretheus_auth: Stretheus へログインしました。
2026-09-25 11:29:02,443 [INFO] src.services.stretheus_auth: Stretheus のログインページを開きます (ポート52340)
2026-09-25 11:29:02,460 [INFO] src.services.stretheus_auth: Stretheus へログインしました。
2026-09-25 11:29:02,976 [INFO] src.services.stretheus_auth: Stretheus のログインページを開きます (ポート52345)
2026-09-25 11:29:03,010 [INFO] src.services.stretheus_auth: Stretheus へログインしました。
2026-09-25 11:29:03,548 [INFO] src.services.stretheus_auth: Stretheus のログインページを開きます (ポート52351)
2026-09-25 11:29:03,578 [INFO] src.services.stretheus_auth: Stretheus へログインしました。
2026-09-25 11:29:04,099 [INFO] src.services.stretheus_auth: Stretheus のログインページを開きます (ポート52357)
2026-09-25 11:29:04,103 [INFO] src.services.stretheus_auth: Stretheus へログインしました。
2026-09-25 11:29:04,610 [INFO] src.modules.subtitle_generator: テロップ個別指定 フォント 0 件 / サイズ 0 件 / 文字色 1 件 / 縁の色 0 件
2026-09-25 11:29:04,615 [INFO] src.modules.subtitle_generator: テロップ個別指定 フォント 0 件 / サイズ 0 件 / 文字色 1 件 / 縁の色 0 件
2026-09-25 11:29:04,643 [INFO] src.modules.subtitle_generator: テロップ個別指定 フォント 0 件 / サイズ 0 件 / 文字色 0 件 / 縁の色 1 件
2026-09-25 11:29:04,643 [INFO] src.modules.subtitle_generator: テロップ個別指定 フォント 0 件 / サイズ 0 件 / 文字色 0 件 / 縁の色 1 件
2026-09-25 11:29:04,643 [INFO] src.modules.subtitle_generator: テロップ個別指定 フォント 1 件 / サイズ 1 件 / 文字色 1 件 / 縁の色 1 件
2026-09-25 11:29:04,643 [INFO] src.timeline.commands: コメント用の字幕トラックを作成しました: S2
2026-09-25 11:29:04,643 [INFO] src.timeline.commands: 移動先 S2 が空いていないため役割だけ変更しました: s1
2026-09-25 11:29:04,643 [INFO] src.timeline.commands: コメント用の字幕トラックを作成しました: S2
2026-09-25 11:29:04,643 [INFO] src.timeline.commands: コメント用の字幕トラックを作成しました: S2
2026-09-25 11:29:04,643 [INFO] src.timeline.commands: コメント用の字幕トラックを作成しました: S2
2026-09-25 11:29:04,643 [INFO] src.timeline.project_io: プロジェクト保存: C:\Users\evolu\AppData\Local\Temp\tmpnodn0k43\sample.timeline.json
2026-09-25 11:29:04,667 [INFO] src.modules.subtitle_generator: VAD フィルタ有効 (min_silence=500ms, speech_pad=100ms, condition_on_previous_text=False)
2026-09-25 11:29:04,667 [WARNING] src.modules.subtitle_generator: VAD 付き認識に失敗したため VAD 無しで再試行します: VAD の初期化に失敗しました (テスト)
2026-09-25 11:29:04,667 [INFO] src.modules.subtitle_generator: VAD フィルタ有効 (min_silence=800ms, speech_pad=100ms, condition_on_previous_text=False)
2026-09-25 11:29:04,667 [INFO] src.modules.subtitle_generator: VAD フィルタ有効 (min_silence=500ms, speech_pad=100ms, condition_on_previous_text=False)
2026-09-25 11:29:04,731 [INFO] src.timeline.commands: 貼り付けの割り込み: V1 の 5.000s へ 10.00s を確保 / 移動 2 件・分割 1 件・切詰 0 件
2026-09-25 11:29:04,731 [INFO] src.timeline.commands: 貼り付けの割り込み: V2 の 5.000s へ 10.00s を確保 / 移動 2 件・分割 0 件・切詰 0 件
2026-09-25 11:29:04,731 [INFO] src.timeline.commands: 貼り付けの割り込み: S1 の 5.000s へ 10.00s を確保 / 移動 1 件・分割 0 件・切詰 0 件
2026-09-25 11:29:04,732 [INFO] src.timeline.commands: 貼り付けの割り込み: V1 の 5.000s へ 10.00s を確保 / 移動 2 件・分割 1 件・切詰 0 件
2026-09-25 11:29:04,732 [INFO] src.timeline.commands: 貼り付けの割り込み: V2 の 5.000s へ 10.00s を確保 / 移動 2 件・分割 0 件・切詰 0 件
2026-09-25 11:29:04,732 [INFO] src.timeline.commands: 貼り付けの割り込み: S1 の 5.000s へ 10.00s を確保 / 移動 1 件・分割 0 件・切詰 0 件
2026-09-25 11:29:04,732 [INFO] src.timeline.commands: 貼り付けの割り込み: V1 の 5.000s へ 10.00s を確保 / 移動 2 件・分割 1 件・切詰 0 件
2026-09-25 11:29:04,732 [INFO] src.timeline.commands: 貼り付けの割り込み: V2 の 5.000s へ 10.00s を確保 / 移動 2 件・分割 0 件・切詰 0 件
2026-09-25 11:29:04,732 [INFO] src.timeline.commands: 貼り付けの割り込み: S1 の 5.000s へ 10.00s を確保 / 移動 1 件・分割 0 件・切詰 0 件
2026-09-25 11:29:04,732 [INFO] src.timeline.commands: 貼り付けの割り込み: V1 の 5.000s へ 15.00s を確保 / 移動 3 件・分割 0 件・切詰 0 件
2026-09-25 11:29:04,732 [INFO] src.timeline.commands: 貼り付けの割り込み: V2 の 5.000s へ 15.00s を確保 / 移動 2 件・分割 0 件・切詰 0 件
2026-09-25 11:29:04,732 [INFO] src.timeline.commands: 貼り付けの割り込み: S1 の 5.000s へ 15.00s を確保 / 移動 1 件・分割 0 件・切詰 0 件
2026-09-25 11:29:04,732 [INFO] src.timeline.commands: 貼り付けの割り込み: V1 の 10.020s へ 10.02s を確保 / 移動 2 件・分割 0 件・切詰 0 件
2026-09-25 11:29:04,732 [INFO] src.timeline.commands: 貼り付けの割り込み: V2 の 10.020s へ 10.02s を確保 / 移動 1 件・分割 0 件・切詰 0 件
2026-09-25 11:29:04,732 [INFO] src.timeline.commands: 貼り付けの割り込み: S1 の 10.020s へ 10.02s を確保 / 移動 1 件・分割 0 件・切詰 0 件
2026-09-25 11:29:04,733 [INFO] src.timeline.commands: 貼り付けの割り込み: V1 の 19.980s へ 9.98s を確保 / 移動 1 件・分割 0 件・切詰 1 件
2026-09-25 11:29:04,733 [INFO] src.timeline.commands: 貼り付けの割り込み: V2 の 19.980s へ 9.98s を確保 / 移動 1 件・分割 0 件・切詰 0 件
2026-09-25 11:29:04,733 [INFO] src.timeline.commands: 貼り付けの割り込み: S1 の 19.980s へ 9.98s を確保 / 移動 0 件・分割 0 件・切詰 0 件
2026-09-25 11:29:04,733 [WARNING] src.timeline.commands: 素材が見つからないため貼り付けません: D:\develop\autoedit\tests\存在しない素材.mp4
2026-09-25 11:29:04,733 [INFO] src.timeline.commands: 貼り付けの割り込み: V1 の 5.000s へ 10.00s を確保 / 移動 2 件・分割 1 件・切詰 0 件
2026-09-25 11:29:04,733 [INFO] src.timeline.commands: 貼り付けの割り込み: V2 の 5.000s へ 10.00s を確保 / 移動 2 件・分割 0 件・切詰 0 件
2026-09-25 11:29:04,733 [INFO] src.timeline.commands: 貼り付けの割り込み: S1 の 5.000s へ 10.00s を確保 / 移動 1 件・分割 0 件・切詰 0 件
2026-09-25 11:29:04,734 [INFO] src.timeline.commands: 貼り付けの割り込み: V1 の 5.000s へ 10.00s を確保 / 移動 2 件・分割 1 件・切詰 0 件
2026-09-25 11:29:04,734 [INFO] src.timeline.commands: 貼り付けの割り込み: V2 の 5.000s へ 10.00s を確保 / 移動 2 件・分割 0 件・切詰 0 件
2026-09-25 11:29:04,734 [INFO] src.timeline.commands: 貼り付けの割り込み: S1 の 5.000s へ 10.00s を確保 / 移動 1 件・分割 0 件・切詰 0 件
2026-09-25 11:29:04,734 [INFO] src.timeline.commands: 貼り付けの割り込み: V1 の 5.000s へ 10.00s を確保 / 移動 2 件・分割 1 件・切詰 0 件
2026-09-25 11:29:04,734 [INFO] src.timeline.commands: 貼り付けの割り込み: V2 の 5.000s へ 10.00s を確保 / 移動 2 件・分割 0 件・切詰 0 件
2026-09-25 11:29:04,734 [INFO] src.timeline.commands: 貼り付けの割り込み: S1 の 5.000s へ 10.00s を確保 / 移動 1 件・分割 0 件・切詰 0 件
2026-09-25 11:29:04,735 [INFO] src.timeline.commands: 貼り付けの割り込み: V1 の 5.000s へ 10.00s を確保 / 移動 2 件・分割 1 件・切詰 0 件
2026-09-25 11:29:04,735 [INFO] src.timeline.commands: 貼り付けの割り込み: V2 の 5.000s へ 10.00s を確保 / 移動 2 件・分割 0 件・切詰 0 件
2026-09-25 11:29:04,735 [INFO] src.timeline.commands: 貼り付けの割り込み: S1 の 5.000s へ 10.00s を確保 / 移動 1 件・分割 0 件・切詰 0 件
2026-09-25 11:29:04,735 [INFO] src.timeline.commands: 貼り付けの割り込み: V1 の 5.000s へ 10.00s を確保 / 移動 2 件・分割 1 件・切詰 0 件
2026-09-25 11:29:04,735 [INFO] src.timeline.commands: 貼り付けの割り込み: V2 の 5.000s へ 10.00s を確保 / 移動 2 件・分割 0 件・切詰 0 件
2026-09-25 11:29:04,735 [INFO] src.timeline.commands: 貼り付けの割り込み: S1 の 5.000s へ 10.00s を確保 / 移動 1 件・分割 0 件・切詰 0 件
2026-09-25 11:29:04,735 [INFO] src.timeline.commands: 貼り付けの割り込み: V2 の 4.000s へ 2.00s を確保 / 移動 2 件・分割 0 件・切詰 0 件
2026-09-25 11:29:04,735 [INFO] src.timeline.commands: 貼り付けの割り込み: V2 の 4.000s へ 2.00s を確保 / 移動 2 件・分割 0 件・切詰 0 件
2026-09-25 11:29:04,735 [INFO] src.timeline.commands: 貼り付けの割り込み: V2 の 4.000s へ 2.00s を確保 / 移動 2 件・分割 0 件・切詰 0 件
2026-09-25 11:29:04,735 [INFO] src.timeline.clipboard: Timeline のノードをコピーしました: 1 件
2026-09-25 11:29:04,737 [INFO] src.timeline.clipboard: Timeline のノードをコピーしました: 1 件
2026-09-25 11:29:04,737 [INFO] src.timeline.commands: 貼り付けの割り込み: V1 の 4.000s へ 2.00s を確保 / 移動 2 件・分割 1 件・切詰 0 件
2026-09-25 11:29:04,737 [INFO] src.timeline.commands: 貼り付けの割り込み: V2 の 4.000s へ 2.00s を確保 / 移動 2 件・分割 0 件・切詰 0 件
2026-09-25 11:29:04,737 [INFO] src.timeline.commands: 貼り付けの割り込み: S1 の 4.000s へ 2.00s を確保 / 移動 1 件・分割 0 件・切詰 0 件
2026-09-25 11:29:04,737 [INFO] src.timeline.commands: 貼り付けの割り込み: V2 の 4.000s へ 2.00s を確保 / 移動 2 件・分割 0 件・切詰 0 件
2026-09-25 11:29:04,737 [INFO] src.timeline.commands: 貼り付けの割り込み: V1 の 5.000s へ 10.00s を確保 / 移動 2 件・分割 1 件・切詰 0 件
2026-09-25 11:29:04,737 [INFO] src.timeline.commands: 貼り付けの割り込み: V2 の 5.000s へ 10.00s を確保 / 移動 2 件・分割 0 件・切詰 0 件
2026-09-25 11:29:04,737 [INFO] src.timeline.commands: 貼り付けの割り込み: V1 の 5.000s へ 10.00s を確保 / 移動 2 件・分割 1 件・切詰 0 件
2026-09-25 11:29:04,737 [WARNING] src.timeline.builder: 貼り付けの設定が不正なため既定 base_syncs_all を使用します: 'なにか'
2026-09-25 11:29:04,737 [WARNING] src.timeline.builder: 貼り付けの設定が不正なため既定 split を使用します: 123
2026-09-25 11:29:04,738 [INFO] src.timeline.commands: 貼り付けの割り込み: V1 の 5.000s へ 10.00s を確保 / 移動 2 件・分割 1 件・切詰 0 件
2026-09-25 11:29:04,738 [INFO] src.timeline.commands: 貼り付けの割り込み: V2 の 5.000s へ 10.00s を確保 / 移動 2 件・分割 0 件・切詰 0 件
2026-09-25 11:29:04,738 [INFO] src.timeline.commands: 貼り付けの割り込み: S1 の 5.000s へ 10.00s を確保 / 移動 1 件・分割 0 件・切詰 0 件
2026-09-25 11:29:04,739 [WARNING] src.timeline.commands: 映像トラックの上限 (3) に達しているため追加できません
2026-09-25 11:29:04,739 [INFO] src.timeline.commands: 字幕を追加できる空きがありません (2.000 秒)
2026-09-25 11:29:04,739 [INFO] src.timeline.commands: 字幕を追加できる空きがありません (0.990 秒)
2026-09-25 11:29:04,740 [INFO] src.timeline.commands: リップル: 10.000〜20.000s (10.00s) を除去 / 削除 1 件・短縮 0 件・移動 1 件
2026-09-25 11:29:04,740 [INFO] src.timeline.commands: リップル: 10.000〜20.000s (10.00s) を除去 / 削除 1 件・短縮 0 件・移動 1 件
2026-09-25 11:29:04,740 [INFO] src.timeline.commands: リップル: 10.000〜20.000s (10.00s) を除去 / 削除 1 件・短縮 0 件・移動 1 件
2026-09-25 11:29:04,741 [INFO] src.timeline.commands: リップル: 0.000〜10.000s (10.00s) を除去 / 削除 2 件・短縮 0 件・移動 1 件
2026-09-25 11:29:04,741 [INFO] src.timeline.commands: リップル: 10.000〜20.000s (10.00s) を除去 / 削除 1 件・短縮 0 件・移動 1 件
2026-09-25 11:29:04,742 [INFO] src.timeline.commands: リップル: 10.000〜20.000s (10.00s) を除去 / 削除 2 件・短縮 1 件・移動 2 件
2026-09-25 11:29:04,742 [INFO] src.timeline.commands: リップル: 10.000〜20.000s (10.00s) を除去 / 削除 2 件・短縮 1 件・移動 2 件
2026-09-25 11:29:04,742 [INFO] src.timeline.commands: リップル: 10.000〜20.000s (10.00s) を除去 / 削除 2 件・短縮 1 件・移動 2 件
2026-09-25 11:29:04,743 [INFO] src.timeline.commands: リップル: 10.000〜20.000s (10.00s) を除去 / 削除 2 件・短縮 1 件・移動 2 件
2026-09-25 11:29:04,743 [INFO] src.timeline.commands: リップル: 10.000〜20.000s (10.00s) を除去 / 削除 2 件・短縮 1 件・移動 2 件
2026-09-25 11:29:04,743 [INFO] src.timeline.commands: リップル: 10.000〜20.000s (10.00s) を除去 / 削除 2 件・短縮 1 件・移動 2 件
2026-09-25 11:29:04,743 [INFO] src.timeline.commands: リップル: 10.000〜20.000s (10.00s) を除去 / 削除 2 件・短縮 0 件・移動 3 件
2026-09-25 11:29:04,743 [INFO] src.timeline.commands: リップル: 10.000〜20.000s (10.00s) を除去 / 削除 1 件・短縮 0 件・移動 1 件
2026-09-25 11:29:04,744 [INFO] src.timeline.commands: リップル: 10.000〜20.000s (10.00s) を除去 / 削除 2 件・短縮 1 件・移動 2 件
2026-09-25 11:29:04,745 [INFO] src.timeline.commands: 残り尺が下限を割るためクリップごとリップル削除しました: c2
2026-09-25 11:29:04,745 [INFO] src.timeline.commands: リップル: 10.000〜20.000s (10.00s) を除去 / 削除 1 件・短縮 0 件・移動 2 件
2026-09-25 11:29:04,745 [INFO] src.timeline.commands: リップル: 15.000〜20.000s (5.00s) を除去 / 削除 0 件・短縮 1 件・移動 2 件
2026-09-25 11:29:04,745 [INFO] src.timeline.commands: リップル: 10.000〜15.000s (5.00s) を除去 / 削除 0 件・短縮 1 件・移動 2 件
2026-09-25 11:29:04,745 [INFO] src.timeline.commands: リップル: 15.000〜20.000s (5.00s) を除去 / 削除 0 件・短縮 1 件・移動 2 件
2026-09-25 11:29:04,745 [INFO] src.timeline.commands: リップル: 15.000〜20.000s (5.00s) を除去 / 削除 0 件・短縮 1 件・移動 2 件
2026-09-25 11:29:04,746 [INFO] src.timeline.commands: リップル: 26.000〜27.000s (1.00s) を除去 / 削除 0 件・短縮 2 件・移動 0 件
2026-09-25 11:29:04,747 [INFO] src.timeline.commands: リップル: 10.000〜20.000s (10.00s) を除去 / 削除 1 件・短縮 0 件・移動 1 件
2026-09-25 11:29:04,747 [INFO] src.timeline.commands: リップル: 10.000〜20.000s (10.00s) を除去 / 削除 1 件・短縮 0 件・移動 1 件
2026-09-25 11:29:04,748 [INFO] src.timeline.commands: リップル: 10.000〜20.000s (10.00s) を除去 / 削除 1 件・短縮 0 件・移動 1 件
2026-09-25 11:29:04,750 [INFO] src.timeline.project_io: プロジェクト保存: C:\Users\evolu\AppData\Local\Temp\timeline_io_test_w7c40n81\sample.timeline.json
2026-09-25 11:29:04,766 [INFO] src.timeline.project_io: プロジェクト読込: C:\Users\evolu\AppData\Local\Temp\timeline_io_test_w7c40n81\sample.timeline.json
2026-09-25 11:29:04,771 [INFO] src.timeline.project_io: プロジェクト保存: C:\Users\evolu\AppData\Local\Temp\timeline_io_test_w7c40n81\sample.timeline.json
2026-09-25 11:29:04,772 [INFO] src.timeline.project_io: プロジェクト読込: C:\Users\evolu\AppData\Local\Temp\timeline_io_test_w7c40n81\sample.timeline.json
2026-09-25 11:29:04,775 [INFO] src.timeline.project_io: プロジェクト保存: C:\Users\evolu\AppData\Local\Temp\timeline_io_test_oynu7xk9\sample.timeline.json
2026-09-25 11:29:04,790 [INFO] src.timeline.project_io: プロジェクト読込: C:\Users\evolu\AppData\Local\Temp\timeline_io_test_oynu7xk9\sample.timeline.json
2026-09-25 11:29:04,793 [INFO] src.timeline.project_io: プロジェクト保存: C:\Users\evolu\AppData\Local\Temp\timeline_io_test_3ul4mtxa\sample.timeline.json
2026-09-25 11:29:04,808 [WARNING] src.timeline.project_io: メディアの実体が見つかりません (1 件)。該当クリップを無効化します: m1
2026-09-25 11:29:04,812 [INFO] src.timeline.project_io: プロジェクト保存: C:\Users\evolu\AppData\Local\Temp\timeline_io_test_vkhrywd6\sample.timeline.json
2026-09-25 11:29:04,826 [INFO] src.timeline.project_io: プロジェクト保存: C:\Users\evolu\AppData\Local\Temp\timeline_io_test_2soh174h\sample.timeline.json
2026-09-25 11:29:04,832 [WARNING] src.timeline.project_io: 編集点の区間が不正なため無視します: 20.000→15.000
2026-09-25 11:29:04,832 [WARNING] src.timeline.project_io: メディアの実体が見つかりません (1 件)。該当クリップを無効化します: m1
2026-09-25 11:29:04,834 [WARNING] src.timeline.project_io: 音声クリップ a1 のリンク先 no_such_clip が存在しないため除外します (該当区間は無音になります)
2026-09-25 11:29:04,835 [WARNING] src.timeline.project_io: トラック V1 でクリップ c2 が重複しているため 12.480 へ移動します
2026-09-25 11:29:04,839 [WARNING] src.timeline.project_io: クリップ c2 の尺 (0.001s) が下限 (0.050s) 未満のため除外します
2026-09-25 11:29:04,840 [WARNING] src.timeline.project_io: 音声クリップ a2 のリンク先 c2 が存在しないため除外します (該当区間は無音になります)
2026-09-25 11:29:04,918 [INFO] src.utils.trash: ゴミ箱へ移動しました (2 件)
2026-09-25 11:29:04,922 [WARNING] src.timeline.builder: 寸法の設定が不正なため既定 8000 を使用します: 0
